n,lambda,replicate,p,largest,second_largest,scaled_largest,susceptibility,scaled_susceptibility,finite_susceptibility,components,cycle_surplus
250,-2.0,0,0.00273007915842544,9,8,0.2267857889810772,2.536,0.4025649067791354,2.2946058091286305,169,0
250,-2.0,1,0.00273007915842544,9,9,0.2267857889810772,2.448,0.38859577752181523,2.203319502074689,172,0
250,-2.0,2,0.00273007915842544,11,10,0.2771826309768722,2.632,0.4178039568780302,2.2468619246861925,167,0
250,-2.0,3,0.00273007915842544,9,8,0.2267857889810772,2.392,0.3797063316307933,2.145228215767635,168,0
250,-2.0,4,0.00273007915842544,20,9,0.5039684199579494,4.192,0.6654385209850693,2.8173913043478263,145,0
250,-2.0,5,0.00273007915842544,13,12,0.3275794729726671,2.896,0.4597113446499906,2.3417721518987342,170,1
250,-2.0,6,0.00273007915842544,15,12,0.377976314968462,3.472,0.5511456452433589,2.7361702127659573,162,0
250,-2.0,7,0.00273007915842544,8,7,0.20158736798317975,2.512,0.3987551442544117,2.330578512396694,164,0
250,-2.0,8,0.00273007915842544,27,5,0.6803573669432317,4.472,0.709885750440179,1.7443946188340806,170,0
250,-2.0,9,0.00273007915842544,13,8,0.3275794729726671,2.784,0.44193245286794675,2.2236286919831225,168,1
250,-2.0,10,0.00273007915842544,14,11,0.3527778939705646,3.24,0.5143179408376967,2.6016949152542375,157,0
250,-2.0,11,0.00273007915842544,13,8,0.3275794729726671,2.664,0.4228836402443284,2.0970464135021096,175,0
250,-2.0,12,0.00273007915842544,14,11,0.3527778939705646,3.032,0.4812999989567581,2.3813559322033897,163,0
250,-2.0,13,0.00273007915842544,13,12,0.3275794729726671,2.976,0.4724105530657362,2.4261603375527425,162,1
250,-2.0,14,0.00273007915842544,17,15,0.428373156964257,4.184,0.6641686001434948,3.2489270386266096,142,0
250,-2.0,15,0.00273007915842544,18,12,0.4535715779621544,4.072,0.6463897083614509,2.9913793103448274,159,0
250,-2.0,16,0.00273007915842544,14,9,0.3527778939705646,2.752,0.4368527695016485,2.0847457627118646,173,0
250,-2.0,17,0.00273007915842544,15,9,0.377976314968462,3.408,0.5409862785107624,2.668085106382979,154,0
250,-2.0,18,0.00273007915842544,17,17,0.428373156964257,4.024,0.6387701833120035,3.07725321888412,166,0
250,-2.0,19,0.00273007915842544,17,11,0.428373156964257,3.296,0.5232073867287186,2.296137339055794,168,0
250,-2.0,20,0.00273007915842544,9,8,0.2267857889810772,2.76,0.43812269034322304,2.5269709543568464,164,0
250,-2.0,21,0.00273007915842544,16,8,0.4031747359663595,3.008,0.4774902364320344,2.1196581196581197,168,0
250,-2.0,22,0.00273007915842544,18,11,0.4535715779621544,3.56,0.565114774500679,2.439655172413793,165,0
250,-2.0,23,0.00273007915842544,29,6,0.7307542089390267,4.984,0.7911606843009507,1.832579185520362,170,0
250,-2.0,24,0.00273007915842544,35,8,0.8819447349264115,6.688,1.0616538235563318,2.0790697674418603,158,0
250,-2.0,25,0.00273007915842544,6,6,0.1511905259873848,1.856,0.2946216352452979,1.7540983606557377,190,0
250,-2.0,26,0.00273007915842544,9,9,0.2267857889810772,2.752,0.4368527695016485,2.5186721991701244,163,0
250,-2.0,27,0.00273007915842544,10,8,0.2519842099789747,2.632,0.4178039568780302,2.325,169,0
250,-2.0,28,0.00273007915842544,17,12,0.428373156964257,4.392,0.6971865420244333,3.4721030042918457,142,1
250,-2.0,29,0.00273007915842544,25,9,0.6299605249474367,4.456,0.7073459087570299,2.1733333333333333,164,1
250,-2.0,30,0.00273007915842544,17,12,0.428373156964257,3.616,0.574004220391701,2.6394849785407724,156,0
250,-2.0,31,0.00273007915842544,11,6,0.2771826309768722,2.376,0.37716648994764423,1.9790794979079498,168,0
250,-2.0,32,0.00273007915842544,12,8,0.3023810519747696,2.528,0.40129498593756086,2.0504201680672267,168,0
250,-2.0,33,0.00273007915842544,15,13,0.377976314968462,3.792,0.6019424789063412,3.076595744680851,156,0
250,-2.0,34,0.00273007915842544,15,8,0.377976314968462,3.016,0.478760157273609,2.251063829787234,165,0
250,-2.0,35,0.00273007915842544,8,7,0.20158736798317975,2.216,0.35176807311615305,2.024793388429752,175,0
250,-2.0,36,0.00273007915842544,25,12,0.6299605249474367,4.696,0.7454435340042664,2.44,161,0
250,-2.0,37,0.00273007915842544,17,9,0.428373156964257,3.24,0.5143179408376967,2.236051502145923,169,0
250,-2.0,38,0.00273007915842544,10,10,0.2519842099789747,2.784,0.44193245286794675,2.4833333333333334,156,0
250,-2.0,39,0.00273007915842544,5,5,0.12599210498948735,2.056,0.32636965628466186,1.9959183673469387,170,0
250,-2.0,40,0.00273007915842544,11,11,0.2771826309768722,2.944,0.46733086969943793,2.573221757322176,166,0
250,-2.0,41,0.00273007915842544,6,6,0.1511905259873848,2.008,0.3187501312352145,1.9098360655737705,178,0
250,-2.0,42,0.00273007915842544,12,10,0.3023810519747696,2.848,0.45209181960054323,2.3865546218487395,169,1
250,-2.0,43,0.00273007915842544,12,11,0.3023810519747696,3.152,0.5003488115803766,2.7058823529411766,161,0
250,-2.0,44,0.00273007915842544,8,7,0.20158736798317975,2.56,0.4063746693038591,2.3801652892561984,164,0
250,-2.0,45,0.00273007915842544,6,6,0.1511905259873848,2.08,0.3301794188093855,1.9836065573770492,177,0
250,-2.0,46,0.00273007915842544,13,8,0.3275794729726671,2.832,0.4495519779173941,2.2742616033755274,168,0
250,-2.0,47,0.00273007915842544,13,7,0.3275794729726671,2.696,0.42796332361062667,2.130801687763713,170,0
250,-2.0,48,0.00273007915842544,7,6,0.1763889469852823,2.44,0.3873258566802407,2.308641975308642,165,0
250,-2.0,49,0.00273007915842544,34,10,0.856746313928514,6.624,1.0514944568237354,2.314814814814815,151,0
250,-2.0,50,0.00273007915842544,10,8,0.2519842099789747,2.688,0.4266934027690521,2.3833333333333333,159,0
250,-2.0,51,0.00273007915842544,14,13,0.3527778939705646,3.448,0.5473358827186352,2.8220338983050848,154,0
250,-2.0,52,0.00273007915842544,19,8,0.4787699989600519,3.456,0.5486058035602098,2.1774891774891776,170,1
250,-2.0,53,0.00273007915842544,18,12,0.4535715779621544,3.432,0.5447960410354861,2.3017241379310347,169,0
250,-2.0,54,0.00273007915842544,7,6,0.1763889469852823,2.12,0.33652902301725834,1.9794238683127572,178,0
250,-2.0,55,0.00273007915842544,11,9,0.2771826309768722,3.016,0.478760157273609,2.6485355648535567,155,0
250,-2.0,56,0.00273007915842544,13,10,0.3275794729726671,3.304,0.5244773075702931,2.7721518987341773,155,0
250,-2.0,57,0.00273007915842544,15,7,0.377976314968462,3.104,0.4927292865309292,2.34468085106383,161,0
250,-2.0,58,0.00273007915842544,18,17,0.4535715779621544,4.32,0.6857572544502623,3.2586206896551726,144,0
250,-2.0,59,0.00273007915842544,23,6,0.5795636829516417,3.72,0.5905131913321703,1.7665198237885462,167,0
250,-2.0,60,0.00273007915842544,13,8,0.3275794729726671,2.672,0.42415356108590296,2.1054852320675104,169,0
250,-2.0,61,0.00273007915842544,21,8,0.5291668409558469,3.688,0.585433507965872,2.1004366812227073,167,1
250,-2.0,62,0.00273007915842544,9,8,0.2267857889810772,2.552,0.40510474846228456,2.3112033195020745,170,0
250,-2.0,63,0.00273007915842544,16,10,0.4031747359663595,3.84,0.6095620039557886,3.0085470085470085,146,0
250,-2.0,64,0.00273007915842544,8,7,0.20158736798317975,2.52,0.4000250650959863,2.3388429752066116,167,0
250,-2.0,65,0.00273007915842544,15,10,0.377976314968462,3.208,0.5092382574713985,2.4553191489361703,163,0
250,-2.0,66,0.00273007915842544,8,8,0.20158736798317975,2.512,0.3987551442544117,2.330578512396694,167,0
250,-2.0,67,0.00273007915842544,6,4,0.1511905259873848,1.792,0.2844622685127014,1.6885245901639345,187,0
250,-2.0,68,0.00273007915842544,11,10,0.2771826309768722,3.16,0.5016187324219511,2.799163179916318,155,0
250,-2.0,69,0.00273007915842544,9,7,0.2267857889810772,2.384,0.37843641078921875,2.136929460580913,170,0
250,-2.0,70,0.00273007915842544,11,8,0.2771826309768722,2.368,0.37589656910606967,1.9707112970711298,180,0
250,-2.0,71,0.00273007915842544,11,6,0.2771826309768722,2.384,0.37843641078921875,1.9874476987447698,167,0
250,-2.0,72,0.00273007915842544,10,10,0.2519842099789747,3.256,0.5168577825208458,2.975,152,0
250,-2.0,73,0.00273007915842544,10,7,0.2519842099789747,2.632,0.4178039568780302,2.325,160,0
250,-2.0,74,0.00273007915842544,7,7,0.1763889469852823,2.12,0.33652902301725834,1.9794238683127572,176,0
250,-2.0,75,0.00273007915842544,8,7,0.20158736798317975,2.288,0.36319736069032404,2.0991735537190084,169,0
250,-2.0,76,0.00273007915842544,10,8,0.2519842099789747,2.432,0.38605593583866615,2.1166666666666667,177,0
250,-2.0,77,0.00273007915842544,12,11,0.3023810519747696,3.016,0.478760157273609,2.563025210084034,157,1
250,-2.0,78,0.00273007915842544,11,9,0.2771826309768722,2.808,0.44574221539267045,2.430962343096234,166,0
250,-2.0,79,0.00273007915842544,27,9,0.6803573669432317,5.176,0.8216387844987402,2.5336322869955157,152,0
250,-2.0,80,0.00273007915842544,12,9,0.3023810519747696,2.976,0.4724105530657362,2.5210084033613445,156,0
250,-2.0,81,0.00273007915842544,15,11,0.377976314968462,3.504,0.5562253286096571,2.7702127659574467,157,0
250,-2.0,82,0.00273007915842544,10,9,0.2519842099789747,2.48,0.3936754608881135,2.1666666666666665,168,0
250,-2.0,83,0.00273007915842544,29,10,0.7307542089390267,5.6,0.8889445891021918,2.5294117647058822,147,1
250,-2.0,84,0.00273007915842544,13,9,0.3275794729726671,2.96,0.46987071138258707,2.409282700421941,165,1
250,-2.0,85,0.00273007915842544,10,10,0.2519842099789747,3.04,0.4825699197983327,2.75,151,0
250,-2.0,86,0.00273007915842544,8,7,0.20158736798317975,2.248,0.3568477564824513,2.0578512396694215,171,0
250,-2.0,87,0.00273007915842544,14,8,0.3527778939705646,2.56,0.4063746693038591,1.88135593220339,176,0
250,-2.0,88,0.00273007915842544,8,8,0.20158736798317975,2.696,0.42796332361062667,2.520661157024793,158,0
250,-2.0,89,0.00273007915842544,15,11,0.377976314968462,3.408,0.5409862785107624,2.668085106382979,162,0
250,-2.0,90,0.00273007915842544,11,9,0.2771826309768722,2.88,0.45717150296684145,2.506276150627615,159,0
250,-2.0,91,0.00273007915842544,5,5,0.12599210498948735,2.008,0.3187501312352145,1.9469387755102041,169,0
250,-2.0,92,0.00273007915842544,42,9,1.0583336819116937,8.944,1.419771500880358,2.269230769230769,149,0
250,-2.0,93,0.00273007915842544,17,9,0.428373156964257,3.224,0.5117780991545476,2.218884120171674,161,0
250,-2.0,94,0.00273007915842544,17,14,0.428373156964257,3.824,0.6070221622726395,2.8626609442060085,155,0
250,-2.0,95,0.00273007915842544,15,9,0.377976314968462,3.264,0.5181277033624203,2.5148936170212766,160,0
250,-2.0,96,0.00273007915842544,18,12,0.4535715779621544,3.72,0.5905131913321703,2.6120689655172415,160,0
250,-2.0,97,0.00273007915842544,20,9,0.5039684199579494,3.544,0.5625749328175299,2.1130434782608694,169,0
250,-2.0,98,0.00273007915842544,13,11,0.3275794729726671,3.344,0.5308269117781659,2.8143459915611815,150,0
250,-2.0,99,0.00273007915842544,15,9,0.377976314968462,3.232,0.5130480199961222,2.480851063829787,159,0
250,-2.0,100,0.00273007915842544,18,14,0.4535715779621544,3.904,0.6197213706883851,2.810344827586207,154,0
250,-2.0,101,0.00273007915842544,10,10,0.2519842099789747,2.72,0.4317730861353503,2.4166666666666665,165,0
250,-2.0,102,0.00273007915842544,17,6,0.428373156964257,2.816,0.44701213623424496,1.7811158798283262,177,0
250,-2.0,103,0.00273007915842544,9,9,0.2267857889810772,2.456,0.3898656983633898,2.211618257261411,172,0
250,-2.0,104,0.00273007915842544,11,5,0.2771826309768722,2.248,0.3568477564824513,1.8451882845188285,173,0
250,-2.0,105,0.00273007915842544,21,16,0.5291668409558469,4.824,0.7657622674694594,3.3406113537117905,152,0
250,-2.0,106,0.00273007915842544,10,9,0.2519842099789747,2.608,0.4139941943533065,2.3,164,0
250,-2.0,107,0.00273007915842544,12,9,0.3023810519747696,2.952,0.4686007905410125,2.495798319327731,163,0
250,-2.0,108,0.00273007915842544,12,11,0.3023810519747696,3.512,0.5574952494512317,3.0840336134453783,154,0
250,-2.0,109,0.00273007915842544,8,6,0.20158736798317975,2.424,0.3847860149970916,2.239669421487603,164,0
250,-2.0,110,0.00273007915842544,16,7,0.4031747359663595,2.888,0.458441423808416,1.9914529914529915,170,0
250,-2.0,111,0.00273007915842544,11,6,0.2771826309768722,2.04,0.3238298146015127,1.6276150627615062,193,0
250,-2.0,112,0.00273007915842544,8,5,0.20158736798317975,2.128,0.3377989438588329,1.9338842975206612,169,0
250,-2.0,113,0.00273007915842544,17,14,0.428373156964257,3.944,0.626070974896258,2.9914163090128754,154,0
250,-2.0,114,0.00273007915842544,12,12,0.3023810519747696,3.432,0.5447960410354861,3.0,149,1
250,-2.0,115,0.00273007915842544,15,7,0.377976314968462,3.008,0.4774902364320344,2.2425531914893617,162,0
250,-2.0,116,0.00273007915842544,11,9,0.2771826309768722,2.728,0.4330430069769249,2.3472803347280333,169,0
250,-2.0,117,0.00273007915842544,16,7,0.4031747359663595,3.384,0.5371765159860388,2.5213675213675213,150,1
250,-2.0,118,0.00273007915842544,8,8,0.20158736798317975,2.4,0.3809762524723679,2.2148760330578514,170,0
250,-2.0,119,0.00273007915842544,10,7,0.2519842099789747,2.528,0.40129498593756086,2.216666666666667,165,0
250,-2.0,120,0.00273007915842544,8,8,0.20158736798317975,2.544,0.40383482762071,2.3636363636363638,166,0
250,-2.0,121,0.00273007915842544,8,7,0.20158736798317975,2.328,0.36954696489819683,2.1404958677685952,167,0
250,-2.0,122,0.00273007915842544,22,13,0.5543652619537444,4.632,0.73528416727167,2.956140350877193,153,0
250,-2.0,123,0.00273007915842544,20,11,0.5039684199579494,4.008,0.6362303416288544,2.617391304347826,160,0
250,-2.0,124,0.00273007915842544,11,10,0.2771826309768722,2.944,0.46733086969943793,2.573221757322176,161,0
250,-2.0,125,0.00273007915842544,13,9,0.3275794729726671,2.824,0.44828205707581953,2.2658227848101267,167,0
250,-2.0,126,0.00273007915842544,9,8,0.2267857889810772,2.592,0.41145435267015734,2.3526970954356847,165,0
250,-2.0,127,0.00273007915842544,15,7,0.377976314968462,2.8,0.4444722945510959,2.021276595744681,171,0
250,-2.0,128,0.00273007915842544,11,7,0.2771826309768722,2.608,0.4139941943533065,2.221757322175732,167,0
250,-2.0,129,0.00273007915842544,11,5,0.2771826309768722,2.136,0.3390688647004075,1.7280334728033473,180,0
250,-2.0,130,0.00273007915842544,12,9,0.3023810519747696,2.864,0.45463166128369237,2.403361344537815,173,0
250,-2.0,131,0.00273007915842544,10,8,0.2519842099789747,2.856,0.4533617404421178,2.558333333333333,159,0
250,-2.0,132,0.00273007915842544,7,7,0.1763889469852823,2.328,0.36954696489819683,2.1934156378600824,165,0
250,-2.0,133,0.00273007915842544,8,7,0.20158736798317975,2.36,0.3746266482644951,2.1735537190082646,169,0
250,-2.0,134,0.00273007915842544,17,6,0.428373156964257,3.024,0.48003007811518356,2.004291845493562,165,0
250,-2.0,135,0.00273007915842544,9,8,0.2267857889810772,2.288,0.36319736069032404,2.037344398340249,178,0
250,-2.0,136,0.00273007915842544,6,6,0.1511905259873848,2.152,0.34160870638355656,2.057377049180328,170,0
250,-2.0,137,0.00273007915842544,13,9,0.3275794729726671,3.096,0.4914593656893546,2.5527426160337554,153,0
250,-2.0,138,0.00273007915842544,16,6,0.4031747359663595,2.736,0.43431292781849945,1.829059829059829,174,0
250,-2.0,139,0.00273007915842544,12,6,0.3023810519747696,2.56,0.4063746693038591,2.0840336134453783,167,0
250,-2.0,140,0.00273007915842544,12,8,0.3023810519747696,3.128,0.4965390490556529,2.680672268907563,149,0
250,-2.0,141,0.00273007915842544,12,8,0.3023810519747696,2.848,0.45209181960054323,2.3865546218487395,161,0
250,-2.0,142,0.00273007915842544,12,10,0.3023810519747696,3.28,0.5206675450455694,2.8403361344537816,154,0
250,-2.0,143,0.00273007915842544,15,11,0.377976314968462,3.424,0.5435261201939116,2.6851063829787236,166,0
250,-2.0,144,0.00273007915842544,11,8,0.2771826309768722,2.808,0.44574221539267045,2.430962343096234,158,0
250,-2.0,145,0.00273007915842544,18,14,0.4535715779621544,3.792,0.6019424789063412,2.689655172413793,160,0
250,-2.0,146,0.00273007915842544,13,10,0.3275794729726671,2.832,0.4495519779173941,2.2742616033755274,167,0
250,-2.0,147,0.00273007915842544,16,8,0.4031747359663595,3.104,0.4927292865309292,2.2222222222222223,161,0
250,-2.0,148,0.00273007915842544,16,13,0.4031747359663595,3.272,0.5193976242039949,2.4017094017094016,168,0
250,-2.0,149,0.00273007915842544,30,12,0.755952629936924,5.888,0.9346617393988759,2.6,156,0
250,-2.0,150,0.00273007915842544,10,8,0.2519842099789747,2.368,0.37589656910606967,2.05,170,0
250,-2.0,151,0.00273007915842544,17,10,0.428373156964257,3.296,0.5232073867287186,2.296137339055794,164,1
250,-2.0,152,0.00273007915842544,10,8,0.2519842099789747,2.28,0.3619274398487495,1.9583333333333333,180,0
250,-2.0,153,0.00273007915842544,8,7,0.20158736798317975,2.416,0.383516094155517,2.231404958677686,167,0
250,-2.0,154,0.00273007915842544,18,15,0.4535715779621544,4.088,0.6489295500446001,3.0086206896551726,157,0
250,-2.0,155,0.00273007915842544,7,7,0.1763889469852823,2.2,0.34922823143300397,2.0617283950617282,172,0
250,-2.0,156,0.00273007915842544,8,7,0.20158736798317975,2.224,0.3530379939577276,2.0330578512396693,173,0
250,-2.0,157,0.00273007915842544,19,11,0.4787699989600519,3.736,0.5930530330153194,2.4805194805194803,165,0
250,-2.0,158,0.00273007915842544,18,9,0.4535715779621544,3.536,0.5613050119759554,2.413793103448276,158,0
250,-2.0,159,0.00273007915842544,12,12,0.3023810519747696,3.088,0.49018944484778004,2.638655462184874,157,0
250,-2.0,160,0.00273007915842544,8,7,0.20158736798317975,2.08,0.3301794188093855,1.884297520661157,179,0
250,-2.0,161,0.00273007915842544,23,6,0.5795636829516417,3.904,0.6197213706883851,1.9691629955947136,158,0
250,-2.0,162,0.00273007915842544,7,6,0.1763889469852823,1.968,0.31240052702734167,1.823045267489712,179,0
250,-2.0,163,0.00273007915842544,8,7,0.20158736798317975,2.28,0.3619274398487495,2.090909090909091,165,0
250,-2.0,164,0.00273007915842544,28,11,0.7055557879411292,5.432,0.8622762514291261,2.5855855855855854,160,0
250,-2.0,165,0.00273007915842544,15,6,0.377976314968462,2.88,0.45717150296684145,2.106382978723404,166,0
250,-2.0,166,0.00273007915842544,14,7,0.3527778939705646,2.928,0.46479102801628885,2.2711864406779663,159,1
250,-2.0,167,0.00273007915842544,9,7,0.2267857889810772,2.424,0.3847860149970916,2.1784232365145226,168,0
250,-2.0,168,0.00273007915842544,9,6,0.2267857889810772,2.336,0.3708168857397714,2.087136929460581,173,0
250,-2.0,169,0.00273007915842544,13,11,0.3275794729726671,3.232,0.5130480199961222,2.6962025316455698,164,0
250,-2.0,170,0.00273007915842544,10,10,0.2519842099789747,2.752,0.4368527695016485,2.45,167,0
250,-2.0,171,0.00273007915842544,14,6,0.3527778939705646,2.576,0.4089145109870082,1.8983050847457628,181,1
250,-2.0,172,0.00273007915842544,13,7,0.3275794729726671,2.856,0.4533617404421178,2.29957805907173,162,0
250,-2.0,173,0.00273007915842544,12,11,0.3023810519747696,2.84,0.45082189875896866,2.3781512605042017,168,0
250,-2.0,174,0.00273007915842544,16,6,0.4031747359663595,3.08,0.4889195240062055,2.1965811965811968,160,0
250,-2.0,175,0.00273007915842544,22,6,0.5543652619537444,4.04,0.6413100249951527,2.307017543859649,153,0
250,-2.0,176,0.00273007915842544,12,10,0.3023810519747696,3.016,0.478760157273609,2.563025210084034,163,0
250,-2.0,177,0.00273007915842544,9,7,0.2267857889810772,2.544,0.40383482762071,2.3029045643153525,167,0
250,-2.0,178,0.00273007915842544,13,9,0.3275794729726671,3.128,0.4965390490556529,2.586497890295359,154,0
250,-2.0,179,0.00273007915842544,7,6,0.1763889469852823,2.008,0.3187501312352145,1.8641975308641976,176,0
250,-2.0,180,0.00273007915842544,16,10,0.4031747359663595,3.752,0.5955928746984684,2.9145299145299144,152,0
250,-2.0,181,0.00273007915842544,14,7,0.3527778939705646,2.76,0.43812269034322304,2.093220338983051,168,0
250,-2.0,182,0.00273007915842544,7,6,0.1763889469852823,2.144,0.340338785541982,2.0041152263374484,171,0
250,-2.0,183,0.00273007915842544,11,9,0.2771826309768722,2.64,0.4190738777196047,2.2552301255230125,161,0
250,-2.0,184,0.00273007915842544,12,10,0.3023810519747696,3.136,0.4978089698972274,2.689075630252101,163,0
250,-2.0,185,0.00273007915842544,10,5,0.2519842099789747,2.072,0.328909497967811,1.7416666666666667,182,0
250,-2.0,186,0.00273007915842544,7,7,0.1763889469852823,2.408,0.38224617331394245,2.2757201646090537,166,0
250,-2.0,187,0.00273007915842544,10,9,0.2519842099789747,3.152,0.5003488115803766,2.8666666666666667,151,0
250,-2.0,188,0.00273007915842544,10,8,0.2519842099789747,3.024,0.48003007811518356,2.7333333333333334,148,0
250,-2.0,189,0.00273007915842544,12,8,0.3023810519747696,2.968,0.47114063222416164,2.5126050420168067,158,1
250,-2.0,190,0.00273007915842544,9,6,0.2267857889810772,2.392,0.3797063316307933,2.145228215767635,169,1
250,-2.0,191,0.00273007915842544,16,8,0.4031747359663595,3.256,0.5168577825208458,2.3846153846153846,156,0
250,-2.0,192,0.00273007915842544,11,8,0.2771826309768722,2.656,0.42161371940275383,2.271966527196653,168,0
250,-2.0,193,0.00273007915842544,6,6,0.1511905259873848,2.216,0.35176807311615305,2.122950819672131,169,0
250,-2.0,194,0.00273007915842544,20,19,0.5039684199579494,4.56,0.723854879697499,3.217391304347826,157,1
250,-2.0,195,0.00273007915842544,10,9,0.2519842099789747,2.792,0.4432023737095213,2.4916666666666667,164,0
250,-2.0,196,0.00273007915842544,27,11,0.6803573669432317,5.032,0.7987802093503981,2.3721973094170403,154,1
250,-2.0,197,0.00273007915842544,17,7,0.428373156964257,3.112,0.49399920737250375,2.0987124463519313,154,0
250,-2.0,198,0.00273007915842544,14,8,0.3527778939705646,2.888,0.458441423808416,2.2288135593220337,166,0
250,-2.0,199,0.00273007915842544,13,8,0.3275794729726671,2.92,0.4635211071747143,2.367088607594937,158,0
250,-1.0,0,0.00336503957921272,23,21,0.5795636829516417,5.856,0.9295820560325777,4.118942731277533,147,0
250,-1.0,1,0.00336503957921272,19,13,0.4787699989600519,5.144,0.8165591011324419,4.004329004329004,139,0
250,-1.0,2,0.00336503957921272,28,18,0.7055557879411292,6.408,1.0172065941012223,3.684684684684685,137,0
250,-1.0,3,0.00336503957921272,22,13,0.5543652619537444,4.848,0.7695720299941832,3.192982456140351,143,0
250,-1.0,4,0.00336503957921272,12,12,0.3023810519747696,3.392,0.5384464368276133,2.957983193277311,155,0
250,-1.0,5,0.00336503957921272,26,14,0.6551589459453342,5.824,0.9245023726662794,3.482142857142857,133,0
250,-1.0,6,0.00336503957921272,18,7,0.4535715779621544,3.424,0.5435261201939116,2.293103448275862,151,0
250,-1.0,7,0.00336503957921272,19,11,0.4787699989600519,3.928,0.6235311332131088,2.688311688311688,158,0
250,-1.0,8,0.00336503957921272,23,14,0.5795636829516417,5.128,0.8140192594492928,3.317180616740088,136,2
250,-1.0,9,0.00336503957921272,10,9,0.2519842099789747,3.128,0.4965390490556529,2.841666666666667,152,0
250,-1.0,10,0.00336503957921272,10,10,0.2519842099789747,3.144,0.49907889073880196,2.8583333333333334,144,0
250,-1.0,11,0.00336503957921272,26,13,0.6551589459453342,5.304,0.8419575179639331,2.9017857142857144,146,0
250,-1.0,12,0.00336503957921272,28,15,0.7055557879411292,6.184,0.9816488105371347,3.4324324324324325,136,1
250,-1.0,13,0.00336503957921272,17,8,0.428373156964257,3.664,0.5816237454411484,2.6909871244635193,147,0
250,-1.0,14,0.00336503957921272,31,10,0.7811510509348215,6.408,1.0172065941012223,2.9269406392694064,138,0
250,-1.0,15,0.00336503957921272,12,8,0.3023810519747696,2.752,0.4368527695016485,2.2857142857142856,157,1
250,-1.0,16,0.00336503957921272,17,10,0.428373156964257,3.472,0.5511456452433589,2.484978540772532,162,0
250,-1.0,17,0.00336503957921272,39,13,0.9827384189180013,8.36,1.3270672794454148,2.6966824644549763,140,1
250,-1.0,18,0.00336503957921272,22,11,0.5543652619537444,4.424,0.7022662253907316,2.7280701754385963,152,1
250,-1.0,19,0.00336503957921272,19,13,0.4787699989600519,4.36,0.692106858658135,3.155844155844156,136,0
250,-1.0,20,0.00336503957921272,19,15,0.4787699989600519,4.176,0.6628986793019201,2.9567099567099566,151,0
250,-1.0,21,0.00336503957921272,15,12,0.377976314968462,4.392,0.6971865420244333,3.7148936170212767,139,1
250,-1.0,22,0.00336503957921272,15,11,0.377976314968462,4.0,0.6349604207872799,3.297872340425532,137,1
250,-1.0,23,0.00336503957921272,12,11,0.3023810519747696,3.12,0.4952691282140783,2.672268907563025,160,0
250,-1.0,24,0.00336503957921272,11,10,0.2771826309768722,3.184,0.5054284949466747,2.8242677824267783,147,0
250,-1.0,25,0.00336503957921272,29,11,0.7307542089390267,6.056,0.9613300770719417,3.0452488687782804,137,1
250,-1.0,26,0.00336503957921272,22,18,0.5543652619537444,5.872,0.9321218977157268,4.315789473684211,137,1
250,-1.0,27,0.00336503957921272,32,13,0.806349471932719,6.4,1.0159366732596478,2.6422018348623855,146,0
250,-1.0,28,0.00336503957921272,14,9,0.3527778939705646,3.128,0.4965390490556529,2.483050847457627,162,0
250,-1.0,29,0.00336503957921272,19,10,0.4787699989600519,3.608,0.5727342995501264,2.341991341991342,159,0
250,-1.0,30,0.00336503957921272,13,12,0.3275794729726671,3.928,0.6235311332131088,3.430379746835443,140,0
250,-1.0,31,0.00336503957921272,16,14,0.4031747359663595,4.528,0.7187751963312007,3.7435897435897436,139,0
250,-1.0,32,0.00336503957921272,13,11,0.3275794729726671,3.936,0.6248010540546833,3.438818565400844,139,0
250,-1.0,33,0.00336503957921272,10,10,0.2519842099789747,3.096,0.4914593656893546,2.808333333333333,157,0
250,-1.0,34,0.00336503957921272,18,9,0.4535715779621544,4.408,0.6997263837075824,3.353448275862069,139,0
250,-1.0,35,0.00336503957921272,11,9,0.2771826309768722,2.952,0.4686007905410125,2.581589958158996,160,0
250,-1.0,36,0.00336503957921272,15,11,0.377976314968462,4.04,0.6413100249951527,3.3404255319148937,146,0
250,-1.0,37,0.00336503957921272,21,16,0.5291668409558469,5.376,0.8533868055381042,3.943231441048035,140,0
250,-1.0,38,0.00336503957921272,11,10,0.2771826309768722,3.144,0.49907889073880196,2.782426778242678,157,0
250,-1.0,39,0.00336503957921272,43,15,1.0835321029095912,10.0,1.5874010519681996,3.1449275362318843,131,1
250,-1.0,40,0.00336503957921272,18,11,0.4535715779621544,4.328,0.6870271752918369,3.2672413793103448,145,0
250,-1.0,41,0.00336503957921272,16,14,0.4031747359663595,5.368,0.8521168846965296,4.641025641025641,124,0
250,-1.0,42,0.00336503957921272,27,19,0.6803573669432317,6.192,0.9829187313787092,3.672645739910314,145,0
250,-1.0,43,0.00336503957921272,13,9,0.3275794729726671,3.08,0.4889195240062055,2.5358649789029535,151,0
250,-1.0,44,0.00336503957921272,29,13,0.7307542089390267,6.688,1.0616538235563318,3.760180995475113,127,0
250,-1.0,45,0.00336503957921272,14,10,0.3527778939705646,3.648,0.5790839037579992,3.0338983050847457,156,1
250,-1.0,46,0.00336503957921272,12,10,0.3023810519747696,3.248,0.5155878616792713,2.80672268907563,147,0
250,-1.0,47,0.00336503957921272,11,10,0.2771826309768722,3.296,0.5232073867287186,2.9414225941422596,156,1
250,-1.0,48,0.00336503957921272,21,12,0.5291668409558469,4.224,0.6705182043513676,2.685589519650655,154,0
250,-1.0,49,0.00336503957921272,11,10,0.2771826309768722,2.984,0.4736804739073108,2.6150627615062763,154,0
250,-1.0,50,0.00336503957921272,15,14,0.377976314968462,3.792,0.6019424789063412,3.076595744680851,149,1
250,-1.0,51,0.00336503957921272,9,9,0.2267857889810772,2.944,0.46733086969943793,2.7178423236514524,154,0
250,-1.0,52,0.00336503957921272,24,18,0.6047621039495392,5.256,0.8343379929144857,3.265486725663717,151,0
250,-1.0,53,0.00336503957921272,11,9,0.2771826309768722,3.088,0.49018944484778004,2.723849372384937,153,0
250,-1.0,54,0.00336503957921272,19,18,0.4787699989600519,5.272,0.8368778345976349,4.142857142857143,131,1
250,-1.0,55,0.00336503957921272,14,9,0.3527778939705646,3.76,0.5968627955400431,3.152542372881356,144,0
250,-1.0,56,0.00336503957921272,30,16,0.755952629936924,6.792,1.078162794496801,3.6272727272727274,131,1
250,-1.0,57,0.00336503957921272,26,20,0.6551589459453342,5.848,0.9283121351910031,3.5089285714285716,149,0
250,-1.0,58,0.00336503957921272,11,9,0.2771826309768722,2.864,0.45463166128369237,2.489539748953975,158,0
250,-1.0,59,0.00336503957921272,14,11,0.3527778939705646,3.88,0.6159116081636614,3.2796610169491527,144,0
250,-1.0,60,0.00336503957921272,22,11,0.5543652619537444,4.176,0.6628986793019201,2.456140350877193,157,0
250,-1.0,61,0.00336503957921272,26,8,0.6551589459453342,4.728,0.7505232173705647,2.2589285714285716,149,0
250,-1.0,62,0.00336503957921272,32,6,0.806349471932719,5.904,0.937201581082025,2.073394495412844,155,0
250,-1.0,63,0.00336503957921272,30,7,0.755952629936924,5.488,0.871165697320148,2.1454545454545455,150,1
250,-1.0,64,0.00336503957921272,14,13,0.3527778939705646,3.28,0.5206675450455694,2.6440677966101696,158,0
250,-1.0,65,0.00336503957921272,30,8,0.755952629936924,5.76,0.9143430059336829,2.4545454545454546,148,0
250,-1.0,66,0.00336503957921272,17,13,0.428373156964257,3.912,0.6209912915299597,2.9570815450643777,155,0
250,-1.0,67,0.00336503957921272,14,12,0.3527778939705646,3.52,0.5587651702928063,2.8983050847457625,155,1
250,-1.0,68,0.00336503957921272,15,10,0.377976314968462,3.312,0.5257472284118677,2.5659574468085107,161,2
250,-1.0,69,0.00336503957921272,15,14,0.377976314968462,3.888,0.617181529005236,3.178723404255319,151,0
250,-1.0,70,0.00336503957921272,49,11,1.234722628896976,11.6,1.8413852202831116,2.482587064676617,138,0
250,-1.0,71,0.00336503957921272,10,9,0.2519842099789747,2.904,0.46098126549156515,2.6083333333333334,156,0
250,-1.0,72,0.00336503957921272,15,12,0.377976314968462,3.528,0.5600350911343809,2.795744680851064,150,0
250,-1.0,73,0.00336503957921272,16,8,0.4031747359663595,3.376,0.5359065951444641,2.5128205128205128,150,0
250,-1.0,74,0.00336503957921272,21,7,0.5291668409558469,3.88,0.6159116081636614,2.3100436681222707,155,0
250,-1.0,75,0.00336503957921272,13,9,0.3275794729726671,3.424,0.5435261201939116,2.8987341772151898,141,0
250,-1.0,76,0.00336503957921272,41,10,1.0331352609137963,9.112,1.4464398385534234,2.8564593301435406,132,0
250,-1.0,77,0.00336503957921272,23,10,0.5795636829516417,4.72,0.7492532965289902,2.86784140969163,136,1
250,-1.0,78,0.00336503957921272,29,13,0.7307542089390267,6.192,0.9829187313787092,3.1990950226244346,140,0
250,-1.0,79,0.00336503957921272,17,8,0.428373156964257,3.624,0.5752741412332756,2.648068669527897,143,0
250,-1.0,80,0.00336503957921272,23,13,0.5795636829516417,5.376,0.8533868055381042,3.590308370044053,127,1
250,-1.0,81,0.00336503957921272,13,13,0.3275794729726671,4.368,0.6933767794997097,3.8945147679324896,144,0
250,-1.0,82,0.00336503957921272,20,11,0.5039684199579494,4.2,0.6667084418266439,2.8260869565217392,146,0
250,-1.0,83,0.00336503957921272,12,9,0.3023810519747696,3.12,0.4952691282140783,2.672268907563025,157,0
250,-1.0,84,0.00336503957921272,19,16,0.4787699989600519,5.976,0.9486308686561961,4.904761904761905,123,0
250,-1.0,85,0.00336503957921272,14,11,0.3527778939705646,3.848,0.6108319247973631,3.2457627118644066,138,0
250,-1.0,86,0.00336503957921272,18,11,0.4535715779621544,4.104,0.6514693917277491,3.0258620689655173,149,0
250,-1.0,87,0.00336503957921272,14,6,0.3527778939705646,3.072,0.4876496031646309,2.4237288135593222,151,0
250,-1.0,88,0.00336503957921272,15,11,0.377976314968462,3.856,0.6121018456389378,3.1446808510638298,142,0
250,-1.0,89,0.00336503957921272,16,13,0.4031747359663595,4.288,0.680677571083964,3.4871794871794872,143,1
250,-1.0,90,0.00336503957921272,19,14,0.4787699989600519,4.552,0.7225849588559244,3.3636363636363638,148,0
250,-1.0,91,0.00336503957921272,13,9,0.3275794729726671,3.376,0.5359065951444641,2.848101265822785,149,0
250,-1.0,92,0.00336503957921272,21,12,0.5291668409558469,4.584,0.7276646422222226,3.078602620087336,142,0
250,-1.0,93,0.00336503957921272,12,9,0.3023810519747696,3.552,0.5638448536591045,3.1260504201680672,146,1
250,-1.0,94,0.00336503957921272,7,7,0.1763889469852823,2.312,0.36700712321504775,2.1769547325102883,161,1
250,-1.0,95,0.00336503957921272,13,6,0.3275794729726671,2.656,0.42161371940275383,2.088607594936709,162,0
250,-1.0,96,0.00336503957921272,14,9,0.3527778939705646,3.608,0.5727342995501264,2.9915254237288136,138,0
250,-1.0,97,0.00336503957921272,24,8,0.6047621039495392,4.416,0.700996304549157,2.336283185840708,147,0
250,-1.0,98,0.00336503957921272,14,9,0.3527778939705646,3.576,0.5676546161838282,2.957627118644068,153,0
250,-1.0,99,0.00336503957921272,14,11,0.3527778939705646,3.584,0.5689245370254028,2.9661016949152543,152,0
250,-1.0,100,0.00336503957921272,34,10,0.856746313928514,6.96,1.104831132169867,2.7037037037037037,137,0
250,-1.0,101,0.00336503957921272,14,11,0.3527778939705646,3.384,0.5371765159860388,2.7542372881355934,153,0
250,-1.0,102,0.00336503957921272,17,17,0.428373156964257,4.608,0.7314744047469464,3.703862660944206,142,0
250,-1.0,103,0.00336503957921272,39,10,0.9827384189180013,8.24,1.3080184668217965,2.5545023696682465,142,1
250,-1.0,104,0.00336503957921272,59,12,1.4867068388759506,15.968,2.534761999782821,2.675392670157068,132,2
250,-1.0,105,0.00336503957921272,42,13,1.0583336819116937,9.736,1.5454936641962393,3.2211538461538463,139,1
250,-1.0,106,0.00336503957921272,19,17,0.4787699989600519,5.08,0.8063997343998454,3.935064935064935,133,0
250,-1.0,107,0.00336503957921272,27,11,0.6803573669432317,5.528,0.8775153015280207,2.928251121076233,150,1
250,-1.0,108,0.00336503957921272,36,9,0.9071431559243088,7.384,1.1721369367733185,2.5700934579439254,146,2
250,-1.0,109,0.00336503957921272,44,12,1.1087305239074887,10.04,1.5937506561760724,2.7864077669902914,137,2
250,-1.0,110,0.00336503957921272,46,10,1.1591273659032835,10.808,1.7156630569672302,2.872549019607843,140,0
250,-1.0,111,0.00336503957921272,23,13,0.5795636829516417,4.992,0.7924306051425253,3.1674008810572687,144,0
250,-1.0,112,0.00336503957921272,12,6,0.3023810519747696,2.456,0.3898656983633898,1.9747899159663866,170,0
250,-1.0,113,0.00336503957921272,13,10,0.3275794729726671,3.512,0.5574952494512317,2.9915611814345993,143,0
250,-1.0,114,0.00336503957921272,36,11,0.9071431559243088,7.904,1.254681791475665,3.177570093457944,132,1
250,-1.0,115,0.00336503957921272,27,12,0.6803573669432317,6.104,0.968949602121389,3.5739910313901344,132,0
250,-1.0,116,0.00336503957921272,19,8,0.4787699989600519,3.768,0.5981327163816176,2.515151515151515,151,0
250,-1.0,117,0.00336503957921272,16,16,0.4031747359663595,4.864,0.7721118716773323,4.102564102564102,145,0
250,-1.0,118,0.00336503957921272,10,6,0.2519842099789747,2.624,0.4165340360364556,2.316666666666667,157,0
250,-1.0,119,0.00336503957921272,42,11,1.0583336819116937,9.36,1.4858073846422348,2.769230769230769,139,0
250,-1.0,120,0.00336503957921272,16,11,0.4031747359663595,3.488,0.553685486926508,2.6324786324786325,157,0
250,-1.0,121,0.00336503957921272,22,14,0.5543652619537444,5.096,0.8089395760829945,3.4649122807017543,141,1
250,-1.0,122,0.00336503957921272,16,10,0.4031747359663595,3.36,0.533366753461315,2.4957264957264957,160,0
250,-1.0,123,0.00336503957921272,13,8,0.3275794729726671,3.2,0.5079683366298239,2.6624472573839664,151,0
250,-1.0,124,0.00336503957921272,17,13,0.428373156964257,4.352,0.6908369378165605,3.429184549356223,143,0
250,-1.0,125,0.00336503957921272,31,9,0.7811510509348215,6.096,0.9676796812798145,2.5707762557077625,135,2
250,-1.0,126,0.00336503957921272,18,8,0.4535715779621544,3.68,0.5841635871242975,2.5689655172413794,145,0
250,-1.0,127,0.00336503957921272,24,20,0.6047621039495392,5.76,0.9143430059336829,3.8230088495575223,144,0
250,-1.0,128,0.00336503957921272,26,19,0.6551589459453342,6.312,1.0019675440023277,4.026785714285714,140,0
250,-1.0,129,0.00336503957921272,7,6,0.1763889469852823,2.784,0.44193245286794675,2.662551440329218,147,0
250,-1.0,130,0.00336503957921272,18,11,0.4535715779621544,3.6,0.5714643787085518,2.4827586206896552,160,0
250,-1.0,131,0.00336503957921272,13,11,0.3275794729726671,3.864,0.6133717664805123,3.3628691983122363,134,1
250,-1.0,132,0.00336503957921272,26,8,0.6551589459453342,4.896,0.7771915550436305,2.4464285714285716,153,1
250,-1.0,133,0.00336503957921272,24,22,0.6047621039495392,6.352,1.0083171482102005,4.477876106194691,155,1
250,-1.0,134,0.00336503957921272,19,8,0.4787699989600519,3.784,0.6006725580647667,2.5324675324675323,153,0
250,-1.0,135,0.00336503957921272,34,14,0.856746313928514,7.04,1.1175303405856125,2.7962962962962963,145,0
250,-1.0,136,0.00336503957921272,14,10,0.3527778939705646,3.88,0.6159116081636614,3.2796610169491527,136,0
250,-1.0,137,0.00336503957921272,22,16,0.5543652619537444,4.76,0.755602900736863,3.0964912280701755,149,0
250,-1.0,138,0.00336503957921272,6,6,0.1511905259873848,2.112,0.3352591021756838,2.0163934426229506,168,0
250,-1.0,139,0.00336503957921272,35,13,0.8819447349264115,7.32,1.1619775700407222,2.813953488372093,142,0
250,-1.0,140,0.00336503957921272,33,16,0.8315478929306165,7.984,1.2673809998914105,4.179723502304148,137,0
250,-1.0,141,0.00336503957921272,17,12,0.428373156964257,3.944,0.626070974896258,2.9914163090128754,149,0
250,-1.0,142,0.00336503957921272,50,13,1.2599210498948734,12.304,1.9531382543416729,2.88,128,0
250,-1.0,143,0.00336503957921272,15,9,0.377976314968462,3.544,0.5625749328175299,2.8127659574468087,146,0
250,-1.0,144,0.00336503957921272,14,12,0.3527778939705646,4.408,0.6997263837075824,3.8389830508474576,129,0
250,-1.0,145,0.00336503957921272,12,10,0.3023810519747696,3.4,0.5397163576691879,2.966386554621849,145,0
250,-1.0,146,0.00336503957921272,19,15,0.4787699989600519,4.6,0.7302044839053717,3.4155844155844157,147,0
250,-1.0,147,0.00336503957921272,18,16,0.4535715779621544,4.744,0.7530630590537138,3.7155172413793105,148,0
250,-1.0,148,0.00336503957921272,22,10,0.5543652619537444,4.816,0.7644923466278849,3.1578947368421053,136,1
250,-1.0,149,0.00336503957921272,19,10,0.4787699989600519,4.408,0.6997263837075824,3.207792207792208,141,1
250,-1.0,150,0.00336503957921272,35,16,0.8819447349264115,8.048,1.277540366624007,3.66046511627907,137,1
250,-1.0,151,0.00336503957921272,23,17,0.5795636829516417,6.16,0.977839048012411,4.453744493392071,135,0
250,-1.0,152,0.00336503957921272,26,9,0.6551589459453342,5.04,0.8000501301919726,2.607142857142857,144,0
250,-1.0,153,0.00336503957921272,14,14,0.3527778939705646,3.96,0.6286108165794071,3.364406779661017,141,0
250,-1.0,154,0.00336503957921272,13,12,0.3275794729726671,4.224,0.6705182043513676,3.742616033755274,131,0
250,-1.0,155,0.00336503957921272,13,12,0.3275794729726671,3.896,0.6184514498468106,3.3966244725738397,142,1
250,-1.0,156,0.00336503957921272,37,19,0.9323415769222063,9.312,1.4781878595927873,4.502347417840376,123,0
250,-1.0,157,0.00336503957921272,31,22,0.7811510509348215,7.96,1.263571237366687,4.698630136986301,142,0
250,-1.0,158,0.00336503957921272,21,17,0.5291668409558469,5.232,0.8305282303897621,3.7860262008733625,152,0
250,-1.0,159,0.00336503957921272,22,8,0.5543652619537444,4.52,0.7175052754896262,2.8333333333333335,139,0
250,-1.0,160,0.00336503957921272,39,13,0.9827384189180013,8.72,1.38421371731627,3.123222748815166,128,1
250,-1.0,161,0.00336503957921272,22,8,0.5543652619537444,4.152,0.6590889167771965,2.4298245614035086,159,0
250,-1.0,162,0.00336503957921272,23,17,0.5795636829516417,6.056,0.9613300770719417,4.3392070484581495,133,1
250,-1.0,163,0.00336503957921272,24,21,0.6047621039495392,6.464,1.0260960399922443,4.601769911504425,130,0
250,-1.0,164,0.00336503957921272,12,10,0.3023810519747696,3.024,0.48003007811518356,2.5714285714285716,162,0
250,-1.0,165,0.00336503957921272,11,11,0.2771826309768722,3.072,0.4876496031646309,2.707112970711297,152,0
250,-1.0,166,0.00336503957921272,16,13,0.4031747359663595,3.784,0.6006725580647667,2.948717948717949,153,0
250,-1.0,167,0.00336503957921272,31,8,0.7811510509348215,5.976,0.9486308686561961,2.4337899543378994,142,0
250,-1.0,168,0.00336503957921272,25,13,0.6299605249474367,4.856,0.7708419508357577,2.617777777777778,158,0
250,-1.0,169,0.00336503957921272,11,10,0.2771826309768722,3.376,0.5359065951444641,3.0251046025104604,149,0
250,-1.0,170,0.00336503957921272,17,8,0.428373156964257,3.576,0.5676546161838282,2.59656652360515,148,1
250,-1.0,171,0.00336503957921272,33,17,0.8315478929306165,7.784,1.2356329788520466,3.9493087557603688,130,1
250,-1.0,172,0.00336503957921272,44,22,1.1087305239074887,11.688,1.8553543495404319,4.786407766990291,131,0
250,-1.0,173,0.00336503957921272,26,16,0.6551589459453342,5.96,0.9460910269730469,3.6339285714285716,141,0
250,-1.0,174,0.00336503957921272,14,13,0.3527778939705646,4.048,0.6425799458367272,3.457627118644068,144,0
250,-1.0,175,0.00336503957921272,22,15,0.5543652619537444,4.952,0.7860810009346524,3.307017543859649,143,0
250,-1.0,176,0.00336503957921272,22,6,0.5543652619537444,4.056,0.6438498666783018,2.324561403508772,152,1
250,-1.0,177,0.00336503957921272,24,14,0.6047621039495392,5.096,0.8089395760829945,3.088495575221239,146,0
250,-1.0,178,0.00336503957921272,12,12,0.3023810519747696,3.976,0.6311506582625561,3.5714285714285716,133,0
250,-1.0,179,0.00336503957921272,20,10,0.5039684199579494,4.56,0.723854879697499,3.217391304347826,141,0
250,-1.0,180,0.00336503957921272,23,19,0.5795636829516417,6.064,0.9625999979135162,4.348017621145375,134,1
250,-1.0,181,0.00336503957921272,26,20,0.6551589459453342,7.2,1.1429287574171036,5.017857142857143,123,0
250,-1.0,182,0.00336503957921272,34,8,0.856746313928514,6.744,1.0705432694473538,2.4537037037037037,137,0
250,-1.0,183,0.00336503957921272,14,13,0.3527778939705646,3.944,0.626070974896258,3.347457627118644,146,1
250,-1.0,184,0.00336503957921272,56,6,1.4111115758822583,14.056,2.2312509186465013,1.9484536082474226,138,0
250,-1.0,185,0.00336503957921272,51,6,1.285119470892771,12.36,1.9620277002326947,2.457286432160804,124,0
250,-1.0,186,0.00336503957921272,10,10,0.2519842099789747,2.856,0.4533617404421178,2.558333333333333,155,0
250,-1.0,187,0.00336503957921272,8,8,0.20158736798317975,2.968,0.47114063222416164,2.8016528925619837,144,0
250,-1.0,188,0.00336503957921272,16,10,0.4031747359663595,4.0,0.6349604207872799,3.1794871794871793,139,0
250,-1.0,189,0.00336503957921272,21,9,0.5291668409558469,4.184,0.6641686001434948,2.6419213973799125,146,0
250,-1.0,190,0.00336503957921272,17,9,0.428373156964257,3.928,0.6235311332131088,2.9742489270386265,143,0
250,-1.0,191,0.00336503957921272,17,9,0.428373156964257,3.784,0.6006725580647667,2.819742489270386,139,0
250,-1.0,192,0.00336503957921272,40,28,1.0079368399158988,11.024,1.7499509196897431,5.504761904761905,133,1
250,-1.0,193,0.00336503957921272,10,9,0.2519842099789747,2.656,0.42161371940275383,2.35,164,1
250,-1.0,194,0.00336503957921272,17,12,0.428373156964257,3.536,0.5613050119759554,2.5536480686695278,160,0
250,-1.0,195,0.00336503957921272,17,10,0.428373156964257,3.696,0.5867034288074466,2.725321888412017,149,0
250,-1.0,196,0.00336503957921272,52,6,1.3103178918906684,12.728,2.0204440589451242,2.414141414141414,128,0
250,-1.0,197,0.00336503957921272,33,20,0.8315478929306165,8.192,1.3003989417723492,4.419354838709677,142,2
250,-1.0,198,0.00336503957921272,9,8,0.2267857889810772,2.648,0.42034379856117926,2.4107883817427385,159,0
250,-1.0,199,0.00336503957921272,14,10,0.3527778939705646,3.584,0.5689245370254028,2.9661016949152543,148,1
250,0.0,0,0.004,21,17,0.5291668409558469,5.2,0.8254485470234638,3.7510917030567685,144,0
250,0.0,1,0.004,26,15,0.6551589459453342,6.328,1.0045073856854767,4.044642857142857,124,0
250,0.0,2,0.004,45,12,1.1339289449053862,10.392,1.649627173205353,2.795121951219512,135,0
250,0.0,3,0.004,23,21,0.5795636829516417,7.056,1.1200701822687618,5.440528634361233,117,0
250,0.0,4,0.004,44,23,1.1087305239074887,11.64,1.8477348244909844,4.728155339805825,129,0
250,0.0,5,0.004,45,9,1.1339289449053862,10.584,1.6801052734031423,3.029268292682927,126,1
250,0.0,6,0.004,70,7,1.763889469852823,21.248,3.3729097552220306,2.2888888888888888,126,0
250,0.0,7,0.004,31,11,0.7811510509348215,6.704,1.064193665239481,3.2648401826484017,137,0
250,0.0,8,0.004,45,31,1.1339289449053862,15.768,2.503013978743457,9.351219512195122,125,0
250,0.0,9,0.004,45,9,1.1339289449053862,10.192,1.617879152165989,2.551219512195122,136,0
250,0.0,10,0.004,19,15,0.4787699989600519,5.36,0.8508469638549551,4.238095238095238,124,0
250,0.0,11,0.004,19,19,0.4787699989600519,6.128,0.9727593646461128,5.06926406926407,126,1
250,0.0,12,0.004,25,11,0.6299605249474367,5.96,0.9460910269730469,3.8444444444444446,126,2
250,0.0,13,0.004,47,13,1.184325786901181,11.616,1.8439250619662606,3.4236453201970445,130,0
250,0.0,14,0.004,26,21,0.6551589459453342,8.472,1.3448461712274586,6.4375,110,0
250,0.0,15,0.004,59,14,1.4867068388759506,17.536,2.783666484731435,4.727748691099476,104,1
250,0.0,16,0.004,38,13,0.9575399979201038,8.72,1.38421371731627,3.4716981132075473,126,0
250,0.0,17,0.004,42,22,1.0583336819116937,11.592,1.840115299441537,5.451923076923077,121,2
250,0.0,18,0.004,49,35,1.234722628896976,16.352,2.5957182001784003,8.393034825870647,114,0
250,0.0,19,0.004,24,22,0.6047621039495392,8.736,1.3867535589994193,7.115044247787611,121,2
250,0.0,20,0.004,37,24,0.9323415769222063,9.824,1.5594627934535592,5.103286384976526,129,1
250,0.0,21,0.004,75,17,1.8898815748423101,24.984,3.9659627882373503,3.5485714285714285,117,2
250,0.0,22,0.004,26,14,0.6551589459453342,5.616,0.8914844307853409,3.25,142,2
250,0.0,23,0.004,26,13,0.6551589459453342,5.752,0.9130730850921084,3.4017857142857144,134,0
250,0.0,24,0.004,35,15,0.8819447349264115,7.728,1.2267435329610246,3.2883720930232556,134,0
250,0.0,25,0.004,18,12,0.4535715779621544,4.272,0.678137729400815,3.206896551724138,139,0
250,0.0,26,0.004,67,7,1.6882942068591305,19.736,3.1328947161644387,2.431693989071038,123,2
250,0.0,27,0.004,42,13,1.0583336819116937,9.688,1.5378741391467918,3.1634615384615383,129,1
250,0.0,28,0.004,20,20,0.5039684199579494,5.384,0.8546567263796787,4.113043478260869,136,3
250,0.0,29,0.004,37,14,0.9323415769222063,8.344,1.3245274377622656,3.3661971830985915,131,0
250,0.0,30,0.004,23,16,0.5795636829516417,5.464,0.8673559347954243,3.6872246696035242,131,0
250,0.0,31,0.004,19,7,0.4787699989600519,3.784,0.6006725580647667,2.5324675324675323,145,0
250,0.0,32,0.004,22,21,0.5543652619537444,6.864,1.0895920820709721,5.4035087719298245,125,0
250,0.0,33,0.004,73,7,1.8394847328465151,22.776,3.6154646359627716,2.062146892655367,128,1
250,0.0,34,0.004,28,20,0.7055557879411292,7.856,1.2470622664262176,5.315315315315315,123,2
250,0.0,35,0.004,49,14,1.234722628896976,13.224,2.099179151122747,4.502487562189055,111,3
250,0.0,36,0.004,48,10,1.2095242078990784,11.832,1.878212924688774,3.237623762376238,126,0
250,0.0,37,0.004,19,19,0.4787699989600519,6.792,1.078162794496801,5.787878787878788,118,1
250,0.0,38,0.004,47,17,1.184325786901181,12.48,1.9810765128563133,4.487684729064039,112,0
250,0.0,39,0.004,58,25,1.4615084178780533,17.592,2.7925559306224566,5.385416666666667,116,0
250,0.0,40,0.004,12,9,0.3023810519747696,3.16,0.5016187324219511,2.7142857142857144,148,0
250,0.0,41,0.004,13,11,0.3275794729726671,3.472,0.5511456452433589,2.949367088607595,149,0
250,0.0,42,0.004,26,10,0.6551589459453342,5.136,0.8152891802908674,2.7142857142857144,145,1
250,0.0,43,0.004,18,15,0.4535715779621544,5.704,0.905453560042661,4.75,124,2
250,0.0,44,0.004,20,16,0.5039684199579494,4.76,0.755602900736863,3.4347826086956523,134,0
250,0.0,45,0.004,20,12,0.5039684199579494,4.504,0.714965433806477,3.1565217391304348,136,2
250,0.0,46,0.004,61,19,1.5371036808717455,17.672,2.8052551390382026,3.687830687830688,125,1
250,0.0,47,0.004,58,6,1.4615084178780533,15.312,2.430628490773707,2.4166666666666665,122,1
250,0.0,48,0.004,50,15,1.2599210498948734,13.168,2.0902897052317253,3.96,118,1
250,0.0,49,0.004,41,14,1.0331352609137963,9.76,1.5493034267209629,3.6315789473684212,128,0
250,0.0,50,0.004,28,11,0.7055557879411292,5.896,0.9359316602404505,3.108108108108108,135,0
250,0.0,51,0.004,26,23,0.6551589459453342,7.504,1.1911857493969369,5.357142857142857,127,0
250,0.0,52,0.004,20,11,0.5039684199579494,4.744,0.7530630590537138,3.417391304347826,130,0
250,0.0,53,0.004,30,20,0.755952629936924,7.672,1.2178540870700028,4.627272727272727,126,1
250,0.0,54,0.004,46,18,1.1591273659032835,12.616,2.0026651671630806,5.088235294117647,109,1
250,0.0,55,0.004,106,5,2.6710326257771317,46.104,7.318553809994187,2.013888888888889,106,3
250,0.0,56,0.004,25,20,0.6299605249474367,6.096,0.9676796812798145,3.9955555555555557,146,1
250,0.0,57,0.004,48,12,1.2095242078990784,12.024,1.9086910248865632,3.4752475247524752,121,0
250,0.0,58,0.004,34,19,0.856746313928514,9.248,1.468028492860191,5.351851851851852,121,0
250,0.0,59,0.004,48,14,1.2095242078990784,12.488,1.9823464336978875,4.0495049504950495,116,1
250,0.0,60,0.004,66,8,1.663095785861233,19.408,3.080827961659882,2.6956521739130435,119,2
250,0.0,61,0.004,100,8,2.519842099789747,41.424,6.57565011767307,2.3733333333333335,105,4
250,0.0,62,0.004,19,15,0.4787699989600519,4.776,0.7581427424200121,3.606060606060606,138,0
250,0.0,63,0.004,30,25,0.755952629936924,8.504,1.349925854593757,5.572727272727272,132,0
250,0.0,64,0.004,45,10,1.1339289449053862,10.584,1.6801052734031423,3.029268292682927,118,1
250,0.0,65,0.004,17,9,0.428373156964257,4.04,0.6413100249951527,3.0944206008583692,134,0
250,0.0,66,0.004,36,10,0.9071431559243088,7.744,1.2292833746441738,2.9906542056074765,130,0
250,0.0,67,0.004,61,12,1.5371036808717455,17.168,2.725250126019005,3.0211640211640214,124,1
250,0.0,68,0.004,19,12,0.4787699989600519,3.944,0.626070974896258,2.705627705627706,143,0
250,0.0,69,0.004,29,21,0.7307542089390267,7.424,1.1784865409811915,4.592760180995475,119,1
250,0.0,70,0.004,51,38,1.285119470892771,17.664,2.803985218196628,9.120603015075377,120,0
250,0.0,71,0.004,23,22,0.5795636829516417,6.344,1.007047227368626,4.656387665198238,137,1
250,0.0,72,0.004,69,7,1.7386910488549254,20.52,3.2573469586387453,2.0386740331491713,134,0
250,0.0,73,0.004,42,9,1.0583336819116937,9.36,1.4858073846422348,2.769230769230769,126,3
250,0.0,74,0.004,35,13,0.8819447349264115,7.984,1.2673809998914105,3.5860465116279068,138,0
250,0.0,75,0.004,30,25,0.755952629936924,8.824,1.4007226882567394,5.9363636363636365,120,2
250,0.0,76,0.004,21,14,0.5291668409558469,5.368,0.8521168846965296,3.9344978165938866,136,0
250,0.0,77,0.004,72,9,1.8142863118486177,22.472,3.5672076439829383,2.438202247191011,122,2
250,0.0,78,0.004,18,15,0.4535715779621544,5.272,0.8368778345976349,4.2844827586206895,130,0
250,0.0,79,0.004,37,10,0.9323415769222063,7.688,1.2203939287531518,2.596244131455399,140,0
250,0.0,80,0.004,30,25,0.755952629936924,9.48,1.5048561972658534,6.681818181818182,114,0
250,0.0,81,0.004,42,29,1.0583336819116937,14.4,2.2858575148342073,8.826923076923077,112,1
250,0.0,82,0.004,31,29,0.7811510509348215,10.944,1.7372517112739978,8.105022831050228,116,0
250,0.0,83,0.004,71,7,1.7890878908507204,21.76,3.4541846890828025,2.2290502793296088,124,1
250,0.0,84,0.004,14,12,0.3527778939705646,4.344,0.689567016974986,3.7711864406779663,128,0
250,0.0,85,0.004,51,12,1.285119470892771,13.064,2.073780734291256,3.341708542713568,128,0
250,0.0,86,0.004,33,16,0.8315478929306165,7.88,1.2508720289509412,4.059907834101383,124,0
250,0.0,87,0.004,30,27,0.755952629936924,9.816,1.558192872611985,7.0636363636363635,111,0
250,0.0,88,0.004,18,14,0.4535715779621544,4.688,0.7441736131626919,3.6551724137931036,146,1
250,0.0,89,0.004,15,11,0.377976314968462,4.44,0.7048060670738807,3.765957446808511,121,1
250,0.0,90,0.004,15,13,0.377976314968462,3.936,0.6248010540546833,3.2297872340425533,147,0
250,0.0,91,0.004,14,13,0.3527778939705646,4.88,0.7746517133604814,4.338983050847458,126,0
250,0.0,92,0.004,33,10,0.8315478929306165,6.456,1.0248261191506698,2.4193548387096775,143,0
250,0.0,93,0.004,19,15,0.4787699989600519,5.096,0.8089395760829945,3.9523809523809526,127,1
250,0.0,94,0.004,24,7,0.6047621039495392,4.736,0.7517931382121393,2.690265486725664,141,0
250,0.0,95,0.004,20,14,0.5039684199579494,5.16,0.819098942815591,3.869565217391304,132,0
250,0.0,96,0.004,49,8,1.234722628896976,12.024,1.9086910248865632,3.009950248756219,123,0
250,0.0,97,0.004,53,19,1.3355163128885659,14.304,2.2706184647353127,3.8934010152284264,122,1
250,0.0,98,0.004,12,11,0.3023810519747696,3.52,0.5587651702928063,3.092436974789916,148,0
250,0.0,99,0.004,45,15,1.1339289449053862,11.264,1.7880485449369798,3.8585365853658535,129,0
250,0.0,100,0.004,30,19,0.755952629936924,7.392,1.1734068576148933,4.3090909090909095,123,0
250,0.0,101,0.004,17,14,0.428373156964257,5.864,0.9308519768741522,5.051502145922747,113,0
250,0.0,102,0.004,59,9,1.4867068388759506,15.592,2.475075720228817,2.183246073298429,133,1
250,0.0,103,0.004,39,9,0.9827384189180013,8.28,1.3143680710296692,2.6018957345971563,142,0
250,0.0,104,0.004,71,11,1.7890878908507204,22.656,3.5964158233391528,3.4804469273743015,110,1
250,0.0,105,0.004,40,16,1.0079368399158988,9.408,1.4934269096916821,3.580952380952381,126,0
250,0.0,106,0.004,45,16,1.1339289449053862,10.984,1.7436013154818704,3.5170731707317073,129,1
250,0.0,107,0.004,35,20,0.8819447349264115,8.448,1.341036408702735,4.125581395348838,129,0
250,0.0,108,0.004,46,12,1.1591273659032835,11.36,1.8032875950358747,3.549019607843137,127,2
250,0.0,109,0.004,52,6,1.3103178918906684,12.176,1.9328195208764798,1.7171717171717171,152,2
250,0.0,110,0.004,22,22,0.5543652619537444,6.184,0.9816488105371347,4.657894736842105,128,0
250,0.0,111,0.004,19,11,0.4787699989600519,4.616,0.7327443255885209,3.432900432900433,141,0
250,0.0,112,0.004,80,6,2.0158736798317975,26.96,4.279633236106267,2.0,125,0
250,0.0,113,0.004,28,23,0.7055557879411292,8.552,1.3575453796432042,6.099099099099099,111,1
250,0.0,114,0.004,37,14,0.9323415769222063,8.28,1.3143680710296692,3.291079812206573,131,0
250,0.0,115,0.004,21,9,0.5291668409558469,4.608,0.7314744047469464,3.1048034934497815,139,0
250,0.0,116,0.004,24,14,0.6047621039495392,5.736,0.9105332434089592,3.7964601769911503,136,0
250,0.0,117,0.004,35,20,0.8819447349264115,8.696,1.3804039547915463,4.413953488372093,131,0
250,0.0,118,0.004,22,16,0.5543652619537444,6.28,0.9968878606360294,4.7631578947368425,127,0
250,0.0,119,0.004,34,20,0.856746313928514,7.92,1.2572216331588142,3.814814814814815,141,1
250,0.0,120,0.004,43,11,1.0835321029095912,9.936,1.577241685235603,3.0676328502415457,132,0
250,0.0,121,0.004,74,7,1.8646831538444126,23.376,3.7107086990808638,2.090909090909091,131,3
250,0.0,122,0.004,18,16,0.4535715779621544,5.104,0.8102094969245691,4.103448275862069,136,0
250,0.0,123,0.004,23,13,0.5795636829516417,5.944,0.9435511852898978,4.215859030837004,123,0
250,0.0,124,0.004,57,18,1.4363099968801558,16.0,2.5398416831491195,3.8911917098445596,117,1
250,0.0,125,0.004,15,9,0.377976314968462,4.072,0.6463897083614509,3.374468085106383,129,1
250,0.0,126,0.004,45,24,1.1339289449053862,13.672,2.1702947182509225,6.795121951219512,112,0
250,0.0,127,0.004,15,11,0.377976314968462,3.952,0.6273408957378325,3.246808510638298,138,0
250,0.0,128,0.004,59,14,1.4867068388759506,16.2,2.5715897041884834,2.979057591623037,128,0
250,0.0,129,0.004,13,9,0.3275794729726671,3.6,0.5714643787085518,3.0843881856540083,136,3
250,0.0,130,0.004,68,19,1.713492627857028,21.664,3.438945638983908,4.351648351648351,106,1
250,0.0,131,0.004,11,9,0.2771826309768722,3.224,0.5117780991545476,2.8661087866108788,150,0
250,0.0,132,0.004,38,33,0.9575399979201038,11.824,1.8769430038471993,7.132075471698113,119,2
250,0.0,133,0.004,72,9,1.8142863118486177,22.6,3.5875263774481314,2.6179775280898876,115,2
250,0.0,134,0.004,21,17,0.5291668409558469,5.864,0.9308519768741522,4.475982532751091,119,2
250,0.0,135,0.004,18,16,0.4535715779621544,4.632,0.73528416727167,3.5948275862068964,138,0
250,0.0,136,0.004,11,9,0.2771826309768722,3.672,0.5828936662827229,3.3347280334728033,130,0
250,0.0,137,0.004,22,15,0.5543652619537444,5.408,0.8584664889044024,3.807017543859649,131,1
250,0.0,138,0.004,38,28,0.9575399979201038,11.184,1.7753493365212343,6.377358490566038,124,0
250,0.0,139,0.004,29,14,0.7307542089390267,6.808,1.0807026361799503,3.8959276018099547,130,0
250,0.0,140,0.004,21,20,0.5291668409558469,6.864,1.0895920820709721,5.567685589519651,133,1
250,0.0,141,0.004,41,12,1.0331352609137963,9.352,1.4845374638006603,3.1435406698564594,126,2
250,0.0,142,0.004,37,10,0.9323415769222063,8.328,1.3219875960791165,3.347417840375587,124,0
250,0.0,143,0.004,33,27,0.8315478929306165,10.008,1.588670972809774,6.511520737327189,111,0
250,0.0,144,0.004,19,15,0.4787699989600519,4.752,0.7543329798952885,3.58008658008658,134,0
250,0.0,145,0.004,21,20,0.5291668409558469,7.08,1.1238799447934853,5.8034934497816595,132,1
250,0.0,146,0.004,27,14,0.6803573669432317,6.328,1.0045073856854767,3.8251121076233185,131,1
250,0.0,147,0.004,16,13,0.4031747359663595,4.64,0.7365540881132445,3.8632478632478633,129,0
250,0.0,148,0.004,35,14,0.8819447349264115,8.136,1.2915094958813271,3.7627906976744185,125,1
250,0.0,149,0.004,28,24,0.7055557879411292,7.688,1.2203939287531518,5.126126126126126,133,1
250,0.0,150,0.004,21,17,0.5291668409558469,5.656,0.8978340349932137,4.248908296943231,128,1
250,0.0,151,0.004,41,11,1.0331352609137963,9.232,1.4654886511770417,3.0,130,1
250,0.0,152,0.004,68,21,1.713492627857028,23.04,3.6573720237347316,6.241758241758242,112,0
250,0.0,153,0.004,37,15,0.9323415769222063,8.456,1.3423063295443096,3.4976525821596245,128,0
250,0.0,154,0.004,66,13,1.663095785861233,19.584,3.108766220174522,2.9347826086956523,123,1
250,0.0,155,0.004,66,9,1.663095785861233,19.472,3.0909873283924787,2.782608695652174,120,0
250,0.0,156,0.004,64,12,1.612698943865438,18.752,2.9766944526507677,3.182795698924731,122,0
250,0.0,157,0.004,30,28,0.755952629936924,10.76,1.7080435319177827,8.136363636363637,117,1
250,0.0,158,0.004,45,17,1.1339289449053862,12.168,1.9315496000349053,4.9609756097560975,107,1
250,0.0,159,0.004,91,8,2.29305631080867,34.592,5.491137718968396,2.308176100628931,109,1
250,0.0,160,0.004,47,17,1.184325786901181,12.184,1.9340894417180543,4.123152709359606,125,0
250,0.0,161,0.004,25,24,0.6299605249474367,8.184,1.2991290209307744,6.315555555555555,111,1
250,0.0,162,0.004,23,11,0.5795636829516417,4.984,0.7911606843009507,3.158590308370044,136,0
250,0.0,163,0.004,28,23,0.7055557879411292,7.152,1.1353092323676564,4.5225225225225225,129,1
250,0.0,164,0.004,45,9,1.1339289449053862,10.2,1.6191490730075635,2.5609756097560976,131,2
250,0.0,165,0.004,48,15,1.2095242078990784,12.296,1.9518683335000981,3.8118811881188117,124,1
250,0.0,166,0.004,17,17,0.428373156964257,5.448,0.8648160931122753,4.605150214592275,123,0
250,0.0,167,0.004,82,10,2.0662705218275925,28.88,4.58441423808416,2.9523809523809526,109,0
250,0.0,168,0.004,18,11,0.4535715779621544,4.168,0.6616287584603456,3.0948275862068964,136,0
250,0.0,169,0.004,56,32,1.4111115758822583,18.096,2.872560943641654,7.154639175257732,113,1
250,0.0,170,0.004,22,20,0.5543652619537444,6.336,1.0057773065270512,4.824561403508772,122,0
250,0.0,171,0.004,49,13,1.234722628896976,12.416,1.9709171461237167,3.4975124378109452,129,2
250,0.0,172,0.004,22,13,0.5543652619537444,4.808,0.7632224257863104,3.1491228070175437,143,0
250,0.0,173,0.004,20,15,0.5039684199579494,4.848,0.7695720299941832,3.5304347826086957,133,2
250,0.0,174,0.004,25,7,0.6299605249474367,4.744,0.7530630590537138,2.493333333333333,145,1
250,0.0,175,0.004,23,20,0.5795636829516417,6.376,1.0121269107349242,4.691629955947136,127,1
250,0.0,176,0.004,18,11,0.4535715779621544,4.152,0.6590889167771965,3.0775862068965516,139,0
250,0.0,177,0.004,21,21,0.5291668409558469,6.928,1.0997514488035687,5.637554585152839,135,2
250,0.0,178,0.004,23,12,0.5795636829516417,4.72,0.7492532965289902,2.86784140969163,142,0
250,0.0,179,0.004,20,20,0.5039684199579494,5.52,0.8762453806864461,4.260869565217392,130,1
250,0.0,180,0.004,52,12,1.3103178918906684,13.112,2.0814002593407035,2.898989898989899,122,2
250,0.0,181,0.004,23,13,0.5795636829516417,5.136,0.8152891802908674,3.3259911894273126,137,1
250,0.0,182,0.004,23,21,0.5795636829516417,7.848,1.2457923455846431,6.312775330396476,110,1
250,0.0,183,0.004,49,26,1.234722628896976,15.6,2.4763456410703912,7.45771144278607,110,1
250,0.0,184,0.004,25,20,0.6299605249474367,6.912,1.0972116071204197,4.902222222222222,125,1
250,0.0,185,0.004,44,11,1.1087305239074887,10.264,1.62930843974016,3.058252427184466,133,2
250,0.0,186,0.004,32,12,0.806349471932719,7.168,1.1378490740508056,3.522935779816514,125,2
250,0.0,187,0.004,46,10,1.1591273659032835,10.752,1.7067736110762084,2.803921568627451,128,0
250,0.0,188,0.004,54,15,1.3607147338864634,14.224,2.257919256319567,3.2653061224489797,117,1
250,0.0,189,0.004,32,11,0.806349471932719,6.88,1.0921319237541214,3.1926605504587156,137,1
250,0.0,190,0.004,56,10,1.4111115758822583,14.88,2.362052765328681,3.0103092783505154,111,0
250,0.0,191,0.004,52,17,1.3103178918906684,14.688,2.3315746651308915,4.888888888888889,115,2
250,0.0,192,0.004,51,25,1.285119470892771,14.936,2.370942211219703,5.693467336683417,114,1
250,0.0,193,0.004,55,11,1.3859131548843608,14.744,2.3404641110219133,3.3897435897435897,116,1
250,0.0,194,0.004,50,32,1.2599210498948734,15.936,2.529682316416523,7.42,112,1
250,0.0,195,0.004,14,13,0.3527778939705646,4.288,0.680677571083964,3.711864406779661,139,2
250,0.0,196,0.004,70,9,1.763889469852823,21.744,3.451644847399653,2.977777777777778,113,0
250,0.0,197,0.004,43,9,1.0835321029095912,9.536,1.513745643156875,2.5845410628019323,131,1
250,0.0,198,0.004,55,12,1.3859131548843608,14.88,2.362052765328681,3.5641025641025643,111,2
250,0.0,199,0.004,43,31,1.0835321029095912,13.072,2.0750506551328303,6.855072463768116,122,0
250,1.0,0,0.0046349604207872805,112,7,2.8222231517645167,51.48,8.171940615532291,2.36231884057971,94,3
250,1.0,1,0.0046349604207872805,97,7,2.4442468367960544,39.136,6.212452756982747,2.450980392156863,99,2
250,1.0,2,0.0046349604207872805,32,25,0.806349471932719,8.952,1.4210414217219323,5.568807339449541,114,2
250,1.0,3,0.0046349604207872805,109,9,2.746627888770824,49.168,7.804933492317244,2.9148936170212765,86,2
250,1.0,4,0.0046349604207872805,125,5,3.1498026247371835,63.456,10.073012115369409,1.912,92,2
250,1.0,5,0.0046349604207872805,84,7,2.1166673638233875,29.816,4.732994976548384,2.397590361445783,107,4
250,1.0,6,0.0046349604207872805,113,16,2.847421572762414,53.616,8.5110094802327,4.635036496350365,84,8
250,1.0,7,0.0046349604207872805,63,37,1.5875005228675405,22.608,3.5887962982897057,9.0,107,4
250,1.0,8,0.0046349604207872805,122,5,3.074207361743491,60.504,9.604411324828394,1.890625,94,1
250,1.0,9,0.0046349604207872805,72,29,1.8142863118486177,25.752,4.087875189028508,7.044943820224719,100,1
250,1.0,10,0.0046349604207872805,64,14,1.612698943865438,18.848,2.9919335027496623,3.3118279569892475,117,1
250,1.0,11,0.0046349604207872805,66,13,1.663095785861233,20.704,3.2865551379949607,4.456521739130435,92,3
250,1.0,12,0.0046349604207872805,43,11,1.0835321029095912,11.232,1.7829688615706818,4.632850241545894,96,1
250,1.0,13,0.0046349604207872805,110,10,2.7718263097687217,49.896,7.920496288900529,2.6714285714285713,96,2
250,1.0,14,0.0046349604207872805,62,14,1.562302101869643,18.232,2.8941495979484215,3.797872340425532,106,2
250,1.0,15,0.0046349604207872805,16,10,0.4031747359663595,4.536,0.7200451171727753,3.752136752136752,122,0
250,1.0,16,0.0046349604207872805,28,23,0.7055557879411292,7.624,1.2102345620205552,5.054054054054054,117,1
250,1.0,17,0.0046349604207872805,54,12,1.3607147338864634,14.784,2.3468137152297865,3.979591836734694,111,0
250,1.0,18,0.0046349604207872805,26,22,0.6551589459453342,7.92,1.2572216331588142,5.821428571428571,125,1
250,1.0,19,0.0046349604207872805,57,14,1.4363099968801558,15.84,2.5144432663176284,3.683937823834197,118,0
250,1.0,20,0.0046349604207872805,61,21,1.5371036808717455,18.552,2.944946431611404,4.851851851851852,110,3
250,1.0,21,0.0046349604207872805,35,23,0.8819447349264115,9.304,1.476917938751213,5.120930232558139,120,0
250,1.0,22,0.0046349604207872805,22,19,0.5543652619537444,8.104,1.2864298125150289,6.7631578947368425,107,2
250,1.0,23,0.0046349604207872805,44,17,1.1087305239074887,11.496,1.8248762493426423,4.553398058252427,113,1
250,1.0,24,0.0046349604207872805,119,6,2.9986120987497986,57.72,9.162478871960449,2.053435114503817,94,2
250,1.0,25,0.0046349604207872805,30,29,0.755952629936924,9.368,1.4870773054838093,6.554545454545455,114,0
250,1.0,26,0.0046349604207872805,52,15,1.3103178918906684,13.776,2.186803689191392,3.7373737373737375,110,0
250,1.0,27,0.0046349604207872805,51,14,1.285119470892771,13.84,2.1969630559239883,4.316582914572864,107,0
250,1.0,28,0.0046349604207872805,34,17,0.856746313928514,8.208,1.3029387834554982,4.148148148148148,120,0
250,1.0,29,0.0046349604207872805,45,22,1.1339289449053862,12.688,2.014094454737252,5.595121951219512,113,3
250,1.0,30,0.0046349604207872805,65,16,1.6378973648633355,19.632,3.11638574522397,3.691891891891892,112,0
250,1.0,31,0.0046349604207872805,89,6,2.242659468812875,33.016,5.240963313178208,2.0683229813664594,114,2
250,1.0,32,0.0046349604207872805,21,20,0.5291668409558469,6.488,1.029905802516968,5.157205240174672,128,0
250,1.0,33,0.0046349604207872805,45,29,1.1339289449053862,13.944,2.2134720268644577,7.126829268292683,106,0
250,1.0,34,0.0046349604207872805,81,15,2.041072100829695,28.88,4.58441423808416,3.899408284023669,111,0
250,1.0,35,0.0046349604207872805,83,6,2.09146894282549,29.168,4.630131388380844,2.413173652694611,110,0
250,1.0,36,0.0046349604207872805,29,11,0.7307542089390267,6.736,1.0692733486057793,3.81447963800905,128,0
250,1.0,37,0.0046349604207872805,43,29,1.0835321029095912,13.016,2.0661612092418085,6.78743961352657,113,0
250,1.0,38,0.0046349604207872805,38,16,0.9575399979201038,11.104,1.7626501281054887,6.283018867924528,88,0
250,1.0,39,0.0046349604207872805,87,15,2.19226262681708,32.848,5.214294975505142,3.9447852760736195,103,1
250,1.0,40,0.0046349604207872805,40,22,1.0079368399158988,10.736,1.7042337693930592,5.161904761904762,116,1
250,1.0,41,0.0046349604207872805,55,34,1.3859131548843608,18.704,2.9690749276013206,8.466666666666667,100,3
250,1.0,42,0.0046349604207872805,71,10,1.7890878908507204,22.416,3.5583181980919165,3.1452513966480447,109,4
250,1.0,43,0.0046349604207872805,83,7,2.09146894282549,29.176,4.631401309222419,2.4251497005988023,107,0
250,1.0,44,0.0046349604207872805,34,29,0.856746313928514,10.432,1.655976777413226,6.722222222222222,121,1
250,1.0,45,0.0046349604207872805,81,9,2.041072100829695,28.256,4.485360412441345,2.9763313609467454,98,3
250,1.0,46,0.0046349604207872805,19,16,0.4787699989600519,5.568,0.8838649057358935,4.463203463203463,132,0
250,1.0,47,0.0046349604207872805,21,16,0.5291668409558469,6.752,1.0718131902889283,5.445414847161572,119,1
250,1.0,48,0.0046349604207872805,46,15,1.1591273659032835,11.752,1.8655137162730282,4.029411764705882,116,0
250,1.0,49,0.0046349604207872805,31,24,0.7811510509348215,10.104,1.6039100229086687,7.146118721461187,105,0
250,1.0,50,0.0046349604207872805,122,9,3.074207361743491,60.88,9.6640976043824,2.625,95,6
250,1.0,51,0.0046349604207872805,45,18,1.1339289449053862,12.248,1.9442488084506508,5.058536585365854,106,1
250,1.0,52,0.0046349604207872805,35,20,0.8819447349264115,9.352,1.4845374638006603,5.176744186046512,109,0
250,1.0,53,0.0046349604207872805,53,17,1.3355163128885659,14.952,2.373482052902852,4.715736040609137,112,2
250,1.0,54,0.0046349604207872805,43,21,1.0835321029095912,11.344,1.8007477533527256,4.768115942028985,117,5
250,1.0,55,0.0046349604207872805,78,17,1.9654768378360026,27.784,4.410435082788446,5.011627906976744,96,3
250,1.0,56,0.0046349604207872805,57,14,1.4363099968801558,15.52,2.4636464326546457,3.2694300518134716,116,2
250,1.0,57,0.0046349604207872805,59,18,1.4867068388759506,17.648,2.801445376513479,4.87434554973822,103,2
250,1.0,58,0.0046349604207872805,41,14,1.0331352609137963,9.656,1.5327944557804936,3.507177033492823,120,0
250,1.0,59,0.0046349604207872805,66,10,1.663095785861233,19.36,3.073208436610434,2.630434782608696,124,1
250,1.0,60,0.0046349604207872805,109,5,2.746627888770824,48.504,7.699530062466555,1.7375886524822695,109,3
250,1.0,61,0.0046349604207872805,98,8,2.469445257793952,40.072,6.36103349544697,2.723684210526316,100,4
250,1.0,62,0.0046349604207872805,31,24,0.7811510509348215,8.216,1.3042087042970727,4.9908675799086755,123,0
250,1.0,63,0.0046349604207872805,40,18,1.0079368399158988,10.792,1.713123215284081,5.228571428571429,112,1
250,1.0,64,0.0046349604207872805,71,19,1.7890878908507204,24.088,3.8237316539809996,5.4804469273743015,103,2
250,1.0,65,0.0046349604207872805,92,25,2.318254731806567,37.184,5.902592071638553,5.265822784810126,107,1
250,1.0,66,0.0046349604207872805,124,8,3.124604203739286,62.72,9.956179397944547,2.4126984126984126,87,3
250,1.0,67,0.0046349604207872805,73,14,1.8394847328465151,24.568,3.899926904475473,4.593220338983051,93,0
250,1.0,68,0.0046349604207872805,20,20,0.5039684199579494,6.672,1.0591139818731827,5.51304347826087,132,0
250,1.0,69,0.0046349604207872805,40,27,1.0079368399158988,11.824,1.8769430038471993,6.457142857142857,118,1
250,1.0,70,0.0046349604207872805,54,21,1.3607147338864634,16.336,2.593178358495251,5.959183673469388,102,2
250,1.0,71,0.0046349604207872805,96,8,2.419048415798157,38.264,6.07403138525112,2.272727272727273,114,5
250,1.0,72,0.0046349604207872805,30,23,0.755952629936924,8.776,1.3931031632072919,5.881818181818182,121,1
250,1.0,73,0.0046349604207872805,68,14,1.713492627857028,21.184,3.362750388489434,3.6923076923076925,109,2
250,1.0,74,0.0046349604207872805,30,24,0.755952629936924,8.976,1.424851184246656,6.109090909090909,115,1
250,1.0,75,0.0046349604207872805,76,38,1.9150799958402076,30.184,4.791411335260814,10.172413793103448,94,1
250,1.0,76,0.0046349604207872805,61,18,1.5371036808717455,18.296,2.904308964681018,4.5132275132275135,106,2
250,1.0,77,0.0046349604207872805,62,20,1.562302101869643,20.568,3.2649664836881933,6.904255319148936,102,0
250,1.0,78,0.0046349604207872805,40,25,1.0079368399158988,13.016,2.0661612092418085,7.876190476190477,113,0
250,1.0,79,0.0046349604207872805,28,24,0.7055557879411292,7.832,1.2432525039014939,5.288288288288288,124,3
250,1.0,80,0.0046349604207872805,68,13,1.713492627857028,21.928,3.4808530267558684,4.714285714285714,95,1
250,1.0,81,0.0046349604207872805,62,19,1.562302101869643,19.048,3.023681523789026,4.882978723404255,99,1
250,1.0,82,0.0046349604207872805,46,19,1.1591273659032835,11.936,1.894721895629243,4.254901960784314,112,0
250,1.0,83,0.0046349604207872805,127,6,3.2001994667329785,65.448,10.389222404921473,1.8943089430894309,90,4
250,1.0,84,0.0046349604207872805,36,31,0.9071431559243088,11.016,1.7486809988481686,6.813084112149533,119,0
250,1.0,85,0.0046349604207872805,53,18,1.3355163128885659,15.248,2.4204691240411105,5.091370558375634,109,0
250,1.0,86,0.0046349604207872805,29,18,0.7307542089390267,7.384,1.1721369367733185,4.547511312217194,128,1
250,1.0,87,0.0046349604207872805,34,17,0.856746313928514,8.888,1.4108820549893357,4.935185185185185,112,1
250,1.0,88,0.0046349604207872805,43,17,1.0835321029095912,10.768,1.7093134527593574,4.072463768115942,115,2
250,1.0,89,0.0046349604207872805,96,9,2.419048415798157,38.344,6.086730593666865,2.4025974025974026,107,1
250,1.0,90,0.0046349604207872805,48,48,1.2095242078990784,20.952,3.325922684083772,14.524752475247524,93,4
250,1.0,91,0.0046349604207872805,57,13,1.4363099968801558,15.72,2.49539445369401,3.528497409326425,108,4
250,1.0,92,0.0046349604207872805,37,17,0.9323415769222063,9.488,1.5061261181074277,4.708920187793427,115,0
250,1.0,93,0.0046349604207872805,21,10,0.5291668409558469,4.88,0.7746517133604814,3.4017467248908297,125,1
250,1.0,94,0.0046349604207872805,26,23,0.6551589459453342,8.792,1.3956430048904411,6.794642857142857,113,1
250,1.0,95,0.0046349604207872805,95,16,2.3938499948002594,38.656,6.136257506488272,4.122580645161291,101,3
250,1.0,96,0.0046349604207872805,30,27,0.755952629936924,9.776,1.551843268404112,7.0181818181818185,104,1
250,1.0,97,0.0046349604207872805,151,7,3.8049615706825177,91.92,14.59139046969169,1.8080808080808082,81,9
250,1.0,98,0.0046349604207872805,12,12,0.3023810519747696,4.16,0.660358837618771,3.764705882352941,129,0
250,1.0,99,0.0046349604207872805,107,9,2.6962310467750292,47.272,7.503962252864073,2.5804195804195804,98,2
250,1.0,100,0.0046349604207872805,69,16,1.7386910488549254,22.576,3.5837166149234077,4.878453038674033,91,3
250,1.0,101,0.0046349604207872805,37,29,0.9323415769222063,12.752,2.0242538214698484,8.539906103286384,98,1
250,1.0,102,0.0046349604207872805,100,11,2.519842099789747,41.616,6.606128217870859,2.6933333333333334,107,1
250,1.0,103,0.0046349604207872805,51,31,1.285119470892771,16.656,2.643975192158233,7.8542713567839195,102,0
250,1.0,104,0.0046349604207872805,105,7,2.6458342047792343,45.28,7.187751963312008,2.0344827586206895,102,2
250,1.0,105,0.0046349604207872805,90,12,2.2678578898107724,34.44,5.467009222978479,3.1875,95,1
250,1.0,106,0.0046349604207872805,47,18,1.184325786901181,12.72,2.01917413810355,4.783251231527093,115,0
250,1.0,107,0.0046349604207872805,92,6,2.318254731806567,35.2,5.5876517029280635,2.1265822784810124,109,0
250,1.0,108,0.0046349604207872805,123,4,3.0994057827413886,61.376,9.742832696560022,1.6929133858267718,95,2
250,1.0,109,0.0046349604207872805,89,9,2.242659468812875,33.288,5.284140621791742,2.4906832298136647,106,2
250,1.0,110,0.0046349604207872805,55,22,1.3859131548843608,16.304,2.5880986751289523,5.38974358974359,108,3
250,1.0,111,0.0046349604207872805,31,17,0.7811510509348215,8.384,1.3308770419701386,5.1826484018264845,111,0
250,1.0,112,0.0046349604207872805,41,22,1.0331352609137963,12.088,1.9188503916191595,6.416267942583732,107,2
250,1.0,113,0.0046349604207872805,76,14,1.9150799958402076,25.568,4.058667009672293,3.5402298850574714,108,5
250,1.0,114,0.0046349604207872805,49,28,1.234722628896976,16.056,2.5487311290401413,8.024875621890548,104,0
250,1.0,115,0.0046349604207872805,68,14,1.713492627857028,20.832,3.3068738714601533,3.208791208791209,118,1
250,1.0,116,0.0046349604207872805,48,34,1.2095242078990784,15.912,2.525872553891799,8.287128712871286,99,1
250,1.0,117,0.0046349604207872805,23,18,0.5795636829516417,7.216,1.145468599100253,5.616740088105727,125,0
250,1.0,118,0.0046349604207872805,76,9,1.9150799958402076,25.12,3.9875514425441176,2.896551724137931,109,2
250,1.0,119,0.0046349604207872805,57,16,1.4363099968801558,15.72,2.49539445369401,3.528497409326425,118,1
250,1.0,120,0.0046349604207872805,52,15,1.3103178918906684,13.832,2.195693135082414,3.808080808080808,111,2
250,1.0,121,0.0046349604207872805,22,22,0.5543652619537444,7.936,1.2597614748419632,6.578947368421052,113,0
250,1.0,122,0.0046349604207872805,38,9,0.9575399979201038,8.312,1.3194477543959675,2.990566037735849,128,1
250,1.0,123,0.0046349604207872805,38,21,0.9575399979201038,10.464,1.6610564607795242,5.528301886792453,115,0
250,1.0,124,0.0046349604207872805,50,18,1.2599210498948734,13.856,2.1995028976071374,4.82,109,1
250,1.0,125,0.0046349604207872805,99,9,2.4946436787918493,40.712,6.462627162772935,2.4966887417218544,103,3
250,1.0,126,0.0046349604207872805,22,12,0.5543652619537444,6.0,0.9524406311809198,4.456140350877193,115,0
250,1.0,127,0.0046349604207872805,43,19,1.0835321029095912,11.768,1.8680535579561774,5.280193236714976,105,0
250,1.0,128,0.0046349604207872805,34,24,0.856746313928514,11.328,1.7982079116695764,7.7592592592592595,108,0
250,1.0,129,0.0046349604207872805,132,4,3.326191571722466,70.408,11.1765733266977,1.5084745762711864,96,8
250,1.0,130,0.0046349604207872805,75,19,1.8898815748423101,26.176,4.1551809936319595,5.251428571428572,106,1
250,1.0,131,0.0046349604207872805,49,33,1.234722628896976,16.52,2.6223865378514657,8.601990049751244,107,0
250,1.0,132,0.0046349604207872805,40,25,1.0079368399158988,11.392,1.808367278402173,5.942857142857143,121,2
250,1.0,133,0.0046349604207872805,40,27,1.0079368399158988,11.688,1.8553543495404319,6.295238095238095,110,2
250,1.0,134,0.0046349604207872805,29,23,0.7307542089390267,9.384,1.4896171471669586,6.8099547511312215,114,1
250,1.0,135,0.0046349604207872805,74,11,1.8646831538444126,24.584,3.902466746158622,3.8068181818181817,98,1
250,1.0,136,0.0046349604207872805,49,16,1.234722628896976,12.808,2.0331432673608703,3.985074626865672,121,1
250,1.0,137,0.0046349604207872805,44,19,1.1087305239074887,10.832,1.719472819491954,3.7475728155339807,128,2
250,1.0,138,0.0046349604207872805,47,10,1.184325786901181,11.4,1.8096371992437477,3.1576354679802954,120,0
250,1.0,139,0.0046349604207872805,99,16,2.4946436787918493,41.28,6.552791542524728,3.437086092715232,96,4
250,1.0,140,0.0046349604207872805,32,30,0.806349471932719,10.168,1.6140693896412652,6.963302752293578,111,0
250,1.0,141,0.0046349604207872805,70,15,1.763889469852823,22.92,3.6383232111111137,4.611111111111111,101,0
250,1.0,142,0.0046349604207872805,30,24,0.755952629936924,9.04,1.4350105509792523,6.181818181818182,127,1
250,1.0,143,0.0046349604207872805,45,27,1.1339289449053862,14.584,2.315065694190422,7.907317073170732,100,2
250,1.0,144,0.0046349604207872805,107,6,2.6962310467750292,47.04,7.467134548458411,2.174825174825175,96,4
250,1.0,145,0.0046349604207872805,83,29,2.09146894282549,31.976,5.075873603773515,6.616766467065868,101,4
250,1.0,146,0.0046349604207872805,77,17,1.940278416838105,26.712,4.240265690017455,4.329479768786127,104,1
250,1.0,147,0.0046349604207872805,68,35,1.713492627857028,24.664,3.9151659545743676,8.472527472527473,101,2
250,1.0,148,0.0046349604207872805,38,9,0.9575399979201038,8.392,1.332146962811713,3.0849056603773586,120,1
250,1.0,149,0.0046349604207872805,27,21,0.6803573669432317,8.592,1.3638949838510772,6.36322869955157,114,1
250,1.0,150,0.0046349604207872805,53,13,1.3355163128885659,13.864,2.200772818448712,3.33502538071066,118,0
250,1.0,151,0.0046349604207872805,43,13,1.0835321029095912,11.056,1.7550306030560414,4.420289855072464,102,1
250,1.0,152,0.0046349604207872805,78,7,1.9654768378360026,25.928,4.1158134475431485,2.313953488372093,115,5
250,1.0,153,0.0046349604207872805,37,34,0.9323415769222063,13.984,2.2198216310723304,9.985915492957746,111,3
250,1.0,154,0.0046349604207872805,49,46,1.234722628896976,22.6,3.5875263774481314,16.16417910447761,98,0
250,1.0,155,0.0046349604207872805,94,21,2.368651573802362,39.488,6.268329274012027,6.641025641025641,86,3
250,1.0,156,0.0046349604207872805,27,21,0.6803573669432317,7.728,1.2267435329610246,5.394618834080718,104,1
250,1.0,157,0.0046349604207872805,96,9,2.419048415798157,38.264,6.07403138525112,2.272727272727273,106,0
250,1.0,158,0.0046349604207872805,80,12,2.0158736798317975,27.648,4.388846428481679,3.011764705882353,109,0
250,1.0,159,0.0046349604207872805,114,6,2.8726199937603116,53.08,8.425924783847202,2.014705882352941,99,8
250,1.0,160,0.0046349604207872805,33,26,0.8315478929306165,12.536,1.989965958747335,9.423963133640553,103,2
250,1.0,161,0.0046349604207872805,84,26,2.1166673638233875,32.24,5.117780991545476,6.048192771084337,107,1
250,1.0,162,0.0046349604207872805,67,29,1.6882942068591305,22.84,3.6256240026953677,6.672131147540983,104,5
250,1.0,163,0.0046349604207872805,74,10,1.8646831538444126,24.336,3.8630992000698106,3.4545454545454546,113,1
250,1.0,164,0.0046349604207872805,79,13,1.9906752588339,27.408,4.350748803234442,3.573099415204678,102,0
250,1.0,165,0.0046349604207872805,104,5,2.6206357837813368,44.36,7.041711066530933,1.8767123287671232,109,2
250,1.0,166,0.0046349604207872805,52,12,1.3103178918906684,13.488,2.1410865388947076,3.3737373737373737,118,1
250,1.0,167,0.0046349604207872805,102,10,2.570238941785542,43.464,6.899479932274582,3.1216216216216215,93,2
250,1.0,168,0.0046349604207872805,96,11,2.419048415798157,38.432,6.100699722924185,2.5454545454545454,101,1
250,1.0,169,0.0046349604207872805,49,23,1.234722628896976,13.752,2.182993926666668,5.159203980099503,116,2
250,1.0,170,0.0046349604207872805,49,25,1.234722628896976,16.112,2.557620574931163,8.09452736318408,97,1
250,1.0,171,0.0046349604207872805,102,12,2.570238941785542,43.664,6.931227953313947,3.4594594594594597,89,1
250,1.0,172,0.0046349604207872805,92,8,2.318254731806567,35.568,5.646068061640492,2.7088607594936707,98,2
250,1.0,173,0.0046349604207872805,34,16,0.856746313928514,8.6,1.3651649046926515,4.601851851851852,123,1
250,1.0,174,0.0046349604207872805,101,7,2.5450405207876443,42.2,6.698832439305803,2.3422818791946307,103,5
250,1.0,175,0.0046349604207872805,51,11,1.285119470892771,13.16,2.0890197843901506,3.4623115577889445,120,0
250,1.0,176,0.0046349604207872805,32,18,0.806349471932719,9.672,1.5353342974636428,6.394495412844036,110,1
250,1.0,177,0.0046349604207872805,43,31,1.0835321029095912,13.128,2.0839401010238525,6.9227053140096615,124,0
250,1.0,178,0.0046349604207872805,94,9,2.368651573802362,37.064,5.883543259014935,2.7564102564102564,101,2
250,1.0,179,0.0046349604207872805,80,13,2.0158736798317975,27.984,4.44218310382781,3.5058823529411764,102,2
250,1.0,180,0.0046349604207872805,56,16,1.4111115758822583,15.84,2.5144432663176284,4.247422680412371,113,2
250,1.0,181,0.0046349604207872805,35,18,0.8819447349264115,10.352,1.6432775689974803,6.339534883720931,112,1
250,1.0,182,0.0046349604207872805,29,12,0.7307542089390267,6.816,1.0819725570215248,3.9049773755656108,121,1
250,1.0,183,0.0046349604207872805,34,29,0.856746313928514,11.224,1.7816989407291073,7.638888888888889,104,1
250,1.0,184,0.0046349604207872805,98,13,2.469445257793952,40.144,6.37246278302114,2.8421052631578947,99,1
250,1.0,185,0.0046349604207872805,94,14,2.368651573802362,37.376,5.933070171836342,3.2564102564102564,106,0
250,1.0,186,0.0046349604207872805,97,13,2.4442468367960544,39.752,6.310236661783987,3.457516339869281,91,1
250,1.0,187,0.0046349604207872805,27,18,0.6803573669432317,7.08,1.1238799447934853,4.668161434977579,114,0
250,1.0,188,0.0046349604207872805,42,14,1.0583336819116937,9.96,1.581051447760327,3.4903846153846154,124,1
250,1.0,189,0.0046349604207872805,76,8,1.9150799958402076,24.816,3.939294450564284,2.4597701149425286,124,3
250,1.0,190,0.0046349604207872805,24,21,0.6047621039495392,7.456,1.1835662243474896,5.699115044247788,115,0
250,1.0,191,0.0046349604207872805,21,14,0.5291668409558469,5.408,0.8584664889044024,3.978165938864629,133,1
250,1.0,192,0.0046349604207872805,48,24,1.2095242078990784,13.544,2.14997598478573,5.356435643564357,108,2
250,1.0,193,0.0046349604207872805,92,10,2.318254731806567,35.672,5.662577032580961,2.8734177215189876,101,3
250,1.0,194,0.0046349604207872805,32,23,0.806349471932719,10.248,1.6267685980570108,7.055045871559633,111,1
250,1.0,195,0.0046349604207872805,41,41,1.0331352609137963,15.992,2.5385717623075448,11.086124401913876,102,3
250,1.0,196,0.0046349604207872805,38,29,0.9575399979201038,11.104,1.7626501281054887,6.283018867924528,116,2
250,1.0,197,0.0046349604207872805,23,15,0.5795636829516417,7.856,1.2470622664262176,6.3215859030837,96,0
250,1.0,198,0.0046349604207872805,88,8,2.2174610478149774,32.816,5.209215292138844,2.8395061728395063,96,6
250,1.0,199,0.0046349604207872805,91,11,2.29305631080867,34.84,5.530505265057208,2.69811320754717,106,1
250,2.0,0,0.00526992084157456,32,19,0.806349471932719,9.672,1.5353342974636428,6.394495412844036,93,3
250,2.0,1,0.00526992084157456,104,10,2.6206357837813368,44.888,7.125525842074854,2.780821917808219,98,6
250,2.0,2,0.00526992084157456,128,6,3.225397887730876,66.552,10.564471481058764,2.081967213114754,85,12
250,2.0,3,0.00526992084157456,109,9,2.746627888770824,48.8,7.746517133604813,2.2624113475177303,96,15
250,2.0,4,0.00526992084157456,128,9,3.225397887730876,66.608,10.573360926949785,2.19672131147541,87,4
250,2.0,5,0.00526992084157456,99,34,2.4946436787918493,44.568,7.074729008411872,8.880794701986755,94,4
250,2.0,6,0.00526992084157456,133,9,3.3513899927203634,71.792,11.3962696322901,2.213675213675214,86,9
250,2.0,7,0.00526992084157456,113,23,2.847421572762414,54.0,8.571965680628278,5.335766423357664,90,3
250,2.0,8,0.00526992084157456,126,10,3.175001045735081,65.104,10.334615808733767,3.225806451612903,79,6
250,2.0,9,0.00526992084157456,72,29,1.8142863118486177,27.28,4.330430069769249,9.191011235955056,83,2
250,2.0,10,0.00526992084157456,93,23,2.3434531528044644,38.008,6.0333939183207335,5.43312101910828,99,7
250,2.0,11,0.00526992084157456,131,10,3.3009931507245684,70.152,11.135935859767313,3.168067226890756,72,7
250,2.0,12,0.00526992084157456,69,48,1.7386910488549254,30.048,4.769822680954046,15.19889502762431,93,1
250,2.0,13,0.00526992084157456,115,8,2.897818414758209,54.088,8.585934809885599,2.2,97,5
250,2.0,14,0.00526992084157456,92,9,2.318254731806567,35.568,5.646068061640492,2.7088607594936707,104,3
250,2.0,15,0.00526992084157456,112,24,2.8222231517645167,53.392,8.475451696668612,5.826086956521739,86,1
250,2.0,16,0.00526992084157456,109,19,2.746627888770824,50.152,7.9611337558309145,4.659574468085107,84,5
250,2.0,17,0.00526992084157456,123,9,3.0994057827413886,61.752,9.802518976114026,2.4330708661417324,87,5
250,2.0,18,0.00526992084157456,112,9,2.8222231517645167,51.616,8.19352926983906,2.608695652173913,94,4
250,2.0,19,0.00526992084157456,94,7,2.368651573802362,37.04,5.8797334964902115,2.717948717948718,96,9
250,2.0,20,0.00526992084157456,96,6,2.419048415798157,38.304,6.080380989458992,2.3376623376623376,102,3
250,2.0,21,0.00526992084157456,132,5,3.326191571722466,70.616,11.209591268578638,1.9491525423728813,85,9
250,2.0,22,0.00526992084157456,103,7,2.5954373627834393,43.824,6.956626370145438,2.360544217687075,100,2
250,2.0,23,0.00526992084157456,76,21,1.9150799958402076,26.776,4.250425056750052,5.275862068965517,100,1
250,2.0,24,0.00526992084157456,79,21,1.9906752588339,28.168,4.471391283184024,4.684210526315789,103,0
250,2.0,25,0.00526992084157456,133,8,3.3513899927203634,72.144,11.45214614931938,2.965811965811966,70,6
250,2.0,26,0.00526992084157456,127,21,3.2001994667329785,66.928,10.624157760612766,4.902439024390244,82,8
250,2.0,27,0.00526992084157456,16,15,0.4031747359663595,4.72,0.7492532965289902,3.948717948717949,124,0
250,2.0,28,0.00526992084157456,125,8,3.1498026247371835,63.464,10.074282036210981,1.928,98,10
250,2.0,29,0.00526992084157456,86,21,2.1670642058191825,33.528,5.322238247038979,6.012195121951219,92,1
250,2.0,30,0.00526992084157456,114,12,2.8726199937603116,53.792,8.53894773874734,3.323529411764706,80,3
250,2.0,31,0.00526992084157456,127,13,3.2001994667329785,65.984,10.474307101306968,2.983739837398374,81,3
250,2.0,32,0.00526992084157456,61,29,1.5371036808717455,20.472,3.2497274335892983,7.391534391534392,97,1
250,2.0,33,0.00526992084157456,128,6,3.225397887730876,66.632,10.577170689474508,2.2459016393442623,82,4
250,2.0,34,0.00526992084157456,172,4,4.334128411638365,118.792,18.857054576540637,1.4615384615384615,65,16
250,2.0,35,0.00526992084157456,115,6,2.897818414758209,53.936,8.561806313895682,1.9185185185185185,96,6
250,2.0,36,0.00526992084157456,137,4,3.4521836767119534,75.848,12.0401194989684,1.7079646017699115,87,4
250,2.0,37,0.00526992084157456,61,37,1.5371036808717455,22.368,3.5506986730424686,9.899470899470899,87,1
250,2.0,38,0.00526992084157456,101,11,2.5450405207876443,42.608,6.763598402226104,3.0268456375838926,97,4
250,2.0,39,0.00526992084157456,117,8,2.948215256754004,56.224,8.925003674586005,2.7593984962406015,88,7
250,2.0,40,0.00526992084157456,78,27,1.9654768378360026,29.496,4.682198142885401,7.5,84,2
250,2.0,41,0.00526992084157456,143,7,3.6033742026993383,82.776,13.139870947771968,2.289719626168224,76,9
250,2.0,42,0.00526992084157456,68,35,1.713492627857028,24.6,3.9050065878417715,8.384615384615385,106,5
250,2.0,43,0.00526992084157456,78,42,1.9654768378360026,32.88,5.219374658871441,12.418604651162791,83,1
250,2.0,44,0.00526992084157456,120,6,3.023810519747696,58.648,9.309789689583097,2.0153846153846153,93,3
250,2.0,45,0.00526992084157456,67,16,1.6882942068591305,21.096,3.348781259232114,4.2896174863387975,110,2
250,2.0,46,0.00526992084157456,120,5,3.023810519747696,58.552,9.294550639484202,1.8307692307692307,98,5
250,2.0,47,0.00526992084157456,121,13,3.0490089407455936,60.368,9.582822670521628,3.496124031007752,81,3
250,2.0,48,0.00526992084157456,90,21,2.2678578898107724,35.832,5.687975449412453,5.3625,89,2
250,2.0,49,0.00526992084157456,109,7,2.746627888770824,48.8,7.746517133604813,2.2624113475177303,99,4
250,2.0,50,0.00526992084157456,118,9,2.973413677751901,56.944,9.039296550327716,2.3636363636363638,91,3
250,2.0,51,0.00526992084157456,120,4,3.023810519747696,58.552,9.294550639484202,1.8307692307692307,93,4
250,2.0,52,0.00526992084157456,33,11,0.8315478929306165,7.728,1.2267435329610246,3.8847926267281108,109,4
250,2.0,53,0.00526992084157456,89,13,2.242659468812875,34.312,5.446690489513286,4.080745341614906,89,5
250,2.0,54,0.00526992084157456,125,13,3.1498026247371835,64.432,10.227942458041504,3.864,77,5
250,2.0,55,0.00526992084157456,133,11,3.3513899927203634,72.368,11.487703932883466,3.4444444444444446,71,8
250,2.0,56,0.00526992084157456,112,16,2.8222231517645167,52.24,8.292583095481875,3.739130434782609,89,4
250,2.0,57,0.00526992084157456,53,17,1.3355163128885659,14.152,2.246489968745396,3.700507614213198,123,3
250,2.0,58,0.00526992084157456,112,13,2.8222231517645167,52.408,8.31925143315494,4.043478260869565,74,4
250,2.0,59,0.00526992084157456,99,11,2.4946436787918493,41.792,6.6340664763855,4.28476821192053,74,5
250,2.0,60,0.00526992084157456,112,15,2.8222231517645167,52.248,8.29385301632345,3.753623188405797,87,3
250,2.0,61,0.00526992084157456,76,18,1.9150799958402076,26.024,4.131052497642043,4.195402298850575,98,1
250,2.0,62,0.00526992084157456,46,27,1.1591273659032835,13.816,2.1931532933992646,6.5588235294117645,105,3
250,2.0,63,0.00526992084157456,112,16,2.8222231517645167,52.136,8.276074124541406,3.550724637681159,94,9
250,2.0,64,0.00526992084157456,113,20,2.847421572762414,53.56,8.502120034341678,4.532846715328467,87,12
250,2.0,65,0.00526992084157456,60,44,1.511905259873848,24.608,3.9062765086833457,13.43157894736842,87,2
250,2.0,66,0.00526992084157456,48,28,1.2095242078990784,15.888,2.5220627913670755,8.257425742574258,105,1
250,2.0,67,0.00526992084157456,73,19,1.8394847328465151,25.48,4.044697880414972,5.88135593220339,89,0
250,2.0,68,0.00526992084157456,100,26,2.519842099789747,44.896,7.126795762916429,8.16,79,5
250,2.0,69,0.00526992084157456,57,21,1.4363099968801558,18.072,2.8687511811169304,6.575129533678757,99,2
250,2.0,70,0.00526992084157456,112,6,2.8222231517645167,51.36,8.152891802908673,2.1449275362318843,94,0
250,2.0,71,0.00526992084157456,75,26,1.8898815748423101,27.272,4.329160148927674,6.817142857142857,96,1
250,2.0,72,0.00526992084157456,109,14,2.746627888770824,49.704,7.890018188702739,3.8652482269503547,89,9
250,2.0,73,0.00526992084157456,133,7,3.3513899927203634,71.816,11.400079394814822,2.264957264957265,78,9
250,2.0,74,0.00526992084157456,63,15,1.5875005228675405,19.32,3.066858832402562,4.60427807486631,99,4
250,2.0,75,0.00526992084157456,118,10,2.973413677751901,57.136,9.069774650525506,2.727272727272727,92,6
250,2.0,76,0.00526992084157456,108,9,2.7214294677729267,48.32,7.670321883110341,2.9295774647887325,91,0
250,2.0,77,0.00526992084157456,45,40,1.1339289449053862,21.552,3.421166747201864,16.40487804878049,91,1
250,2.0,78,0.00526992084157456,129,9,3.2505963087287735,67.912,10.780358024126437,2.7851239669421486,79,5
250,2.0,79,0.00526992084157456,166,4,4.18293788565098,110.84,17.594753260015526,1.8333333333333333,60,11
250,2.0,80,0.00526992084157456,102,15,2.570238941785542,44.232,7.021392333065741,4.418918918918919,90,2
250,2.0,81,0.00526992084157456,125,8,3.1498026247371835,63.712,10.113649582299795,2.424,85,7
250,2.0,82,0.00526992084157456,116,11,2.9230168357561066,55.32,8.78150261948808,2.791044776119403,82,2
250,2.0,83,0.00526992084157456,103,12,2.5954373627834393,44.008,6.985834549501654,2.673469387755102,101,2
250,2.0,84,0.00526992084157456,107,27,2.6962310467750292,49.504,7.858270167663375,6.4825174825174825,93,3
250,2.0,85,0.00526992084157456,58,36,1.4615084178780533,20.928,3.3221129215590484,9.729166666666666,90,2
250,2.0,86,0.00526992084157456,151,7,3.8049615706825177,91.904,14.588850628008542,1.7676767676767677,80,10
250,2.0,87,0.00526992084157456,153,5,3.8553584126783127,94.296,14.968556959639336,1.7010309278350515,76,8
250,2.0,88,0.00526992084157456,58,32,1.4615084178780533,20.744,3.292904742202833,9.489583333333334,87,2
250,2.0,89,0.00526992084157456,120,8,3.023810519747696,59.04,9.372015810820251,2.769230769230769,83,8
250,2.0,90,0.00526992084157456,106,14,2.6710326257771317,47.232,7.4976126486562,3.9722222222222223,94,8
250,2.0,91,0.00526992084157456,94,20,2.368651573802362,38.672,6.138797348171421,5.333333333333333,83,3
250,2.0,92,0.00526992084157456,124,7,3.124604203739286,62.624,9.940940347845654,2.2222222222222223,91,7
250,2.0,93,0.00526992084157456,103,6,2.5954373627834393,43.576,6.917258824056627,1.9387755102040816,106,2
250,2.0,94,0.00526992084157456,130,8,3.275794729726671,68.664,10.899730583234446,2.216666666666667,87,3
250,2.0,95,0.00526992084157456,100,14,2.519842099789747,42.488,6.744549589602486,4.1466666666666665,89,4
250,2.0,96,0.00526992084157456,143,6,3.6033742026993383,82.672,13.1233619768315,2.046728971962617,79,9
250,2.0,97,0.00526992084157456,85,11,2.141865784821285,31.36,4.978089698972274,3.727272727272727,95,2
250,2.0,98,0.00526992084157456,95,11,2.3938499948002594,38.016,6.034663839162308,3.0903225806451613,89,7
250,2.0,99,0.00526992084157456,82,28,2.0662705218275925,31.536,5.006027957486914,6.904761904761905,95,1
250,2.0,100,0.00526992084157456,128,22,3.225397887730876,68.184,10.823535332739972,5.426229508196721,79,9
250,2.0,101,0.00526992084157456,64,31,1.612698943865438,22.656,3.5964158233391528,8.43010752688172,91,1
250,2.0,102,0.00526992084157456,107,8,2.6962310467750292,47.16,7.486183361082029,2.3846153846153846,97,2
250,2.0,103,0.00526992084157456,57,22,1.4363099968801558,17.048,2.7062013133953866,5.248704663212435,102,2
250,2.0,104,0.00526992084157456,109,15,2.746627888770824,49.584,7.870969376079121,3.652482269503546,89,5
250,2.0,105,0.00526992084157456,98,14,2.469445257793952,40.808,6.477866212871829,3.9342105263157894,95,5
250,2.0,106,0.00526992084157456,112,8,2.8222231517645167,51.672,8.202418715730081,2.710144927536232,93,4
250,2.0,107,0.00526992084157456,129,5,3.2505963087287735,67.472,10.710512377839835,1.8760330578512396,92,7
250,2.0,108,0.00526992084157456,115,30,2.897818414758209,57.208,9.081203938099677,7.977777777777778,84,4
250,2.0,109,0.00526992084157456,71,20,1.7890878908507204,24.408,3.874528487643982,5.927374301675978,86,4
250,2.0,110,0.00526992084157456,35,22,0.8819447349264115,9.536,1.513745643156875,5.390697674418605,108,2
250,2.0,111,0.00526992084157456,83,13,2.09146894282549,29.808,4.73172505570681,3.37125748502994,103,0
250,2.0,112,0.00526992084157456,112,28,2.8222231517645167,55.08,8.743404994240842,8.884057971014492,75,8
250,2.0,113,0.00526992084157456,88,17,2.2174610478149774,33.616,5.3362073762963,4.074074074074074,101,4
250,2.0,114,0.00526992084157456,88,9,2.2174610478149774,33.096,5.253662521593953,3.271604938271605,97,2
250,2.0,115,0.00526992084157456,124,24,3.124604203739286,64.904,10.302867787694403,6.746031746031746,72,5
250,2.0,116,0.00526992084157456,150,6,3.7797631496846202,90.832,14.41868123523755,2.08,71,6
250,2.0,117,0.00526992084157456,139,13,3.5025805187077483,78.688,12.490941397727369,3.1621621621621623,75,9
250,2.0,118,0.00526992084157456,99,13,2.4946436787918493,41.504,6.5883493260888155,3.80794701986755,84,3
250,2.0,119,0.00526992084157456,17,15,0.428373156964257,5.64,0.8952941933100645,4.8111587982832615,115,0
250,2.0,120,0.00526992084157456,126,9,3.175001045735081,64.776,10.282549054229209,2.564516129032258,86,6
250,2.0,121,0.00526992084157456,88,24,2.2174610478149774,34.92,5.5432044734729535,6.08641975308642,99,4
250,2.0,122,0.00526992084157456,85,22,2.141865784821285,32.728,5.195246162881524,5.8,96,0
250,2.0,123,0.00526992084157456,73,14,1.8394847328465151,24.464,3.883417933535003,4.446327683615819,97,2
250,2.0,124,0.00526992084157456,105,10,2.6458342047792343,45.648,7.246168322024438,2.668965517241379,93,2
250,2.0,125,0.00526992084157456,23,20,0.5795636829516417,6.848,1.087052240387823,5.211453744493392,120,1
250,2.0,126,0.00526992084157456,110,13,2.7718263097687217,50.112,7.954784151623042,3.057142857142857,94,1
250,2.0,127,0.00526992084157456,90,13,2.2678578898107724,34.864,5.534315027581931,3.85,89,6
250,2.0,128,0.00526992084157456,95,22,2.3938499948002594,40.512,6.430879141733571,7.116129032258065,87,1
250,2.0,129,0.00526992084157456,53,35,1.3355163128885659,18.184,2.8865300728989745,8.817258883248732,94,2
250,2.0,130,0.00526992084157456,71,43,1.7890878908507204,29.744,4.721565688974213,13.379888268156424,86,3
250,2.0,131,0.00526992084157456,33,30,0.8315478929306165,11.736,1.8629738745898792,8.502304147465438,112,3
250,2.0,132,0.00526992084157456,78,32,1.9654768378360026,32.728,5.195246162881524,12.19767441860465,74,2
250,2.0,133,0.00526992084157456,125,8,3.1498026247371835,63.776,10.12380894903239,2.552,78,5
250,2.0,134,0.00526992084157456,120,10,3.023810519747696,59.136,9.387254860919146,2.953846153846154,85,6
250,2.0,135,0.00526992084157456,54,39,1.3607147338864634,19.984,3.1722622622532506,10.612244897959183,104,3
250,2.0,136,0.00526992084157456,105,20,2.6458342047792343,46.68,7.409988110587555,4.448275862068965,93,5
250,2.0,137,0.00526992084157456,47,11,1.184325786901181,12.032,1.9099609457281377,3.935960591133005,111,2
250,2.0,138,0.00526992084157456,116,6,2.9230168357561066,54.872,8.710387052359906,1.955223880597015,98,5
250,2.0,139,0.00526992084157456,77,13,1.940278416838105,25.912,4.113273605859999,3.1734104046242773,103,3
250,2.0,140,0.00526992084157456,107,21,2.6962310467750292,48.552,7.707149587516002,4.818181818181818,86,8
250,2.0,141,0.00526992084157456,46,38,1.1591273659032835,16.816,2.669373608989724,10.235294117647058,90,0
250,2.0,142,0.00526992084157456,66,36,1.663095785861233,25.504,4.048507642939697,10.978260869565217,83,2
250,2.0,143,0.00526992084157456,134,9,3.376588413718261,72.888,11.570248787585815,2.293103448275862,85,6
250,2.0,144,0.00526992084157456,59,33,1.4867068388759506,20.2,3.206550124975763,8.214659685863875,102,0
250,2.0,145,0.00526992084157456,129,14,3.2505963087287735,68.056,10.803216599274778,3.0826446280991737,84,8
250,2.0,146,0.00526992084157456,112,11,2.8222231517645167,51.528,8.179560140581739,2.449275362318841,95,4
250,2.0,147,0.00526992084157456,48,19,1.2095242078990784,13.944,2.2134720268644577,5.851485148514851,104,2
250,2.0,148,0.00526992084157456,95,17,2.3938499948002594,38.992,6.189594181834403,4.664516129032258,93,6
250,2.0,149,0.00526992084157456,102,19,2.570238941785542,44.424,7.05187043326353,4.743243243243243,90,3
250,2.0,150,0.00526992084157456,90,11,2.2678578898107724,34.584,5.489867798126822,3.4125,105,2
250,2.0,151,0.00526992084157456,129,9,3.2505963087287735,67.664,10.740990478037626,2.272727272727273,89,6
250,2.0,152,0.00526992084157456,81,9,2.041072100829695,28.144,4.467581520659301,2.8106508875739644,102,5
250,2.0,153,0.00526992084157456,122,12,3.074207361743491,61.12,9.702195229629636,3.09375,83,3
250,2.0,154,0.00526992084157456,39,15,0.9827384189180013,10.0,1.5874010519681996,4.639810426540285,109,0
250,2.0,155,0.00526992084157456,64,24,1.612698943865438,21.68,3.4414854806670565,7.118279569892473,99,3
250,2.0,156,0.00526992084157456,111,9,2.797024730766619,50.928,8.084316077463647,2.9568345323741005,84,5
250,2.0,157,0.00526992084157456,112,7,2.8222231517645167,51.312,8.145272277859226,2.0579710144927534,97,6
250,2.0,158,0.00526992084157456,145,6,3.653771044695133,85.144,13.51576751687804,2.4857142857142858,72,3
250,2.0,159,0.00526992084157456,93,19,2.3434531528044644,37.84,6.006725580647668,5.165605095541402,91,2
250,2.0,160,0.00526992084157456,150,9,3.7797631496846202,90.968,14.440269889544318,2.42,71,4
250,2.0,161,0.00526992084157456,110,7,2.7718263097687217,49.4,7.8417611967229055,1.7857142857142858,109,7
250,2.0,162,0.00526992084157456,144,11,3.6285726236972353,84.128,13.354487569998069,2.792452830188679,73,6
250,2.0,163,0.00526992084157456,104,11,2.6206357837813368,44.792,7.11028679197596,2.6164383561643834,98,2
250,2.0,164,0.00526992084157456,76,10,1.9150799958402076,24.992,3.9672327090789246,2.7126436781609193,110,0
250,2.0,165,0.00526992084157456,75,25,1.8898815748423101,27.2,4.317730861353503,6.714285714285714,95,2
250,2.0,166,0.00526992084157456,25,23,0.6299605249474367,9.576,1.520095247364748,7.862222222222222,102,0
250,2.0,167,0.00526992084157456,81,7,2.041072100829695,27.992,4.443453024669385,2.5857988165680474,104,4
250,2.0,168,0.00526992084157456,75,11,1.8898815748423101,24.448,3.8808780918518546,2.782857142857143,118,6
250,2.0,169,0.00526992084157456,126,8,3.175001045735081,64.864,10.29651818348653,2.7419354838709675,84,6
250,2.0,170,0.00526992084157456,75,66,1.8898815748423101,41.552,6.595968851138263,27.217142857142857,62,5
250,2.0,171,0.00526992084157456,103,13,2.5954373627834393,44.208,7.017582570541016,3.0136054421768708,100,11
250,2.0,172,0.00526992084157456,146,11,3.6789694656930303,86.68,13.759592318460355,3.4038461538461537,60,15
250,2.0,173,0.00526992084157456,108,6,2.7214294677729267,47.984,7.616985207764209,2.3380281690140845,94,3
250,2.0,174,0.00526992084157456,151,6,3.8049615706825177,91.848,14.57996118211752,1.6262626262626263,82,11
250,2.0,175,0.00526992084157456,134,9,3.376588413718261,73.088,11.601996808625175,2.7241379310344827,78,3
250,2.0,176,0.00526992084157456,133,11,3.3513899927203634,71.92,11.416588365755292,2.4871794871794872,81,9
250,2.0,177,0.00526992084157456,139,3,3.5025805187077483,78.0,12.381728205351957,1.6126126126126126,84,5
250,2.0,178,0.00526992084157456,62,16,1.562302101869643,18.2,2.889069914582123,3.75531914893617,108,1
250,2.0,179,0.00526992084157456,107,8,2.6962310467750292,47.144,7.48364351939888,2.3566433566433567,94,4
250,2.0,180,0.00526992084157456,118,11,2.973413677751901,57.144,9.07104457136708,2.742424242424242,89,2
250,2.0,181,0.00526992084157456,96,10,2.419048415798157,38.52,6.114668852181506,2.688311688311688,101,0
250,2.0,182,0.00526992084157456,109,9,2.746627888770824,48.888,7.760486262862134,2.4184397163120566,101,3
250,2.0,183,0.00526992084157456,154,5,3.88055683367621,95.552,15.167934531766543,1.7916666666666667,73,5
250,2.0,184,0.00526992084157456,144,8,3.6285726236972353,83.888,13.316389944750833,2.2264150943396226,82,12
250,2.0,185,0.00526992084157456,137,12,3.4521836767119534,76.48,12.140443245452792,3.106194690265487,74,6
250,2.0,186,0.00526992084157456,142,7,3.578175781701441,81.632,12.958272267426809,2.259259259259259,74,17
250,2.0,187,0.00526992084157456,145,13,3.653771044695133,85.68,13.600852213263535,3.761904761904762,68,13
250,2.0,188,0.00526992084157456,111,7,2.797024730766619,50.496,8.015740352018621,2.179856115107914,95,2
250,2.0,189,0.00526992084157456,77,10,1.940278416838105,25.768,4.0904150307116565,2.9653179190751446,104,1
250,2.0,190,0.00526992084157456,42,36,1.0583336819116937,15.368,2.4395179366647293,9.990384615384615,96,1
250,2.0,191,0.00526992084157456,119,14,2.9986120987497986,58.432,9.275501826860584,3.4122137404580153,85,9
250,2.0,192,0.00526992084157456,92,8,2.318254731806567,36.024,5.718453549610242,3.430379746835443,93,1
250,2.0,193,0.00526992084157456,96,37,2.419048415798157,44.264,7.026472016432039,12.012987012987013,75,1
250,2.0,194,0.00526992084157456,133,6,3.3513899927203634,71.688,11.37976066134963,1.9914529914529915,85,12
250,2.0,195,0.00526992084157456,74,59,1.8646831538444126,36.872,5.853065158817145,21.261363636363637,80,3
250,2.0,196,0.00526992084157456,41,40,1.0331352609137963,16.016,2.542381524832268,11.114832535885167,98,0
250,2.0,197,0.00526992084157456,128,10,3.225397887730876,66.76,10.5974894229397,2.5081967213114753,81,8
250,2.0,198,0.00526992084157456,150,7,3.7797631496846202,90.96,14.438999968702742,2.4,68,16
250,2.0,199,0.00526992084157456,73,18,1.8394847328465151,24.12,3.8288113373472976,3.9604519774011298,110,3
1000,-2.0,0,0.0007999999999999999,16,15,0.16000000000000006,3.372,0.33720000000000006,3.1666666666666665,599,0
1000,-2.0,1,0.0007999999999999999,29,15,0.2900000000000001,4.088,0.4088000000000001,3.343975283213182,604,0
1000,-2.0,2,0.0007999999999999999,17,16,0.17000000000000004,3.51,0.35100000000000003,3.276703967446592,613,0
1000,-2.0,3,0.0007999999999999999,20,19,0.20000000000000007,4.114,0.41140000000000004,3.789795918367347,571,0
1000,-2.0,4,0.0007999999999999999,51,19,0.5100000000000001,6.048,0.6048000000000001,3.632244467860906,566,0
1000,-2.0,5,0.0007999999999999999,27,17,0.2700000000000001,3.81,0.38100000000000006,3.1664953751284686,599,0
1000,-2.0,6,0.0007999999999999999,50,37,0.5000000000000001,7.364,0.7364000000000002,5.12,614,0
1000,-2.0,7,0.0007999999999999999,22,18,0.22000000000000006,3.6,0.3600000000000001,3.1860940695296525,619,0
1000,-2.0,8,0.0007999999999999999,29,25,0.2900000000000001,4.872,0.4872000000000001,4.151390319258496,576,0
1000,-2.0,9,0.0007999999999999999,20,18,0.20000000000000007,3.886,0.38860000000000006,3.557142857142857,594,0
1000,-2.0,10,0.0007999999999999999,26,21,0.26000000000000006,4.096,0.4096000000000001,3.51129363449692,598,0
1000,-2.0,11,0.0007999999999999999,29,24,0.2900000000000001,4.918,0.4918000000000001,4.198764160659114,577,2
1000,-2.0,12,0.0007999999999999999,31,20,0.3100000000000001,4.506,0.4506000000000001,3.658410732714138,607,1
1000,-2.0,13,0.0007999999999999999,24,22,0.24000000000000007,4.076,0.4076,3.5860655737704916,609,1
1000,-2.0,14,0.0007999999999999999,28,24,0.2800000000000001,4.232,0.4232000000000001,3.5473251028806585,622,0
1000,-2.0,15,0.0007999999999999999,25,21,0.25000000000000006,4.354,0.43540000000000006,3.8246153846153845,605,0
1000,-2.0,16,0.0007999999999999999,26,18,0.26000000000000006,4.034,0.40340000000000004,3.4476386036960984,592,1
1000,-2.0,17,0.0007999999999999999,33,27,0.33000000000000007,4.68,0.468,3.7135470527404344,600,0
1000,-2.0,18,0.0007999999999999999,20,15,0.20000000000000007,3.38,0.338,3.0408163265306123,620,0
1000,-2.0,19,0.0007999999999999999,50,19,0.5000000000000001,5.52,0.552,3.1789473684210527,602,1
1000,-2.0,20,0.0007999999999999999,27,18,0.2700000000000001,4.012,0.4012,3.3741007194244603,621,0
1000,-2.0,21,0.0007999999999999999,21,16,0.21000000000000005,3.642,0.3642000000000001,3.269662921348315,601,0
1000,-2.0,22,0.0007999999999999999,34,25,0.3400000000000001,4.744,0.47440000000000004,3.7142857142857144,613,0
1000,-2.0,23,0.0007999999999999999,31,17,0.3100000000000001,4.416,0.4416000000000001,3.565531475748194,587,0
1000,-2.0,24,0.0007999999999999999,47,22,0.47000000000000014,6.032,0.6032000000000001,4.0115424973767055,567,0
1000,-2.0,25,0.0007999999999999999,13,12,0.13000000000000003,3.082,0.30820000000000003,2.951367781155015,629,0
1000,-2.0,26,0.0007999999999999999,31,23,0.3100000000000001,4.296,0.4296000000000001,3.4416924664602684,621,0
1000,-2.0,27,0.0007999999999999999,33,27,0.33000000000000007,4.574,0.4574000000000001,3.6039296794208893,622,0
1000,-2.0,28,0.0007999999999999999,31,23,0.3100000000000001,4.636,0.46360000000000007,3.7925696594427243,590,0
1000,-2.0,29,0.0007999999999999999,29,26,0.2900000000000001,4.826,0.48260000000000003,4.104016477857878,582,0
1000,-2.0,30,0.0007999999999999999,33,26,0.33000000000000007,4.432,0.4432000000000001,3.457083764219235,599,0
1000,-2.0,31,0.0007999999999999999,25,19,0.25000000000000006,3.872,0.38720000000000004,3.33025641025641,617,1
1000,-2.0,32,0.0007999999999999999,13,11,0.13000000000000003,3.002,0.3002,2.8703140830800407,618,0
1000,-2.0,33,0.0007999999999999999,46,14,0.46000000000000013,4.782,0.47820000000000007,2.7945492662473796,598,0
1000,-2.0,34,0.0007999999999999999,18,17,0.18000000000000005,3.472,0.34720000000000006,3.205702647657841,625,2
1000,-2.0,35,0.0007999999999999999,26,21,0.26000000000000006,4.456,0.4456000000000001,3.8809034907597537,589,0
1000,-2.0,36,0.0007999999999999999,43,39,0.4300000000000001,6.558,0.6558,4.920585161964472,571,0
1000,-2.0,37,0.0007999999999999999,24,21,0.24000000000000007,3.99,0.3990000000000001,3.497950819672131,596,1
1000,-2.0,38,0.0007999999999999999,35,34,0.3500000000000001,6.158,0.6158000000000001,5.111917098445596,575,1
1000,-2.0,39,0.0007999999999999999,46,37,0.46000000000000013,5.996,0.5996000000000001,4.067085953878407,604,0
1000,-2.0,40,0.0007999999999999999,29,23,0.2900000000000001,4.184,0.4184000000000001,3.442842430484037,602,0
1000,-2.0,41,0.0007999999999999999,54,24,0.5400000000000001,6.708,0.6708000000000002,4.00845665961945,597,0
1000,-2.0,42,0.0007999999999999999,48,27,0.48000000000000015,5.878,0.5878000000000001,3.754201680672269,598,0
1000,-2.0,43,0.0007999999999999999,21,16,0.21000000000000005,3.628,0.36280000000000007,3.2553626149131767,627,0
1000,-2.0,44,0.0007999999999999999,56,22,0.5600000000000002,6.668,0.6668000000000002,3.7415254237288136,600,0
1000,-2.0,45,0.0007999999999999999,19,19,0.19000000000000006,3.836,0.38360000000000005,3.5423037716615697,611,0
1000,-2.0,46,0.0007999999999999999,28,13,0.2800000000000001,3.504,0.35040000000000004,2.7983539094650207,622,0
1000,-2.0,47,0.0007999999999999999,29,29,0.2900000000000001,4.61,0.46100000000000013,3.881565396498455,606,0
1000,-2.0,48,0.0007999999999999999,37,33,0.3700000000000001,5.072,0.5072000000000001,3.84527518172378,599,1
1000,-2.0,49,0.0007999999999999999,17,15,0.17000000000000004,3.116,0.31160000000000004,2.8758901322482195,629,0
1000,-2.0,50,0.0007999999999999999,21,19,0.21000000000000005,4.158,0.4158000000000001,3.796731358529111,581,0
1000,-2.0,51,0.0007999999999999999,23,20,0.23000000000000007,4.408,0.44080000000000014,3.970317297850563,603,0
1000,-2.0,52,0.0007999999999999999,30,27,0.3000000000000001,3.934,0.3934000000000001,3.1278350515463917,635,0
1000,-2.0,53,0.0007999999999999999,17,15,0.17000000000000004,3.28,0.328,3.0427263479145474,619,0
1000,-2.0,54,0.0007999999999999999,25,24,0.25000000000000006,3.908,0.39080000000000004,3.367179487179487,600,1
1000,-2.0,55,0.0007999999999999999,23,20,0.23000000000000007,3.988,0.39880000000000004,3.5404298874104403,610,0
1000,-2.0,56,0.0007999999999999999,33,18,0.33000000000000007,3.864,0.3864000000000001,2.869700103412616,638,0
1000,-2.0,57,0.0007999999999999999,12,11,0.12000000000000004,2.898,0.28980000000000006,2.7874493927125505,645,1
1000,-2.0,58,0.0007999999999999999,21,17,0.21000000000000005,3.754,0.37540000000000007,3.3840653728294177,606,0
1000,-2.0,59,0.0007999999999999999,21,17,0.21000000000000005,3.66,0.3660000000000001,3.2880490296220635,602,0
1000,-2.0,60,0.0007999999999999999,26,26,0.26000000000000006,4.648,0.46480000000000005,4.078028747433265,582,0
1000,-2.0,61,0.0007999999999999999,59,36,0.5900000000000002,7.798,0.7798000000000002,4.587672688629118,553,1
1000,-2.0,62,0.0007999999999999999,25,18,0.25000000000000006,3.934,0.3934000000000001,3.393846153846154,604,0
1000,-2.0,63,0.0007999999999999999,19,15,0.19000000000000006,3.652,0.3652000000000001,3.3547400611620795,609,1
1000,-2.0,64,0.0007999999999999999,20,19,0.20000000000000007,3.504,0.35040000000000004,3.16734693877551,621,0
1000,-2.0,65,0.0007999999999999999,28,21,0.2800000000000001,4.36,0.4360000000000001,3.6790123456790123,600,0
1000,-2.0,66,0.0007999999999999999,24,21,0.24000000000000007,4.506,0.4506000000000001,4.026639344262295,571,0
1000,-2.0,67,0.0007999999999999999,74,30,0.7400000000000002,10.51,1.0510000000000002,5.436285097192225,554,0
1000,-2.0,68,0.0007999999999999999,23,20,0.23000000000000007,4.454,0.4454000000000001,4.017400204708291,586,0
1000,-2.0,69,0.0007999999999999999,27,19,0.2700000000000001,3.97,0.3970000000000001,3.3309352517985613,603,0
1000,-2.0,70,0.0007999999999999999,50,16,0.5000000000000001,5.598,0.5598000000000001,3.261052631578947,602,0
1000,-2.0,71,0.0007999999999999999,54,17,0.5400000000000001,5.654,0.5654000000000001,2.894291754756871,607,1
1000,-2.0,72,0.0007999999999999999,33,22,0.33000000000000007,4.83,0.4830000000000001,3.8686659772492242,600,0
1000,-2.0,73,0.0007999999999999999,43,16,0.4300000000000001,5.094,0.5094000000000001,3.3908045977011496,602,0
1000,-2.0,74,0.0007999999999999999,41,13,0.41000000000000014,4.354,0.43540000000000006,2.787278415015641,617,0
1000,-2.0,75,0.0007999999999999999,35,22,0.3500000000000001,4.534,0.4534000000000001,3.4290155440414507,589,0
1000,-2.0,76,0.0007999999999999999,41,21,0.41000000000000014,4.724,0.4724000000000001,3.173096976016684,606,0
1000,-2.0,77,0.0007999999999999999,17,16,0.17000000000000004,3.804,0.38040000000000007,3.5757884028484233,579,0
1000,-2.0,78,0.0007999999999999999,34,27,0.3400000000000001,5.216,0.5216000000000001,4.202898550724638,580,0
1000,-2.0,79,0.0007999999999999999,56,28,0.5600000000000002,7.158,0.7158000000000002,4.260593220338983,580,1
1000,-2.0,80,0.0007999999999999999,44,17,0.4400000000000001,4.946,0.49460000000000004,3.1485355648535567,608,0
1000,-2.0,81,0.0007999999999999999,25,24,0.25000000000000006,4.642,0.4642000000000001,4.12,576,1
1000,-2.0,82,0.0007999999999999999,17,15,0.17000000000000004,3.29,0.32900000000000007,3.0528992878942014,618,0
1000,-2.0,83,0.0007999999999999999,22,13,0.22000000000000006,3.22,0.32200000000000006,2.7975460122699385,624,0
1000,-2.0,84,0.0007999999999999999,35,15,0.3500000000000001,4.256,0.4256000000000001,3.1409326424870465,613,0
1000,-2.0,85,0.0007999999999999999,15,14,0.15000000000000005,3.356,0.33560000000000006,3.178680203045685,613,0
1000,-2.0,86,0.0007999999999999999,22,20,0.22000000000000006,4.706,0.47060000000000013,4.316973415132924,575,0
1000,-2.0,87,0.0007999999999999999,37,13,0.3700000000000001,4.364,0.43640000000000007,3.110072689511942,591,0
1000,-2.0,88,0.0007999999999999999,24,22,0.24000000000000007,4.194,0.41940000000000005,3.706967213114754,616,1
1000,-2.0,89,0.0007999999999999999,46,32,0.46000000000000013,6.25,0.6250000000000001,4.333333333333333,580,1
1000,-2.0,90,0.0007999999999999999,26,20,0.26000000000000006,4.192,0.4192000000000001,3.6098562628336754,605,0
1000,-2.0,91,0.0007999999999999999,35,34,0.3500000000000001,5.436,0.5436000000000001,4.363730569948187,606,0
1000,-2.0,92,0.0007999999999999999,16,12,0.16000000000000006,3.04,0.30400000000000005,2.8292682926829267,627,0
1000,-2.0,93,0.0007999999999999999,40,22,0.40000000000000013,4.662,0.46620000000000006,3.189583333333333,606,0
1000,-2.0,94,0.0007999999999999999,33,24,0.33000000000000007,5.142,0.5142000000000001,4.191313340227508,569,0
1000,-2.0,95,0.0007999999999999999,27,25,0.2700000000000001,5.824,0.5824000000000001,5.236382322713258,548,0
1000,-2.0,96,0.0007999999999999999,24,15,0.24000000000000007,3.958,0.3958000000000001,3.4651639344262297,583,0
1000,-2.0,97,0.0007999999999999999,21,15,0.21000000000000005,3.186,0.31860000000000005,2.80388151174668,637,0
1000,-2.0,98,0.0007999999999999999,32,20,0.3200000000000001,4.58,0.4580000000000001,3.6735537190082646,589,0
1000,-2.0,99,0.0007999999999999999,17,15,0.17000000000000004,3.754,0.37540000000000007,3.5249237029501526,600,0
1000,-2.0,100,0.0007999999999999999,32,17,0.3200000000000001,4.302,0.4302,3.3863636363636362,582,0
1000,-2.0,101,0.0007999999999999999,26,26,0.26000000000000006,4.29,0.4290000000000001,3.7104722792607805,582,0
1000,-2.0,102,0.0007999999999999999,20,20,0.20000000000000007,4.162,0.41620000000000007,3.8387755102040817,603,0
1000,-2.0,103,0.0007999999999999999,21,20,0.21000000000000005,3.792,0.37920000000000004,3.4228804902962207,625,0
1000,-2.0,104,0.0007999999999999999,26,19,0.26000000000000006,3.71,0.37100000000000005,3.114989733059548,615,0
1000,-2.0,105,0.0007999999999999999,25,23,0.25000000000000006,3.92,0.39200000000000007,3.3794871794871795,621,1
1000,-2.0,106,0.0007999999999999999,20,17,0.20000000000000007,3.624,0.36240000000000006,3.289795918367347,623,0
1000,-2.0,107,0.0007999999999999999,31,28,0.3100000000000001,4.638,0.46380000000000005,3.7946336429308567,601,0
1000,-2.0,108,0.0007999999999999999,13,12,0.13000000000000003,3.03,0.30300000000000005,2.898682877406282,618,0
1000,-2.0,109,0.0007999999999999999,66,33,0.6600000000000001,8.286,0.8286000000000001,4.207708779443255,604,1
1000,-2.0,110,0.0007999999999999999,86,32,0.8600000000000002,12.25,1.2250000000000003,5.310722100656455,581,0
1000,-2.0,111,0.0007999999999999999,24,21,0.24000000000000007,4.658,0.4658000000000001,4.182377049180328,565,0
1000,-2.0,112,0.0007999999999999999,17,17,0.17000000000000004,3.276,0.32760000000000006,3.0386571719226856,634,0
1000,-2.0,113,0.0007999999999999999,22,20,0.22000000000000006,3.934,0.3934000000000001,3.5276073619631902,612,0
1000,-2.0,114,0.0007999999999999999,23,18,0.23000000000000007,3.774,0.37740000000000007,3.321392016376663,600,0
1000,-2.0,115,0.0007999999999999999,22,16,0.22000000000000006,3.87,0.38700000000000007,3.462167689161554,596,1
1000,-2.0,116,0.0007999999999999999,18,15,0.18000000000000005,3.414,0.3414000000000001,3.1466395112016294,599,0
1000,-2.0,117,0.0007999999999999999,30,25,0.3000000000000001,4.656,0.46560000000000007,3.8721649484536083,595,0
1000,-2.0,118,0.0007999999999999999,75,20,0.7500000000000002,8.664,0.8664000000000002,3.2854054054054056,583,0
1000,-2.0,119,0.0007999999999999999,21,19,0.21000000000000005,3.47,0.3470000000000001,3.093973442288049,626,0
1000,-2.0,120,0.0007999999999999999,17,13,0.17000000000000004,3.454,0.3454000000000001,3.219735503560529,599,1
1000,-2.0,121,0.0007999999999999999,36,31,0.3600000000000001,5.184,0.5184000000000001,4.033195020746888,581,0
1000,-2.0,122,0.0007999999999999999,31,21,0.3100000000000001,4.534,0.4534000000000001,3.6873065015479876,593,2
1000,-2.0,123,0.0007999999999999999,81,18,0.8100000000000003,9.096,0.9096000000000002,2.7584330794341674,603,2
1000,-2.0,124,0.0007999999999999999,71,18,0.7100000000000002,7.964,0.7964000000000002,3.146393972012917,603,0
1000,-2.0,125,0.0007999999999999999,16,13,0.16000000000000006,3.216,0.32160000000000005,3.008130081300813,628,0
1000,-2.0,126,0.0007999999999999999,25,24,0.25000000000000006,4.082,0.40820000000000006,3.5456410256410256,593,0
1000,-2.0,127,0.0007999999999999999,19,18,0.19000000000000006,3.948,0.39480000000000004,3.656472986748216,619,1
1000,-2.0,128,0.0007999999999999999,28,23,0.2800000000000001,3.986,0.39860000000000007,3.294238683127572,614,0
1000,-2.0,129,0.0007999999999999999,16,14,0.16000000000000006,3.49,0.3490000000000001,3.2865853658536586,617,0
1000,-2.0,130,0.0007999999999999999,76,47,0.7600000000000002,11.25,1.1250000000000002,5.924242424242424,548,1
1000,-2.0,131,0.0007999999999999999,17,13,0.17000000000000004,3.126,0.31260000000000004,2.886063072227874,633,0
1000,-2.0,132,0.0007999999999999999,26,20,0.26000000000000006,3.804,0.38040000000000007,3.2114989733059547,620,0
1000,-2.0,133,0.0007999999999999999,28,25,0.2800000000000001,4.51,0.45100000000000007,3.8333333333333335,594,0
1000,-2.0,134,0.0007999999999999999,26,17,0.26000000000000006,3.952,0.39520000000000005,3.3634496919917862,596,0
1000,-2.0,135,0.0007999999999999999,32,24,0.3200000000000001,5.224,0.5224000000000001,4.338842975206612,586,0
1000,-2.0,136,0.0007999999999999999,30,29,0.3000000000000001,4.718,0.4718000000000001,3.936082474226804,577,0
1000,-2.0,137,0.0007999999999999999,39,39,0.3900000000000001,5.72,0.5720000000000001,4.369406867845994,603,0
1000,-2.0,138,0.0007999999999999999,110,20,1.1000000000000003,14.672,1.4672000000000003,2.8898876404494382,595,0
1000,-2.0,139,0.0007999999999999999,25,17,0.25000000000000006,4.076,0.4076,3.5394871794871796,597,0
1000,-2.0,140,0.0007999999999999999,46,20,0.46000000000000013,5.034,0.5034000000000001,3.058700209643606,643,0
1000,-2.0,141,0.0007999999999999999,36,24,0.3600000000000001,4.8,0.4800000000000001,3.6348547717842323,593,0
1000,-2.0,142,0.0007999999999999999,17,16,0.17000000000000004,3.28,0.328,3.0427263479145474,623,0
1000,-2.0,143,0.0007999999999999999,30,19,0.3000000000000001,4.414,0.44140000000000007,3.622680412371134,582,0
1000,-2.0,144,0.0007999999999999999,20,18,0.20000000000000007,4.07,0.4070000000000001,3.7448979591836733,564,0
1000,-2.0,145,0.0007999999999999999,28,22,0.2800000000000001,4.452,0.4452000000000001,3.7736625514403292,588,1
1000,-2.0,146,0.0007999999999999999,41,21,0.41000000000000014,4.81,0.48100000000000004,3.2627737226277373,596,0
1000,-2.0,147,0.0007999999999999999,19,16,0.19000000000000006,3.462,0.34620000000000006,3.161060142711519,625,0
1000,-2.0,148,0.0007999999999999999,35,24,0.3500000000000001,5.09,0.5090000000000001,4.005181347150259,569,0
1000,-2.0,149,0.0007999999999999999,22,18,0.22000000000000006,3.582,0.3582000000000001,3.1676891615541924,618,0
1000,-2.0,150,0.0007999999999999999,34,18,0.3400000000000001,4.686,0.46860000000000007,3.6542443064182195,580,2
1000,-2.0,151,0.0007999999999999999,37,18,0.3700000000000001,4.584,0.45840000000000003,3.3385254413291796,595,1
1000,-2.0,152,0.0007999999999999999,65,27,0.6500000000000001,7.736,0.7736000000000001,3.755080213903743,597,0
1000,-2.0,153,0.0007999999999999999,63,20,0.6300000000000002,7.044,0.7044000000000001,3.281750266808965,590,0
1000,-2.0,154,0.0007999999999999999,21,16,0.21000000000000005,3.68,0.3680000000000001,3.3084780388151174,611,1
1000,-2.0,155,0.0007999999999999999,17,16,0.17000000000000004,3.278,0.32780000000000004,3.0406917599186163,623,0
1000,-2.0,156,0.0007999999999999999,19,18,0.19000000000000006,3.962,0.3962000000000001,3.670744138634047,583,0
1000,-2.0,157,0.0007999999999999999,35,23,0.3500000000000001,4.732,0.4732000000000001,3.63419689119171,616,0
1000,-2.0,158,0.0007999999999999999,22,14,0.22000000000000006,3.448,0.34480000000000005,3.0306748466257667,624,0
1000,-2.0,159,0.0007999999999999999,30,27,0.3000000000000001,5.11,0.5110000000000001,4.34020618556701,586,0
1000,-2.0,160,0.0007999999999999999,20,18,0.20000000000000007,4.072,0.40720000000000006,3.746938775510204,582,0
1000,-2.0,161,0.0007999999999999999,25,17,0.25000000000000006,3.818,0.3818000000000001,3.2748717948717947,610,0
1000,-2.0,162,0.0007999999999999999,21,18,0.21000000000000005,3.95,0.3950000000000001,3.5842696629213484,603,1
1000,-2.0,163,0.0007999999999999999,30,27,0.3000000000000001,5.306,0.5306000000000001,4.542268041237113,576,0
1000,-2.0,164,0.0007999999999999999,17,14,0.17000000000000004,3.27,0.32700000000000007,3.032553407934893,609,0
1000,-2.0,165,0.0007999999999999999,33,17,0.33000000000000007,3.832,0.38320000000000004,2.8366080661840742,620,0
1000,-2.0,166,0.0007999999999999999,20,18,0.20000000000000007,3.64,0.3640000000000001,3.306122448979592,615,0
1000,-2.0,167,0.0007999999999999999,42,24,0.4200000000000001,5.496,0.5496000000000001,3.895615866388309,600,0
1000,-2.0,168,0.0007999999999999999,54,23,0.5400000000000001,6.788,0.6788000000000002,4.093023255813954,577,1
1000,-2.0,169,0.0007999999999999999,27,22,0.2700000000000001,4.086,0.40860000000000013,3.4501541623843783,606,0
1000,-2.0,170,0.0007999999999999999,51,49,0.5100000000000001,8.564,0.8564000000000002,6.2834562697576395,575,0
1000,-2.0,171,0.0007999999999999999,12,11,0.12000000000000004,2.866,0.2866000000000001,2.7550607287449393,623,0
1000,-2.0,172,0.0007999999999999999,21,16,0.21000000000000005,3.924,0.3924000000000001,3.557711950970378,579,0
1000,-2.0,173,0.0007999999999999999,48,28,0.48000000000000015,5.736,0.5736000000000001,3.6050420168067228,596,0
1000,-2.0,174,0.0007999999999999999,19,14,0.19000000000000006,3.35,0.3350000000000001,3.046890927624873,609,0
1000,-2.0,175,0.0007999999999999999,68,31,0.6800000000000002,8.078,0.8078000000000001,3.7060085836909873,592,0
1000,-2.0,176,0.0007999999999999999,42,28,0.4200000000000001,6.05,0.6050000000000001,4.473903966597077,566,0
1000,-2.0,177,0.0007999999999999999,25,15,0.25000000000000006,3.952,0.39520000000000005,3.4123076923076923,597,0
1000,-2.0,178,0.0007999999999999999,37,26,0.3700000000000001,5.486,0.5486000000000001,4.275181723779855,605,0
1000,-2.0,179,0.0007999999999999999,34,23,0.3400000000000001,4.57,0.45700000000000013,3.5341614906832297,630,0
1000,-2.0,180,0.0007999999999999999,52,21,0.5200000000000001,5.906,0.5906000000000001,3.3776371308016877,604,0
1000,-2.0,181,0.0007999999999999999,38,18,0.3800000000000001,4.452,0.4452000000000001,3.126819126819127,616,0
1000,-2.0,182,0.0007999999999999999,32,16,0.3200000000000001,4.106,0.4106000000000001,3.1838842975206614,605,0
1000,-2.0,183,0.0007999999999999999,23,21,0.23000000000000007,4.048,0.40480000000000005,3.601842374616172,619,1
1000,-2.0,184,0.0007999999999999999,41,24,0.41000000000000014,5.354,0.5354000000000001,3.830031282586027,564,0
1000,-2.0,185,0.0007999999999999999,41,28,0.41000000000000014,5.644,0.5644000000000001,4.132429614181439,590,0
1000,-2.0,186,0.0007999999999999999,51,19,0.5100000000000001,5.846,0.5846000000000001,3.4193888303477347,592,0
1000,-2.0,187,0.0007999999999999999,80,14,0.8000000000000003,9.378,0.9378000000000002,3.2369565217391303,573,0
1000,-2.0,188,0.0007999999999999999,23,21,0.23000000000000007,3.938,0.3938000000000001,3.4892528147389967,602,0
1000,-2.0,189,0.0007999999999999999,24,21,0.24000000000000007,4.034,0.40340000000000004,3.543032786885246,602,0
1000,-2.0,190,0.0007999999999999999,92,38,0.9200000000000003,12.538,1.2538000000000002,4.486784140969163,574,0
1000,-2.0,191,0.0007999999999999999,34,23,0.3400000000000001,4.454,0.4454000000000001,3.4140786749482404,614,0
1000,-2.0,192,0.0007999999999999999,48,17,0.48000000000000015,5.416,0.5416000000000001,3.26890756302521,574,1
1000,-2.0,193,0.0007999999999999999,20,19,0.20000000000000007,3.92,0.39200000000000007,3.5918367346938775,604,0
1000,-2.0,194,0.0007999999999999999,26,23,0.26000000000000006,4.708,0.4708000000000001,4.139630390143737,597,0
1000,-2.0,195,0.0007999999999999999,32,16,0.3200000000000001,4.274,0.42740000000000006,3.3574380165289255,591,0
1000,-2.0,196,0.0007999999999999999,31,23,0.3100000000000001,4.588,0.4588000000000001,3.7430340557275543,571,0
1000,-2.0,197,0.0007999999999999999,40,24,0.40000000000000013,5.796,0.5796000000000001,4.370833333333334,575,1
1000,-2.0,198,0.0007999999999999999,25,16,0.25000000000000006,3.48,0.3480000000000001,2.928205128205128,614,0
1000,-2.0,199,0.0007999999999999999,24,18,0.24000000000000007,3.856,0.38560000000000005,3.360655737704918,623,0
1000,-1.0,0,0.0009,36,21,0.3600000000000001,5.678,0.5678000000000001,4.545643153526971,537,0
1000,-1.0,1,0.0009,53,41,0.5300000000000001,8.724,0.8724000000000002,6.246040126715945,516,0
1000,-1.0,2,0.0009,73,28,0.7300000000000002,9.838,0.9838000000000001,4.864077669902913,543,0
1000,-1.0,3,0.0009,62,22,0.6200000000000002,7.426,0.7426000000000001,3.818763326226013,566,1
1000,-1.0,4,0.0009,66,33,0.6600000000000001,9.22,0.9220000000000003,5.207708779443255,537,0
1000,-1.0,5,0.0009,18,18,0.18000000000000005,4.7,0.4700000000000001,4.456211812627291,533,1
1000,-1.0,6,0.0009,49,25,0.49000000000000016,6.736,0.6736000000000001,4.558359621451104,552,0
1000,-1.0,7,0.0009,49,21,0.49000000000000016,6.148,0.6148000000000001,3.9400630914826498,573,2
1000,-1.0,8,0.0009,28,21,0.2800000000000001,5.062,0.5062000000000001,4.401234567901234,554,0
1000,-1.0,9,0.0009,37,18,0.3700000000000001,5.456,0.5456000000000001,4.244029075804777,524,0
1000,-1.0,10,0.0009,38,20,0.3800000000000001,4.824,0.48240000000000005,3.5135135135135136,589,0
1000,-1.0,11,0.0009,30,26,0.3000000000000001,5.324,0.5324000000000001,4.560824742268041,562,1
1000,-1.0,12,0.0009,33,32,0.33000000000000007,6.444,0.6444000000000001,5.537745604963805,553,0
1000,-1.0,13,0.0009,111,42,1.1100000000000003,17.14,1.7140000000000004,5.420697412823397,522,0
1000,-1.0,14,0.0009,25,20,0.25000000000000006,4.538,0.4538000000000001,4.013333333333334,581,0
1000,-1.0,15,0.0009,48,28,0.48000000000000015,6.798,0.6798000000000001,4.720588235294118,561,0
1000,-1.0,16,0.0009,42,38,0.4200000000000001,6.358,0.6358,4.7954070981210855,567,1
1000,-1.0,17,0.0009,128,23,1.2800000000000005,19.412,1.9412000000000003,3.4724770642201834,550,2
1000,-1.0,18,0.0009,44,29,0.4400000000000001,6.72,0.672,5.00418410041841,563,1
1000,-1.0,19,0.0009,60,39,0.6000000000000002,9.622,0.9622000000000002,6.406382978723404,547,0
1000,-1.0,20,0.0009,61,30,0.6100000000000002,8.206,0.8206000000000001,4.776357827476039,555,1
1000,-1.0,21,0.0009,40,22,0.40000000000000013,6.306,0.6306000000000002,4.902083333333334,526,1
1000,-1.0,22,0.0009,17,16,0.17000000000000004,3.604,0.36040000000000005,3.372329603255341,608,0
1000,-1.0,23,0.0009,64,44,0.6400000000000002,10.164,1.0164000000000002,6.482905982905983,532,2
1000,-1.0,24,0.0009,16,14,0.16000000000000006,3.442,0.34420000000000006,3.2378048780487805,620,1
1000,-1.0,25,0.0009,79,33,0.7900000000000003,11.176,1.1176000000000001,5.358306188925082,520,0
1000,-1.0,26,0.0009,48,27,0.48000000000000015,6.584,0.6584000000000001,4.495798319327731,542,0
1000,-1.0,27,0.0009,29,28,0.2900000000000001,5.764,0.5764000000000001,5.070030895983522,521,0
1000,-1.0,28,0.0009,86,21,0.8600000000000002,10.59,1.0590000000000002,3.4945295404814005,550,2
1000,-1.0,29,0.0009,88,31,0.8800000000000002,12.186,1.2186000000000001,4.870614035087719,541,1
1000,-1.0,30,0.0009,45,38,0.4500000000000001,6.374,0.6374000000000001,4.55392670157068,565,0
1000,-1.0,31,0.0009,71,21,0.7100000000000002,8.854,0.8854000000000001,4.104413347685684,536,1
1000,-1.0,32,0.0009,21,19,0.21000000000000005,4.418,0.4418000000000001,4.0623084780388155,561,0
1000,-1.0,33,0.0009,70,23,0.7000000000000002,9.056,0.9056000000000001,4.468817204301075,548,0
1000,-1.0,34,0.0009,22,20,0.22000000000000006,3.934,0.3934000000000001,3.5276073619631902,583,0
1000,-1.0,35,0.0009,22,16,0.22000000000000006,4.152,0.41520000000000007,3.7505112474437627,563,0
1000,-1.0,36,0.0009,54,26,0.5400000000000001,7.53,0.7530000000000001,4.87737843551797,562,1
1000,-1.0,37,0.0009,35,20,0.3500000000000001,5.594,0.5594000000000001,4.527461139896373,543,0
1000,-1.0,38,0.0009,28,23,0.2800000000000001,5.636,0.5636000000000001,4.991769547325103,565,0
1000,-1.0,39,0.0009,73,22,0.7300000000000002,8.986,0.8986000000000002,3.9449838187702264,528,0
1000,-1.0,40,0.0009,63,37,0.6300000000000002,9.62,0.9620000000000001,6.030949839914621,532,0
1000,-1.0,41,0.0009,34,31,0.3400000000000001,6.146,0.6146000000000001,5.165631469979296,528,1
1000,-1.0,42,0.0009,43,40,0.4300000000000001,6.188,0.6188000000000001,4.533960292580982,571,0
1000,-1.0,43,0.0009,72,35,0.7200000000000002,9.938,0.9938000000000002,5.122844827586207,544,1
1000,-1.0,44,0.0009,48,24,0.48000000000000015,5.976,0.5976000000000001,3.857142857142857,576,0
1000,-1.0,45,0.0009,106,28,1.0600000000000003,15.592,1.5592000000000004,4.87248322147651,546,0
1000,-1.0,46,0.0009,97,37,0.9700000000000003,14.7,1.4700000000000002,5.859357696566999,531,1
1000,-1.0,47,0.0009,70,24,0.7000000000000002,8.744,0.8744000000000002,4.133333333333334,556,0
1000,-1.0,48,0.0009,115,46,1.1500000000000004,19.612,1.9612000000000003,7.216949152542373,510,1
1000,-1.0,49,0.0009,51,19,0.5100000000000001,6.414,0.6414000000000001,4.017913593256059,565,1
1000,-1.0,50,0.0009,70,44,0.7000000000000002,11.612,1.1612000000000002,7.2172043010752684,530,0
1000,-1.0,51,0.0009,102,16,1.0200000000000002,13.414,1.3414000000000001,3.351893095768374,562,1
1000,-1.0,52,0.0009,36,30,0.3600000000000001,5.784,0.5784000000000001,4.655601659751038,577,0
1000,-1.0,53,0.0009,28,23,0.2800000000000001,5.178,0.5178,4.520576131687243,575,0
1000,-1.0,54,0.0009,128,42,1.2800000000000005,21.506,2.1506000000000003,5.873853211009174,521,0
1000,-1.0,55,0.0009,39,23,0.3900000000000001,5.276,0.5276000000000001,3.9073881373569197,555,1
1000,-1.0,56,0.0009,29,19,0.2900000000000001,4.184,0.4184000000000001,3.442842430484037,584,2
1000,-1.0,57,0.0009,25,23,0.25000000000000006,4.844,0.4844000000000001,4.327179487179487,546,0
1000,-1.0,58,0.0009,79,66,0.7900000000000003,14.544,1.4544000000000004,9.015200868621063,528,0
1000,-1.0,59,0.0009,39,27,0.3900000000000001,6.434,0.6434000000000001,5.112382934443288,548,1
1000,-1.0,60,0.0009,38,20,0.3800000000000001,5.374,0.5374000000000001,4.085239085239086,549,0
1000,-1.0,61,0.0009,45,27,0.4500000000000001,6.506,0.6506000000000002,4.692146596858639,557,0
1000,-1.0,62,0.0009,27,24,0.2700000000000001,4.996,0.49960000000000016,4.385405960945529,540,0
1000,-1.0,63,0.0009,49,43,0.49000000000000016,7.776,0.7776000000000001,5.651945320715037,524,0
1000,-1.0,64,0.0009,38,20,0.3800000000000001,5.87,0.5870000000000001,4.600831600831601,537,3
1000,-1.0,65,0.0009,55,21,0.5500000000000002,7.468,0.7468000000000001,4.701587301587302,557,0
1000,-1.0,66,0.0009,56,32,0.5600000000000002,7.498,0.7498000000000001,4.620762711864407,548,0
1000,-1.0,67,0.0009,62,17,0.6200000000000002,7.184,0.7184000000000001,3.5607675906183367,580,0
1000,-1.0,68,0.0009,40,21,0.40000000000000013,5.768,0.5768000000000001,4.341666666666667,553,1
1000,-1.0,69,0.0009,26,19,0.26000000000000006,4.804,0.4804000000000001,4.238193018480493,551,0
1000,-1.0,70,0.0009,86,48,0.8600000000000002,12.628,1.2628000000000001,5.724288840262582,550,1
1000,-1.0,71,0.0009,74,59,0.7400000000000002,12.236,1.2236000000000002,7.300215982721382,520,0
1000,-1.0,72,0.0009,43,29,0.4300000000000001,5.926,0.5926000000000001,4.260188087774295,578,2
1000,-1.0,73,0.0009,117,30,1.1700000000000004,17.75,1.7750000000000004,4.599093997734994,525,1
1000,-1.0,74,0.0009,32,31,0.3200000000000001,6.6,0.66,5.760330578512397,548,0
1000,-1.0,75,0.0009,51,27,0.5100000000000001,6.444,0.6444000000000001,4.049525816649104,577,1
1000,-1.0,76,0.0009,31,30,0.3100000000000001,6.91,0.6910000000000002,6.139318885448916,547,0
1000,-1.0,77,0.0009,34,27,0.3400000000000001,6.342,0.6342000000000001,5.3685300207039335,525,0
1000,-1.0,78,0.0009,27,21,0.2700000000000001,4.578,0.4578000000000001,3.955806783144913,576,0
1000,-1.0,79,0.0009,65,40,0.6500000000000001,10.024,1.0024000000000002,6.202139037433155,537,1
1000,-1.0,80,0.0009,82,56,0.8200000000000003,12.496,1.2496000000000003,6.287581699346405,545,1
1000,-1.0,81,0.0009,56,37,0.5600000000000002,7.71,0.7710000000000001,4.845338983050848,566,0
1000,-1.0,82,0.0009,74,22,0.7400000000000002,9.726,0.9726000000000002,4.58963282937365,518,0
1000,-1.0,83,0.0009,91,22,0.9100000000000003,11.66,1.1660000000000001,3.7172717271727174,555,1
1000,-1.0,84,0.0009,28,28,0.2800000000000001,5.348,0.5348,4.695473251028806,574,0
1000,-1.0,85,0.0009,28,19,0.2800000000000001,4.776,0.4776000000000001,4.106995884773663,556,0
1000,-1.0,86,0.0009,101,21,1.0100000000000002,13.594,1.3594000000000002,3.774193548387097,548,1
1000,-1.0,87,0.0009,30,27,0.3000000000000001,6.522,0.6522000000000001,5.795876288659794,518,1
1000,-1.0,88,0.0009,67,30,0.6700000000000002,8.592,0.8592000000000002,4.397642015005359,548,0
1000,-1.0,89,0.0009,119,24,1.1900000000000004,17.518,1.7518000000000005,3.81044267877412,516,1
1000,-1.0,90,0.0009,71,27,0.7100000000000002,9.586,0.9586000000000002,4.892357373519914,529,1
1000,-1.0,91,0.0009,48,45,0.48000000000000015,7.718,0.7718000000000002,5.686974789915967,571,0
1000,-1.0,92,0.0009,33,31,0.33000000000000007,6.058,0.6058000000000001,5.138572905894519,558,1
1000,-1.0,93,0.0009,47,40,0.47000000000000014,7.926,0.7926000000000002,5.998950682056663,529,0
1000,-1.0,94,0.0009,43,43,0.4300000000000001,8.122,0.8122000000000001,6.554858934169279,512,1
1000,-1.0,95,0.0009,25,20,0.25000000000000006,4.78,0.4780000000000001,4.2615384615384615,585,0
1000,-1.0,96,0.0009,30,19,0.3000000000000001,4.12,0.4120000000000001,3.3195876288659796,599,0
1000,-1.0,97,0.0009,49,46,0.49000000000000016,9.054,0.9054000000000002,6.995793901156677,520,0
1000,-1.0,98,0.0009,40,36,0.40000000000000013,5.838,0.5838000000000001,4.414583333333334,559,0
1000,-1.0,99,0.0009,76,20,0.7600000000000002,9.598,0.9598000000000002,4.136363636363637,536,0
1000,-1.0,100,0.0009,53,21,0.5300000000000001,6.826,0.6826000000000001,4.24181626187962,551,1
1000,-1.0,101,0.0009,68,36,0.6800000000000002,9.982,0.9982000000000001,5.74892703862661,539,1
1000,-1.0,102,0.0009,77,21,0.7700000000000002,9.32,0.9320000000000002,3.6738894907908994,540,1
1000,-1.0,103,0.0009,33,29,0.33000000000000007,5.402,0.5402000000000001,4.460186142709411,562,0
1000,-1.0,104,0.0009,25,22,0.25000000000000006,4.43,0.44300000000000006,3.9025641025641025,554,1
1000,-1.0,105,0.0009,32,30,0.3200000000000001,5.45,0.5450000000000002,4.572314049586777,587,0
1000,-1.0,106,0.0009,37,27,0.3700000000000001,5.636,0.5636000000000001,4.430944963655244,550,0
1000,-1.0,107,0.0009,29,23,0.2900000000000001,5.598,0.5598000000000001,4.899073120494336,548,1
1000,-1.0,108,0.0009,41,31,0.41000000000000014,4.952,0.4952000000000001,3.410844629822732,607,0
1000,-1.0,109,0.0009,32,23,0.3200000000000001,5.234,0.5234000000000001,4.349173553719008,548,2
1000,-1.0,110,0.0009,47,27,0.47000000000000014,6.242,0.6242000000000001,4.231899265477439,572,0
1000,-1.0,111,0.0009,36,19,0.3600000000000001,4.454,0.4454000000000001,3.275933609958506,579,1
1000,-1.0,112,0.0009,87,25,0.8700000000000002,11.308,1.1308000000000002,4.095290251916758,545,0
1000,-1.0,113,0.0009,88,26,0.8800000000000002,11.308,1.1308000000000002,3.9078947368421053,556,1
1000,-1.0,114,0.0009,39,32,0.3900000000000001,5.92,0.5920000000000001,4.577523413111343,564,1
1000,-1.0,115,0.0009,53,37,0.5300000000000001,9.46,0.9460000000000003,7.0232312565997885,524,1
1000,-1.0,116,0.0009,60,23,0.6000000000000002,7.312,0.7312000000000002,3.948936170212766,575,1
1000,-1.0,117,0.0009,64,24,0.6400000000000002,8.068,0.8068000000000001,4.243589743589744,572,0
1000,-1.0,118,0.0009,42,36,0.4200000000000001,8.0,0.8000000000000002,6.509394572025053,513,0
1000,-1.0,119,0.0009,74,39,0.7400000000000002,10.366,1.0366000000000002,5.280777537796976,536,0
1000,-1.0,120,0.0009,97,44,0.9700000000000003,15.464,1.5464000000000002,6.705426356589148,523,1
1000,-1.0,121,0.0009,36,19,0.3600000000000001,5.184,0.5184000000000001,4.033195020746888,570,0
1000,-1.0,122,0.0009,17,16,0.17000000000000004,4.158,0.4158000000000001,3.935910478128179,573,0
1000,-1.0,123,0.0009,93,35,0.9300000000000003,13.318,1.3318,5.14773980154355,553,1
1000,-1.0,124,0.0009,94,25,0.9400000000000003,12.95,1.2950000000000002,4.540838852097131,528,0
1000,-1.0,125,0.0009,39,15,0.3900000000000001,4.832,0.4832000000000001,3.445369406867846,573,1
1000,-1.0,126,0.0009,51,24,0.5100000000000001,6.464,0.6464000000000002,4.070600632244468,553,0
1000,-1.0,127,0.0009,25,18,0.25000000000000006,4.282,0.4282000000000001,3.750769230769231,579,0
1000,-1.0,128,0.0009,56,19,0.5600000000000002,6.654,0.6654000000000001,3.7266949152542375,581,0
1000,-1.0,129,0.0009,67,28,0.6700000000000002,7.758,0.7758000000000002,3.5037513397642015,561,0
1000,-1.0,130,0.0009,57,40,0.5700000000000002,9.01,0.9010000000000001,6.109225874867445,529,1
1000,-1.0,131,0.0009,44,29,0.4400000000000001,5.956,0.5956000000000001,4.205020920502092,554,1
1000,-1.0,132,0.0009,32,16,0.3200000000000001,4.704,0.47040000000000004,3.8016528925619837,560,0
1000,-1.0,133,0.0009,31,25,0.3100000000000001,5.41,0.5410000000000001,4.591331269349845,564,0
1000,-1.0,134,0.0009,49,20,0.49000000000000016,6.258,0.6258000000000001,4.055730809674027,537,0
1000,-1.0,135,0.0009,60,57,0.6000000000000002,12.144,1.2144000000000001,9.08936170212766,500,1
1000,-1.0,136,0.0009,37,31,0.3700000000000001,6.516,0.6516000000000001,5.344755970924195,543,0
1000,-1.0,137,0.0009,39,26,0.3900000000000001,5.708,0.5708000000000001,4.356919875130073,554,1
1000,-1.0,138,0.0009,66,37,0.6600000000000001,11.17,1.1170000000000002,7.295503211991434,514,3
1000,-1.0,139,0.0009,60,38,0.6000000000000002,10.29,1.0290000000000001,7.117021276595745,546,1
1000,-1.0,140,0.0009,76,25,0.7600000000000002,10.01,1.0010000000000001,4.582251082251083,545,1
1000,-1.0,141,0.0009,55,31,0.5500000000000002,7.488,0.7488000000000001,4.722751322751323,559,0
1000,-1.0,142,0.0009,50,48,0.5000000000000001,7.844,0.7844000000000002,5.625263157894737,566,1
1000,-1.0,143,0.0009,24,19,0.24000000000000007,4.544,0.4544,4.065573770491803,574,0
1000,-1.0,144,0.0009,52,20,0.5200000000000001,6.476,0.6476000000000001,3.978902953586498,554,1
1000,-1.0,145,0.0009,94,18,0.9400000000000003,12.494,1.2494000000000003,4.037527593818985,542,1
1000,-1.0,146,0.0009,48,39,0.48000000000000015,7.288,0.7288000000000001,5.235294117647059,555,0
1000,-1.0,147,0.0009,32,29,0.3200000000000001,6.148,0.6148000000000001,5.293388429752066,547,0
1000,-1.0,148,0.0009,20,19,0.20000000000000007,3.878,0.3878000000000001,3.548979591836735,571,0
1000,-1.0,149,0.0009,49,34,0.49000000000000016,7.152,0.7152000000000002,4.995793901156677,556,0
1000,-1.0,150,0.0009,31,21,0.3100000000000001,4.646,0.46460000000000007,3.802889576883385,584,0
1000,-1.0,151,0.0009,92,29,0.9200000000000003,12.008,1.2008,3.9030837004405288,545,0
1000,-1.0,152,0.0009,17,15,0.17000000000000004,3.728,0.3728000000000001,3.498474059003052,600,0
1000,-1.0,153,0.0009,22,19,0.22000000000000006,5.032,0.5032000000000001,4.6503067484662575,542,0
1000,-1.0,154,0.0009,44,25,0.4400000000000001,5.88,0.5880000000000001,4.125523012552302,547,1
1000,-1.0,155,0.0009,28,13,0.2800000000000001,4.116,0.4116,3.42798353909465,573,0
1000,-1.0,156,0.0009,28,27,0.2800000000000001,5.718,0.5718000000000001,5.076131687242798,555,0
1000,-1.0,157,0.0009,58,17,0.5800000000000002,6.848,0.6848000000000001,3.6985138004246285,585,0
1000,-1.0,158,0.0009,86,28,0.8600000000000002,11.482,1.1482,4.470459518599562,543,2
1000,-1.0,159,0.0009,100,26,1.0000000000000002,13.678,1.3678000000000003,4.086666666666667,530,0
1000,-1.0,160,0.0009,25,19,0.25000000000000006,4.144,0.4144000000000001,3.609230769230769,590,0
1000,-1.0,161,0.0009,41,23,0.41000000000000014,5.16,0.5160000000000001,3.627737226277372,546,0
1000,-1.0,162,0.0009,84,51,0.8400000000000002,12.996,1.2996000000000003,6.4847161572052405,531,0
1000,-1.0,163,0.0009,33,23,0.33000000000000007,5.25,0.5250000000000001,4.302998965873837,562,1
1000,-1.0,164,0.0009,68,27,0.6800000000000002,9.31,0.9310000000000002,5.027896995708154,511,0
1000,-1.0,165,0.0009,20,20,0.20000000000000007,4.534,0.4534000000000001,4.218367346938775,577,0
1000,-1.0,166,0.0009,57,37,0.5700000000000002,7.836,0.7836000000000002,4.864262990455991,553,2
1000,-1.0,167,0.0009,134,73,1.3400000000000003,26.124,2.6124000000000005,9.431870669745958,491,1
1000,-1.0,168,0.0009,50,14,0.5000000000000001,6.112,0.6112000000000001,3.8021052631578947,540,0
1000,-1.0,169,0.0009,39,23,0.3900000000000001,5.392,0.5392000000000001,4.028095733610822,564,1
1000,-1.0,170,0.0009,28,26,0.2800000000000001,5.534,0.5534000000000001,4.886831275720165,560,0
1000,-1.0,171,0.0009,91,45,0.9100000000000003,12.624,1.2624000000000002,4.777777777777778,560,1
1000,-1.0,172,0.0009,22,20,0.22000000000000006,5.132,0.5132000000000001,4.752556237218814,541,0
1000,-1.0,173,0.0009,17,16,0.17000000000000004,4.018,0.40180000000000005,3.7934893184130214,561,0
1000,-1.0,174,0.0009,32,17,0.3200000000000001,4.62,0.4620000000000001,3.7148760330578514,556,1
1000,-1.0,175,0.0009,31,27,0.3100000000000001,5.448,0.5448000000000002,4.630546955624355,558,0
1000,-1.0,176,0.0009,110,18,1.1000000000000003,14.87,1.487,3.1123595505617976,564,0
1000,-1.0,177,0.0009,52,50,0.5200000000000001,8.852,0.8852000000000002,6.485232067510548,537,1
1000,-1.0,178,0.0009,45,21,0.4500000000000001,5.696,0.5696000000000001,3.843979057591623,566,0
1000,-1.0,179,0.0009,39,20,0.3900000000000001,5.268,0.5268,3.899063475546306,577,1
1000,-1.0,180,0.0009,30,30,0.3000000000000001,5.278,0.5278,4.51340206185567,579,0
1000,-1.0,181,0.0009,78,34,0.7800000000000002,11.472,1.1472000000000002,5.843817787418655,537,0
1000,-1.0,182,0.0009,92,36,0.9200000000000003,12.84,1.2840000000000003,4.819383259911894,538,1
1000,-1.0,183,0.0009,54,37,0.5400000000000001,9.446,0.9446000000000001,6.902748414376322,517,2
1000,-1.0,184,0.0009,36,22,0.3600000000000001,5.638,0.5638000000000001,4.504149377593361,553,0
1000,-1.0,185,0.0009,42,36,0.4200000000000001,6.526,0.6526000000000001,4.970772442588727,564,1
1000,-1.0,186,0.0009,51,41,0.5100000000000001,7.618,0.7618000000000001,5.286617492096944,542,1
1000,-1.0,187,0.0009,41,30,0.41000000000000014,6.266,0.6266000000000002,4.781021897810219,555,0
1000,-1.0,188,0.0009,40,26,0.40000000000000013,5.436,0.5436000000000001,3.995833333333333,569,0
1000,-1.0,189,0.0009,44,23,0.4400000000000001,6.382,0.6382000000000001,4.650627615062762,543,0
1000,-1.0,190,0.0009,26,20,0.26000000000000006,4.528,0.45280000000000004,3.9548254620123204,566,1
1000,-1.0,191,0.0009,50,41,0.5000000000000001,9.872,0.9872000000000002,7.76,519,1
1000,-1.0,192,0.0009,35,29,0.3500000000000001,6.642,0.6642000000000001,5.613471502590674,550,0
1000,-1.0,193,0.0009,51,22,0.5100000000000001,6.964,0.6964000000000001,4.597471022128556,545,0
1000,-1.0,194,0.0009,51,36,0.5100000000000001,7.878,0.7878000000000002,5.56059009483667,570,0
1000,-1.0,195,0.0009,66,21,0.6600000000000001,7.872,0.7872000000000001,3.764453961456103,581,0
1000,-1.0,196,0.0009,42,33,0.4200000000000001,7.844,0.7844000000000002,6.346555323590814,532,0
1000,-1.0,197,0.0009,26,23,0.26000000000000006,5.7,0.5700000000000002,5.158110882956879,574,0
1000,-1.0,198,0.0009,35,30,0.3500000000000001,6.13,0.6130000000000001,5.082901554404145,560,0
1000,-1.0,199,0.0009,53,37,0.5300000000000001,7.092,0.7092,4.522703273495249,543,1
1000,0.0,0,0.001,55,49,0.5500000000000002,11.374,1.1374000000000002,8.834920634920636,481,0
1000,0.0,1,0.001,42,40,0.4200000000000001,6.826,0.6826000000000001,5.2839248434238,531,0
1000,0.0,2,0.001,71,48,0.7100000000000002,11.34,1.1340000000000001,6.780409041980624,474,1
1000,0.0,3,0.001,61,59,0.6100000000000002,13.156,1.3156000000000003,10.047923322683706,498,2
1000,0.0,4,0.001,58,57,0.5800000000000002,13.528,1.3528000000000002,10.789808917197453,466,1
1000,0.0,5,0.001,33,32,0.33000000000000007,6.448,0.6448000000000002,5.541882109617373,537,0
1000,0.0,6,0.001,187,26,1.8700000000000006,38.856,3.885600000000001,4.781057810578106,456,2
1000,0.0,7,0.001,100,41,1.0000000000000002,14.93,1.4930000000000003,5.477777777777778,521,0
1000,0.0,8,0.001,190,20,1.9000000000000006,39.098,3.9098000000000006,3.7012345679012344,484,1
1000,0.0,9,0.001,57,42,0.5700000000000002,9.39,0.9390000000000003,6.512195121951219,512,0
1000,0.0,10,0.001,65,22,0.6500000000000001,8.276,0.8276000000000001,4.332620320855615,529,1
1000,0.0,11,0.001,52,40,0.5200000000000001,10.712,1.0712000000000002,8.447257383966244,472,2
1000,0.0,12,0.001,66,38,0.6600000000000001,11.506,1.1506000000000003,7.655246252676659,504,1
1000,0.0,13,0.001,180,59,1.8000000000000005,40.702,4.070200000000001,10.12439024390244,453,3
1000,0.0,14,0.001,62,31,0.6200000000000002,8.602,0.8602000000000002,5.072494669509595,501,0
1000,0.0,15,0.001,45,41,0.4500000000000001,8.192,0.8192000000000002,6.457591623036649,519,1
1000,0.0,16,0.001,201,17,2.0100000000000007,43.11,4.311000000000001,3.3904881101376723,488,3
1000,0.0,17,0.001,135,33,1.3500000000000003,23.676,2.3676000000000004,6.3017341040462425,481,2
1000,0.0,18,0.001,117,22,1.1700000000000004,17.28,1.7280000000000004,4.066817667044168,518,0
1000,0.0,19,0.001,101,34,1.0100000000000002,15.454,1.5454000000000003,5.843159065628476,492,1
1000,0.0,20,0.001,37,31,0.3700000000000001,7.834,0.7834000000000001,6.713395638629284,490,0
1000,0.0,21,0.001,101,62,1.0100000000000002,18.428,1.8428000000000004,9.151279199110123,479,3
1000,0.0,22,0.001,66,37,0.6600000000000001,9.912,0.9912000000000003,5.9486081370449675,519,0
1000,0.0,23,0.001,76,37,0.7600000000000002,11.146,1.1146000000000003,5.811688311688312,518,0
1000,0.0,24,0.001,55,54,0.5500000000000002,11.132,1.1132000000000002,8.57883597883598,495,2
1000,0.0,25,0.001,85,25,0.8500000000000002,11.692,1.1692000000000002,4.881967213114754,492,0
1000,0.0,26,0.001,83,66,0.8300000000000002,16.706,1.6706000000000003,10.70556161395856,497,0
1000,0.0,27,0.001,149,57,1.4900000000000004,28.598,2.8598000000000003,7.517038777908343,465,5
1000,0.0,28,0.001,139,93,1.3900000000000003,31.258,3.1258000000000004,13.86411149825784,465,1
1000,0.0,29,0.001,78,54,0.7800000000000002,14.392,1.4392000000000003,9.010845986984815,487,0
1000,0.0,30,0.001,191,18,1.9100000000000006,39.03,3.903000000000001,3.150803461063041,513,2
1000,0.0,31,0.001,43,43,0.4300000000000001,9.06,0.9060000000000002,7.535005224660397,496,1
1000,0.0,32,0.001,60,57,0.6000000000000002,12.126,1.2126000000000001,9.070212765957447,519,2
1000,0.0,33,0.001,58,34,0.5800000000000002,10.508,1.0508000000000002,7.583864118895966,497,1
1000,0.0,34,0.001,81,44,0.8100000000000003,11.978,1.1978000000000002,5.894450489662677,515,0
1000,0.0,35,0.001,31,22,0.3100000000000001,5.326,0.5326000000000001,4.504643962848297,526,0
1000,0.0,36,0.001,114,29,1.1400000000000003,17.02,1.7020000000000002,4.54176072234763,548,1
1000,0.0,37,0.001,54,53,0.5400000000000001,11.304,1.1304000000000003,8.866807610993657,505,0
1000,0.0,38,0.001,72,55,0.7200000000000002,13.816,1.3816000000000004,9.301724137931034,482,0
1000,0.0,39,0.001,83,28,0.8300000000000002,11.104,1.1104,4.596510359869138,523,0
1000,0.0,40,0.001,170,36,1.7000000000000004,33.194,3.319400000000001,5.1734939759036145,471,1
1000,0.0,41,0.001,43,41,0.4300000000000001,9.206,0.9206000000000001,7.687565308254963,503,0
1000,0.0,42,0.001,135,52,1.3500000000000003,23.658,2.3658000000000006,6.280924855491329,515,0
1000,0.0,43,0.001,58,39,0.5800000000000002,10.416,1.0416000000000003,7.48619957537155,518,0
1000,0.0,44,0.001,52,24,0.5200000000000001,7.158,0.7158000000000002,4.698312236286919,514,1
1000,0.0,45,0.001,80,42,0.8000000000000003,12.098,1.2098000000000002,6.193478260869565,503,1
1000,0.0,46,0.001,45,24,0.4500000000000001,6.448,0.6448000000000002,4.631413612565445,532,2
1000,0.0,47,0.001,111,30,1.1100000000000003,18.392,1.8392000000000002,6.829021372328459,475,1
1000,0.0,48,0.001,36,24,0.3600000000000001,6.202,0.6202000000000001,5.089211618257261,530,1
1000,0.0,49,0.001,94,92,0.9400000000000003,20.752,2.0752,13.152317880794701,484,0
1000,0.0,50,0.001,46,35,0.46000000000000013,7.502,0.7502000000000001,5.645702306079665,525,0
1000,0.0,51,0.001,66,40,0.6600000000000001,11.016,1.1016000000000001,7.130620985010706,493,0
1000,0.0,52,0.001,30,30,0.3000000000000001,7.01,0.7010000000000001,6.298969072164948,502,0
1000,0.0,53,0.001,52,39,0.5200000000000001,9.37,0.937,7.031645569620253,506,1
1000,0.0,54,0.001,101,96,1.0100000000000002,24.714,2.4714000000000005,16.14349276974416,480,0
1000,0.0,55,0.001,127,40,1.2700000000000005,21.182,2.1182000000000003,5.788087056128293,479,2
1000,0.0,56,0.001,87,30,0.8700000000000002,11.802,1.1802000000000001,4.636363636363637,517,1
1000,0.0,57,0.001,103,36,1.0300000000000002,15.72,1.5720000000000003,5.697881828316611,502,0
1000,0.0,58,0.001,95,34,0.9500000000000003,14.86,1.4860000000000002,6.447513812154696,506,2
1000,0.0,59,0.001,38,37,0.3800000000000001,8.188,0.8188000000000002,7.01039501039501,514,2
1000,0.0,60,0.001,141,54,1.4100000000000004,25.956,2.5956000000000006,7.072176949941793,491,0
1000,0.0,61,0.001,113,32,1.1300000000000003,17.844,1.7844000000000004,5.721533258173619,517,0
1000,0.0,62,0.001,62,31,0.6200000000000002,8.912,0.8912000000000002,5.402985074626866,489,0
1000,0.0,63,0.001,183,25,1.8300000000000005,36.652,3.665200000000001,3.871481028151775,511,1
1000,0.0,64,0.001,42,42,0.4200000000000001,9.296,0.9296000000000001,7.862212943632568,471,2
1000,0.0,65,0.001,75,72,0.7500000000000002,15.39,1.5390000000000004,10.556756756756757,454,1
1000,0.0,66,0.001,117,41,1.1700000000000004,18.318,1.8318000000000005,5.242355605889014,507,0
1000,0.0,67,0.001,95,27,0.9500000000000003,13.668,1.3668000000000002,5.130386740331492,486,2
1000,0.0,68,0.001,71,62,0.7100000000000002,14.956,1.4956000000000003,10.672766415500538,475,1
1000,0.0,69,0.001,106,42,1.0600000000000003,18.22,1.8220000000000003,7.8120805369127515,471,3
1000,0.0,70,0.001,105,95,1.0500000000000003,23.35,2.3350000000000004,13.77094972067039,492,0
1000,0.0,71,0.001,59,40,0.5900000000000002,9.748,0.9748000000000001,6.659936238044633,489,1
1000,0.0,72,0.001,131,32,1.3100000000000003,21.416,2.1416000000000004,4.896432681242808,501,0
1000,0.0,73,0.001,68,37,0.6800000000000002,10.274,1.0274,6.062231759656652,527,0
1000,0.0,74,0.001,36,31,0.3600000000000001,7.084,0.7084000000000001,6.004149377593361,528,0
1000,0.0,75,0.001,90,75,0.9000000000000002,20.408,2.0408000000000004,13.525274725274725,478,3
1000,0.0,76,0.001,165,34,1.6500000000000006,31.714,3.1714,5.3760479041916165,468,2
1000,0.0,77,0.001,140,26,1.4000000000000004,23.314,2.3314000000000004,4.318604651162791,474,0
1000,0.0,78,0.001,79,32,0.7900000000000003,11.31,1.1310000000000002,5.503800217155266,507,0
1000,0.0,79,0.001,50,33,0.5000000000000001,8.312,0.8312,6.117894736842105,503,0
1000,0.0,80,0.001,90,43,0.9000000000000002,14.018,1.4018000000000004,6.503296703296703,520,0
1000,0.0,81,0.001,59,44,0.5900000000000002,9.834,0.9834000000000002,6.751328374070138,509,1
1000,0.0,82,0.001,143,33,1.4300000000000004,24.582,2.4582000000000006,4.822637106184364,521,0
1000,0.0,83,0.001,194,53,1.9400000000000006,43.382,4.3382000000000005,7.129032258064516,446,3
1000,0.0,84,0.001,114,52,1.1400000000000003,20.344,2.0344000000000007,8.293453724604966,454,1
1000,0.0,85,0.001,118,59,1.1800000000000004,22.394,2.2394000000000003,9.603174603174603,454,3
1000,0.0,86,0.001,47,22,0.47000000000000014,7.322,0.7322000000000002,5.3651626442812175,495,1
1000,0.0,87,0.001,59,51,0.5900000000000002,9.882,0.9882000000000002,6.8023379383634435,509,1
1000,0.0,88,0.001,79,75,0.7900000000000003,15.258,1.5258000000000003,9.790445168295332,495,0
1000,0.0,89,0.001,129,38,1.2900000000000003,21.362,2.1362,5.420206659012629,505,3
1000,0.0,90,0.001,103,33,1.0300000000000002,15.016,1.5016000000000003,4.913043478260869,503,0
1000,0.0,91,0.001,50,41,0.5000000000000001,10.294,1.0294000000000003,8.204210526315789,490,0
1000,0.0,92,0.001,74,53,0.7400000000000002,13.408,1.3408000000000002,8.565874730021598,492,0
1000,0.0,93,0.001,75,23,0.7500000000000002,9.736,0.9736000000000002,4.444324324324325,531,0
1000,0.0,94,0.001,153,25,1.5300000000000005,27.604,2.7604000000000006,4.952774498229044,483,1
1000,0.0,95,0.001,63,54,0.6300000000000002,11.614,1.1614000000000002,8.159018143009606,511,1
1000,0.0,96,0.001,150,136,1.5000000000000004,43.338,4.333800000000001,24.51529411764706,466,3
1000,0.0,97,0.001,55,31,0.5500000000000002,9.602,0.9602000000000002,6.95978835978836,510,2
1000,0.0,98,0.001,58,41,0.5800000000000002,12.504,1.2504000000000002,9.70276008492569,478,0
1000,0.0,99,0.001,71,29,0.7100000000000002,9.636,0.9636000000000001,4.946178686759957,539,0
1000,0.0,100,0.001,76,40,0.7600000000000002,13.832,1.3832000000000004,8.718614718614718,480,1
1000,0.0,101,0.001,78,40,0.7800000000000002,12.37,1.237,6.817787418655097,480,4
1000,0.0,102,0.001,89,47,0.8900000000000002,14.47,1.4470000000000003,7.18880351262349,482,1
1000,0.0,103,0.001,48,32,0.48000000000000015,8.12,0.812,6.109243697478991,498,1
1000,0.0,104,0.001,201,25,2.0100000000000007,43.444,4.344400000000001,3.8085106382978724,477,0
1000,0.0,105,0.001,102,43,1.0200000000000002,15.906,1.5906000000000002,6.12694877505568,531,0
1000,0.0,106,0.001,72,32,0.7200000000000002,10.382,1.0382000000000002,5.601293103448276,520,1
1000,0.0,107,0.001,63,53,0.6300000000000002,13.096,1.3096000000000003,9.740661686232658,486,1
1000,0.0,108,0.001,71,68,0.7100000000000002,13.046,1.3046000000000002,8.616792249730894,513,0
1000,0.0,109,0.001,52,22,0.5200000000000001,6.942,0.6942000000000002,4.470464135021097,530,0
1000,0.0,110,0.001,197,17,1.9700000000000006,41.674,4.167400000000001,3.567870485678705,497,4
1000,0.0,111,0.001,238,18,2.380000000000001,59.098,5.909800000000001,3.220472440944882,473,1
1000,0.0,112,0.001,90,34,0.9000000000000002,13.45,1.3450000000000002,5.8791208791208796,512,0
1000,0.0,113,0.001,39,34,0.3900000000000001,7.604,0.7604000000000002,6.329864724245578,515,0
1000,0.0,114,0.001,101,31,1.0100000000000002,15.472,1.5472000000000001,5.863181312569521,475,0
1000,0.0,115,0.001,245,31,2.4500000000000006,63.196,6.319600000000001,4.2,476,3
1000,0.0,116,0.001,87,35,0.8700000000000002,12.614,1.2614000000000003,5.525739320920044,524,0
1000,0.0,117,0.001,173,20,1.7300000000000004,32.764,3.276400000000001,3.4280532043530836,506,0
1000,0.0,118,0.001,233,43,2.3300000000000005,58.528,5.852800000000001,5.5267275097783575,464,5
1000,0.0,119,0.001,80,51,0.8000000000000003,13.748,1.3748000000000002,7.98695652173913,492,2
1000,0.0,120,0.001,38,29,0.3800000000000001,6.61,0.6610000000000001,5.37006237006237,530,0
1000,0.0,121,0.001,170,70,1.7000000000000004,37.27,3.7270000000000008,10.08433734939759,454,2
1000,0.0,122,0.001,101,78,1.0100000000000002,21.0,2.1000000000000005,12.012235817575084,447,0
1000,0.0,123,0.001,51,30,0.5100000000000001,8.584,0.8584000000000002,6.304531085353003,511,0
1000,0.0,124,0.001,113,20,1.1300000000000003,16.286,1.6286000000000005,3.9650507328072155,510,0
1000,0.0,125,0.001,46,29,0.46000000000000013,7.95,0.7950000000000002,6.115303983228512,505,0
1000,0.0,126,0.001,25,17,0.25000000000000006,4.286,0.42860000000000004,3.7548717948717947,542,0
1000,0.0,127,0.001,162,60,1.6200000000000006,32.134,3.2134000000000005,7.028639618138425,487,2
1000,0.0,128,0.001,43,28,0.4300000000000001,7.164,0.7164000000000001,5.553814002089864,523,1
1000,0.0,129,0.001,64,56,0.6400000000000002,11.436,1.1436000000000002,7.8418803418803416,492,1
1000,0.0,130,0.001,72,46,0.7200000000000002,11.248,1.1248,6.5344827586206895,534,0
1000,0.0,131,0.001,84,45,0.8400000000000002,12.774,1.2774,6.24235807860262,534,0
1000,0.0,132,0.001,103,87,1.0300000000000002,21.594,2.1594000000000007,12.246376811594203,491,1
1000,0.0,133,0.001,73,51,0.7300000000000002,11.728,1.1728000000000003,6.902912621359223,508,1
1000,0.0,134,0.001,53,47,0.5300000000000001,9.944,0.9944000000000003,7.534318901795142,512,1
1000,0.0,135,0.001,115,59,1.1500000000000004,20.934,2.0934000000000004,8.710734463276836,478,4
1000,0.0,136,0.001,78,40,0.7800000000000002,12.116,1.2116000000000002,6.542299349240781,491,0
1000,0.0,137,0.001,177,60,1.7700000000000005,37.08,3.7080000000000006,6.987849331713244,495,1
1000,0.0,138,0.001,42,33,0.4200000000000001,7.714,0.7714000000000002,6.210855949895616,487,1
1000,0.0,139,0.001,191,31,1.9100000000000006,40.604,4.0604000000000005,5.096415327564895,483,4
1000,0.0,140,0.001,89,79,0.8900000000000002,17.69,1.7690000000000003,10.723380900109769,495,1
1000,0.0,141,0.001,76,45,0.7600000000000002,12.352,1.2352000000000003,7.116883116883117,500,0
1000,0.0,142,0.001,33,30,0.33000000000000007,7.284,0.7284000000000002,6.40641158221303,497,3
1000,0.0,143,0.001,112,23,1.1200000000000003,16.688,1.6688000000000003,4.666666666666667,480,1
1000,0.0,144,0.001,98,28,0.9800000000000003,13.88,1.3880000000000003,4.740576496674057,518,0
1000,0.0,145,0.001,181,48,1.8100000000000005,37.446,3.7446000000000006,5.7203907203907205,497,5
1000,0.0,146,0.001,93,17,0.9300000000000003,12.078,1.2078000000000002,3.780595369349504,527,0
1000,0.0,147,0.001,39,32,0.3900000000000001,7.156,0.7156000000000001,5.863683662851197,503,0
1000,0.0,148,0.001,99,38,0.9900000000000003,15.83,1.5830000000000002,6.691453940066593,483,0
1000,0.0,149,0.001,294,25,2.940000000000001,89.866,8.986600000000001,4.858356940509915,418,3
1000,0.0,150,0.001,180,26,1.8000000000000005,35.838,3.5838000000000005,4.192682926829268,498,0
1000,0.0,151,0.001,42,34,0.4200000000000001,7.19,0.7190000000000002,5.663883089770355,523,3
1000,0.0,152,0.001,114,35,1.1400000000000003,17.902,1.7902000000000005,5.537246049661399,501,0
1000,0.0,153,0.001,93,75,0.9300000000000003,18.438,1.8438,10.792723263506064,478,1
1000,0.0,154,0.001,235,24,2.3500000000000005,58.48,5.848000000000001,4.254901960784314,474,2
1000,0.0,155,0.001,141,49,1.4100000000000004,26.104,2.6104000000000003,7.244470314318976,499,0
1000,0.0,156,0.001,161,46,1.6100000000000005,31.34,3.1340000000000003,6.4588796185935635,478,1
1000,0.0,157,0.001,63,28,0.6300000000000002,8.932,0.8932000000000002,5.296691568836713,501,0
1000,0.0,158,0.001,93,29,0.9300000000000003,13.302,1.3302000000000003,5.130099228224918,527,1
1000,0.0,159,0.001,119,39,1.1900000000000004,19.566,1.9566000000000003,6.135073779795687,518,0
1000,0.0,160,0.001,117,109,1.1700000000000004,28.81,2.8810000000000002,17.124575311438278,466,1
1000,0.0,161,0.001,74,35,0.7400000000000002,12.096,1.2096000000000002,7.14902807775378,487,0
1000,0.0,162,0.001,111,31,1.1100000000000003,17.03,1.7030000000000005,5.296962879640045,505,1
1000,0.0,163,0.001,250,23,2.500000000000001,65.008,6.500800000000001,3.344,475,5
1000,0.0,164,0.001,136,72,1.3600000000000003,26.932,2.6932000000000005,9.76388888888889,462,0
1000,0.0,165,0.001,52,45,0.5200000000000001,9.73,0.9730000000000002,7.4113924050632916,481,1
1000,0.0,166,0.001,239,26,2.3900000000000006,59.528,5.952800000000001,3.1629434954007882,503,1
1000,0.0,167,0.001,107,47,1.0700000000000003,17.256,1.7256000000000002,6.502799552071669,506,3
1000,0.0,168,0.001,36,33,0.3600000000000001,8.242,0.8242000000000003,7.2053941908713695,510,1
1000,0.0,169,0.001,145,24,1.4500000000000004,24.432,2.4432000000000005,3.984795321637427,510,0
1000,0.0,170,0.001,75,58,0.7500000000000002,12.256,1.2256000000000002,7.168648648648649,499,1
1000,0.0,171,0.001,169,27,1.6900000000000004,32.324,3.2324,4.528279181708784,478,1
1000,0.0,172,0.001,41,34,0.41000000000000014,7.544,0.7544000000000001,6.113660062565172,528,0
1000,0.0,173,0.001,140,29,1.4000000000000004,24.07,2.4070000000000005,5.1976744186046515,482,2
1000,0.0,174,0.001,49,25,0.49000000000000016,7.358,0.7358000000000001,5.212407991587802,525,0
1000,0.0,175,0.001,78,60,0.7800000000000002,13.496,1.3496000000000004,8.039045553145336,504,0
1000,0.0,176,0.001,86,51,0.8600000000000002,15.08,1.5080000000000002,8.407002188183807,521,0
1000,0.0,177,0.001,123,66,1.2300000000000004,22.382,2.2382000000000004,8.27023945267959,503,1
1000,0.0,178,0.001,68,25,0.6800000000000002,9.322,0.9322,5.040772532188841,509,1
1000,0.0,179,0.001,106,31,1.0600000000000003,15.568,1.5568000000000002,4.845637583892618,488,1
1000,0.0,180,0.001,61,58,0.6100000000000002,11.55,1.1550000000000002,8.337593184238552,507,0
1000,0.0,181,0.001,65,26,0.6500000000000001,9.728,0.9728000000000001,5.885561497326203,500,2
1000,0.0,182,0.001,53,40,0.5300000000000001,9.496,0.9496000000000002,7.061246040126716,484,0
1000,0.0,183,0.001,39,32,0.3900000000000001,7.402,0.7402000000000002,6.119667013527575,509,0
1000,0.0,184,0.001,65,22,0.6500000000000001,8.55,0.8550000000000002,4.625668449197861,519,1
1000,0.0,185,0.001,63,46,0.6300000000000002,11.348,1.1348000000000003,7.875133404482391,489,0
1000,0.0,186,0.001,253,28,2.5300000000000007,67.712,6.771200000000001,4.957161981258367,462,1
1000,0.0,187,0.001,272,21,2.7200000000000006,76.1,7.610000000000001,2.9065934065934065,484,2
1000,0.0,188,0.001,98,25,0.9800000000000003,13.514,1.3514000000000002,4.334811529933481,496,1
1000,0.0,189,0.001,77,53,0.7700000000000002,12.938,1.2938000000000003,7.5937161430119176,519,1
1000,0.0,190,0.001,167,51,1.6700000000000004,34.914,3.491400000000001,8.433373349339735,479,1
1000,0.0,191,0.001,60,20,0.6000000000000002,8.266,0.8266000000000001,4.963829787234043,508,0
1000,0.0,192,0.001,46,35,0.46000000000000013,7.26,0.7260000000000001,5.3920335429769395,528,1
1000,0.0,193,0.001,56,44,0.5600000000000002,8.948,0.8948000000000002,6.156779661016949,529,0
1000,0.0,194,0.001,35,33,0.3500000000000001,7.218,0.7218000000000001,6.210362694300518,511,1
1000,0.0,195,0.001,95,36,0.9500000000000003,15.846,1.5846000000000002,7.5370165745856355,469,1
1000,0.0,196,0.001,54,34,0.5400000000000001,8.562,0.8562000000000001,5.968287526427061,530,1
1000,0.0,197,0.001,52,30,0.5200000000000001,7.796,0.7796000000000002,5.371308016877637,520,2
1000,0.0,198,0.001,22,21,0.22000000000000006,4.724,0.4724000000000001,4.335378323108385,539,1
1000,0.0,199,0.001,163,36,1.6300000000000006,31.494,3.1494000000000004,5.884109916367981,471,0
1000,1.0,0,0.0011,109,47,1.0900000000000003,18.62,1.8620000000000003,7.56341189674523,466,2
1000,1.0,1,0.0011,176,32,1.7600000000000005,36.58,3.6580000000000004,6.800970873786408,440,2
1000,1.0,2,0.0011,168,40,1.6800000000000004,33.494,3.3494000000000006,6.334134615384615,463,3
1000,1.0,3,0.0011,300,24,3.000000000000001,92.718,9.271800000000002,3.882857142857143,428,3
1000,1.0,4,0.0011,242,12,2.420000000000001,60.62,6.062000000000001,2.712401055408971,506,1
1000,1.0,5,0.0011,65,49,0.6500000000000001,11.886,1.1886,8.193582887700535,485,1
1000,1.0,6,0.0011,34,31,0.3400000000000001,7.142,0.7142000000000002,6.196687370600414,507,0
1000,1.0,7,0.0011,302,33,3.020000000000001,94.766,9.476600000000003,5.103151862464183,413,4
1000,1.0,8,0.0011,152,58,1.5200000000000005,29.464,2.9464000000000006,7.5,467,4
1000,1.0,9,0.0011,225,29,2.2500000000000004,54.404,5.440400000000001,4.876129032258064,448,1
1000,1.0,10,0.0011,154,41,1.5400000000000005,29.674,2.9674000000000005,7.042553191489362,437,2
1000,1.0,11,0.0011,131,34,1.3100000000000003,22.064,2.2064000000000004,5.642117376294592,473,0
1000,1.0,12,0.0011,210,52,2.1000000000000005,50.526,5.052600000000001,8.134177215189874,452,2
1000,1.0,13,0.0011,175,31,1.7500000000000004,36.128,3.6128000000000005,6.67030303030303,458,0
1000,1.0,14,0.0011,160,38,1.6000000000000005,29.84,2.9840000000000004,5.0476190476190474,464,1
1000,1.0,15,0.0011,171,49,1.7100000000000004,37.27,3.7270000000000008,9.685162846803378,452,5
1000,1.0,16,0.0011,179,43,1.7900000000000005,39.612,3.9612000000000007,9.221680876979294,440,4
1000,1.0,17,0.0011,189,16,1.8900000000000006,38.816,3.881600000000001,3.8162762022194823,465,2
1000,1.0,18,0.0011,115,58,1.1500000000000004,20.804,2.0804,8.563841807909604,484,1
1000,1.0,19,0.0011,91,67,0.9100000000000003,21.994,2.1994000000000002,15.085808580858085,437,3
1000,1.0,20,0.0011,119,57,1.1900000000000004,23.23,2.3230000000000004,10.293984108967082,457,2
1000,1.0,21,0.0011,152,55,1.5200000000000005,29.466,2.9466000000000006,7.502358490566038,453,1
1000,1.0,22,0.0011,121,44,1.2100000000000004,20.266,2.0266,6.399317406143345,473,0
1000,1.0,23,0.0011,220,43,2.2000000000000006,53.214,5.321400000000001,6.171794871794872,428,3
1000,1.0,24,0.0011,119,80,1.1900000000000004,24.646,2.4646000000000003,11.901248581157775,477,0
1000,1.0,25,0.0011,213,84,2.130000000000001,55.764,5.576400000000001,13.20838627700127,434,6
1000,1.0,26,0.0011,119,76,1.1900000000000004,25.002,2.5002000000000004,12.30533484676504,451,0
1000,1.0,27,0.0011,199,21,1.9900000000000007,42.718,4.271800000000001,3.891385767790262,472,1
1000,1.0,28,0.0011,103,81,1.0300000000000002,24.386,2.4386000000000005,15.35897435897436,452,3
1000,1.0,29,0.0011,108,40,1.0800000000000003,17.068,1.7068000000000005,6.058295964125561,499,0
1000,1.0,30,0.0011,128,62,1.2800000000000005,25.056,2.5056000000000007,9.944954128440367,445,4
1000,1.0,31,0.0011,131,43,1.3100000000000003,23.522,2.3522000000000003,7.319907940161105,473,1
1000,1.0,32,0.0011,137,61,1.3700000000000003,28.53,2.8530000000000006,11.310544611819235,456,1
1000,1.0,33,0.0011,145,34,1.4500000000000004,27.116,2.7116000000000002,7.123976608187134,475,3
1000,1.0,34,0.0011,230,28,2.3000000000000007,57.542,5.754200000000001,6.0285714285714285,422,1
1000,1.0,35,0.0011,101,68,1.0100000000000002,20.376,2.0376000000000003,11.318131256952169,472,2
1000,1.0,36,0.0011,221,32,2.2100000000000004,52.436,5.243600000000001,4.614890885750963,446,0
1000,1.0,37,0.0011,282,24,2.8200000000000007,82.484,8.2484,4.1225626740947074,434,2
1000,1.0,38,0.0011,281,65,2.810000000000001,84.702,8.470200000000002,7.984700973574409,458,7
1000,1.0,39,0.0011,87,40,0.8700000000000002,15.324,1.5324000000000002,8.493975903614459,445,0
1000,1.0,40,0.0011,110,51,1.1000000000000003,20.25,2.0250000000000004,9.157303370786517,449,3
1000,1.0,41,0.0011,60,47,0.6000000000000002,11.594,1.1594000000000002,8.504255319148935,470,1
1000,1.0,42,0.0011,173,68,1.7300000000000004,37.694,3.769400000000001,9.389359129383314,456,0
1000,1.0,43,0.0011,144,53,1.4400000000000004,27.568,2.7568000000000006,7.981308411214953,474,4
1000,1.0,44,0.0011,223,16,2.2300000000000004,52.764,5.2764000000000015,3.906048906048906,454,1
1000,1.0,45,0.0011,146,23,1.4600000000000004,25.744,2.5744000000000002,5.1850117096018735,463,2
1000,1.0,46,0.0011,105,105,1.0500000000000003,28.252,2.8252000000000006,19.24804469273743,442,1
1000,1.0,47,0.0011,177,35,1.7700000000000005,34.676,3.467600000000001,4.066828675577157,492,1
1000,1.0,48,0.0011,227,40,2.2700000000000005,55.678,5.567800000000001,5.367399741267787,457,2
1000,1.0,49,0.0011,367,21,3.6700000000000013,136.92,13.692000000000002,3.5244865718799367,409,5
1000,1.0,50,0.0011,180,20,1.8000000000000005,35.816,3.581600000000001,4.1658536585365855,465,2
1000,1.0,51,0.0011,119,46,1.1900000000000004,20.494,2.0494000000000003,7.188422247446084,466,2
1000,1.0,52,0.0011,171,27,1.7100000000000004,33.45,3.345000000000001,5.077201447527141,448,1
1000,1.0,53,0.0011,138,44,1.3800000000000003,25.93,2.5930000000000004,7.9883990719257545,452,0
1000,1.0,54,0.0011,42,34,0.4200000000000001,8.148,0.8148000000000001,6.663883089770355,487,0
1000,1.0,55,0.0011,228,37,2.2800000000000007,56.456,5.645600000000002,5.7927461139896375,459,4
1000,1.0,56,0.0011,308,19,3.080000000000001,97.184,9.7184,3.352601156069364,435,7
1000,1.0,57,0.0011,92,56,0.9200000000000003,17.592,1.7592,10.052863436123348,483,0
1000,1.0,58,0.0011,243,21,2.4300000000000006,62.316,6.231600000000001,4.315719947159842,447,5
1000,1.0,59,0.0011,147,28,1.4700000000000004,26.56,2.656,5.8042203985932,474,2
1000,1.0,60,0.0011,301,37,3.0100000000000007,93.668,9.366800000000003,4.387696709585121,456,10
1000,1.0,61,0.0011,94,51,0.9400000000000003,15.984,1.5984000000000003,7.88962472406181,497,1
1000,1.0,62,0.0011,166,24,1.6600000000000004,31.572,3.1572000000000005,4.815347721822542,478,0
1000,1.0,63,0.0011,109,44,1.0900000000000003,19.566,1.9566000000000003,8.625140291806959,452,0
1000,1.0,64,0.0011,211,27,2.1100000000000008,48.36,4.836000000000001,4.865652724968315,455,5
1000,1.0,65,0.0011,148,32,1.4800000000000004,27.094,2.7094000000000005,6.091549295774648,479,1
1000,1.0,66,0.0011,213,66,2.130000000000001,54.916,5.491600000000001,12.130876747141041,437,1
1000,1.0,67,0.0011,341,18,3.410000000000001,118.774,11.877400000000002,3.7830045523520486,404,8
1000,1.0,68,0.0011,195,65,1.9500000000000006,45.588,4.558800000000001,9.39503105590062,448,5
1000,1.0,69,0.0011,122,36,1.2200000000000004,20.858,2.0858000000000003,6.804100227790433,474,2
1000,1.0,70,0.0011,106,72,1.0600000000000003,22.356,2.2356000000000007,12.438478747203579,457,1
1000,1.0,71,0.0011,235,27,2.3500000000000005,58.706,5.870600000000001,4.550326797385621,459,1
1000,1.0,72,0.0011,133,74,1.3300000000000003,27.352,2.7352000000000003,11.145328719723183,443,1
1000,1.0,73,0.0011,193,56,1.9300000000000006,42.758,4.275800000000001,6.826517967781908,479,2
1000,1.0,74,0.0011,298,25,2.980000000000001,91.298,9.129800000000001,3.5527065527065527,456,5
1000,1.0,75,0.0011,162,88,1.6200000000000006,38.192,3.819200000000001,14.257756563245824,442,1
1000,1.0,76,0.0011,136,41,1.3600000000000003,24.828,2.4828000000000006,7.328703703703703,460,0
1000,1.0,77,0.0011,40,38,0.40000000000000013,8.806,0.8806,7.50625,485,1
1000,1.0,78,0.0011,111,66,1.1100000000000003,23.11,2.3110000000000004,12.136107986501687,438,0
1000,1.0,79,0.0011,105,71,1.0500000000000003,20.482,2.0482000000000005,10.566480446927374,441,0
1000,1.0,80,0.0011,227,43,2.2700000000000005,56.064,5.606400000000001,5.866752910737387,434,4
1000,1.0,81,0.0011,276,18,2.7600000000000007,78.858,7.8858000000000015,3.7044198895027622,432,4
1000,1.0,82,0.0011,223,36,2.2300000000000004,53.47,5.347,4.814671814671815,456,5
1000,1.0,83,0.0011,135,58,1.3500000000000003,25.392,2.5392000000000006,8.285549132947978,461,2
1000,1.0,84,0.0011,146,38,1.4600000000000004,27.786,2.778600000000001,7.576112412177986,448,1
1000,1.0,85,0.0011,196,90,1.9600000000000006,49.534,4.953400000000001,13.828358208955224,409,2
1000,1.0,86,0.0011,102,58,1.0200000000000002,19.83,1.983,10.496659242761693,484,2
1000,1.0,87,0.0011,192,148,1.9200000000000006,60.734,6.073400000000001,29.542079207920793,439,3
1000,1.0,88,0.0011,92,68,0.9200000000000003,18.09,1.8090000000000004,10.601321585903083,452,1
1000,1.0,89,0.0011,334,24,3.3400000000000007,114.15,11.415000000000003,3.894894894894895,428,1
1000,1.0,90,0.0011,43,35,0.4300000000000001,8.62,0.8620000000000001,7.075235109717869,499,1
1000,1.0,91,0.0011,146,90,1.4600000000000004,33.476,3.3476000000000004,14.23887587822014,417,4
1000,1.0,92,0.0011,103,100,1.0300000000000002,23.432,2.3432000000000004,14.295429208472687,486,2
1000,1.0,93,0.0011,137,50,1.3700000000000003,28.852,2.8852000000000007,11.683661645422942,402,3
1000,1.0,94,0.0011,175,22,1.7500000000000004,34.718,3.471800000000001,4.961212121212121,440,2
1000,1.0,95,0.0011,81,44,0.8100000000000003,14.356,1.4356000000000002,8.482045701849836,485,1
1000,1.0,96,0.0011,276,16,2.7600000000000007,78.58,7.858000000000001,3.320441988950276,446,3
1000,1.0,97,0.0011,267,26,2.670000000000001,74.13,7.413000000000001,3.8758526603001364,421,5
1000,1.0,98,0.0011,197,38,1.9700000000000006,44.018,4.401800000000001,6.48692403486924,415,2
1000,1.0,99,0.0011,234,25,2.3400000000000007,58.44,5.844000000000001,4.809399477806789,448,3
1000,1.0,100,0.0011,234,33,2.3400000000000007,58.732,5.873200000000001,5.190600522193211,426,4
1000,1.0,101,0.0011,365,9,3.6500000000000012,134.58,13.458000000000004,2.1338582677165356,442,3
1000,1.0,102,0.0011,112,55,1.1200000000000003,22.192,2.2192000000000003,10.864864864864865,463,1
1000,1.0,103,0.0011,108,30,1.0800000000000003,16.352,1.6352000000000004,5.255605381165919,487,0
1000,1.0,104,0.0011,298,14,2.980000000000001,91.252,9.125200000000001,3.4871794871794872,426,1
1000,1.0,105,0.0011,138,27,1.3800000000000003,23.804,2.3804000000000003,5.522041763341067,464,2
1000,1.0,106,0.0011,115,95,1.1500000000000004,29.164,2.9164000000000008,18.010169491525424,417,3
1000,1.0,107,0.0011,69,40,0.6900000000000002,11.43,1.1430000000000002,7.163265306122449,475,0
1000,1.0,108,0.0011,281,23,2.810000000000001,81.684,8.168400000000002,3.787204450625869,437,9
1000,1.0,109,0.0011,103,81,1.0300000000000002,21.412,2.1412000000000004,12.043478260869565,460,2
1000,1.0,110,0.0011,61,56,0.6100000000000002,11.362,1.1362000000000003,8.13738019169329,474,2
1000,1.0,111,0.0011,320,9,3.200000000000001,104.046,10.404600000000002,2.4205882352941175,465,2
1000,1.0,112,0.0011,239,22,2.3900000000000006,60.408,6.040800000000001,4.319316688567674,440,3
1000,1.0,113,0.0011,236,41,2.3600000000000008,60.258,6.025800000000001,5.971204188481676,439,3
1000,1.0,114,0.0011,246,31,2.460000000000001,63.87,6.3870000000000005,4.448275862068965,451,3
1000,1.0,115,0.0011,231,48,2.3100000000000005,59.182,5.9182000000000015,7.569570871261378,436,3
1000,1.0,116,0.0011,160,63,1.6000000000000005,34.834,3.483400000000001,10.992857142857142,445,1
1000,1.0,117,0.0011,320,15,3.200000000000001,104.396,10.439600000000002,2.9352941176470586,449,12
1000,1.0,118,0.0011,164,72,1.6400000000000006,37.844,3.7844000000000007,13.095693779904305,416,2
1000,1.0,119,0.0011,284,37,2.8400000000000007,83.866,8.386600000000001,4.483240223463687,460,0
1000,1.0,120,0.0011,298,19,2.980000000000001,91.074,9.107400000000002,3.2336182336182335,435,4
1000,1.0,121,0.0011,117,66,1.1700000000000004,24.944,2.4944,12.746319365798415,442,2
1000,1.0,122,0.0011,333,18,3.330000000000001,112.86,11.286000000000001,2.9550224887556222,453,4
1000,1.0,123,0.0011,136,35,1.3600000000000003,23.182,2.3182000000000005,5.423611111111111,480,0
1000,1.0,124,0.0011,270,24,2.7000000000000006,75.982,7.598200000000001,4.221917808219178,456,4
1000,1.0,125,0.0011,82,27,0.8200000000000003,11.648,1.1648000000000003,5.363834422657952,490,0
1000,1.0,126,0.0011,188,29,1.8800000000000006,39.144,3.9144000000000005,4.679802955665025,470,1
1000,1.0,127,0.0011,182,97,1.8200000000000005,46.876,4.687600000000001,16.811735941320293,429,2
1000,1.0,128,0.0011,168,54,1.6800000000000004,36.354,3.6354000000000006,9.771634615384615,445,0
1000,1.0,129,0.0011,103,39,1.0300000000000002,16.534,1.6534000000000002,6.605351170568562,467,0
1000,1.0,130,0.0011,235,38,2.3500000000000005,60.148,6.014800000000001,6.435294117647059,426,7
1000,1.0,131,0.0011,34,34,0.3400000000000001,9.844,0.9844000000000002,8.993788819875776,452,2
1000,1.0,132,0.0011,278,33,2.7800000000000007,80.458,8.045800000000002,4.39612188365651,431,3
1000,1.0,133,0.0011,53,36,0.5300000000000001,8.66,0.8660000000000002,6.178458289334741,476,0
1000,1.0,134,0.0011,235,13,2.3500000000000005,57.578,5.757800000000001,3.0758169934640525,467,2
1000,1.0,135,0.0011,168,59,1.6800000000000004,37.034,3.7034000000000007,10.588942307692308,425,2
1000,1.0,136,0.0011,231,44,2.3100000000000005,57.958,5.795800000000001,5.977893368010403,445,3
1000,1.0,137,0.0011,81,76,0.8100000000000003,19.428,1.9428000000000005,14.001088139281828,416,0
1000,1.0,138,0.0011,239,24,2.3900000000000006,60.792,6.079200000000001,4.823915900131406,441,2
1000,1.0,139,0.0011,263,64,2.630000000000001,75.69,7.569000000000001,8.848032564450476,451,3
1000,1.0,140,0.0011,186,33,1.8600000000000005,39.164,3.9164000000000008,5.611793611793612,457,2
1000,1.0,141,0.0011,218,32,2.1800000000000006,51.276,5.127600000000001,4.797953964194374,459,5
1000,1.0,142,0.0011,126,71,1.2600000000000005,28.138,2.8138000000000005,14.02974828375286,458,3
1000,1.0,143,0.0011,219,31,2.190000000000001,51.344,5.134400000000001,4.331626120358515,480,3
1000,1.0,144,0.0011,233,19,2.3300000000000005,57.058,5.705800000000001,3.610169491525424,458,3
1000,1.0,145,0.0011,167,45,1.6700000000000004,33.028,3.3028000000000004,6.169267707082833,469,2
1000,1.0,146,0.0011,339,18,3.390000000000001,117.178,11.717800000000002,3.4145234493192134,409,6
1000,1.0,147,0.0011,218,30,2.1800000000000006,51.876,5.187600000000001,5.565217391304348,446,4
1000,1.0,148,0.0011,251,45,2.5100000000000007,68.178,6.817800000000001,6.911882510013351,419,2
1000,1.0,149,0.0011,111,54,1.1100000000000003,23.372,2.3372000000000006,12.43082114735658,442,1
1000,1.0,150,0.0011,255,23,2.5500000000000007,68.326,6.8326,4.430872483221476,467,0
1000,1.0,151,0.0011,206,50,2.0600000000000005,47.462,4.746200000000001,6.329974811083123,448,3
1000,1.0,152,0.0011,227,25,2.2700000000000005,54.592,5.459200000000001,3.96248382923674,455,0
1000,1.0,153,0.0011,172,35,1.7200000000000004,35.006,3.500600000000001,6.548309178743962,452,0
1000,1.0,154,0.0011,272,22,2.7200000000000006,76.894,7.689400000000002,3.9972527472527473,443,3
1000,1.0,155,0.0011,106,83,1.0600000000000003,23.09,2.3090000000000006,13.259507829977629,438,1
1000,1.0,156,0.0011,140,108,1.4000000000000004,38.838,3.883800000000001,22.369767441860464,415,4
1000,1.0,157,0.0011,205,17,2.0500000000000007,45.232,4.523200000000001,4.033962264150944,451,5
1000,1.0,158,0.0011,215,58,2.150000000000001,52.948,5.294800000000001,8.564331210191083,418,7
1000,1.0,159,0.0011,118,82,1.1800000000000004,25.326,2.5326000000000004,12.927437641723357,476,1
1000,1.0,160,0.0011,117,40,1.1700000000000004,20.018,2.0018000000000002,7.1676104190260475,471,1
1000,1.0,161,0.0011,175,26,1.7500000000000004,35.448,3.544800000000001,5.846060606060606,437,3
1000,1.0,162,0.0011,305,52,3.0500000000000007,99.612,9.961200000000002,9.477697841726618,412,3
1000,1.0,163,0.0011,49,45,0.49000000000000016,9.43,0.9430000000000002,7.391167192429022,483,0
1000,1.0,164,0.0011,236,53,2.3600000000000008,62.078,6.2078000000000015,8.353403141361257,457,3
1000,1.0,165,0.0011,295,78,2.9500000000000006,94.86,9.486000000000002,11.113475177304965,425,2
1000,1.0,166,0.0011,127,62,1.2700000000000005,24.174,2.4174,9.215349369988544,453,1
1000,1.0,167,0.0011,230,25,2.3000000000000007,55.856,5.585600000000001,3.838961038961039,454,2
1000,1.0,168,0.0011,98,31,0.9800000000000003,15.574,1.5574000000000003,6.618625277161862,472,0
1000,1.0,169,0.0011,142,41,1.4200000000000004,26.668,2.6668000000000003,7.580419580419581,438,0
1000,1.0,170,0.0011,122,91,1.2200000000000004,26.616,2.6616000000000004,13.362186788154897,455,2
1000,1.0,171,0.0011,287,18,2.870000000000001,85.008,8.500800000000002,3.7012622720897617,425,5
1000,1.0,172,0.0011,143,53,1.4300000000000004,28.24,2.8240000000000003,9.091015169194867,454,0
1000,1.0,173,0.0011,196,29,1.9600000000000006,41.852,4.1852,4.27363184079602,463,2
1000,1.0,174,0.0011,67,65,0.6700000000000002,14.806,1.4806000000000001,11.057877813504824,466,1
1000,1.0,175,0.0011,140,55,1.4000000000000004,28.308,2.8308000000000004,10.125581395348837,447,0
1000,1.0,176,0.0011,266,20,2.6600000000000006,73.408,7.3408000000000015,3.6130790190735693,455,4
1000,1.0,177,0.0011,271,14,2.710000000000001,75.678,7.567800000000001,3.0685871056241427,458,4
1000,1.0,178,0.0011,326,42,3.260000000000001,110.116,11.011600000000001,5.6973293768546,403,4
1000,1.0,179,0.0011,407,13,4.070000000000001,167.12,16.712000000000003,2.480607082630691,400,9
1000,1.0,180,0.0011,287,25,2.870000000000001,85.248,8.524800000000003,4.037868162692847,452,2
1000,1.0,181,0.0011,248,54,2.480000000000001,69.052,6.905200000000002,10.037234042553191,407,4
1000,1.0,182,0.0011,352,15,3.520000000000001,125.51,12.551000000000002,2.478395061728395,448,13
1000,1.0,183,0.0011,52,45,0.5200000000000001,9.444,0.9444000000000002,7.109704641350211,487,2
1000,1.0,184,0.0011,108,107,1.0800000000000003,26.514,2.6514,16.64798206278027,442,3
1000,1.0,185,0.0011,85,67,0.8500000000000002,19.406,1.9406000000000003,13.31256830601093,465,1
1000,1.0,186,0.0011,333,17,3.330000000000001,113.078,11.307800000000002,3.2818590704647677,441,5
1000,1.0,187,0.0011,113,82,1.1300000000000003,25.712,2.5712000000000006,14.591882750845548,451,1
1000,1.0,188,0.0011,234,22,2.3400000000000007,58.096,5.8096000000000005,4.360313315926893,467,3
1000,1.0,189,0.0011,182,52,1.8200000000000005,40.234,4.0234000000000005,8.691931540342297,455,2
1000,1.0,190,0.0011,54,46,0.5400000000000001,11.088,1.1088,8.638477801268499,464,1
1000,1.0,191,0.0011,141,36,1.4100000000000004,24.836,2.4836000000000005,5.768335273573923,459,3
1000,1.0,192,0.0011,108,49,1.0800000000000003,21.018,2.1018000000000003,10.486547085201794,436,1
1000,1.0,193,0.0011,148,98,1.4800000000000004,38.128,3.8128000000000006,19.04225352112676,442,2
1000,1.0,194,0.0011,329,17,3.290000000000001,110.69,11.069000000000003,3.6497764530551415,410,5
1000,1.0,195,0.0011,220,19,2.2000000000000006,52.102,5.2102,4.746153846153846,430,4
1000,1.0,196,0.0011,98,88,0.9800000000000003,21.45,2.1450000000000005,13.133037694013304,454,1
1000,1.0,197,0.0011,217,28,2.170000000000001,50.722,5.072200000000001,4.639846743295019,457,4
1000,1.0,198,0.0011,255,18,2.5500000000000007,67.572,6.757200000000002,3.418791946308725,458,3
1000,1.0,199,0.0011,206,64,2.0600000000000005,49.906,4.990600000000001,9.408060453400504,428,4
1000,2.0,0,0.0012000000000000001,182,73,1.8200000000000005,41.824,4.1824,10.635696821515893,415,3
1000,2.0,1,0.0012000000000000001,332,21,3.3200000000000007,112.676,11.267600000000002,3.6706586826347305,409,6
1000,2.0,2,0.0012000000000000001,306,19,3.060000000000001,96.328,9.632800000000001,3.878962536023055,421,3
1000,2.0,3,0.0012000000000000001,297,36,2.9700000000000006,91.922,9.192200000000001,5.281650071123756,402,8
1000,2.0,4,0.0012000000000000001,374,18,3.740000000000001,141.978,14.197800000000003,3.357827476038339,389,7
1000,2.0,5,0.0012000000000000001,226,106,2.2600000000000007,66.334,6.633400000000002,19.713178294573645,391,3
1000,2.0,6,0.0012000000000000001,125,81,1.2500000000000004,27.54,2.7540000000000004,13.617142857142857,412,4
1000,2.0,7,0.0012000000000000001,405,12,4.050000000000001,165.892,16.5892,3.13781512605042,368,6
1000,2.0,8,0.0012000000000000001,447,16,4.4700000000000015,201.51,20.151000000000003,3.0759493670886076,356,12
1000,2.0,9,0.0012000000000000001,196,118,1.9600000000000006,55.278,5.527800000000001,20.9726368159204,403,2
1000,2.0,10,0.0012000000000000001,354,24,3.540000000000001,127.458,12.745800000000003,3.3157894736842106,423,5
1000,2.0,11,0.0012000000000000001,382,21,3.820000000000001,148.002,14.800200000000004,3.3624595469255665,392,6
1000,2.0,12,0.0012000000000000001,439,24,4.3900000000000015,194.5,19.450000000000003,3.171122994652406,381,7
1000,2.0,13,0.0012000000000000001,342,21,3.420000000000001,119.28,11.928000000000003,3.519756838905775,409,8
1000,2.0,14,0.0012000000000000001,252,31,2.520000000000001,67.28,6.7280000000000015,5.048128342245989,423,6
1000,2.0,15,0.0012000000000000001,399,25,3.990000000000001,161.344,16.134400000000003,3.5657237936772046,384,9
1000,2.0,16,0.0012000000000000001,126,82,1.2600000000000005,27.382,2.7382000000000004,13.164759725400458,430,4
1000,2.0,17,0.0012000000000000001,323,44,3.230000000000001,107.838,10.783800000000001,5.183161004431315,420,5
1000,2.0,18,0.0012000000000000001,457,19,4.570000000000001,210.314,21.0314,2.6979742173112338,380,20
1000,2.0,19,0.0012000000000000001,210,54,2.1000000000000005,52.404,5.240400000000001,10.51139240506329,390,3
1000,2.0,20,0.0012000000000000001,338,27,3.380000000000001,116.732,11.673200000000001,3.7583081570996977,409,4
1000,2.0,21,0.0012000000000000001,164,117,1.6400000000000006,43.99,4.399000000000001,20.44736842105263,421,3
1000,2.0,22,0.0012000000000000001,291,46,2.910000000000001,88.552,8.855200000000002,5.459802538787024,425,3
1000,2.0,23,0.0012000000000000001,296,37,2.960000000000001,92.38,9.238000000000001,6.767045454545454,395,2
1000,2.0,24,0.0012000000000000001,144,47,1.4400000000000004,31.25,3.1250000000000004,12.282710280373832,403,5
1000,2.0,25,0.0012000000000000001,471,8,4.710000000000002,222.86,22.286000000000005,1.9262759924385633,390,14
1000,2.0,26,0.0012000000000000001,173,80,1.7300000000000004,40.948,4.094800000000001,13.324062877871826,415,3
1000,2.0,27,0.0012000000000000001,388,35,3.8800000000000012,153.7,15.370000000000001,5.1568627450980395,380,11
1000,2.0,28,0.0012000000000000001,307,19,3.0700000000000007,97.424,9.742400000000002,4.581529581529582,398,1
1000,2.0,29,0.0012000000000000001,430,18,4.300000000000002,186.974,18.697400000000002,3.6385964912280704,354,12
1000,2.0,30,0.0012000000000000001,335,17,3.350000000000001,114.31,11.431000000000003,3.1353383458646618,411,4
1000,2.0,31,0.0012000000000000001,369,23,3.690000000000001,138.552,13.855200000000002,3.7892234548335977,382,10
1000,2.0,32,0.0012000000000000001,218,19,2.1800000000000006,51.41,5.141000000000001,4.969309462915601,408,2
1000,2.0,33,0.0012000000000000001,87,55,0.8700000000000002,17.634,1.7634000000000003,11.024096385542169,441,2
1000,2.0,34,0.0012000000000000001,200,34,2.0000000000000004,45.668,4.566800000000001,7.085,415,1
1000,2.0,35,0.0012000000000000001,133,66,1.3300000000000003,27.218,2.7218000000000004,10.990772779700116,407,1
1000,2.0,36,0.0012000000000000001,168,106,1.6800000000000004,43.27,4.327000000000001,18.084134615384617,395,1
1000,2.0,37,0.0012000000000000001,338,14,3.380000000000001,116.238,11.623800000000003,3.012084592145015,422,13
1000,2.0,38,0.0012000000000000001,239,33,2.3900000000000006,61.426,6.142600000000002,5.657030223390276,442,3
1000,2.0,39,0.0012000000000000001,352,15,3.520000000000001,126.144,12.614400000000003,3.45679012345679,409,8
1000,2.0,40,0.0012000000000000001,296,20,2.960000000000001,90.55,9.055000000000001,4.167613636363637,386,5
1000,2.0,41,0.0012000000000000001,87,40,0.8700000000000002,14.562,1.4562000000000002,7.659364731653889,463,2
1000,2.0,42,0.0012000000000000001,273,23,2.730000000000001,77.916,7.791600000000001,4.658872077028886,410,6
1000,2.0,43,0.0012000000000000001,379,19,3.790000000000001,145.616,14.561600000000004,3.180354267310789,393,9
1000,2.0,44,0.0012000000000000001,316,37,3.160000000000001,104.292,10.429200000000002,6.485380116959064,389,4
1000,2.0,45,0.0012000000000000001,204,30,2.0400000000000005,46.83,4.683000000000001,6.550251256281407,423,6
1000,2.0,46,0.0012000000000000001,324,19,3.240000000000001,107.714,10.771400000000002,4.050295857988166,412,12
1000,2.0,47,0.0012000000000000001,158,115,1.5800000000000005,43.114,4.311400000000001,21.555819477434678,420,3
1000,2.0,48,0.0012000000000000001,225,83,2.2500000000000004,59.81,5.981000000000002,11.851612903225806,426,3
1000,2.0,49,0.0012000000000000001,102,99,1.0200000000000002,23.848,2.3848000000000003,14.971046770601337,443,1
1000,2.0,50,0.0012000000000000001,261,20,2.6100000000000008,71.152,7.1152000000000015,4.10148849797023,424,5
1000,2.0,51,0.0012000000000000001,415,18,4.150000000000001,173.592,17.359200000000005,2.336752136752137,429,16
1000,2.0,52,0.0012000000000000001,166,41,1.6600000000000004,34.696,3.4696000000000002,8.56115107913669,447,1
1000,2.0,53,0.0012000000000000001,361,16,3.610000000000001,132.494,13.249400000000003,3.400625978090767,396,6
1000,2.0,54,0.0012000000000000001,209,65,2.0900000000000007,52.18,5.218000000000001,10.744627054361567,401,4
1000,2.0,55,0.0012000000000000001,287,60,2.870000000000001,87.872,8.787200000000002,7.718092566619916,413,3
1000,2.0,56,0.0012000000000000001,400,19,4.000000000000001,162.408,16.2408,4.013333333333334,367,8
1000,2.0,57,0.0012000000000000001,290,22,2.900000000000001,87.39,8.739,4.633802816901408,423,7
1000,2.0,58,0.0012000000000000001,185,35,1.8500000000000005,39.09,3.909000000000001,5.969325153374233,437,3
1000,2.0,59,0.0012000000000000001,415,15,4.150000000000001,173.88,17.388,2.8290598290598292,384,9
1000,2.0,60,0.0012000000000000001,391,29,3.910000000000001,155.192,15.519200000000003,3.7947454844006567,382,14
1000,2.0,61,0.0012000000000000001,287,19,2.870000000000001,84.97,8.497000000000002,3.6479663394109396,437,2
1000,2.0,62,0.0012000000000000001,283,41,2.830000000000001,85.856,8.585600000000001,8.043235704323571,385,11
1000,2.0,63,0.0012000000000000001,331,21,3.310000000000001,112.306,11.230600000000003,4.103139013452915,384,5
1000,2.0,64,0.0012000000000000001,256,44,2.560000000000001,71.382,7.138200000000002,7.85752688172043,414,5
1000,2.0,65,0.0012000000000000001,310,26,3.100000000000001,99.538,9.953800000000001,4.982608695652174,405,6
1000,2.0,66,0.0012000000000000001,122,112,1.2200000000000004,35.492,3.5492000000000004,23.471526195899774,403,1
1000,2.0,67,0.0012000000000000001,163,34,1.6300000000000006,32.01,3.2010000000000005,6.500597371565114,446,1
1000,2.0,68,0.0012000000000000001,255,44,2.5500000000000007,72.34,7.234000000000002,9.818791946308725,366,2
1000,2.0,69,0.0012000000000000001,328,36,3.280000000000001,111.44,11.144000000000002,5.738095238095238,420,5
1000,2.0,70,0.0012000000000000001,361,24,3.610000000000001,132.982,13.298200000000003,4.164319248826291,382,6
1000,2.0,71,0.0012000000000000001,297,12,2.9700000000000006,90.294,9.0294,2.9658605974395447,438,5
1000,2.0,72,0.0012000000000000001,294,31,2.940000000000001,90.174,9.017400000000002,5.294617563739377,408,3
1000,2.0,73,0.0012000000000000001,76,37,0.7600000000000002,12.736,1.2736000000000003,7.532467532467533,477,1
1000,2.0,74,0.0012000000000000001,305,21,3.0500000000000007,95.706,9.570600000000002,3.8575539568345323,419,5
1000,2.0,75,0.0012000000000000001,259,63,2.5900000000000007,75.044,7.504400000000001,10.746288798920379,384,7
1000,2.0,76,0.0012000000000000001,341,17,3.410000000000001,118.666,11.866600000000002,3.6191198786039456,403,7
1000,2.0,77,0.0012000000000000001,313,25,3.130000000000001,100.88,10.088000000000001,4.2372634643377,411,4
1000,2.0,78,0.0012000000000000001,307,40,3.0700000000000007,98.476,9.847600000000002,6.0995670995671,383,2
1000,2.0,79,0.0012000000000000001,322,19,3.220000000000001,106.256,10.625600000000002,3.793510324483776,412,5
1000,2.0,80,0.0012000000000000001,218,48,2.1800000000000006,52.826,5.282600000000001,6.780051150895141,424,3
1000,2.0,81,0.0012000000000000001,394,10,3.9400000000000013,156.754,15.675400000000002,2.504950495049505,406,16
1000,2.0,82,0.0012000000000000001,333,18,3.330000000000001,113.046,11.304600000000002,3.2338830584707647,420,1
1000,2.0,83,0.0012000000000000001,243,27,2.4300000000000006,63.418,6.341800000000001,5.7714663143989435,411,3
1000,2.0,84,0.0012000000000000001,278,76,2.7800000000000007,85.308,8.530800000000003,11.113573407202216,422,1
1000,2.0,85,0.0012000000000000001,268,35,2.6800000000000006,75.648,7.564800000000001,5.224043715846994,446,3
1000,2.0,86,0.0012000000000000001,368,18,3.680000000000001,137.396,13.739600000000001,3.1202531645569622,407,4
1000,2.0,87,0.0012000000000000001,361,15,3.610000000000001,132.322,13.232200000000002,3.131455399061033,405,13
1000,2.0,88,0.0012000000000000001,233,32,2.3300000000000005,58.91,5.891000000000001,6.02477183833116,412,5
1000,2.0,89,0.0012000000000000001,276,27,2.7600000000000007,79.062,7.906200000000001,3.9861878453038675,427,3
1000,2.0,90,0.0012000000000000001,277,17,2.770000000000001,79.182,7.9182000000000015,3.392807745504841,441,7
1000,2.0,91,0.0012000000000000001,376,24,3.760000000000001,143.916,14.391600000000002,4.07051282051282,393,11
1000,2.0,92,0.0012000000000000001,278,23,2.7800000000000007,81.142,8.1142,5.3434903047091415,396,4
1000,2.0,93,0.0012000000000000001,363,20,3.6300000000000012,133.998,13.3998,3.499215070643642,404,11
1000,2.0,94,0.0012000000000000001,290,24,2.900000000000001,87.376,8.737600000000002,4.614084507042254,409,7
1000,2.0,95,0.0012000000000000001,155,60,1.5500000000000005,34.288,3.4288000000000003,12.145562130177515,423,4
1000,2.0,96,0.0012000000000000001,399,10,3.990000000000001,160.764,16.076400000000003,2.600665557404326,387,9
1000,2.0,97,0.0012000000000000001,263,30,2.630000000000001,73.79,7.379000000000002,6.270013568521032,405,1
1000,2.0,98,0.0012000000000000001,102,56,1.0200000000000002,19.422,1.9422000000000004,10.042316258351892,428,1
1000,2.0,99,0.0012000000000000001,378,25,3.780000000000001,145.498,14.549800000000001,4.202572347266881,395,8
1000,2.0,100,0.0012000000000000001,305,16,3.0500000000000007,95.816,9.581600000000002,4.015827338129497,401,4
1000,2.0,101,0.0012000000000000001,438,9,4.380000000000002,193.158,19.315800000000003,2.3380782918149468,392,17
1000,2.0,102,0.0012000000000000001,205,37,2.0500000000000007,47.09,4.709000000000001,6.371069182389937,430,4
1000,2.0,103,0.0012000000000000001,243,52,2.4300000000000006,66.618,6.6618,9.998678996036988,404,3
1000,2.0,104,0.0012000000000000001,391,19,3.910000000000001,155.024,15.502400000000003,3.5188834154351394,402,3
1000,2.0,105,0.0012000000000000001,214,63,2.1400000000000006,54.736,5.4736,11.374045801526718,418,0
1000,2.0,106,0.0012000000000000001,82,56,0.8200000000000003,17.49,1.749,11.727668845315904,444,1
1000,2.0,107,0.0012000000000000001,282,15,2.8200000000000007,81.688,8.168800000000001,3.013927576601671,449,5
1000,2.0,108,0.0012000000000000001,304,24,3.040000000000001,94.624,9.4624,3.1724137931034484,437,5
1000,2.0,109,0.0012000000000000001,364,48,3.640000000000001,136.982,13.698200000000002,7.053459119496855,375,8
1000,2.0,110,0.0012000000000000001,315,52,3.150000000000001,104.396,10.439600000000002,7.548905109489051,375,8
1000,2.0,111,0.0012000000000000001,221,29,2.2100000000000004,53.968,5.396800000000002,6.581514762516046,433,0
1000,2.0,112,0.0012000000000000001,138,92,1.3800000000000003,30.96,3.0960000000000005,13.823665893271462,432,3
1000,2.0,113,0.0012000000000000001,346,31,3.460000000000001,123.104,12.310400000000001,5.180428134556575,397,4
1000,2.0,114,0.0012000000000000001,295,32,2.9500000000000006,90.738,9.073800000000002,5.266666666666667,418,7
1000,2.0,115,0.0012000000000000001,171,71,1.7100000000000004,39.126,3.9126000000000003,11.92400482509047,413,0
1000,2.0,116,0.0012000000000000001,224,77,2.2400000000000007,58.444,5.844400000000001,10.654639175257731,446,10
1000,2.0,117,0.0012000000000000001,293,14,2.930000000000001,88.656,8.865600000000002,3.9702970297029703,408,9
1000,2.0,118,0.0012000000000000001,161,136,1.6100000000000005,48.944,4.894400000000001,27.441001191895115,403,5
1000,2.0,119,0.0012000000000000001,108,61,1.0800000000000003,21.538,2.1538000000000004,11.0695067264574,415,1
1000,2.0,120,0.0012000000000000001,262,25,2.6200000000000006,72.032,7.203200000000001,4.590785907859079,446,5
1000,2.0,121,0.0012000000000000001,270,35,2.7000000000000006,76.896,7.689600000000001,5.473972602739726,432,9
1000,2.0,122,0.0012000000000000001,444,22,4.440000000000001,199.264,19.926400000000005,3.827338129496403,346,18
1000,2.0,123,0.0012000000000000001,322,25,3.220000000000001,107.498,10.749800000000002,5.625368731563422,388,8
1000,2.0,124,0.0012000000000000001,477,10,4.770000000000001,228.598,22.859800000000007,2.043977055449331,381,10
1000,2.0,125,0.0012000000000000001,328,28,3.280000000000001,110.346,11.034600000000003,4.1101190476190474,394,15
1000,2.0,126,0.0012000000000000001,254,25,2.540000000000001,68.896,6.8896000000000015,5.871313672922252,401,1
1000,2.0,127,0.0012000000000000001,450,19,4.500000000000001,204.456,20.445600000000002,3.556363636363636,330,13
1000,2.0,128,0.0012000000000000001,447,16,4.4700000000000015,201.344,20.134400000000003,2.7757685352622063,372,12
1000,2.0,129,0.0012000000000000001,147,41,1.4700000000000004,27.994,2.7994000000000003,7.485345838218054,450,2
1000,2.0,130,0.0012000000000000001,163,70,1.6300000000000006,37.896,3.789600000000001,13.532855436081242,396,2
1000,2.0,131,0.0012000000000000001,262,63,2.6200000000000006,75.66,7.566000000000001,9.506775067750677,409,9
1000,2.0,132,0.0012000000000000001,272,45,2.7200000000000006,78.996,7.899600000000001,6.884615384615385,411,3
1000,2.0,133,0.0012000000000000001,356,19,3.560000000000001,128.912,12.891200000000003,3.37888198757764,419,9
1000,2.0,134,0.0012000000000000001,332,27,3.3200000000000007,112.796,11.279600000000002,3.8502994011976046,407,7
1000,2.0,135,0.0012000000000000001,446,12,4.460000000000001,200.612,20.061200000000003,3.0613718411552346,354,14
1000,2.0,136,0.0012000000000000001,316,42,3.160000000000001,104.972,10.497200000000001,7.47953216374269,395,6
1000,2.0,137,0.0012000000000000001,300,71,3.000000000000001,97.428,9.7428,10.611428571428572,393,3
1000,2.0,138,0.0012000000000000001,279,17,2.790000000000001,80.492,8.049200000000003,3.676837725381415,428,4
1000,2.0,139,0.0012000000000000001,112,52,1.1200000000000003,20.014,2.0014000000000003,8.412162162162161,460,4
1000,2.0,140,0.0012000000000000001,135,86,1.3500000000000003,34.492,3.4492000000000003,18.80578034682081,400,3
1000,2.0,141,0.0012000000000000001,270,21,2.7000000000000006,76.076,7.607600000000001,4.35068493150685,411,5
1000,2.0,142,0.0012000000000000001,381,40,3.810000000000001,148.594,14.859400000000003,5.546042003231018,381,9
1000,2.0,143,0.0012000000000000001,310,52,3.100000000000001,101.968,10.196800000000001,8.504347826086956,388,2
1000,2.0,144,0.0012000000000000001,103,49,1.0300000000000002,21.202,2.1202000000000005,11.809364548494983,436,1
1000,2.0,145,0.0012000000000000001,240,51,2.400000000000001,64.726,6.472600000000001,9.376315789473685,416,4
1000,2.0,146,0.0012000000000000001,297,17,2.9700000000000006,91.122,9.112200000000001,4.143669985775249,403,3
1000,2.0,147,0.0012000000000000001,242,32,2.420000000000001,62.904,6.290400000000002,5.725593667546174,420,6
1000,2.0,148,0.0012000000000000001,309,54,3.0900000000000007,100.99,10.099000000000002,7.972503617945007,394,5
1000,2.0,149,0.0012000000000000001,250,75,2.500000000000001,73.758,7.375800000000001,15.010666666666667,406,4
1000,2.0,150,0.0012000000000000001,261,27,2.6100000000000008,71.844,7.184400000000001,5.037889039242219,413,2
1000,2.0,151,0.0012000000000000001,53,45,0.5300000000000001,12.408,1.2408000000000001,10.13621964097149,440,0
1000,2.0,152,0.0012000000000000001,216,32,2.1600000000000006,52.704,5.270400000000001,7.714285714285714,422,2
1000,2.0,153,0.0012000000000000001,265,49,2.650000000000001,74.85,7.485,6.292517006802721,426,8
1000,2.0,154,0.0012000000000000001,330,18,3.300000000000001,111.494,11.149400000000002,3.8716417910447762,382,5
1000,2.0,155,0.0012000000000000001,282,26,2.8200000000000007,82.882,8.288200000000002,4.676880222841226,430,3
1000,2.0,156,0.0012000000000000001,264,87,2.6400000000000006,79.702,7.970200000000001,13.595108695652174,395,7
1000,2.0,157,0.0012000000000000001,331,27,3.310000000000001,112.018,11.201800000000002,3.672645739910314,438,6
1000,2.0,158,0.0012000000000000001,449,18,4.490000000000001,203.216,20.321600000000004,2.9310344827586206,371,11
1000,2.0,159,0.0012000000000000001,381,19,3.810000000000001,147.284,14.728400000000002,3.4297253634894993,391,5
1000,2.0,160,0.0012000000000000001,153,103,1.5300000000000005,40.134,4.013400000000001,19.74616292798111,410,3
1000,2.0,161,0.0012000000000000001,200,30,2.0000000000000004,44.216,4.421600000000001,5.27,464,0
1000,2.0,162,0.0012000000000000001,288,20,2.880000000000001,85.716,8.5716,3.893258426966292,416,3
1000,2.0,163,0.0012000000000000001,161,61,1.6100000000000005,33.748,3.3748000000000005,9.32896305125149,425,4
1000,2.0,164,0.0012000000000000001,369,14,3.690000000000001,138.1,13.810000000000002,3.0729001584786055,396,8
1000,2.0,165,0.0012000000000000001,259,32,2.5900000000000007,72.76,7.276000000000002,7.663967611336032,381,0
1000,2.0,166,0.0012000000000000001,330,21,3.300000000000001,111.896,11.189600000000002,4.471641791044776,409,8
1000,2.0,167,0.0012000000000000001,355,19,3.550000000000001,128.296,12.829600000000001,3.5209302325581397,396,7
1000,2.0,168,0.0012000000000000001,151,74,1.5100000000000005,32.34,3.234000000000001,11.235571260306243,424,0
1000,2.0,169,0.0012000000000000001,141,78,1.4100000000000004,30.156,3.0156000000000005,11.961583236321303,426,2
1000,2.0,170,0.0012000000000000001,407,72,4.070000000000001,172.194,17.2194,11.037099494097808,369,10
1000,2.0,171,0.0012000000000000001,401,34,4.010000000000002,164.084,16.408400000000004,5.480801335559265,370,4
1000,2.0,172,0.0012000000000000001,376,15,3.760000000000001,143.362,14.336200000000002,3.1826923076923075,405,10
1000,2.0,173,0.0012000000000000001,268,47,2.6800000000000006,77.194,7.719400000000002,7.336065573770492,414,5
1000,2.0,174,0.0012000000000000001,299,22,2.9900000000000007,92.378,9.237800000000002,4.24679029957204,403,11
1000,2.0,175,0.0012000000000000001,360,19,3.600000000000001,132.094,13.209400000000002,3.896875,393,12
1000,2.0,176,0.0012000000000000001,318,43,3.180000000000001,104.682,10.468200000000001,5.217008797653959,403,12
1000,2.0,177,0.0012000000000000001,208,74,2.0800000000000005,51.906,5.190600000000001,10.91161616161616,435,5
1000,2.0,178,0.0012000000000000001,350,14,3.500000000000001,124.594,12.459400000000002,3.2215384615384615,399,7
1000,2.0,179,0.0012000000000000001,247,34,2.4700000000000006,66.812,6.681200000000001,7.706507304116866,405,2
1000,2.0,180,0.0012000000000000001,346,16,3.460000000000001,122.214,12.221400000000003,3.819571865443425,401,7
1000,2.0,181,0.0012000000000000001,194,59,1.9400000000000006,46.268,4.626800000000001,10.709677419354838,423,5
1000,2.0,182,0.0012000000000000001,322,17,3.220000000000001,105.996,10.5996,3.410029498525074,412,6
1000,2.0,183,0.0012000000000000001,178,51,1.7800000000000005,38.054,3.805400000000001,7.749391727493918,451,2
1000,2.0,184,0.0012000000000000001,270,46,2.7000000000000006,77.824,7.782400000000001,6.745205479452054,413,10
1000,2.0,185,0.0012000000000000001,323,27,3.230000000000001,107.466,10.7466,4.633677991137371,395,8
1000,2.0,186,0.0012000000000000001,286,30,2.8600000000000008,85.83,8.583000000000002,5.649859943977591,401,4
1000,2.0,187,0.0012000000000000001,333,25,3.330000000000001,113.576,11.357600000000001,4.028485757121439,396,9
1000,2.0,188,0.0012000000000000001,212,41,2.1200000000000006,50.56,5.056000000000001,7.126903553299492,418,0
1000,2.0,189,0.0012000000000000001,185,134,1.8500000000000005,54.622,5.462200000000001,25.026993865030676,401,2
1000,2.0,190,0.0012000000000000001,166,25,1.6600000000000004,31.522,3.1522000000000006,4.755395683453237,454,0
1000,2.0,191,0.0012000000000000001,154,21,1.5400000000000005,28.324,2.8324000000000007,5.446808510638298,442,2
1000,2.0,192,0.0012000000000000001,309,30,3.0900000000000007,98.468,9.846800000000002,4.322720694645441,406,4
1000,2.0,193,0.0012000000000000001,318,19,3.180000000000001,103.524,10.352400000000001,3.5190615835777126,420,9
1000,2.0,194,0.0012000000000000001,359,32,3.590000000000001,131.942,13.194200000000004,4.775351014040561,389,13
1000,2.0,195,0.0012000000000000001,482,16,4.820000000000001,233.906,23.390600000000006,3.054054054054054,338,12
1000,2.0,196,0.0012000000000000001,151,87,1.5100000000000005,36.92,3.6920000000000006,16.6301531213192,385,2
1000,2.0,197,0.0012000000000000001,123,55,1.2300000000000004,22.534,2.2534000000000005,8.443557582668188,449,1
1000,2.0,198,0.0012000000000000001,323,25,3.230000000000001,107.394,10.739400000000002,4.527326440177252,405,7
1000,2.0,199,0.0012000000000000001,238,33,2.380000000000001,60.59,6.059000000000001,5.178477690288714,455,5
4000,-2.0,0,0.00021850197375262816,43,36,0.1706456130865815,5.4115,0.34090313807530537,5.00303260045489,2286,0
4000,-2.0,1,0.00021850197375262816,135,64,0.5357478550392675,10.729,0.6758846472161048,6.388357050452782,2161,0
4000,-2.0,2,0.00021850197375262816,65,43,0.2579526709448325,6.314,0.39775707545181155,5.3445997458703935,2237,0
4000,-2.0,3,0.00021850197375262816,61,58,0.2420786604251505,7.3425,0.4625485154426554,6.511551155115511,2198,0
4000,-2.0,4,0.00021850197375262816,68,60,0.269858178834594,7.0855,0.44635852995150627,6.032044760935911,2275,1
4000,-2.0,5,0.00021850197375262816,40,34,0.15874010519682,5.082,0.32014593877828734,4.729292929292929,2345,0
4000,-2.0,6,0.00021850197375262816,50,37,0.198425131496025,5.412,0.3409346361015527,4.847594936708861,2275,0
4000,-2.0,7,0.00021850197375262816,164,50,0.6508344313069621,11.4305,0.7200763780411675,4.907716371220021,2296,1
4000,-2.0,8,0.00021850197375262816,111,67,0.4405037919211755,9.135,0.5754689395394834,6.227564926716379,2186,0
4000,-2.0,9,0.00021850197375262816,132,66,0.523842347149506,11.219,0.7067527129385291,7.097207859358842,2189,1
4000,-2.0,10,0.00021850197375262816,35,31,0.1388975920472175,4.7815,0.30121562500361687,4.5147540983606556,2255,0
4000,-2.0,11,0.00021850197375262816,120,73,0.47622031559046,10.526,0.6630964485596719,7.140206185567011,2244,1
4000,-2.0,12,0.00021850197375262816,87,83,0.3452597288030835,8.7435,0.5508059849877912,7.003577817531306,2212,0
4000,-2.0,13,0.00021850197375262816,75,67,0.2976376972440375,7.862,0.4952749647136747,6.579108280254777,2187,0
4000,-2.0,14,0.00021850197375262816,57,49,0.2262046499054685,6.5895,0.4151124879141134,5.860765914278468,2214,1
4000,-2.0,15,0.00021850197375262816,61,59,0.2420786604251505,7.014,0.4418543121981321,6.177963950241178,2242,0
4000,-2.0,16,0.00021850197375262816,44,37,0.174614115716502,5.1655,0.3254061091615984,4.733569261880688,2274,0
4000,-2.0,17,0.00021850197375262816,41,38,0.16270860782674051,5.5935,0.3523684196293487,5.226824955796919,2262,0
4000,-2.0,18,0.00021850197375262816,87,54,0.3452597288030835,7.8285,0.49316459695510084,6.068234091489906,2227,2
4000,-2.0,19,0.00021850197375262816,40,40,0.15874010519682,6.016,0.3789842518083779,5.672727272727273,2255,0
4000,-2.0,20,0.00021850197375262816,60,56,0.23811015779523,7.11,0.4479019332376275,6.304568527918781,2148,0
4000,-2.0,21,0.00021850197375262816,96,68,0.380976252472368,8.3805,0.5279384179321993,6.225922131147541,2232,0
4000,-2.0,22,0.00021850197375262816,56,37,0.222236147275548,5.167,0.3255006032403405,4.4452332657200815,2289,0
4000,-2.0,23,0.00021850197375262816,65,53,0.2579526709448325,7.8295,0.4932275930075956,6.8851334180432024,2238,0
4000,-2.0,24,0.00021850197375262816,48,39,0.190488126236184,5.3395,0.33636742229568384,4.821356275303644,2267,0
4000,-2.0,25,0.00021850197375262816,65,54,0.2579526709448325,7.2035,0.453792064145886,6.24879288437103,2276,0
4000,-2.0,26,0.00021850197375262816,47,46,0.1865196236062635,6.136,0.38654377810774715,5.650139134834303,2261,1
4000,-2.0,27,0.00021850197375262816,175,75,0.6944879602360875,13.608,0.8572502823484719,6.224052287581699,2235,0
4000,-2.0,28,0.00021850197375262816,56,53,0.222236147275548,6.665,0.41986868987746656,5.964503042596349,2261,0
4000,-2.0,29,0.00021850197375262816,48,46,0.190488126236184,6.0215,0.379330730097099,5.511639676113361,2237,0
4000,-2.0,30,0.00021850197375262816,137,67,0.5436848602991085,10.4825,0.6603561202761505,5.995599275174735,2231,1
4000,-2.0,31,0.00021850197375262816,85,54,0.3373227235432425,7.773,0.4896683160416425,6.0962962962962965,2283,0
4000,-2.0,32,0.00021850197375262816,101,78,0.4008187656219705,9.3025,0.586020778332353,6.927160810464222,2223,0
4000,-2.0,33,0.00021850197375262816,92,52,0.365102241952686,7.43,0.4680606700359454,5.439099283520982,2261,0
4000,-2.0,34,0.00021850197375262816,48,40,0.190488126236184,5.917,0.37274764261139826,5.40587044534413,2233,0
4000,-2.0,35,0.00021850197375262816,69,63,0.2738266814645145,7.1825,0.4524691470434964,6.097430679216484,2262,0
4000,-2.0,36,0.00021850197375262816,70,60,0.277795184094435,6.8145,0.4292865997254307,5.689058524173028,2234,0
4000,-2.0,37,0.00021850197375262816,148,54,0.587338389228234,10.4585,0.6588442150162768,5.1739356178608515,2282,0
4000,-2.0,38,0.00021850197375262816,178,60,0.706393468125849,13.982,0.880810805981506,6.343275771847201,2234,1
4000,-2.0,39,0.00021850197375262816,56,31,0.222236147275548,4.9275,0.31041304866784947,4.202332657200811,2328,1
4000,-2.0,40,0.00021850197375262816,91,40,0.3611337393227655,6.6165,0.4168133813314715,4.652084932207726,2285,0
4000,-2.0,41,0.00021850197375262816,195,72,0.7738580128344975,15.067,0.9491615229383029,5.845729303547963,2223,1
4000,-2.0,42,0.00021850197375262816,106,81,0.420661278771573,10.5375,0.6638209031633614,7.938880328710837,2170,0
4000,-2.0,43,0.00021850197375262816,67,63,0.2658896762046735,6.2985,0.396780636638143,5.264429188914315,2267,0
4000,-2.0,44,0.00021850197375262816,148,88,0.587338389228234,11.923,0.7511019338948288,6.694704049844237,2283,2
4000,-2.0,45,0.00021850197375262816,104,93,0.412724273511732,9.108,0.5737680461221254,6.574948665297741,2298,1
4000,-2.0,46,0.00021850197375262816,50,38,0.198425131496025,5.368,0.33816280979178404,4.803037974683544,2300,0
4000,-2.0,47,0.00021850197375262816,39,39,0.1547716025668995,5.228,0.3293433624425199,4.895480939156778,2287,0
4000,-2.0,48,0.00021850197375262816,92,75,0.365102241952686,8.248,0.5195914409766458,6.276356192425793,2175,1
4000,-2.0,49,0.00021850197375262816,63,41,0.2500156656849915,6.093,0.3838349478504732,5.1823723647447295,2236,0
4000,-2.0,50,0.00021850197375262816,36,32,0.142866094677138,5.2375,0.32994182494122,4.958123107971746,2276,0
4000,-2.0,51,0.00021850197375262816,48,45,0.190488126236184,6.259,0.39429229256460063,5.752024291497976,2285,0
4000,-2.0,52,0.00021850197375262816,210,48,0.833385552283305,15.529,0.9782656991908745,4.753562005277045,2234,1
4000,-2.0,53,0.00021850197375262816,63,56,0.2500156656849915,6.8435,0.43111348524777826,5.94488188976378,2221,0
4000,-2.0,54,0.00021850197375262816,85,74,0.3373227235432425,7.955,0.5011335975956859,6.282247765006385,2214,0
4000,-2.0,55,0.00021850197375262816,75,69,0.2976376972440375,7.2975,0.45971369308039195,6.003821656050955,2258,2
4000,-2.0,56,0.00021850197375262816,34,32,0.134929089417297,4.6865,0.2952310000166162,4.435199193141704,2326,0
4000,-2.0,57,0.00021850197375262816,37,37,0.1468345973070585,5.4645,0.3442419288575268,5.170073176886198,2287,1
4000,-2.0,58,0.00021850197375262816,47,44,0.1865196236062635,5.961,0.37551946892116705,5.473058436630407,2273,0
4000,-2.0,59,0.00021850197375262816,43,39,0.1706456130865815,5.8245,0.36692050775563445,5.420520596411423,2219,0
4000,-2.0,60,0.00021850197375262816,172,113,0.682582452346326,15.545,0.9792736360307903,8.515151515151516,2208,0
4000,-2.0,61,0.00021850197375262816,99,47,0.3928817603621295,7.698,0.4849436121045368,5.3809279671879,2259,0
4000,-2.0,62,0.00021850197375262816,130,54,0.515905341889665,10.481,0.6602616261974084,6.466149870801034,2223,1
4000,-2.0,63,0.00021850197375262816,70,39,0.277795184094435,6.51,0.4101043017407813,5.379134860050891,2222,0
4000,-2.0,64,0.00021850197375262816,80,51,0.31748021039364,6.9605,0.4384840233896633,5.469897959183673,2239,0
4000,-2.0,65,0.00021850197375262816,34,25,0.134929089417297,4.8905,0.30808219472554393,4.6409480584972265,2265,1
4000,-2.0,66,0.00021850197375262816,78,47,0.309543205133799,6.366,0.40103287018153816,4.941356450790413,2296,0
4000,-2.0,67,0.00021850197375262816,72,43,0.285732189354276,6.757,0.42566432670698295,5.5610997963340125,2207,1
4000,-2.0,68,0.00021850197375262816,58,51,0.230173152535389,6.723,0.42352246092216167,5.968543886352106,2230,1
4000,-2.0,69,0.00021850197375262816,146,60,0.579401383968393,10.0315,0.631944900601021,4.880643487285937,2306,0
4000,-2.0,70,0.00021850197375262816,113,33,0.4484407971810165,7.675,0.4834947028971577,4.613069205042449,2315,0
4000,-2.0,71,0.00021850197375262816,56,49,0.222236147275548,6.3795,0.4018833168902173,5.674949290060852,2235,1
4000,-2.0,72,0.00021850197375262816,84,64,0.333354220913322,7.1755,0.45202817467603323,5.527579162410623,2305,0
4000,-2.0,73,0.00021850197375262816,214,116,0.849259562802987,20.898,1.316491505035153,9.98309561542525,2183,0
4000,-2.0,74,0.00021850197375262816,56,43,0.222236147275548,6.523,0.4109232504232129,5.820486815415822,2271,1
4000,-2.0,75,0.00021850197375262816,63,61,0.2500156656849915,6.775,0.4267982556518884,5.875285750571501,2248,1
4000,-2.0,76,0.00021850197375262816,39,35,0.1547716025668995,5.5055,0.34682476700981124,5.17571320373643,2221,0
4000,-2.0,77,0.00021850197375262816,150,43,0.595275394488075,10.578,0.6663722432893985,5.145974025974026,2262,1
4000,-2.0,78,0.00021850197375262816,87,43,0.3452597288030835,6.245,0.3934103478296742,4.449527216969077,2306,0
4000,-2.0,79,0.00021850197375262816,68,47,0.269858178834594,6.9765,0.4394919602295792,5.921159715157681,2260,0
4000,-2.0,80,0.00021850197375262816,99,94,0.3928817603621295,9.9145,0.6245743624591361,7.653678543963086,2183,1
4000,-2.0,81,0.00021850197375262816,40,33,0.15874010519682,4.853,0.305719842756991,4.497979797979798,2288,0
4000,-2.0,82,0.00021850197375262816,205,49,0.8135430391337025,15.7885,0.9946131748132605,5.567588932806324,2190,1
4000,-2.0,83,0.00021850197375262816,79,46,0.3135117077637195,7.013,0.4417913161456373,5.562611578678909,2228,0
4000,-2.0,84,0.00021850197375262816,48,47,0.190488126236184,6.1105,0.3849373787691312,5.60172064777328,2228,0
4000,-2.0,85,0.00021850197375262816,262,55,1.039747689039171,21.4895,1.3537536700857942,4.631888710540396,2239,1
4000,-2.0,86,0.00021850197375262816,67,57,0.2658896762046735,8.161,0.5141107844096031,7.158657513348589,2189,1
4000,-2.0,87,0.00021850197375262816,57,35,0.2262046499054685,5.4415,0.34279301965014763,4.696170428607659,2293,0
4000,-2.0,88,0.00021850197375262816,93,68,0.3690707445826065,7.6585,0.4824552680309944,5.627079600716662,2249,0
4000,-2.0,89,0.00021850197375262816,47,44,0.1865196236062635,6.1525,0.3875832129739104,5.666835314950671,2195,0
4000,-2.0,90,0.00021850197375262816,71,51,0.2817636867243555,7.144,0.4500437990224488,5.990073810129804,2261,1
4000,-2.0,91,0.00021850197375262816,177,73,0.7024249654959285,14.743,0.9287508019300059,7.2307088673816375,2193,1
4000,-2.0,92,0.00021850197375262816,55,37,0.2182676446456275,5.7835,0.36433766960335,5.097338403041825,2262,1
4000,-2.0,93,0.00021850197375262816,132,55,0.523842347149506,9.3235,0.5873436954347425,5.137021716649431,2253,0
4000,-2.0,94,0.00021850197375262816,37,36,0.1468345973070585,5.4085,0.3407141499178211,5.113550340651022,2261,0
4000,-2.0,95,0.00021850197375262816,44,31,0.174614115716502,5.0275,0.3167126539173238,4.5940343781597575,2263,1
4000,-2.0,96,0.00021850197375262816,50,41,0.198425131496025,5.1535,0.3246501565316615,4.5858227848101265,2359,0
4000,-2.0,97,0.00021850197375262816,70,66,0.277795184094435,7.3925,0.4656983180673926,6.2773536895674305,2268,1
4000,-2.0,98,0.00021850197375262816,146,79,0.579401383968393,12.8025,0.8065069620639559,7.756616502335236,2212,1
4000,-2.0,99,0.00021850197375262816,75,59,0.2976376972440375,6.9335,0.4367831299723053,5.632866242038217,2294,0
4000,-2.0,100,0.00021850197375262816,84,46,0.333354220913322,6.635,0.41797880830262424,4.975485188968335,2257,0
4000,-2.0,101,0.00021850197375262816,62,59,0.246047163055071,6.1945,0.3902290471786896,5.315896394108685,2237,0
4000,-2.0,102,0.00021850197375262816,49,49,0.19445662886610451,5.9105,0.37233816827018246,5.376107314603898,2295,0
4000,-2.0,103,0.00021850197375262816,304,42,1.206424799495832,27.03,1.7027832989329215,4.248917748917749,2264,0
4000,-2.0,104,0.00021850197375262816,107,93,0.4246297814014935,9.325,0.5874381895134847,6.640380169535063,2193,1
4000,-2.0,105,0.00021850197375262816,51,35,0.2023936341259455,4.872,0.30691676775439114,4.276272474044061,2298,0
4000,-2.0,106,0.00021850197375262816,124,59,0.492094326110142,9.271,0.5840364026787687,5.6006191950464395,2265,2
4000,-2.0,107,0.00021850197375262816,67,48,0.2658896762046735,6.541,0.41205717936811836,5.511060259344013,2292,1
4000,-2.0,108,0.00021850197375262816,45,41,0.1785826183464225,5.469,0.3445254110937532,5.019216182048041,2282,0
4000,-2.0,109,0.00021850197375262816,128,70,0.507968336629824,11.694,0.7366758378735325,7.849173553719008,2204,0
4000,-2.0,110,0.00021850197375262816,74,64,0.293669194614117,8.7455,0.5509319770927807,7.5155374426897605,2217,0
4000,-2.0,111,0.00021850197375262816,68,57,0.269858178834594,7.2345,0.45574494177322306,6.183621566632757,2189,2
4000,-2.0,112,0.00021850197375262816,93,47,0.3690707445826065,7.2325,0.4556189496682336,5.190939339646788,2253,0
4000,-2.0,113,0.00021850197375262816,196,69,0.7778265154644181,15.81,0.9959675899418975,6.5257623554153525,2173,2
4000,-2.0,114,0.00021850197375262816,49,42,0.19445662886610451,5.555,0.34994307160830107,5.016198430777019,2282,0
4000,-2.0,115,0.00021850197375262816,46,31,0.182551120976343,5.247,0.33054028743992003,4.772888214466363,2280,0
4000,-2.0,116,0.00021850197375262816,111,62,0.4405037919211755,7.807,0.49181018182646385,4.861661095397275,2314,1
4000,-2.0,117,0.00021850197375262816,105,94,0.4166927761416525,9.3655,0.5899895296395219,6.787419768934531,2273,0
4000,-2.0,118,0.00021850197375262816,47,46,0.1865196236062635,5.9955,0.37769283273223564,5.507968631419176,2287,0
4000,-2.0,119,0.00021850197375262816,61,46,0.2420786604251505,7.113,0.44809092139511175,6.278497080477279,2228,0
4000,-2.0,120,0.00021850197375262816,67,58,0.2658896762046735,6.3745,0.40156833662774355,5.341723874904653,2310,2
4000,-2.0,121,0.00021850197375262816,164,42,0.6508344313069621,11.7705,0.7414950358893804,5.262252346193952,2205,1
4000,-2.0,122,0.00021850197375262816,110,54,0.436535289291255,9.058,0.5706182434973881,6.203598971722365,2235,0
4000,-2.0,123,0.00021850197375262816,64,61,0.253984168314912,7.7945,0.49102273117027956,6.880589430894309,2230,1
4000,-2.0,124,0.00021850197375262816,63,58,0.2500156656849915,7.267,0.45779231347930227,6.3751587503175005,2236,1
4000,-2.0,125,0.00021850197375262816,61,49,0.2420786604251505,6.26,0.39435528861709535,5.412287382584412,2187,0
4000,-2.0,126,0.00021850197375262816,46,40,0.182551120976343,5.6375,0.35514024593911747,5.1679312089023774,2278,0
4000,-2.0,127,0.00021850197375262816,46,38,0.182551120976343,6.317,0.3979460636092958,5.855336368234699,2201,0
4000,-2.0,128,0.00021850197375262816,70,51,0.277795184094435,7.533,0.4745492634429041,6.420356234096692,2220,0
4000,-2.0,129,0.00021850197375262816,120,117,0.47622031559046,13.7665,0.8672351566688887,10.480927835051546,2229,0
4000,-2.0,130,0.00021850197375262816,33,30,0.1309605867873765,4.351,0.2740958244046297,4.1126796067557345,2307,0
4000,-2.0,131,0.00021850197375262816,92,82,0.365102241952686,8.2205,0.5178590495330403,6.2482088024564995,2241,0
4000,-2.0,132,0.00021850197375262816,49,46,0.19445662886610451,6.3185,0.39804055768803787,5.789167299417869,2218,0
4000,-2.0,133,0.00021850197375262816,135,49,0.5357478550392675,9.575,0.6031872026371706,5.19404915912031,2251,0
4000,-2.0,134,0.00021850197375262816,64,56,0.253984168314912,7.289,0.4591782266341866,6.366869918699187,2209,1
4000,-2.0,135,0.00021850197375262816,192,69,0.761952504944736,15.4225,0.9715566196001842,6.519432773109243,2160,1
4000,-2.0,136,0.00021850197375262816,36,36,0.142866094677138,5.763,0.36304625052720774,5.488395560040363,2211,2
4000,-2.0,137,0.00021850197375262816,75,73,0.2976376972440375,7.338,0.46226503320642903,6.045095541401274,2211,1
4000,-2.0,138,0.00021850197375262816,63,53,0.2500156656849915,6.3475,0.3998674432103855,5.440944881889764,2231,0
4000,-2.0,139,0.00021850197375262816,80,40,0.31748021039364,6.274,0.39523723335202177,4.7693877551020405,2303,0
4000,-2.0,140,0.00021850197375262816,73,66,0.2897006919841965,7.5585,0.47615566278152005,6.341991341991342,2226,0
4000,-2.0,141,0.00021850197375262816,90,69,0.357165236692845,7.6685,0.4830852285559418,5.773401534526855,2299,1
4000,-2.0,142,0.00021850197375262816,134,65,0.531779352409347,10.8205,0.6816487860193738,6.550957061562339,2182,0
4000,-2.0,143,0.00021850197375262816,83,59,0.3293857182834015,7.8185,0.4925346364301534,6.225427623181006,2203,1
4000,-2.0,144,0.00021850197375262816,54,41,0.214299142015707,7.055,0.4444371503504166,6.412569690826153,2244,0
4000,-2.0,145,0.00021850197375262816,50,34,0.198425131496025,5.2345,0.32975283678373574,4.667848101265823,2267,0
4000,-2.0,146,0.00021850197375262816,132,44,0.523842347149506,8.703,0.5482546448617541,4.4953464322647365,2263,1
4000,-2.0,147,0.00021850197375262816,78,64,0.309543205133799,7.788,0.4906132568290637,6.391636919938807,2250,0
4000,-2.0,148,0.00021850197375262816,70,48,0.277795184094435,7.1375,0.44963432468123293,6.017811704834606,2223,0
4000,-2.0,149,0.00021850197375262816,184,93,0.730204483905372,15.1385,0.9536657406916771,6.996331236897275,2251,0
4000,-2.0,150,0.00021850197375262816,149,55,0.5913068918581545,10.429,0.6569858314676817,5.067514931186705,2300,1
4000,-2.0,151,0.00021850197375262816,42,36,0.166677110456661,5.0305,0.31690164207480803,4.638201111672562,2333,0
4000,-2.0,152,0.00021850197375262816,82,75,0.32541721565348103,8.0695,0.508346645606334,6.522205206738132,2272,0
4000,-2.0,153,0.00021850197375262816,60,55,0.23811015779523,6.8475,0.4313654694577573,6.038071065989848,2197,1
4000,-2.0,154,0.00021850197375262816,91,51,0.3611337393227655,7.0735,0.4456025773215694,5.119723714504988,2205,0
4000,-2.0,155,0.00021850197375262816,129,38,0.5119368392597445,8.4185,0.5303322679269996,4.400154998708344,2308,1
4000,-2.0,156,0.00021850197375262816,50,35,0.198425131496025,5.267,0.33180020848981495,4.700759493670886,2279,0
4000,-2.0,157,0.00021850197375262816,113,73,0.4484407971810165,10.1135,0.6371105769055901,7.122459480319012,2161,1
4000,-2.0,158,0.00021850197375262816,81,52,0.3214487130235605,6.7015,0.42216804579352474,5.165858637407502,2259,0
4000,-2.0,159,0.00021850197375262816,227,40,0.9008500969919535,17.5615,1.1063051758864408,4.960773919957593,2168,0
4000,-2.0,160,0.00021850197375262816,86,45,0.341291226173163,6.287,0.3960561820344535,4.53551354113439,2283,0
4000,-2.0,161,0.00021850197375262816,73,63,0.2897006919841965,7.9075,0.4981412851021855,6.697478991596639,2267,1
4000,-2.0,162,0.00021850197375262816,79,46,0.3135117077637195,6.3885,0.4024502813626699,4.925529201734252,2348,0
4000,-2.0,163,0.00021850197375262816,102,69,0.404787268251891,8.902,0.5607908593082082,6.465879938429964,2202,0
4000,-2.0,164,0.00021850197375262816,60,34,0.23811015779523,5.143,0.3239886979804667,4.3076142131979696,2276,1
4000,-2.0,165,0.00021850197375262816,137,38,0.5436848602991085,9.1825,0.5784612520329837,4.6494952109759256,2226,1
4000,-2.0,166,0.00021850197375262816,61,61,0.2420786604251505,7.7885,0.49064475485531106,6.9644579842599645,2243,2
4000,-2.0,167,0.00021850197375262816,99,68,0.3928817603621295,7.7835,0.4903297745928374,5.468597795437067,2250,0
4000,-2.0,168,0.00021850197375262816,109,35,0.4325667866613345,7.3175,0.4609736141302868,4.469031097404266,2258,0
4000,-2.0,169,0.00021850197375262816,75,72,0.2976376972440375,8.625,0.5433409527671641,7.356687898089172,2249,0
4000,-2.0,170,0.00021850197375262816,61,39,0.2420786604251505,6.14,0.3867957623177261,5.29042904290429,2240,0
4000,-2.0,171,0.00021850197375262816,40,34,0.15874010519682,5.0995,0.3212483696969453,4.746969696969697,2283,1
4000,-2.0,172,0.00021850197375262816,77,62,0.3055747025038785,7.0325,0.44301973916928483,5.6591893958705075,2216,1
4000,-2.0,173,0.00021850197375262816,63,41,0.2500156656849915,6.1555,0.38777220113139466,5.245872491744984,2261,0
4000,-2.0,174,0.00021850197375262816,46,41,0.182551120976343,5.522,0.34786420187597455,5.051087506322711,2295,0
4000,-2.0,175,0.00021850197375262816,78,56,0.309543205133799,7.2915,0.45933571676542345,5.885262621111678,2266,0
4000,-2.0,176,0.00021850197375262816,41,38,0.16270860782674051,5.9365,0.37397606563504576,5.57337711543319,2264,0
4000,-2.0,177,0.00021850197375262816,48,34,0.190488126236184,5.3175,0.33498150914079944,4.799089068825911,2281,2
4000,-2.0,178,0.00021850197375262816,57,49,0.2262046499054685,6.721,0.4233964688171722,5.994166878011666,2268,0
4000,-2.0,179,0.00021850197375262816,58,41,0.230173152535389,6.456,0.4067025149060652,5.697615423642821,2213,0
4000,-2.0,180,0.00021850197375262816,79,62,0.3135117077637195,7.7515,0.4883139009130056,6.315990818668707,2257,2
4000,-2.0,181,0.00021850197375262816,55,33,0.2182676446456275,5.2555,0.3310757538861253,4.561977186311787,2287,0
4000,-2.0,182,0.00021850197375262816,107,75,0.4246297814014935,9.6335,0.6068724717081131,6.957359362959157,2261,0
4000,-2.0,183,0.00021850197375262816,96,86,0.380976252472368,8.864,0.558397009313408,6.721311475409836,2203,2
4000,-2.0,184,0.00021850197375262816,54,44,0.214299142015707,6.315,0.3978200715043063,5.6624429802331475,2295,1
4000,-2.0,185,0.00021850197375262816,57,51,0.2262046499054685,6.812,0.42912910959419387,6.086482373827035,2227,1
4000,-2.0,186,0.00021850197375262816,39,38,0.1547716025668995,5.4095,0.3407771459703159,5.078767987881848,2294,1
4000,-2.0,187,0.00021850197375262816,48,37,0.190488126236184,6.095,0.38396093995546265,5.586032388663968,2228,0
4000,-2.0,188,0.00021850197375262816,75,41,0.2976376972440375,6.278,0.3954892175620007,4.9648407643312105,2239,0
4000,-2.0,189,0.00021850197375262816,51,39,0.2023936341259455,5.6435,0.3555182222540859,5.057736135730565,2295,0
4000,-2.0,190,0.00021850197375262816,36,25,0.142866094677138,4.732,0.29809732040512704,4.44803229061554,2269,0
4000,-2.0,191,0.00021850197375262816,55,54,0.2182676446456275,5.968,0.3759604412886302,5.284410646387832,2289,1
4000,-2.0,192,0.00021850197375262816,62,54,0.246047163055071,6.8095,0.42897161946295703,5.9405789740985275,2248,0
4000,-2.0,193,0.00021850197375262816,47,46,0.1865196236062635,5.9045,0.37196019195521396,5.415886668353149,2296,0
4000,-2.0,194,0.00021850197375262816,75,59,0.2976376972440375,7.4005,0.4662022864873505,6.108789808917197,2247,2
4000,-2.0,195,0.00021850197375262816,29,27,0.1150865762676945,4.25,0.2677332231026606,4.069252077562327,2342,0
4000,-2.0,196,0.00021850197375262816,161,62,0.6389289234172005,13.1425,0.8279256199121687,6.941651471737432,2218,0
4000,-2.0,197,0.00021850197375262816,70,58,0.277795184094435,6.395,0.40285975570388577,5.262086513994911,2238,0
4000,-2.0,198,0.00021850197375262816,119,62,0.47225181296053953,10.191,0.6419927709739328,6.8546766297346045,2240,0
4000,-2.0,199,0.00021850197375262816,62,49,0.246047163055071,6.4905,0.40887587871713377,5.616556627729812,2263,2
4000,-1.0,0,0.0002342509868763141,160,51,0.63496042078728,12.2915,0.7743159792391417,6.136979166666666,2137,1
4000,-1.0,1,0.0002342509868763141,53,48,0.2103306393857865,7.015,0.4419173082506268,6.397517101596149,2121,0
4000,-1.0,2,0.0002342509868763141,105,91,0.4166927761416525,11.015,0.6939015182296016,8.481386392811297,2119,0
4000,-1.0,3,0.0002342509868763141,72,47,0.285732189354276,7.7685,0.4893848338054162,6.591140529531568,2090,0
4000,-1.0,4,0.0002342509868763141,153,70,0.6071809023778365,13.2705,0.8359891146314958,7.713283077722901,2129,0
4000,-1.0,5,0.0002342509868763141,169,38,0.6706769444565645,12.622,0.7951361745886546,5.723570869224745,2116,2
4000,-1.0,6,0.0002342509868763141,75,55,0.2976376972440375,7.3555,0.46336746412508706,6.062929936305732,2174,0
4000,-1.0,7,0.0002342509868763141,204,57,0.809574536503782,16.2375,1.0228984023834005,6.14699683877766,2120,0
4000,-1.0,8,0.0002342509868763141,125,75,0.4960628287400625,11.0215,0.6943109925708173,7.344774193548387,2078,0
4000,-1.0,9,0.0002342509868763141,89,82,0.3531967340629245,9.3745,0.5905564941119745,7.56251598056763,2117,1
4000,-1.0,10,0.0002342509868763141,67,56,0.2658896762046735,7.1235,0.4487523799463065,6.103483346046275,2128,0
4000,-1.0,11,0.0002342509868763141,178,43,0.706393468125849,13.6055,0.857092792217235,5.949241234955521,2138,0
4000,-1.0,12,0.0002342509868763141,119,99,0.47225181296053953,13.509,0.8510136731514922,10.274413810873487,2086,0
4000,-1.0,13,0.0002342509868763141,147,40,0.5833698865983135,10.6825,0.6729553307750992,5.481702569426421,2164,0
4000,-1.0,14,0.0002342509868763141,146,107,0.579401383968393,14.761,0.9298847308749113,9.789309807991698,2095,1
4000,-1.0,15,0.0002342509868763141,228,64,0.904818599621874,18.5435,1.1681672994362793,5.882820784729587,2110,1
4000,-1.0,16,0.0002342509868763141,92,74,0.365102241952686,10.993,0.6925156050747172,9.085977482088024,2140,0
4000,-1.0,17,0.0002342509868763141,67,48,0.2658896762046735,7.7795,0.49007779038285837,6.770658530383931,2146,1
4000,-1.0,18,0.0002342509868763141,91,80,0.3611337393227655,11.5035,0.7246750898732839,9.652852391916092,2084,2
4000,-1.0,19,0.0002342509868763141,175,148,0.6944879602360875,20.791,1.3097509274182157,13.735686274509805,2084,3
4000,-1.0,20,0.0002342509868763141,270,77,1.071495710078535,25.5055,1.6067458169046847,7.807506702412868,2034,2
4000,-1.0,21,0.0002342509868763141,67,38,0.2658896762046735,6.8085,0.4289086234104623,5.783117213323163,2143,0
4000,-1.0,22,0.0002342509868763141,47,47,0.1865196236062635,6.3525,0.40018242347285915,5.869213255755123,2119,0
4000,-1.0,23,0.0002342509868763141,128,87,0.507968336629824,10.7385,0.6764831097148049,6.862086776859504,2152,0
4000,-1.0,24,0.0002342509868763141,154,68,0.611149405007757,13.0,0.8189486824316677,7.354134165366615,2112,0
4000,-1.0,25,0.0002342509868763141,243,61,0.9643461390706816,20.6055,1.2980651596804407,6.221187117380889,2114,1
4000,-1.0,26,0.0002342509868763141,81,43,0.3214487130235605,7.1415,0.4498863088912119,5.614952794080122,2132,0
4000,-1.0,27,0.0002342509868763141,108,84,0.428598284031414,10.898,0.6865309800877165,8.20349434737924,2085,1
4000,-1.0,28,0.0002342509868763141,193,55,0.7659210075746565,15.689,0.9883450675900335,6.700026267402154,2079,0
4000,-1.0,29,0.0002342509868763141,116,65,0.460346305070778,10.6985,0.6739632676150151,7.553553038105046,2121,1
4000,-1.0,30,0.0002342509868763141,210,128,0.833385552283305,22.789,1.4356170403027135,12.415831134564645,2067,1
4000,-1.0,31,0.0002342509868763141,143,52,0.5674958760786315,11.2825,0.7107529622719455,6.399014778325123,2135,1
4000,-1.0,32,0.0002342509868763141,320,46,1.26992084157456,31.1035,1.9593977187702598,5.9820652173913045,2105,1
4000,-1.0,33,0.0002342509868763141,113,102,0.4484407971810165,12.9735,0.817279287040557,10.065603293028042,2153,0
4000,-1.0,34,0.0002342509868763141,53,53,0.2103306393857865,8.035,0.5061732817952654,7.431213579934127,2108,0
4000,-1.0,35,0.0002342509868763141,202,83,0.801637531243941,17.235,1.085736964746907,7.40810953133228,2078,3
4000,-1.0,36,0.0002342509868763141,95,69,0.3770077498424475,11.373,0.7164541050227197,9.33854033290653,2096,0
4000,-1.0,37,0.0002342509868763141,107,85,0.4246297814014935,10.8555,0.6838536478566899,8.212946313896738,2172,1
4000,-1.0,38,0.0002342509868763141,70,52,0.277795184094435,8.4715,0.533671058709221,7.37557251908397,2084,1
4000,-1.0,39,0.0002342509868763141,78,73,0.309543205133799,8.0885,0.5095435706037341,6.69811320754717,2194,2
4000,-1.0,40,0.0002342509868763141,106,101,0.420661278771573,12.192,0.7680478720159148,9.638418079096045,2129,0
4000,-1.0,41,0.0002342509868763141,195,82,0.7738580128344975,16.581,1.0445375464153448,7.437319316688567,2080,0
4000,-1.0,42,0.0002342509868763141,236,88,0.936566620661238,21.732,1.3690302128157694,8.297555791710947,2121,0
4000,-1.0,43,0.0002342509868763141,222,83,0.881007583842351,19.6095,1.235321091395676,7.716781365802012,2124,1
4000,-1.0,44,0.0002342509868763141,153,95,0.6071809023778365,13.5335,0.8525570764376135,7.986742916558357,2064,3
4000,-1.0,45,0.0002342509868763141,156,77,0.619086410267598,12.476,0.7859387509244221,6.6514047866805415,2095,1
4000,-1.0,46,0.0002342509868763141,80,68,0.31748021039364,7.907,0.4981097870759382,6.435714285714286,2227,0
4000,-1.0,47,0.0002342509868763141,109,49,0.4325667866613345,10.7825,0.6792549360245737,8.031097404266255,2139,1
4000,-1.0,48,0.0002342509868763141,208,61,0.825448547023464,17.403,1.0963203015660241,6.948312236286919,2078,1
4000,-1.0,49,0.0002342509868763141,226,39,0.896881594362033,17.477,1.100982009450635,4.989931107578166,2225,0
4000,-1.0,50,0.0002342509868763141,77,58,0.3055747025038785,8.147,0.5132288396746767,6.795564618914097,2138,0
4000,-1.0,51,0.0002342509868763141,159,92,0.6309919181573596,15.0465,0.9478701038621606,9.087477219474096,2075,0
4000,-1.0,52,0.0002342509868763141,78,66,0.309543205133799,8.1885,0.5158431758532085,6.800101988781234,2116,4
4000,-1.0,53,0.0002342509868763141,176,49,0.698456462866008,14.0645,0.8860079803123224,6.6114016736401675,2089,2
4000,-1.0,54,0.0002342509868763141,103,78,0.40875577088181153,10.0085,0.630495991393642,7.550680010264306,2100,1
4000,-1.0,55,0.0002342509868763141,105,44,0.4166927761416525,9.269,0.5839104105737791,6.6883183568677795,2117,0
4000,-1.0,56,0.0002342509868763141,57,53,0.2262046499054685,6.955,0.4381375451009422,6.231549581536901,2209,0
4000,-1.0,57,0.0002342509868763141,81,64,0.3214487130235605,8.2815,0.5217018087352197,6.778514927277366,2146,0
4000,-1.0,58,0.0002342509868763141,318,71,1.261983836314719,31.7085,1.9975103305295796,6.98261814231396,2133,2
4000,-1.0,59,0.0002342509868763141,89,60,0.3531967340629245,8.2735,0.5211978403152617,6.436461263104065,2091,0
4000,-1.0,60,0.0002342509868763141,77,58,0.3055747025038785,7.4525,0.4694780812170772,6.087433086923273,2193,2
4000,-1.0,61,0.0002342509868763141,128,53,0.507968336629824,11.142,0.701902016896434,7.278925619834711,2120,0
4000,-1.0,62,0.0002342509868763141,54,47,0.214299142015707,7.415,0.4671157292485243,6.7774961986822095,2129,3
4000,-1.0,63,0.0002342509868763141,98,80,0.38891325773220903,10.771,0.6785304814208841,8.58021527421835,2054,0
4000,-1.0,64,0.0002342509868763141,117,69,0.4643148077006985,10.736,0.6763256195835681,7.534123100695338,2113,2
4000,-1.0,65,0.0002342509868763141,118,113,0.468283310330619,12.1105,0.7629136937375932,8.891808346213292,2117,1
4000,-1.0,66,0.0002342509868763141,122,93,0.484157320850301,12.994,0.8185707061166992,9.56472408457968,2090,0
4000,-1.0,67,0.0002342509868763141,93,69,0.3690707445826065,9.21,0.5801936434765893,7.215510621960584,2128,0
4000,-1.0,68,0.0002342509868763141,206,69,0.8175115417636231,17.385,1.0951863726211188,7.143911439114391,2086,1
4000,-1.0,69,0.0002342509868763141,81,59,0.3214487130235605,7.484,0.47146245687066163,5.964531768308242,2217,1
4000,-1.0,70,0.0002342509868763141,89,69,0.3531967340629245,9.1785,0.5782092678230047,7.362055740219892,2121,0
4000,-1.0,71,0.0002342509868763141,138,81,0.547653362929029,10.9155,0.6876334110063745,6.37441740031072,2178,1
4000,-1.0,72,0.0002342509868763141,106,61,0.420661278771573,9.4415,0.5947772296291224,6.813045711350796,2151,0
4000,-1.0,73,0.0002342509868763141,146,89,0.579401383968393,13.515,0.8513916494664607,8.496107939802803,2068,1
4000,-1.0,74,0.0002342509868763141,76,66,0.301606199873958,8.4125,0.5299542916120311,7.103465851172273,2140,1
4000,-1.0,75,0.0002342509868763141,195,112,0.7738580128344975,19.259,1.2132409749962683,10.252562417871221,2077,1
4000,-1.0,76,0.0002342509868763141,90,88,0.357165236692845,11.0175,0.6940590083608383,9.199488491048593,2163,2
4000,-1.0,77,0.0002342509868763141,129,128,0.5119368392597445,15.6575,0.986360691936449,11.880392663394472,2047,0
4000,-1.0,78,0.0002342509868763141,96,60,0.380976252472368,8.935,0.5628697290405347,6.79405737704918,2176,0
4000,-1.0,79,0.0002342509868763141,208,72,0.825448547023464,16.484,1.0384269293233548,5.9789029535864975,2137,0
4000,-1.0,80,0.0002342509868763141,152,78,0.603212399747916,14.8435,0.9350819052057276,9.425675675675675,2056,1
4000,-1.0,81,0.0002342509868763141,50,47,0.198425131496025,6.655,0.41923872935251916,6.10632911392405,2199,0
4000,-1.0,82,0.0002342509868763141,96,58,0.380976252472368,7.841,0.49395204761128514,5.673155737704918,2143,0
4000,-1.0,83,0.0002342509868763141,159,56,0.6309919181573596,12.884,0.8116411403422774,6.835459515751107,2110,1
4000,-1.0,84,0.0002342509868763141,295,151,1.1707082758265475,31.3085,1.9723119095316821,10.312820512820513,2098,0
4000,-1.0,85,0.0002342509868763141,118,90,0.468283310330619,13.484,0.8494387718391236,10.307058217413704,2097,0
4000,-1.0,86,0.0002342509868763141,96,46,0.380976252472368,7.8735,0.4959994193173643,5.706454918032787,2175,0
4000,-1.0,87,0.0002342509868763141,125,123,0.4960628287400625,13.0905,0.824649825182442,9.480516129032258,2081,1
4000,-1.0,88,0.0002342509868763141,185,65,0.7341729865352925,14.5295,0.9153011447223782,6.262909567496724,2111,1
4000,-1.0,89,0.0002342509868763141,54,48,0.214299142015707,7.245,0.45640640032441787,6.605169792194627,2119,2
4000,-1.0,90,0.0002342509868763141,125,41,0.4960628287400625,10.5015,0.6615530452735506,6.808,2093,2
4000,-1.0,91,0.0002342509868763141,103,74,0.40875577088181153,9.5355,0.6006988585636283,7.065178342314601,2189,1
4000,-1.0,92,0.0002342509868763141,45,44,0.1785826183464225,7.588,0.47801404633011496,7.162326169405816,2104,0
4000,-1.0,93,0.0002342509868763141,78,46,0.309543205133799,8.475,0.5338915448929525,7.092299847016828,2145,2
4000,-1.0,94,0.0002342509868763141,209,205,0.8294170496533845,26.1295,1.6460553536614047,16.047744658401477,2063,1
4000,-1.0,95,0.0002342509868763141,83,82,0.3293857182834015,10.0245,0.6315039282335579,8.478172070462088,2157,0
4000,-1.0,96,0.0002342509868763141,127,52,0.5039998339999036,9.9375,0.6260232716665152,6.098889749548154,2142,2
4000,-1.0,97,0.0002342509868763141,98,49,0.38891325773220903,8.3415,0.5254815718849043,6.089697590978985,2151,0
4000,-1.0,98,0.0002342509868763141,86,86,0.341291226173163,9.2485,0.5826189914976369,7.5620848237097595,2134,0
4000,-1.0,99,0.0002342509868763141,89,55,0.3531967340629245,8.572,0.5400021619849427,6.741754027103043,2113,0
4000,-1.0,100,0.0002342509868763141,134,91,0.531779352409347,12.056,0.7594804088766296,7.829280910501811,2147,0
4000,-1.0,101,0.0002342509868763141,68,49,0.269858178834594,7.4485,0.4692260970070982,6.401322482197355,2165,0
4000,-1.0,102,0.0002342509868763141,64,59,0.253984168314912,7.8605,0.49518047063493265,6.947662601626016,2139,0
4000,-1.0,103,0.0002342509868763141,85,79,0.3373227235432425,9.963,0.6276296710051311,8.333844189016602,2081,1
4000,-1.0,104,0.0002342509868763141,72,69,0.285732189354276,9.273,0.584162394783758,8.123217922606925,2130,1
4000,-1.0,105,0.0002342509868763141,96,76,0.380976252472368,10.5285,0.6632539386909087,8.426741803278688,2127,0
4000,-1.0,106,0.0002342509868763141,112,92,0.444472294551096,11.7265,0.7387232095796116,8.837962962962964,2150,1
4000,-1.0,107,0.0002342509868763141,88,74,0.349228231433004,9.0915,0.5727286112559621,7.316462167689162,2145,0
4000,-1.0,108,0.0002342509868763141,187,51,0.7421099917951335,14.278,0.8994576375199501,5.807238394964595,2167,0
4000,-1.0,109,0.0002342509868763141,141,127,0.5595588708187905,18.0645,1.137992190291297,13.572687224669604,2077,3
4000,-1.0,110,0.0002342509868763141,189,57,0.7500469970549745,15.461,0.9739819676212319,6.854631330359486,2171,0
4000,-1.0,111,0.0002342509868763141,232,74,0.920692610141556,19.6525,1.23802992165295,6.578025477707007,2140,0
4000,-1.0,112,0.0002342509868763141,145,78,0.5754328813384725,11.8435,0.7460937477214967,6.835019455252918,2216,0
4000,-1.0,113,0.0002342509868763141,75,66,0.2976376972440375,7.5345,0.4746437575216462,6.2453503184713375,2109,1
4000,-1.0,114,0.0002342509868763141,95,74,0.3770077498424475,10.858,0.6840111379879268,8.81101152368758,2059,0
4000,-1.0,115,0.0002342509868763141,76,60,0.301606199873958,8.1565,0.5138273021733767,6.842507645259939,2099,1
4000,-1.0,116,0.0002342509868763141,74,73,0.293669194614117,10.42,0.656418866995229,9.22159959246052,2125,0
4000,-1.0,117,0.0002342509868763141,135,58,0.5357478550392675,10.0715,0.6344647427008109,5.707891332470893,2209,0
4000,-1.0,118,0.0002342509868763141,200,51,0.7937005259841,15.5875,0.9819509682618169,5.881578947368421,2121,0
4000,-1.0,119,0.0002342509868763141,72,69,0.285732189354276,8.5935,0.5413565771135798,7.431262729124236,2146,0
4000,-1.0,120,0.0002342509868763141,115,50,0.4563778024408575,9.713,0.6118806578814452,6.596396396396396,2096,0
4000,-1.0,121,0.0002342509868763141,95,52,0.3770077498424475,8.857,0.5579560369459446,6.761331626120358,2140,0
4000,-1.0,122,0.0002342509868763141,156,64,0.619086410267598,13.603,0.8569353020859981,7.82414151925078,2106,0
4000,-1.0,123,0.0002342509868763141,192,54,0.761952504944736,14.615,0.9206873072106787,5.671218487394958,2107,1
4000,-1.0,124,0.0002342509868763141,52,37,0.206362136755866,5.8585,0.3690623735404558,5.250759878419453,2233,0
4000,-1.0,125,0.0002342509868763141,200,164,0.7937005259841,22.1085,1.3927482265800404,12.74578947368421,2049,1
4000,-1.0,126,0.0002342509868763141,61,55,0.2420786604251505,7.4165,0.4672102233272664,6.5866971312515865,2136,1
4000,-1.0,127,0.0002342509868763141,254,50,1.0079996679998071,21.306,1.3421938944530087,5.528029898558462,2123,2
4000,-1.0,128,0.0002342509868763141,124,51,0.492094326110142,10.362,0.6527650959505339,6.726522187822497,2135,1
4000,-1.0,129,0.0002342509868763141,92,52,0.365102241952686,9.6295,0.6066204874981341,7.690378710337769,2100,0
4000,-1.0,130,0.0002342509868763141,75,71,0.2976376972440375,8.983,0.5658935395602824,7.721528662420382,2146,0
4000,-1.0,131,0.0002342509868763141,210,113,0.833385552283305,19.806,1.2476998157108932,9.26754617414248,2067,0
4000,-1.0,132,0.0002342509868763141,102,76,0.404787268251891,8.7275,0.5497980481478754,6.286813750641355,2166,0
4000,-1.0,133,0.0002342509868763141,211,66,0.8373540549132255,17.778,1.119943821251553,7.017946687780417,2080,1
4000,-1.0,134,0.0002342509868763141,114,91,0.452409299810937,11.748,0.7400776247082486,8.748327328872877,2141,0
4000,-1.0,135,0.0002342509868763141,225,118,0.8929130917321125,21.6585,1.3644000029574057,9.538807947019867,2097,1
4000,-1.0,136,0.0002342509868763141,187,103,0.7421099917951335,17.153,1.0805712884423382,8.823236296879097,2133,0
4000,-1.0,137,0.0002342509868763141,181,172,0.7182989760156105,20.663,1.3016874326988885,13.063891070960985,2100,2
4000,-1.0,138,0.0002342509868763141,112,111,0.444472294551096,15.2875,0.9630521525133938,12.501543209876543,2098,2
4000,-1.0,139,0.0002342509868763141,129,118,0.5119368392597445,13.2835,0.8368080633139275,9.42727977266856,2137,1
4000,-1.0,140,0.0002342509868763141,101,54,0.4008187656219705,8.95,0.5638146698279558,6.565529622980251,2116,1
4000,-1.0,141,0.0002342509868763141,158,143,0.627023415527439,17.0625,1.074870145691564,11.266527850078084,2034,2
4000,-1.0,142,0.0002342509868763141,209,116,0.8294170496533845,19.0335,1.1990353651587036,8.560538116591928,2169,1
4000,-1.0,143,0.0002342509868763141,116,108,0.460346305070778,13.154,0.8286500745158583,10.08238928939238,2064,0
4000,-1.0,144,0.0002342509868763141,46,39,0.182551120976343,6.7435,0.42481387999830394,6.286798179059181,2144,0
4000,-1.0,145,0.0002342509868763141,100,92,0.39685026299205,11.423,0.719603907647457,9.151794871794872,2104,1
4000,-1.0,146,0.0002342509868763141,220,44,0.87307057858251,16.9445,1.0674366114971843,5.126455026455027,2139,0
4000,-1.0,147,0.0002342509868763141,139,139,0.5516218655589495,17.638,1.111124373902289,13.268842268842269,2082,1
4000,-1.0,148,0.0002342509868763141,108,84,0.428598284031414,9.5925,0.6042896335558287,6.861767728674203,2177,1
4000,-1.0,149,0.0002342509868763141,92,50,0.365102241952686,8.3,0.5228672357063725,6.329580348004094,2046,0
4000,-1.0,150,0.0002342509868763141,77,56,0.3055747025038785,9.2505,0.5827449836026264,7.920723935763446,2096,0
4000,-1.0,151,0.0002342509868763141,56,53,0.222236147275548,7.4925,0.4719979233168669,6.803752535496957,2157,0
4000,-1.0,152,0.0002342509868763141,224,89,0.888944589102192,19.7525,1.2443295269024244,7.6361228813559325,2078,2
4000,-1.0,153,0.0002342509868763141,137,45,0.5436848602991085,10.233,0.644638605178712,5.73725084131504,2185,0
4000,-1.0,154,0.0002342509868763141,134,59,0.531779352409347,11.575,0.729179307626658,7.331608898085877,2177,1
4000,-1.0,155,0.0002342509868763141,85,85,0.3373227235432425,11.2585,0.7092410570120716,9.657471264367816,2095,1
4000,-1.0,156,0.0002342509868763141,133,40,0.5278108497794265,9.981,0.6287635999500366,5.749935350400827,2159,0
4000,-1.0,157,0.0002342509868763141,106,72,0.420661278771573,9.333,0.5879421579334427,6.701592193117617,2192,1
4000,-1.0,158,0.0002342509868763141,128,77,0.507968336629824,11.0725,0.6975237912480493,7.207128099173554,2111,0
4000,-1.0,159,0.0002342509868763141,178,63,0.706393468125849,13.775,0.8677706231150941,6.126635269492413,2146,1
4000,-1.0,160,0.0002342509868763141,124,55,0.492094326110142,10.2835,0.6478199058296965,6.645510835913313,2112,0
4000,-1.0,161,0.0002342509868763141,162,32,0.642897426047121,11.594,0.730376232624058,5.245440333507035,2115,0
4000,-1.0,162,0.0002342509868763141,56,54,0.222236147275548,7.606,0.47914797527502034,6.918864097363083,2140,2
4000,-1.0,163,0.0002342509868763141,129,60,0.5119368392597445,10.961,0.6904997313948854,7.027383105140791,2162,2
4000,-1.0,164,0.0002342509868763141,230,52,0.912755604881715,19.049,1.2000118039723722,6.179310344827586,2098,1
4000,-1.0,165,0.0002342509868763141,98,71,0.38891325773220903,9.206,0.5799416592666102,6.975909789851358,2094,1
4000,-1.0,166,0.0002342509868763141,103,86,0.40875577088181153,10.877,0.685208062985327,8.442134975622274,2133,0
4000,-1.0,167,0.0002342509868763141,110,49,0.436535289291255,9.589,0.604069147372097,6.74961439588689,2189,0
4000,-1.0,168,0.0002342509868763141,170,163,0.674645447086485,18.5975,1.1715690862709953,11.877284595300262,2134,1
4000,-1.0,169,0.0002342509868763141,85,59,0.3373227235432425,8.7185,0.5492310836754227,7.062324393358876,2140,1
4000,-1.0,170,0.0002342509868763141,86,66,0.341291226173163,7.7025,0.4852270943407631,5.982115482881962,2202,1
4000,-1.0,171,0.0002342509868763141,124,115,0.492094326110142,15.067,0.9491615229383029,11.58204334365325,2152,0
4000,-1.0,172,0.0002342509868763141,92,85,0.365102241952686,11.104,0.6995081669016336,9.199590583418628,2105,1
4000,-1.0,173,0.0002342509868763141,153,141,0.6071809023778365,16.5985,1.0456399773340028,11.173641798804264,2104,1
4000,-1.0,174,0.0002342509868763141,213,83,0.8452910601730665,18.9095,1.1912238546493554,7.992870345920253,2091,1
4000,-1.0,175,0.0002342509868763141,87,56,0.3452597288030835,8.3205,0.5241586547825147,6.571173013033478,2125,0
4000,-1.0,176,0.0002342509868763141,108,82,0.428598284031414,13.346,0.840745316594849,10.719424460431656,2048,0
4000,-1.0,177,0.0002342509868763141,90,58,0.357165236692845,9.4045,0.5924463756868169,7.549360613810742,2064,0
4000,-1.0,178,0.0002342509868763141,154,134,0.611149405007757,16.618,1.0468684003576503,11.117004680187208,2098,0
4000,-1.0,179,0.0002342509868763141,96,70,0.380976252472368,9.3875,0.5913754427944061,7.257684426229508,2181,1
4000,-1.0,180,0.0002342509868763141,244,89,0.968314641700602,24.54,1.5459231282210095,10.283280085197019,2078,2
4000,-1.0,181,0.0002342509868763141,110,56,0.436535289291255,8.6725,0.5463332652606644,5.80719794344473,2194,0
4000,-1.0,182,0.0002342509868763141,85,52,0.3373227235432425,7.8515,0.4946135061624799,6.176500638569604,2144,0
4000,-1.0,183,0.0002342509868763141,92,72,0.365102241952686,10.208,0.6430637038663434,8.282497441146367,2107,3
4000,-1.0,184,0.0002342509868763141,62,58,0.246047163055071,7.615,0.47971493974747303,6.758760792280345,2123,1
4000,-1.0,185,0.0002342509868763141,102,87,0.404787268251891,11.3195,0.713083816214251,8.94663930220626,2134,1
4000,-1.0,186,0.0002342509868763141,96,66,0.380976252472368,9.2465,0.5824929993926473,7.113217213114754,2116,0
4000,-1.0,187,0.0002342509868763141,137,133,0.5436848602991085,15.912,1.0023931872963614,11.6176546725343,2078,3
4000,-1.0,188,0.0002342509868763141,194,75,0.769889510204577,17.2885,1.0891072535553759,8.281135049921177,2083,1
4000,-1.0,189,0.0002342509868763141,177,109,0.7024249654959285,16.6725,1.0503016852186138,9.249542244310751,2132,1
4000,-1.0,190,0.0002342509868763141,211,176,0.8373540549132255,24.817,1.5633730347620536,14.448931116389549,2102,0
4000,-1.0,191,0.0002342509868763141,118,115,0.468283310330619,15.2695,0.9619182235684886,12.146831530139103,2037,0
4000,-1.0,192,0.0002342509868763141,74,59,0.293669194614117,8.98,0.5657045514027982,7.754457463066735,2090,0
4000,-1.0,193,0.0002342509868763141,68,46,0.269858178834594,9.1225,0.5746814888832992,8.104272634791455,2078,3
4000,-1.0,194,0.0002342509868763141,161,127,0.6389289234172005,16.2205,1.0218274694909897,10.148736650169315,2128,0
4000,-1.0,195,0.0002342509868763141,116,83,0.460346305070778,12.6235,0.7952306686673967,9.536045314109165,2075,0
4000,-1.0,196,0.0002342509868763141,206,58,0.8175115417636231,17.2255,1.0851385022482072,6.975751186083289,2050,0
4000,-1.0,197,0.0002342509868763141,78,65,0.309543205133799,9.361,0.5897060474032956,7.9959204487506375,2115,1
4000,-1.0,198,0.0002342509868763141,198,58,0.785763520724259,16.2335,1.0226464181734214,6.767490794318779,2119,0
4000,-1.0,199,0.0002342509868763141,142,60,0.563527373448711,13.581,0.8555493889311138,8.854328667703474,1991,1
4000,0.0,0,0.00025,166,69,0.658771436566803,13.9715,0.8801493474303113,7.389149713093375,2053,0
4000,0.0,1,0.00025,143,141,0.5674958760786315,17.4975,1.1022734285267772,12.844438682914182,2059,0
4000,0.0,2,0.00025,264,72,1.047684694299012,26.519,1.6705923161081073,9.737687366167023,1990,1
4000,0.0,3,0.00025,102,73,0.404787268251891,10.167,0.6404808657140589,7.763981528989225,2076,0
4000,0.0,4,0.00025,159,105,0.6309919181573596,19.299,1.215760817096058,13.516011455350169,1960,1
4000,0.0,5,0.00025,393,133,1.5596215335587564,48.9925,3.0863341018487294,11.511228167452176,1991,2
4000,0.0,6,0.00025,515,34,2.0437788544090574,70.0375,4.412086026600609,4.282639885222381,2039,3
4000,0.0,7,0.00025,164,145,0.6508344313069621,20.1385,1.2686460031653954,13.98800834202294,2003,0
4000,0.0,8,0.00025,87,82,0.3452597288030835,12.571,0.7919233759114227,10.916176846409405,2029,4
4000,0.0,9,0.00025,210,199,0.833385552283305,28.3025,1.7829457757324827,18.234828496042216,2020,3
4000,0.0,10,0.00025,326,48,1.293731857354083,32.656,2.057199090268349,6.62710941752858,1988,0
4000,0.0,11,0.00025,117,93,0.4643148077006985,15.352,0.9671153978993048,12.28920937419521,1972,2
4000,0.0,12,0.00025,118,88,0.468283310330619,14.8975,0.9384836920404439,11.763523956723338,1996,0
4000,0.0,13,0.00025,467,62,1.8532907281728734,60.1835,3.791322925317406,6.409566940277385,2044,4
4000,0.0,14,0.00025,168,130,0.666708441826644,21.4655,1.3522417648259202,15.041231732776618,1959,2
4000,0.0,15,0.00025,109,80,0.4325667866613345,12.9835,0.8179092475655044,10.293754818812644,2025,0
4000,0.0,16,0.00025,127,109,0.5039998339999036,16.2805,1.0256072326406742,12.649883810999226,2047,1
4000,0.0,17,0.00025,484,38,1.920755272881522,62.911,3.963144658496819,4.945392491467577,2006,5
4000,0.0,18,0.00025,193,126,0.7659210075746565,21.9935,1.3855036805431449,13.324139742579458,1972,0
4000,0.0,19,0.00025,191,91,0.7579840023148156,19.295,1.2155088328860792,10.684956681543712,2029,1
4000,0.0,20,0.00025,234,52,0.928629615401397,20.5575,1.2950413491606931,7.295273499734466,1985,3
4000,0.0,21,0.00025,182,149,0.722267478645531,20.9655,1.3207437385785483,13.289156626506024,2036,3
4000,0.0,22,0.00025,114,56,0.452409299810937,11.2345,0.7077291517521977,8.219763252702007,2013,0
4000,0.0,23,0.00025,333,127,1.3215113757635266,37.0925,2.3366810771612796,10.221161712571584,1980,1
4000,0.0,24,0.00025,127,72,0.5039998339999036,12.65,0.7969000640585074,8.900335657113349,1992,2
4000,0.0,25,0.00025,470,45,1.865196236062635,60.3435,3.8014022937165644,5.8,1997,2
4000,0.0,26,0.00025,108,94,0.428598284031414,13.83,0.871235406002305,11.216855087358685,1965,0
4000,0.0,27,0.00025,238,112,0.9445036259210791,23.7065,1.4934159184666407,10.149388623072834,2049,5
4000,0.0,28,0.00025,240,146,0.95244063118092,24.8845,1.5676252683054488,11.153723404255318,2028,0
4000,0.0,29,0.00025,164,93,0.6508344313069621,16.153,1.0175752359475945,9.832116788321168,2015,1
4000,0.0,30,0.00025,102,60,0.404787268251891,9.7005,0.611093207225261,7.285274499743458,2051,1
4000,0.0,31,0.00025,182,175,0.722267478645531,26.0135,1.6387478115720144,18.57778941854374,2012,3
4000,0.0,32,0.00025,238,54,0.9445036259210791,21.11,1.3298466681640388,7.3886230728335995,1993,1
4000,0.0,33,0.00025,175,167,0.6944879602360875,25.479,1.605076421513574,18.638169934640523,1976,1
4000,0.0,34,0.00025,223,128,0.8849760864722716,24.5775,1.5482854801895627,12.862324596240402,2003,5
4000,0.0,35,0.00025,118,73,0.468283310330619,12.581,0.79255333643637,9.376609994848016,2009,0
4000,0.0,36,0.00025,332,72,1.317542873133606,34.9435,2.2013025603500753,8.056161395856053,2026,0
4000,0.0,37,0.00025,159,68,0.6309919181573596,13.839,0.8718023704747577,7.829992189533976,2053,0
4000,0.0,38,0.00025,99,74,0.3928817603621295,13.176,0.8300359876707426,10.997949243783646,1980,1
4000,0.0,39,0.00025,194,132,0.769889510204577,22.1845,1.397535926569641,13.426694692590646,2007,2
4000,0.0,40,0.00025,453,78,1.7977316913539865,57.8905,3.6468729769469586,7.429658866647872,1985,4
4000,0.0,41,0.00025,337,54,1.3373853862832086,34.898,2.198436239961565,7.104286104286104,1908,1
4000,0.0,42,0.00025,112,83,0.444472294551096,12.444,0.7839228772445903,9.576131687242798,1983,0
4000,0.0,43,0.00025,374,46,1.484219983590267,40.5095,2.551938588535819,6.111969111969112,2013,2
4000,0.0,44,0.00025,312,72,1.238172820535196,30.905,1.9468930023500532,7.124728850325379,2062,2
4000,0.0,45,0.00025,301,74,1.1945192916060705,30.9665,1.9507672595784797,8.992971073263044,1954,1
4000,0.0,46,0.00025,148,46,0.587338389228234,11.164,0.7032879300513183,5.906542056074766,2101,1
4000,0.0,47,0.00025,116,115,0.460346305070778,16.3685,1.0311508852602118,13.392893923789908,2029,3
4000,0.0,48,0.00025,85,52,0.3373227235432425,9.193,0.5791227105841785,7.5471264367816095,2044,1
4000,0.0,49,0.00025,103,97,0.40875577088181153,12.2105,0.7692132989870676,9.810880164228895,1933,1
4000,0.0,50,0.00025,142,110,0.563527373448711,17.3615,1.093705965387492,12.773976153447382,1947,2
4000,0.0,51,0.00025,471,57,1.8691647386925556,60.56,3.8150409390816766,5.78039104562199,2020,3
4000,0.0,52,0.00025,502,69,1.992188320220091,70.185,4.421377944343584,8.214979988564894,1919,4
4000,0.0,53,0.00025,461,116,1.8294797123933506,63.41,3.994579688691696,11.618818875388527,1890,1
4000,0.0,54,0.00025,395,77,1.5675585388185975,47.3505,2.9828945836523597,9.258529819694868,1939,2
4000,0.0,55,0.00025,189,125,0.7500469970549745,21.034,1.3250589681744382,12.704014694305956,1974,2
4000,0.0,56,0.00025,298,151,1.182613783716309,35.4295,2.2319186418625208,14.293354943273906,2005,0
4000,0.0,57,0.00025,559,59,2.2183929701255596,83.8215,5.280423614188156,6.627433885498402,1958,2
4000,0.0,58,0.00025,216,48,0.857196568062828,17.203,1.0837210910670754,5.855179704016913,2085,2
4000,0.0,59,0.00025,101,82,0.4008187656219705,12.038,0.7583464799317243,9.733521415747628,2060,1
4000,0.0,60,0.00025,266,86,1.055621699558853,24.8275,1.5640344933132484,7.647027316550616,2022,2
4000,0.0,61,0.00025,285,163,1.1310232495273425,34.326,2.162402497934571,15.095289367429341,1961,0
4000,0.0,62,0.00025,164,89,0.6508344313069621,16.2065,1.0209455247560633,9.887904066736183,2060,0
4000,0.0,63,0.00025,224,143,0.888944589102192,24.7595,1.559750761743606,12.940148305084746,2011,1
4000,0.0,64,0.00025,365,59,1.4485034599209825,40.3015,2.5388354096169117,7.697661623108666,1963,2
4000,0.0,65,0.00025,205,71,0.8135430391337025,17.629,1.1105574094298363,7.507509881422925,2014,2
4000,0.0,66,0.00025,294,172,1.166739773196627,36.8565,2.32181400877252,16.457096600107935,2026,1
4000,0.0,67,0.00025,219,72,0.8691020759525895,19.9825,1.2588186189762154,8.455170589791061,2004,1
4000,0.0,68,0.00025,124,114,0.492094326110142,14.9985,0.9448462933424129,11.511351909184727,2014,2
4000,0.0,69,0.00025,234,218,0.928629615401397,34.564,2.17739555842832,22.17206585236325,1961,1
4000,0.0,70,0.00025,72,58,0.285732189354276,8.8935,0.5602553928620028,7.736761710794298,2066,0
4000,0.0,71,0.00025,380,110,1.50803099936979,45.118,2.842255896457845,9.9646408839779,1976,2
4000,0.0,72,0.00025,512,95,2.031873346519296,73.021,4.600034749218677,8.583715596330276,1971,2
4000,0.0,73,0.00025,331,65,1.3135743705036855,34.3235,2.1622450078033344,7.558735350231671,1994,2
4000,0.0,74,0.00025,107,67,0.4246297814014935,10.543,0.6641673814520824,7.891857179553044,2024,1
4000,0.0,75,0.00025,187,66,0.7421099917951335,16.2975,1.026678165533085,7.925780225544191,2047,1
4000,0.0,76,0.00025,560,93,2.22236147275548,85.0895,5.360302608751492,7.778488372093023,1964,4
4000,0.0,77,0.00025,162,56,0.642897426047121,13.5595,0.8541949738024768,7.293903074517978,2076,0
4000,0.0,78,0.00025,102,96,0.404787268251891,14.3975,0.906985665793072,12.105182144689584,1975,1
4000,0.0,79,0.00025,132,55,0.523842347149506,11.0875,0.6984687320354704,6.961220268872802,2076,0
4000,0.0,80,0.00025,313,73,1.2421413231651166,32.7295,2.061829300126713,8.93653376729048,2014,1
4000,0.0,81,0.00025,113,85,0.4484407971810165,13.6575,0.8603685869469617,10.769488037046566,1972,0
4000,0.0,82,0.00025,258,181,1.023873678519489,31.629,1.9925021443562476,16.021378941742384,1952,3
4000,0.0,83,0.00025,154,152,0.611149405007757,18.5735,1.1700571810111215,13.15080603224129,2069,0
4000,0.0,84,0.00025,161,130,0.6389289234172005,19.4575,1.2257456914164748,13.521489971346705,1979,1
4000,0.0,85,0.00025,446,82,1.769952172944543,56.57,3.5636866896276493,7.699493528418683,1962,3
4000,0.0,86,0.00025,134,71,0.531779352409347,13.742,0.8656917533827676,9.573719606828764,2047,0
4000,0.0,87,0.00025,105,80,0.4166927761416525,12.026,0.7575905273017873,9.519640564826702,1990,1
4000,0.0,88,0.00025,329,127,1.3056373652438444,39.7005,2.500974782067571,13.77308635249251,2002,4
4000,0.0,89,0.00025,135,72,0.5357478550392675,11.9815,0.7547872029657713,7.684605433376455,2055,1
4000,0.0,90,0.00025,596,108,2.365227567432618,95.229,5.999051083021945,7.54994124559342,1949,4
4000,0.0,91,0.00025,303,124,1.2024562968659116,34.4235,2.1685446130528083,12.41141466053557,2035,1
4000,0.0,92,0.00025,442,55,1.754078162424861,54.684,3.4448761346225627,6.568858909499719,1930,3
4000,0.0,93,0.00025,251,163,0.9960941601100455,27.6235,1.7401714560885517,12.668178180848226,2046,1
4000,0.0,94,0.00025,148,129,0.587338389228234,21.472,1.3526512391671361,16.610591900311526,1930,0
4000,0.0,95,0.00025,214,99,0.849259562802987,23.1785,1.4601540027494162,12.392498679344955,1972,2
4000,0.0,96,0.00025,162,70,0.642897426047121,14.705,0.9263569519352056,8.48775403856175,2079,0
4000,0.0,97,0.00025,258,78,1.023873678519489,22.7895,1.4356485383289608,6.572421165152325,2064,0
4000,0.0,98,0.00025,314,123,1.246109825795037,33.496,2.1101157743639343,9.600651112316875,2007,1
4000,0.0,99,0.00025,71,57,0.2817636867243555,9.233,0.5816425526839684,8.116823619241538,2065,1
4000,0.0,100,0.00025,323,69,1.2818263494643216,33.934,2.1377080453566317,8.541474027740005,1986,2
4000,0.0,101,0.00025,91,80,0.3611337393227655,11.5685,0.7287698332854422,9.719365566641084,2001,0
4000,0.0,102,0.00025,208,114,0.825448547023464,23.395,1.473792648114528,13.268987341772151,1985,1
4000,0.0,103,0.00025,306,223,1.214361804755673,41.1165,2.5901771924001284,19.17433676231727,1954,3
4000,0.0,104,0.00025,181,94,0.7182989760156105,15.768,0.9933217557371182,7.936894474993454,2076,1
4000,0.0,105,0.00025,271,207,1.0754642127084555,35.434,2.232202124098747,18.31456154465004,2049,2
4000,0.0,106,0.00025,147,85,0.5833698865983135,13.73,0.8649358007528306,8.645471061510511,2070,1
4000,0.0,107,0.00025,186,167,0.738141489165213,25.5865,1.611848497156759,17.76350288411117,1979,1
4000,0.0,108,0.00025,239,57,0.9484721285509995,21.2685,1.3398315424844558,7.4323318266418505,2013,1
4000,0.0,109,0.00025,150,98,0.595275394488075,15.2485,0.9605953064660988,9.998441558441558,1999,0
4000,0.0,110,0.00025,76,67,0.301606199873958,9.3335,0.5879736559596901,8.04230377166157,2026,2
4000,0.0,111,0.00025,163,141,0.6468659286770415,19.0465,1.1998543138411355,12.931196247068021,1967,1
4000,0.0,112,0.00025,141,123,0.5595588708187905,18.1715,1.1447327679082346,13.683596786732314,1981,0
4000,0.0,113,0.00025,323,110,1.2818263494643216,38.106,2.4005275763647025,13.079956486265978,1948,0
4000,0.0,114,0.00025,255,73,1.0119681706297274,22.9655,1.4467358435680358,7.166088117489987,2066,0
4000,0.0,115,0.00025,305,176,1.2103933021257525,37.047,2.3338147567727687,14.929093369418133,1973,1
4000,0.0,116,0.00025,220,82,0.87307057858251,19.396,1.2218714341880483,7.720634920634921,1991,0
4000,0.0,117,0.00025,263,69,1.0437161916690916,25.289,1.5931071715395728,8.559539737757559,1989,0
4000,0.0,118,0.00025,306,74,1.214361804755673,31.2855,1.970863000324303,8.52896589063346,1991,1
4000,0.0,119,0.00025,150,70,0.595275394488075,13.6005,0.8567778119547613,8.286233766233766,2036,1
4000,0.0,120,0.00025,210,126,0.833385552283305,22.4255,1.412717975220874,12.032189973614775,1954,0
4000,0.0,121,0.00025,440,129,1.74614115716502,58.0455,3.6566373650836437,10.837640449438203,2028,4
4000,0.0,122,0.00025,171,120,0.6786139497164055,18.4535,1.1624976547117523,11.64089840689475,2004,3
4000,0.0,123,0.00025,245,199,0.9722831443305225,32.4795,2.046080287003027,18.613315579227695,1961,0
4000,0.0,124,0.00025,190,172,0.754015499684895,23.331,1.4697609007548644,15.019422572178478,2001,2
4000,0.0,125,0.00025,130,78,0.515905341889665,12.7465,0.8029791831242501,8.807751937984497,2094,0
4000,0.0,126,0.00025,152,149,0.603212399747916,19.2585,1.213209476970021,14.015072765072764,1966,1
4000,0.0,127,0.00025,99,74,0.3928817603621295,11.1475,0.7022484951851551,8.917969751345808,2041,0
4000,0.0,128,0.00025,135,97,0.5357478550392675,13.131,0.8272011653084791,8.874256144890039,2044,1
4000,0.0,129,0.00025,267,177,1.0595902021887735,30.856,1.9438061957778108,13.965979105277256,2013,0
4000,0.0,130,0.00025,174,156,0.690519457606167,19.2655,1.2136504493374842,12.228437009932044,2047,1
4000,0.0,131,0.00025,332,51,1.317542873133606,33.966,2.1397239190364634,6.990185387131952,2000,0
4000,0.0,132,0.00025,124,57,0.492094326110142,10.848,0.6833811774629793,7.228070175438597,2045,2
4000,0.0,133,0.00025,335,161,1.3294483810233675,40.678,2.562553423381183,13.775443383356071,1947,1
4000,0.0,134,0.00025,153,97,0.6071809023778365,17.8415,1.1239440705849693,12.466077462958149,2035,0
4000,0.0,135,0.00025,462,36,1.833448215023271,57.544,3.6250448447575296,4.729225551158847,2004,0
4000,0.0,136,0.00025,146,124,0.579401383968393,16.383,1.0320643280213855,11.472755578619616,2014,0
4000,0.0,137,0.00025,281,63,1.1151492390076605,26.335,1.6590010424490746,7.093035762301694,2032,3
4000,0.0,138,0.00025,265,92,1.0516531969289324,26.849,1.6913810134313727,9.952074966532798,1955,0
4000,0.0,139,0.00025,215,94,0.8532280654329075,21.2465,1.3384456293295715,10.240686922060766,2034,3
4000,0.0,140,0.00025,217,107,0.8611650706927485,21.8975,1.3794560595036496,10.706053396775046,2039,0
4000,0.0,141,0.00025,188,78,0.746078494425054,17.7635,1.1190303784903792,9.367785939139559,2012,1
4000,0.0,142,0.00025,453,64,1.7977316913539865,56.5675,3.5635291994964127,5.937693825768255,2003,0
4000,0.0,143,0.00025,373,90,1.4802514809603464,42.031,2.647787082406571,7.994210090984285,1949,2
4000,0.0,144,0.00025,257,96,1.0199051758895685,24.3895,1.536442222320551,8.418113812449906,2002,2
4000,0.0,145,0.00025,361,89,1.4326294494013005,40.994,2.582460175969522,9.248419895575708,2012,2
4000,0.0,146,0.00025,267,84,1.0595902021887735,25.9595,1.6353460247372982,8.719260648272167,1945,1
4000,0.0,147,0.00025,292,98,1.158802767936786,32.1035,2.022393771265003,11.637001078748652,1991,1
4000,0.0,148,0.00025,147,109,0.5833698865983135,17.8185,1.1224951613775902,12.889955878536206,1970,0
4000,0.0,149,0.00025,161,56,0.6389289234172005,13.3665,0.8420367356709912,7.175045584787705,2066,4
4000,0.0,150,0.00025,83,80,0.3293857182834015,13.8005,0.86937702245371,12.33418432473832,1979,1
4000,0.0,151,0.00025,76,62,0.301606199873958,8.7485,0.551120965250265,7.445973496432212,2103,0
4000,0.0,152,0.00025,111,92,0.4405037919211755,12.6045,0.7940337436699966,9.796091540241708,2012,0
4000,0.0,153,0.00025,171,110,0.6786139497164055,16.587,1.0449155227303133,9.691042047531992,2048,1
4000,0.0,154,0.00025,610,71,2.420786604251505,98.1705,6.184353971435233,6.071386430678466,1929,3
4000,0.0,155,0.00025,284,216,1.127054746897422,45.9065,2.8919282838499503,27.709903121636167,1892,1
4000,0.0,156,0.00025,181,95,0.7182989760156105,18.4235,1.16060777313691,10.718250851008117,1989,0
4000,0.0,157,0.00025,88,72,0.349228231433004,9.8785,0.6223065045693253,8.121165644171779,2065,0
4000,0.0,158,0.00025,121,62,0.4801888182203805,10.2055,0.6429062137351066,6.749419953596288,2061,0
4000,0.0,159,0.00025,346,50,1.373101909952493,36.6005,2.3056870193338654,7.3032293377120965,1991,3
4000,0.0,160,0.00025,91,51,0.3611337393227655,7.9535,0.5010391035169438,6.020209772320286,2085,0
4000,0.0,161,0.00025,334,78,1.325479878393447,34.811,2.192955583394522,7.552645935624659,1985,1
4000,0.0,162,0.00025,585,42,2.3215740385034924,89.644,5.647218129838802,4.787994143484626,2024,1
4000,0.0,163,0.00025,136,65,0.539716357669188,12.9575,0.8162713502006411,8.626811594202898,2015,0
4000,0.0,164,0.00025,165,124,0.6548029339368825,16.596,1.045482487202766,10.210951760104303,2004,0
4000,0.0,165,0.00025,161,78,0.6389289234172005,16.503,1.0396238543207548,10.443084136493878,1994,1
4000,0.0,166,0.00025,385,143,1.5278735125193925,49.105,3.0934211577543875,13.33195020746888,1948,2
4000,0.0,167,0.00025,170,57,0.674645447086485,13.856,0.8728733033671683,6.92532637075718,2076,1
4000,0.0,168,0.00025,279,110,1.1072122337478194,30.5675,1.925631834633077,11.940069873689868,1986,0
4000,0.0,169,0.00025,377,59,1.4961254914800286,42.518,2.6784661599715114,7.712669058791057,1998,1
4000,0.0,170,0.00025,255,228,1.0119681706297274,36.777,2.316805822599188,21.918024032042723,1929,2
4000,0.0,171,0.00025,239,123,0.9484721285509995,24.273,1.529103182204913,10.627758574847116,1981,0
4000,0.0,172,0.00025,512,121,2.031873346519296,73.577,4.635060554405755,9.221330275229358,1918,3
4000,0.0,173,0.00025,95,64,0.3770077498424475,10.2165,0.6435991703125487,8.153905249679898,2079,0
4000,0.0,174,0.00025,365,81,1.4485034599209825,40.6095,2.558238193785293,8.03658872077029,2000,1
4000,0.0,175,0.00025,118,84,0.468283310330619,13.177,0.8300989837232373,9.990726429675425,2011,3
4000,0.0,176,0.00025,128,114,0.507968336629824,14.748,0.9290657821924796,11.00413223140496,2043,1
4000,0.0,177,0.00025,140,81,0.55559036818887,15.543,0.9791476439258008,11.029015544041451,1965,0
4000,0.0,178,0.00025,327,132,1.2977003599840036,37.188,2.342697200174528,11.386604955077594,2007,0
4000,0.0,179,0.00025,289,104,1.1468972600470244,30.1595,1.8999294452152218,10.001886284020479,1959,0
4000,0.0,180,0.00025,101,57,0.4008187656219705,12.588,0.7929943088038333,10.297768658630417,1969,1
4000,0.0,181,0.00025,117,97,0.4643148077006985,15.604,0.9829904031279801,12.54880247231522,2007,0
4000,0.0,182,0.00025,665,48,2.6390542488971325,114.985,7.243601096108101,5.31184407796102,1970,4
4000,0.0,183,0.00025,106,85,0.420661278771573,12.0555,0.7594489108503824,9.498202362609142,2061,1
4000,0.0,184,0.00025,105,89,0.4166927761416525,12.3065,0.775260920026563,9.80770218228498,2023,0
4000,0.0,185,0.00025,170,71,0.674645447086485,16.088,1.0134804925354362,9.256396866840731,2001,0
4000,0.0,186,0.00025,217,165,0.8611650706927485,24.319,1.5320010006196711,13.266455194290247,1998,0
4000,0.0,187,0.00025,182,87,0.722267478645531,18.001,1.133991940957881,10.183342063907805,1984,0
4000,0.0,188,0.00025,300,103,1.19055078897615,30.281,1.907583465593333,8.411891891891893,2020,1
4000,0.0,189,0.00025,510,65,2.023936341259455,69.943,4.406132899639856,5.636676217765043,2027,0
4000,0.0,190,0.00025,420,173,1.66677110456661,58.087,3.6592517012621757,15.627932960893855,1950,1
4000,0.0,191,0.00025,340,69,1.34929089417297,36.0195,2.26908631283442,7.780874316939891,1988,3
4000,0.0,192,0.00025,508,69,2.0159993359996142,70.1855,4.421409442369832,6.4942726231386025,1950,2
4000,0.0,193,0.00025,105,72,0.4166927761416525,11.395,0.7178400181776041,8.871630295250322,2104,1
4000,0.0,194,0.00025,200,66,0.7937005259841,18.0015,1.1340234389841282,8.42263157894737,2003,0
4000,0.0,195,0.00025,103,84,0.40875577088181153,12.57,0.791860379858928,10.179881960482422,2002,1
4000,0.0,196,0.00025,499,111,1.9802828123303295,71.37,4.496028266549856,10.419594401599543,1895,5
4000,0.0,197,0.00025,380,80,1.50803099936979,42.0715,2.6503384225326085,6.598342541436464,2038,0
4000,0.0,198,0.00025,287,181,1.1389602547871835,35.8955,2.2612748023250715,16.486129814166443,1990,2
4000,0.0,199,0.00025,116,104,0.460346305070778,12.9345,0.814822440993262,9.85633367662204,2014,1
4000,1.0,0,0.0002657490131236859,365,355,1.4485034599209825,70.1385,4.4184486279025785,40.530674002751034,1794,1
4000,1.0,1,0.0002657490131236859,401,95,1.5913695545981206,51.021,3.214121594334317,12.026396221172549,1918,2
4000,1.0,2,0.0002657490131236859,399,164,1.5834325493382795,55.1755,3.475838694423729,17.078866981394057,1831,3
4000,1.0,3,0.0002657490131236859,572,69,2.269983504314526,87.043,5.483365397299973,6.122520420070011,1931,0
4000,1.0,4,0.0002657490131236859,289,185,1.1468972600470244,34.996,2.2046098531060494,15.21503637833468,1861,2
4000,1.0,5,0.0002657490131236859,402,86,1.5953380572280411,47.973,3.022109626330338,8.418010005558644,1866,3
4000,1.0,6,0.0002657490131236859,422,104,1.674708109826451,52.109,3.282661299448598,8.482951369480157,1891,1
4000,1.0,7,0.0002657490131236859,470,108,1.865196236062635,67.625,4.260108049957041,14.05099150141643,1891,5
4000,1.0,8,0.0002657490131236859,126,79,0.500031331369983,12.6815,0.7988844397120919,8.99586990191017,1974,1
4000,1.0,9,0.0002657490131236859,284,183,1.127054746897422,38.5065,2.425757495388847,19.744348762109794,1875,1
4000,1.0,10,0.0002657490131236859,749,34,2.9724084698104547,144.349,9.093417181563753,5.043063672716087,1866,4
4000,1.0,11,0.0002657490131236859,743,65,2.9485974540309314,143.2615,9.024908974475721,6.446730119742094,1809,4
4000,1.0,12,0.0002657490131236859,358,170,1.420723941511539,48.742,3.070553590698796,18.342668863261945,1860,2
4000,1.0,13,0.0002657490131236859,186,117,0.738141489165213,22.059,1.3896299219815507,14.06397482957525,1906,1
4000,1.0,14,0.0002657490131236859,557,161,2.2104559648657185,90.5615,5.705017008002729,15.10223642172524,1867,2
4000,1.0,15,0.0002657490131236859,923,63,3.6629279274166215,216.971,13.668316505837028,5.185245368865778,1836,10
4000,1.0,16,0.0002657490131236859,529,64,2.0993378912279446,76.748,4.834821036866588,7.822241428983002,1932,1
4000,1.0,17,0.0002657490131236859,362,253,1.436597952031221,58.2115,3.6670947097977713,27.98295766904893,1839,1
4000,1.0,18,0.0002657490131236859,212,77,0.841322557543146,20.913,1.3174364458225745,10.21858500527983,1933,1
4000,1.0,19,0.0002657490131236859,693,43,2.7501723225349064,124.9575,7.871829229611932,5.921076504384638,1852,4
4000,1.0,20,0.0002657490131236859,848,58,3.365290230172584,183.6075,11.566547708428647,4.8623096446700504,1861,2
4000,1.0,21,0.0002657490131236859,738,71,2.928754940881329,141.018,8.883577330703762,5.955855303494788,1845,5
4000,1.0,22,0.0002657490131236859,324,80,1.285794852094242,38.1,2.4001496000497338,12.900979325353646,1841,4
4000,1.0,23,0.0002657490131236859,459,112,1.8215427071335095,63.326,3.9892880202821375,12.036995199096301,1868,2
4000,1.0,24,0.0002657490131236859,378,250,1.500093994109949,58.2605,3.6701815163700138,24.89177250138045,1858,3
4000,1.0,25,0.0002657490131236859,623,86,2.4723771384404714,104.6715,6.5938913087035615,9.048563814036127,1869,7
4000,1.0,26,0.0002657490131236859,242,239,0.960377636440761,39.932,2.515558368220104,26.9196381053752,1861,3
4000,1.0,27,0.0002657490131236859,710,47,2.817636867243555,130.224,8.203597940075499,5.10516717325228,1850,1
4000,1.0,28,0.0002657490131236859,384,132,1.523905009889472,47.9665,3.0217001519891227,12.281526548672566,1853,1
4000,1.0,29,0.0002657490131236859,371,99,1.4723144757005056,44.615,2.810568882052989,11.24800220446404,1851,2
4000,1.0,30,0.0002657490131236859,423,95,1.6786766124563715,54.0345,3.4039601985272268,10.402292423818842,1814,0
4000,1.0,31,0.0002657490131236859,524,159,2.079495378078342,79.4805,5.006957750308475,12.470080552359033,1862,4
4000,1.0,32,0.0002657490131236859,278,141,1.103243731117899,33.718,2.124100898017767,15.472326706072005,1889,1
4000,1.0,33,0.0002657490131236859,146,74,0.579401383968393,14.6025,0.9198998565544944,9.62480539699014,1932,2
4000,1.0,34,0.0002657490131236859,554,139,2.198550456975957,86.9405,5.476908301919262,11.85316308763784,1903,2
4000,1.0,35,0.0002657490131236859,849,76,3.3692587328025043,186.1915,11.729329508075065,7.6055220564900035,1805,14
4000,1.0,36,0.0002657490131236859,408,135,1.619149073007564,52.159,3.285811102073335,11.740534521158128,1954,2
4000,1.0,37,0.0002657490131236859,596,71,2.365227567432618,95.5695,6.020501238896405,7.95005875440658,1818,2
4000,1.0,38,0.0002657490131236859,238,115,0.9445036259210791,23.8375,1.501668401343452,10.288676236044656,1941,1
4000,1.0,39,0.0002657490131236859,317,183,1.2580153336847986,40.089,2.5254487484617787,16.254955199565572,1863,1
4000,1.0,40,0.0002657490131236859,532,91,2.111243399117706,77.7255,4.896399678180199,8.038638985005766,1866,3
4000,1.0,41,0.0002657490131236859,423,121,1.6786766124563715,57.769,3.639218956568847,14.578417668437238,1845,3
4000,1.0,42,0.0002657490131236859,367,146,1.4564404651808236,44.0705,2.776267531469601,11.448665015139003,1917,0
4000,1.0,43,0.0002657490131236859,370,64,1.468345973070585,41.479,2.6130132614294728,7.993388429752066,1964,1
4000,1.0,44,0.0002657490131236859,517,52,2.0517158596688985,73.062,4.602617587370962,7.165948894631065,1859,1
4000,1.0,45,0.0002657490131236859,199,86,0.7897320233541795,19.588,1.2339666762670392,10.194948697711128,1897,1
4000,1.0,46,0.0002657490131236859,241,151,0.9564091338108405,29.0245,1.8284289256336876,15.4341580207502,1860,4
4000,1.0,47,0.0002657490131236859,248,112,0.984188652220284,27.0795,1.7059016035314112,12.477078891257996,1898,1
4000,1.0,48,0.0002657490131236859,101,74,0.4008187656219705,12.821,0.8076723890351086,10.536804308797127,1939,1
4000,1.0,49,0.0002657490131236859,198,121,0.785763520724259,23.219,1.4627053428754533,14.116780641767491,1974,4
4000,1.0,50,0.0002657490131236859,743,61,2.9485974540309314,143.01,9.009065467273292,6.137856923549278,1797,1
4000,1.0,51,0.0002657490131236859,720,68,2.85732189354276,135.1475,8.513759004533371,6.765243902439025,1819,2
4000,1.0,52,0.0002657490131236859,238,237,0.9445036259210791,35.5085,2.2368953300096055,22.698032961190854,1914,0
4000,1.0,53,0.0002657490131236859,529,47,2.0993378912279446,75.757,4.772391948844296,6.680207433016422,1887,0
4000,1.0,54,0.0002657490131236859,172,139,0.682582452346326,23.6345,1.4888802026870191,16.968129571577848,1927,1
4000,1.0,55,0.0002657490131236859,378,160,1.500093994109949,50.322,3.170087353640491,16.12479293208172,1873,0
4000,1.0,56,0.0002657490131236859,860,57,3.41291226173163,189.6595,11.947799818126837,6.063057324840765,1843,5
4000,1.0,57,0.0002657490131236859,472,195,1.873133241322476,70.9565,4.46997939884328,17.302154195011337,1874,2
4000,1.0,58,0.0002657490131236859,305,111,1.2103933021257525,32.1755,2.026929487044625,9.655480378890392,1895,2
4000,1.0,59,0.0002657490131236859,302,192,1.198487794235991,39.3825,2.4809420373742426,17.935640886965928,1875,2
4000,1.0,60,0.0002657490131236859,191,185,0.7579840023148156,26.021,1.6392202819657251,17.748227881333683,1941,1
4000,1.0,61,0.0002657490131236859,320,100,1.26992084157456,36.1635,2.2781577443936625,11.482065217391304,1875,4
4000,1.0,62,0.0002657490131236859,285,185,1.1310232495273425,35.3,2.2237606530644514,16.14401076716016,1924,2
4000,1.0,63,0.0002657490131236859,241,233,0.9564091338108405,36.2165,2.2814965351758842,23.087257249268422,1931,1
4000,1.0,64,0.0002657490131236859,240,125,0.95244063118092,25.169,1.5855476452402035,11.456382978723404,1862,0
4000,1.0,65,0.0002657490131236859,479,132,1.9009127597319195,68.1475,4.293023487385544,12.254757171258165,1899,1
4000,1.0,66,0.0002657490131236859,600,48,2.3811015779523,94.5305,5.955048340354367,5.33,1884,1
4000,1.0,67,0.0002657490131236859,268,141,1.063558704818694,36.162,2.2780632503149207,19.513397642015004,1856,1
4000,1.0,68,0.0002657490131236859,748,54,2.968439967180534,145.1055,9.141073695276027,6.432349323493235,1830,3
4000,1.0,69,0.0002657490131236859,325,144,1.2897633547241625,41.1945,2.595090884494718,16.096054421768706,1857,1
4000,1.0,70,0.0002657490131236859,589,134,2.3374480490231746,97.256,6.12674408142879,12.343301084725887,1845,9
4000,1.0,71,0.0002657490131236859,557,62,2.2104559648657185,84.0535,5.295038698366937,7.541388324135928,1872,0
4000,1.0,72,0.0002657490131236859,839,32,3.3295737065032993,179.9645,11.337053089190297,5.0417589370452385,1784,7
4000,1.0,73,0.0002657490131236859,196,132,0.7778265154644181,22.9065,1.443019076470846,13.987907465825447,1886,1
4000,1.0,74,0.0002657490131236859,540,139,2.14299142015707,83.176,5.2397596623027995,11.879768786127167,1879,2
4000,1.0,75,0.0002657490131236859,542,43,2.150928425416911,79.1865,4.988436910875019,6.646038172353962,1855,2
4000,1.0,76,0.0002657490131236859,927,72,3.6788019379363037,219.933,13.854910813326459,6.639440286365115,1739,2
4000,1.0,77,0.0002657490131236859,488,60,1.936629283401204,66.273,4.174937386984147,7.673120728929385,1904,4
4000,1.0,78,0.0002657490131236859,721,152,2.8612903961726803,140.348,8.841369975532285,12.671851174138457,1819,2
4000,1.0,79,0.0002657490131236859,426,114,1.690582120346133,54.617,3.440655399105415,10.350307778399552,1876,4
4000,1.0,80,0.0002657490131236859,246,182,0.976251646960443,33.0235,2.0803501395601676,19.067128396377196,1936,0
4000,1.0,81,0.0002657490131236859,597,126,2.3691960700625385,97.659,6.152131490584172,10.057890096973258,1901,4
4000,1.0,82,0.0002657490131236859,848,25,3.365290230172584,182.979,11.526954689435703,4.064720812182741,1857,7
4000,1.0,83,0.0002657490131236859,427,134,1.6945506229760534,56.7285,3.573671563948066,12.478309543800728,1934,3
4000,1.0,84,0.0002657490131236859,228,215,0.904818599621874,31.6895,1.9963134055321794,19.82343584305408,1961,1
4000,1.0,85,0.0002657490131236859,531,167,2.1072748964877857,85.0165,5.355703896919374,16.74978379936581,1853,3
4000,1.0,86,0.0002657490131236859,637,58,2.5279361752593585,106.3035,6.696700866374984,5.782039845376152,1899,6
4000,1.0,87,0.0002657490131236859,673,33,2.6708022699364964,117.7825,7.419832552962146,5.470694319206492,1900,6
4000,1.0,88,0.0002657490131236859,233,171,0.9246611127714766,29.7275,1.8727151505374924,17.15449960180515,1854,1
4000,1.0,89,0.0002657490131236859,173,149,0.6865509549762465,28.7765,1.8128059046149911,22.256859158609878,1852,0
4000,1.0,90,0.0002657490131236859,370,139,1.468345973070585,45.08,2.8398620464630446,11.961432506887052,1928,0
4000,1.0,91,0.0002657490131236859,659,51,2.6152432331176096,113.6065,7.156761037744096,6.029631846752469,1859,9
4000,1.0,92,0.0002657490131236859,153,126,0.6071809023778365,26.7375,1.684356953578209,21.715882505848715,1880,2
4000,1.0,93,0.0002657490131236859,251,183,0.9960941601100455,31.751,2.0001876627606063,17.072019205121364,1873,4
4000,1.0,94,0.0002657490131236859,134,96,0.531779352409347,15.678,0.9876521110125913,11.576823590274186,1912,3
4000,1.0,95,0.0002657490131236859,707,48,2.8057313593537936,130.0055,8.189833302605399,6.1260249013058,1836,4
4000,1.0,96,0.0002657490131236859,217,178,0.8611650706927485,26.3575,1.6604184536302065,15.421887390959556,1904,2
4000,1.0,97,0.0002657490131236859,338,220,1.341353888913129,47.3635,2.983713532334792,20.53795740032769,1849,1
4000,1.0,98,0.0002657490131236859,636,102,2.523967672629438,109.114,6.873751271911461,9.500594530321047,1875,2
4000,1.0,99,0.0002657490131236859,310,152,1.230235815275355,36.459,2.2967730779058595,13.478590785907858,1906,5
4000,1.0,100,0.0002657490131236859,343,225,1.3611964020627314,47.216,2.974421614591817,19.473612250478535,1915,1
4000,1.0,101,0.0002657490131236859,565,77,2.2422039859050824,86.889,5.473664005215783,8.247743813682678,1855,4
4000,1.0,102,0.0002657490131236859,814,51,3.2303611407552872,169.782,10.69559578466257,5.188951663527935,1856,5
4000,1.0,103,0.0002657490131236859,687,42,2.7263613067553836,122.341,7.707000058259435,5.250528222155147,1902,1
4000,1.0,104,0.0002657490131236859,422,211,1.674708109826451,63.2675,3.985602751211195,20.957518166573504,1841,2
4000,1.0,105,0.0002657490131236859,210,157,0.833385552283305,32.4045,2.041355583065921,22.564116094986808,1846,1
4000,1.0,106,0.0002657490131236859,497,95,1.9723458070704885,71.7235,4.518297371106748,11.385954895803597,1836,4
4000,1.0,107,0.0002657490131236859,209,192,0.8294170496533845,29.028,1.8286494118174192,19.106040622527036,1891,1
4000,1.0,108,0.0002657490131236859,487,69,1.9326607807712834,65.7505,4.142021949555644,7.353543979504697,1912,4
4000,1.0,109,0.0002657490131236859,594,87,2.357290562172777,94.469,5.951174083125939,7.35173223722842,1900,1
4000,1.0,110,0.0002657490131236859,341,118,1.3532593968028905,42.5565,2.680891507992559,14.743099207433724,1889,1
4000,1.0,111,0.0002657490131236859,284,148,1.127054746897422,33.631,2.1186202414507243,14.496232508073197,1825,0
4000,1.0,112,0.0002657490131236859,222,189,0.881007583842351,33.9875,2.1410783341651003,22.93965060878772,1868,1
4000,1.0,113,0.0002657490131236859,656,62,2.6033377252278482,113.0505,7.121735232557019,6.538875598086125,1874,2
4000,1.0,114,0.0002657490131236859,240,124,0.95244063118092,30.4725,1.9196472096460764,17.09840425531915,1856,2
4000,1.0,115,0.0002657490131236859,512,64,2.031873346519296,72.5635,4.571214055202333,8.059059633027523,1891,4
4000,1.0,116,0.0002657490131236859,444,97,1.762015167684702,56.5335,3.561387333711591,8.15466816647919,1902,4
4000,1.0,117,0.0002657490131236859,167,140,0.6627399391967235,20.054,1.2633228367295894,13.651708844247326,1937,0
4000,1.0,118,0.0002657490131236859,186,161,0.738141489165213,21.334,1.3439577839228614,13.303618248557944,1927,0
4000,1.0,119,0.0002657490131236859,586,69,2.325542541133413,90.8205,5.721332985598867,5.824838898652607,1909,2
4000,1.0,120,0.0002657490131236859,470,97,1.865196236062635,62.7025,3.950009981551665,8.473087818696884,1904,1
4000,1.0,121,0.0002657490131236859,279,99,1.1072122337478194,29.7005,1.8710142571201345,11.00806234883096,1930,5
4000,1.0,122,0.0002657490131236859,210,132,0.833385552283305,22.804,1.4365619810901344,12.431662269129287,1957,0
4000,1.0,123,0.0002657490131236859,156,126,0.619086410267598,22.4695,1.415489801530643,17.050468262226847,1888,2
4000,1.0,124,0.0002657490131236859,156,154,0.619086410267598,22.4365,1.4134109317983163,17.016129032258064,1875,2
4000,1.0,125,0.0002657490131236859,788,62,3.127180072377354,160.638,10.119559880650634,6.7272727272727275,1835,3
4000,1.0,126,0.0002657490131236859,766,114,3.039873014519103,153.669,9.680540390814766,8.633271490414348,1872,5
4000,1.0,127,0.0002657490131236859,402,133,1.5953380572280411,50.3425,3.171378772716633,11.05225125069483,1946,2
4000,1.0,128,0.0002657490131236859,160,122,0.63496042078728,19.681,1.2398253091490503,13.834375,1917,2
4000,1.0,129,0.0002657490131236859,225,210,0.8929130917321125,31.6295,1.9925336423824949,20.1041059602649,1856,1
4000,1.0,130,0.0002657490131236859,516,85,2.047747357038978,73.0245,4.600255235402409,7.417336394948335,1896,2
4000,1.0,131,0.0002657490131236859,340,214,1.34929089417297,47.9075,3.017983384891932,20.773224043715846,1911,3
4000,1.0,132,0.0002657490131236859,278,169,1.103243731117899,38.4325,2.421095787504236,20.53895754970446,1931,4
4000,1.0,133,0.0002657490131236859,239,168,0.9484721285509995,31.652,1.9939510535636267,18.475671363998938,1833,1
4000,1.0,134,0.0002657490131236859,525,71,2.0834638807082624,75.3945,4.7495558798149515,7.468489208633094,1929,0
4000,1.0,135,0.0002657490131236859,191,167,0.7579840023148156,33.924,2.137078084831684,26.047519033867157,1762,0
4000,1.0,136,0.0002657490131236859,388,97,1.539779020409154,47.4515,2.9892571849543295,10.869878183831672,1855,0
4000,1.0,137,0.0002657490131236859,469,62,1.8612277334327145,63.2085,3.9818859841140055,9.309827244406684,1877,2
4000,1.0,138,0.0002657490131236859,232,214,0.920692610141556,35.4205,2.231351677390068,23.31687898089172,1868,2
4000,1.0,139,0.0002657490131236859,426,323,1.690582120346133,77.5495,4.885312372941124,36.01622831561276,1764,2
4000,1.0,140,0.0002657490131236859,234,143,0.928629615401397,30.293,1.90833941822327,17.635687732342006,1896,2
4000,1.0,141,0.0002657490131236859,151,146,0.5992438971179955,21.724,1.3685262443958115,16.652377240841776,1859,0
4000,1.0,142,0.0002657490131236859,525,68,2.0834638807082624,76.4815,4.818032588876738,8.719712230215828,1899,5
4000,1.0,143,0.0002657490131236859,201,119,0.7976690286140206,23.4355,1.4763439882405653,14.040800210581732,1932,0
4000,1.0,144,0.0002657490131236859,346,127,1.373101909952493,41.5195,2.61556460155551,12.688013136288998,1920,0
4000,1.0,145,0.0002657490131236859,564,61,2.238235483275162,85.975,5.416085613235587,7.509895227008149,1884,0
4000,1.0,146,0.0002657490131236859,189,153,0.7500469970549745,26.0365,1.6401967207793935,17.95460509052742,1929,2
4000,1.0,147,0.0002657490131236859,266,75,1.055621699558853,26.4885,1.6686709365070176,9.42635243706481,1897,3
4000,1.0,148,0.0002657490131236859,132,59,0.523842347149506,12.676,0.7985379614233707,8.60392967942089,1963,2
4000,1.0,149,0.0002657490131236859,113,102,0.4484407971810165,12.957,0.8162398521743938,10.04862361718549,2009,0
4000,1.0,150,0.0002657490131236859,943,41,3.7422979800150316,226.9235,14.295284718290965,6.033693163231927,1772,6
4000,1.0,151,0.0002657490131236859,625,42,2.4803141437003124,102.0185,6.4267627814350075,5.1700740740740745,1951,1
4000,1.0,152,0.0002657490131236859,515,154,2.0437788544090574,79.7585,5.0244706529020124,15.440172166427546,1888,2
4000,1.0,153,0.0002657490131236859,377,343,1.4961254914800286,71.872,4.527652284902217,40.121170300855646,1809,2
4000,1.0,154,0.0002657490131236859,274,108,1.087369720598217,31.602,1.9908012509388895,13.776704240472357,1913,1
4000,1.0,155,0.0002657490131236859,431,184,1.7104246334957356,60.3735,3.803292175291407,15.615858783973101,1891,2
4000,1.0,156,0.0002657490131236859,254,124,1.0079996679998071,28.503,1.795576484257679,13.213027229044314,1916,0
4000,1.0,157,0.0002657490131236859,454,135,1.801700193983907,62.387,3.9301347269895732,12.248166948674562,1808,2
4000,1.0,158,0.0002657490131236859,862,117,3.420849266991471,192.758,12.1429930867818,8.919056724028044,1830,6
4000,1.0,159,0.0002657490131236859,126,89,0.500031331369983,17.3595,1.0935799732825027,13.826019617965926,1904,0
4000,1.0,160,0.0002657490131236859,238,141,0.9445036259210791,27.7815,1.7501248323827214,14.482190324295587,1909,0
4000,1.0,161,0.0002657490131236859,760,112,3.01606199873958,151.7395,9.558989507526157,9.061111111111112,1838,4
4000,1.0,162,0.0002657490131236859,497,85,1.9723458070704885,67.7535,4.268203042702615,6.85269768769626,1926,4
4000,1.0,163,0.0002657490131236859,103,76,0.40875577088181153,14.438,0.9095370059191091,12.097254298178086,1886,1
4000,1.0,164,0.0002657490131236859,612,54,2.428723609511346,99.784,6.285998102135503,7.258559622195986,1824,2
4000,1.0,165,0.0002657490131236859,910,59,3.611337393227655,211.659,13.33368147498495,5.998705501618123,1811,6
4000,1.0,166,0.0002657490131236859,355,189,1.4088184336217775,46.586,2.9347341015201285,16.548422496570645,1909,2
4000,1.0,167,0.0002657490131236859,212,164,0.841322557543146,25.964,1.6356295069735245,15.552270327349525,1968,1
4000,1.0,168,0.0002657490131236859,548,190,2.174739441196434,96.5455,6.081985386131275,24.877752027809965,1842,5
4000,1.0,169,0.0002657490131236859,911,52,3.6153058958575754,211.539,13.32612194868558,5.255746196179993,1837,2
4000,1.0,170,0.0002657490131236859,497,167,1.9723458070704885,74.491,4.692638946385951,14.546103339994291,1858,3
4000,1.0,171,0.0002657490131236859,190,190,0.754015499684895,28.604,1.801939085559648,20.555380577427822,1836,1
4000,1.0,172,0.0002657490131236859,676,42,2.682707777826258,119.404,7.521980652082373,6.209386281588448,1809,5
4000,1.0,173,0.0002657490131236859,469,132,1.8612277334327145,65.854,4.14854204098885,12.306711979609176,1940,3
4000,1.0,174,0.0002657490131236859,571,58,2.2660150016846057,86.378,5.441473022390968,5.678331875182269,1914,2
4000,1.0,175,0.0002657490131236859,173,169,0.6865509549762465,23.2325,1.4635557895841325,16.46224196498563,1932,0
4000,1.0,176,0.0002657490131236859,440,181,1.74614115716502,63.552,4.00352512814595,17.024719101123594,1850,0
4000,1.0,177,0.0002657490131236859,462,80,1.833448215023271,60.367,3.802882700950191,7.920859242509892,1926,0
4000,1.0,178,0.0002657490131236859,384,134,1.523905009889472,47.261,2.9772564369540806,11.501106194690266,1867,2
4000,1.0,179,0.0002657490131236859,298,128,1.182613783716309,33.6305,2.118588743424477,12.34954078876283,1890,2
4000,1.0,180,0.0002657490131236859,673,95,2.6708022699364964,120.068,7.563810030938883,8.218515178839796,1813,4
4000,1.0,181,0.0002657490131236859,650,39,2.579526709448325,110.01,6.930195734946752,5.235820895522388,1886,4
4000,1.0,182,0.0002657490131236859,662,61,2.627148741007371,114.41,7.207378365923623,5.810665068903535,1897,1
4000,1.0,183,0.0002657490131236859,318,142,1.261983836314719,35.748,2.2519828845820964,11.37099402498642,1899,3
4000,1.0,184,0.0002657490131236859,482,79,1.912818267621681,65.282,4.112508298961856,8.187606594656055,1883,2
4000,1.0,185,0.0002657490131236859,302,293,1.198487794235991,52.3695,3.299071771123479,31.98323418063818,1905,1
4000,1.0,186,0.0002657490131236859,370,79,1.468345973070585,43.298,2.7276030809174117,9.997796143250689,1924,0
4000,1.0,187,0.0002657490131236859,328,85,1.3016688626139241,35.2875,2.222973202408267,9.14106753812636,1955,1
4000,1.0,188,0.0002657490131236859,331,85,1.3135743705036855,38.122,2.4015355132046183,11.699918233851186,1842,1
4000,1.0,189,0.0002657490131236859,200,80,0.7937005259841,20.856,1.313845670830374,11.427368421052632,1907,0
4000,1.0,190,0.0002657490131236859,529,94,2.0993378912279446,78.7735,4.9624195411946905,10.156439066551426,1837,0
4000,1.0,191,0.0002657490131236859,171,75,0.6786139497164055,18.6615,1.175600833630659,11.8581875163228,1910,0
4000,1.0,192,0.0002657490131236859,150,82,0.595275394488075,15.8485,0.998392937962945,10.621818181818181,1877,1
4000,1.0,193,0.0002657490131236859,747,71,2.9644714645506136,144.5265,9.10459898088157,6.177989548109437,1853,12
4000,1.0,194,0.0002657490131236859,333,262,1.3215113757635266,51.635,3.252801170566089,26.084265066812108,1879,2
4000,1.0,195,0.0002657490131236859,340,213,1.34929089417297,45.881,2.8903218845113345,18.558469945355192,1889,3
4000,1.0,196,0.0002657490131236859,177,134,0.7024249654959285,19.864,1.2513535867555883,12.58880460371436,1941,1
4000,1.0,197,0.0002657490131236859,275,154,1.0913382232281374,34.998,2.204735845211039,17.279731543624163,1914,2
4000,1.0,198,0.0002657490131236859,430,259,1.706456130865815,67.9135,4.278282411101774,24.300840336134453,1851,2
4000,1.0,199,0.0002657490131236859,335,193,1.3294483810233675,47.9605,3.021322175674154,21.723601637107777,1788,1
4000,2.0,0,0.0002814980262473718,275,262,1.0913382232281374,53.3905,3.3633907407206123,37.03006711409396,1726,1
4000,2.0,1,0.0002814980262473718,1016,55,4.0319986719992285,261.59,16.479137372099995,4.726541554959786,1770,16
4000,2.0,2,0.0002814980262473718,860,100,3.41291226173163,193.6735,12.200665972840737,11.176433121019109,1762,7
4000,2.0,3,0.0002814980262473718,972,73,3.8573845562827263,241.5805,15.218617859706423,7.112945838837517,1724,7
4000,2.0,4,0.0002814980262473718,860,56,3.41291226173163,189.913,11.963769317434256,6.3859872611464965,1752,4
4000,2.0,5,0.0002814980262473718,1235,29,4.901100747951817,383.9355,24.186420912595658,3.803616636528029,1703,18
4000,2.0,6,0.0002814980262473718,867,48,3.4406917801410737,192.659,12.13675647758482,6.047558250877753,1733,6
4000,2.0,7,0.0002814980262473718,614,180,2.436660614771187,107.275,6.757901531373627,15.38806851742469,1813,4
4000,2.0,8,0.0002814980262473718,710,310,2.817636867243555,153.8395,9.691281217765118,33.817021276595746,1760,2
4000,2.0,9,0.0002814980262473718,726,167,2.881132909322283,143.037,9.010766360690651,13.766646304215028,1754,8
4000,2.0,10,0.0002814980262473718,947,39,3.7581719905347137,228.0085,14.363635435247762,4.98689813298395,1769,4
4000,2.0,11,0.0002814980262473718,956,63,3.793888514203998,233.7165,14.723216902887758,6.875821287779238,1730,4
4000,2.0,12,0.0002814980262473718,852,35,3.381164240692266,185.002,11.654395703632568,4.480304955527319,1807,9
4000,2.0,13,0.0002814980262473718,833,138,3.3057626907237765,183.146,11.537475030202323,12.218187559204294,1721,3
4000,2.0,14,0.0002814980262473718,1100,58,4.36535289291255,307.116,19.347095657975697,6.366896551724138,1668,9
4000,2.0,15,0.0002814980262473718,894,127,3.547841351148927,207.806,13.090957684722703,10.298776561493883,1745,11
4000,2.0,16,0.0002814980262473718,896,82,3.555778356408768,206.8475,13.030575968406492,7.916881443298969,1700,12
4000,2.0,17,0.0002814980262473718,952,59,3.7780145036843162,231.8295,14.604343351830178,6.8943569553805775,1714,8
4000,2.0,18,0.0002814980262473718,895,59,3.5518098537788476,205.8365,12.966886959334305,7.188727858293076,1676,9
4000,2.0,19,0.0002814980262473718,907,94,3.5994318853378937,211.8285,13.34435930588281,7.9744584545748465,1698,12
4000,2.0,20,0.0002814980262473718,520,85,2.06362136755866,75.2595,4.7410514127281616,8.804022988505746,1764,5
4000,2.0,21,0.0002814980262473718,1002,57,3.976439635180341,255.5665,16.09968064989791,6.091394262841894,1725,14
4000,2.0,22,0.0002814980262473718,893,91,3.5438728485190065,205.3925,12.93891671202664,7.763437399420663,1736,8
4000,2.0,23,0.0002814980262473718,1024,45,4.063746693038592,266.0115,16.757674418205507,5.198252688172043,1774,6
4000,2.0,24,0.0002814980262473718,816,98,3.238298146015128,173.397,10.923326514431068,8.709798994974875,1733,8
4000,2.0,25,0.0002814980262473718,1038,79,4.119305729857479,274.63,17.300605896631453,7.115462525320729,1726,3
4000,2.0,26,0.0002814980262473718,428,310,1.698519125605974,83.689,5.272076637232603,42.43337066069429,1724,0
4000,2.0,27,0.0002814980262473718,929,59,3.6867389431961444,220.681,13.902031860592528,6.4093129273852165,1702,13
4000,2.0,28,0.0002814980262473718,825,65,3.2740146696844126,176.933,11.146080556052482,8.537637795275591,1772,10
4000,2.0,29,0.0002814980262473718,921,98,3.6549909221567805,218.718,13.778370609545345,8.6492367651835,1702,6
4000,2.0,30,0.0002814980262473718,886,80,3.516093330109563,201.566,12.697862317155503,6.829800899165061,1760,5
4000,2.0,31,0.0002814980262473718,978,38,3.881195572062249,242.963,15.305709902280405,5.085373924553276,1790,7
4000,2.0,32,0.0002814980262473718,876,92,3.476408303810358,199.7925,12.586138818056074,10.177336747759282,1687,4
4000,2.0,33,0.0002814980262473718,829,49,3.2898886802040943,175.8475,11.077698341069437,5.0927152317880795,1767,3
4000,2.0,34,0.0002814980262473718,946,55,3.754203487904793,229.715,14.471138198830042,7.840209561231172,1681,9
4000,2.0,35,0.0002814980262473718,722,76,2.865258898802601,136.9895,8.629797733228687,8.137278828553997,1798,5
4000,2.0,36,0.0002814980262473718,558,156,2.214424467495639,91.027,5.734341670439032,15.323649041255084,1759,5
4000,2.0,37,0.0002814980262473718,917,47,3.6391169116370987,214.988,13.543395333739952,6.1832630554654555,1739,9
4000,2.0,38,0.0002814980262473718,311,193,1.2342043179052755,42.136,2.6544016679185196,19.4695039306045,1835,2
4000,2.0,39,0.0002814980262473718,517,229,2.0517158596688985,86.2175,5.431362155965562,22.27418891759977,1784,1
4000,2.0,40,0.0002814980262473718,660,153,2.61921173574753,122.35,7.7075670227318875,16.107784431137723,1763,2
4000,2.0,41,0.0002814980262473718,1140,77,4.52409299810937,329.509,20.75776626149049,6.446153846153846,1717,11
4000,2.0,42,0.0002814980262473718,210,161,0.833385552283305,25.791,1.624731189891934,15.584168865435355,1887,0
4000,2.0,43,0.0002814980262473718,299,197,1.1865822863462294,41.755,2.630400171918022,20.972439881113214,1786,3
4000,2.0,44,0.0002814980262473718,821,68,3.2581406591647304,174.421,10.987834472185686,7.437244416483171,1803,2
4000,2.0,45,0.0002814980262473718,831,60,3.2978256854639354,178.124,11.221108854573721,6.9217418744083306,1775,4
4000,2.0,46,0.0002814980262473718,927,166,3.6788019379363037,227.867,14.354721493819754,16.966807679791735,1678,6
4000,2.0,47,0.0002814980262473718,1075,53,4.266140327164537,292.61,18.433274920486944,5.064957264957265,1744,15
4000,2.0,48,0.0002814980262473718,330,152,1.309605867873765,45.8305,2.88714058386035,20.278474114441416,1797,1
4000,2.0,49,0.0002814980262473718,1007,70,3.9962821483299433,258.0885,16.258556694289652,6.115937186769128,1770,7
4000,2.0,50,0.0002814980262473718,897,45,3.5597468590386887,205.3075,12.933562047564585,5.356429262004512,1823,7
4000,2.0,51,0.0002814980262473718,842,107,3.341479214393061,184.932,11.649985979957936,9.741608613046232,1684,7
4000,2.0,52,0.0002814980262473718,1094,37,4.341541877133027,302.5585,19.0599911487309,4.610461114934618,1727,5
4000,2.0,53,0.0002814980262473718,1167,31,4.631242569117224,343.5655,21.643270273382857,4.36745499470526,1722,7
4000,2.0,54,0.0002814980262473718,1071,101,4.250266316644855,292.3,18.413746144213576,7.565380675998634,1702,13
4000,2.0,55,0.0002814980262473718,191,114,0.7579840023148156,20.444,1.2878912972025396,11.891572591231295,1865,3
4000,2.0,56,0.0002814980262473718,935,59,3.7105499589756676,223.601,14.08598033387718,6.583686786296901,1703,4
4000,2.0,57,0.0002814980262473718,894,41,3.547841351148927,204.066,12.855352448392361,5.482292337411462,1751,6
4000,2.0,58,0.0002814980262473718,1019,46,4.043904179888989,263.783,16.61728771522097,5.625964441462597,1805,16
4000,2.0,59,0.0002814980262473718,875,43,3.4724398011804376,196.091,12.352958929746782,5.99648,1707,10
4000,2.0,60,0.0002814980262473718,822,108,3.262109161794651,175.778,11.073320115421053,8.63058527375708,1743,11
4000,2.0,61,0.0002814980262473718,886,44,3.516093330109563,200.763,12.647276487002223,5.798330122029544,1811,7
4000,2.0,62,0.0002814980262473718,1131,36,4.488376474440085,322.943,20.344134180810006,4.39560822586267,1724,14
4000,2.0,63,0.0002814980262473718,752,48,2.984313977700216,146.4205,9.223913504306616,6.21243842364532,1778,8
4000,2.0,64,0.0002814980262473718,639,56,2.5358731805191996,109.096,6.872617342966556,8.349598333829217,1773,1
4000,2.0,65,0.0002814980262473718,577,126,2.2898260174641285,93.4315,5.885815678662643,11.91849255039439,1806,2
4000,2.0,66,0.0002814980262473718,469,129,1.8612277334327145,65.796,4.144888269944155,12.24100821297083,1820,1
4000,2.0,67,0.0002814980262473718,715,127,2.8374793803931575,137.2165,8.644097837144994,11.458447488584476,1784,2
4000,2.0,68,0.0002814980262473718,746,45,2.960502961920693,144.4875,9.102142134834276,6.586969883220651,1756,4
4000,2.0,69,0.0002814980262473718,945,34,3.7502349852748726,226.891,14.293237346584885,4.759083469721768,1754,6
4000,2.0,70,0.0002814980262473718,805,158,3.1946446170860026,172.1845,10.846943800781192,12.742723004694836,1731,2
4000,2.0,71,0.0002814980262473718,725,53,2.8771644066923625,138.063,8.697423995581795,8.130381679389313,1744,4
4000,2.0,72,0.0002814980262473718,1031,26,4.091526211448036,268.7085,16.92757477178383,3.998989558773998,1785,17
4000,2.0,73,0.0002814980262473718,896,90,3.555778356408768,208.1505,13.112659824807142,9.596005154639176,1741,5
4000,2.0,74,0.0002814980262473718,1077,42,4.274077332424379,293.529,18.491168292729615,4.853575094081423,1695,4
4000,2.0,75,0.0002814980262473718,827,67,3.2819516749442537,176.4875,11.118015814666075,6.940119760479042,1778,8
4000,2.0,76,0.0002814980262473718,414,312,1.642960088787087,77.524,4.883705973602508,38.6781929726715,1724,6
4000,2.0,77,0.0002814980262473718,737,42,2.9247864382514086,140.6065,8.857654455102177,5.9016242721422,1785,4
4000,2.0,78,0.0002814980262473718,926,102,3.674833435306383,221.0675,13.926379834881747,8.71633051398829,1721,4
4000,2.0,79,0.0002814980262473718,1139,31,4.5201244954794495,327.2075,20.61278084667384,4.022719328905977,1728,7
4000,2.0,80,0.0002814980262473718,287,182,1.1389602547871835,41.6025,2.6207932739125734,22.634258012388905,1834,3
4000,2.0,81,0.0002814980262473718,224,159,0.888944589102192,31.1885,1.964752383232313,19.750529661016948,1789,1
4000,2.0,82,0.0002814980262473718,421,193,1.6707396071965306,64.9285,4.0902391944049645,23.043587594300085,1729,2
4000,2.0,83,0.0002814980262473718,257,182,1.0199051758895685,36.007,2.268298862178235,20.83328880577077,1796,1
4000,2.0,84,0.0002814980262473718,748,205,2.968439967180534,154.502,9.733016102542887,17.990159901599014,1781,8
4000,2.0,85,0.0002814980262473718,672,400,2.666833767306576,156.1155,9.834660233243156,51.94651442307692,1733,4
4000,2.0,86,0.0002814980262473718,468,97,1.857259230802794,62.4155,3.9319301144856738,8.67440543601359,1775,2
4000,2.0,87,0.0002814980262473718,1062,58,4.214549792975571,286.0745,18.021564219407548,5.6004084411164055,1725,4
4000,2.0,88,0.0002814980262473718,537,153,2.1310859122673085,84.022,5.293054322713353,13.779670805659833,1739,1
4000,2.0,89,0.0002814980262473718,581,360,2.3057000279838107,121.866,7.677076933324432,43.844106463878326,1750,2
4000,2.0,90,0.0002814980262473718,365,217,1.4485034599209825,58.0835,3.659031215078444,27.265199449793673,1739,3
4000,2.0,91,0.0002814980262473718,1134,50,4.500281982329847,325.177,20.484867362083264,5.147243545010467,1707,9
4000,2.0,92,0.0002814980262473718,499,123,1.9802828123303295,72.586,4.572631466383464,11.808911739503,1825,0
4000,2.0,93,0.0002814980262473718,1038,175,4.119305729857479,280.18,17.65023398797728,14.61039837947333,1694,12
4000,2.0,94,0.0002814980262473718,805,55,3.1946446170860026,166.6135,10.495992792332974,5.768075117370892,1840,4
4000,2.0,95,0.0002814980262473718,630,175,2.500156656849915,113.214,7.13203508713991,16.604154302670622,1754,3
4000,2.0,96,0.0002814980262473718,877,45,3.4803768064402787,196.718,12.392457454660985,5.68139609349984,1787,5
4000,2.0,97,0.0002814980262473718,853,31,3.3851327433221865,185.624,11.6935792482843,4.73053701938354,1764,12
4000,2.0,98,0.0002814980262473718,838,211,3.325605203873379,189.8465,11.959580079943354,18.071473750790638,1706,1
4000,2.0,99,0.0002814980262473718,715,64,2.8374793803931575,133.6375,8.418634965266307,7.100456621004566,1813,1
4000,2.0,100,0.0002814980262473718,1113,57,4.416943427101517,314.365,19.803754042510093,6.474194665742986,1643,10
4000,2.0,101,0.0002814980262473718,783,56,3.1073375592277515,158.735,9.999678392753138,6.792353124028598,1794,2
4000,2.0,102,0.0002814980262473718,279,161,1.1072122337478194,39.469,2.4863911959150378,21.50900295619457,1751,4
4000,2.0,103,0.0002814980262473718,641,256,2.5438101857790407,124.721,7.856930663196925,26.199166418576958,1674,5
4000,2.0,104,0.0002814980262473718,966,80,3.833573540503203,239.2625,15.072593010023606,7.875411997363217,1709,7
4000,2.0,105,0.0002814980262473718,691,69,2.7422353172750653,126.143,7.9465110498444504,8.18706557872469,1793,4
4000,2.0,106,0.0002814980262473718,537,61,2.1310859122673085,79.398,5.0017605759776576,8.43863701992492,1747,2
4000,2.0,107,0.0002814980262473718,1220,65,4.84157320850301,376.381,23.710517234024117,6.159712230215828,1703,17
4000,2.0,108,0.0002814980262473718,917,70,3.6391169116370987,214.6995,13.525220972595218,5.80895231916964,1836,8
4000,2.0,109,0.0002814980262473718,738,53,2.928754940881329,142.177,8.95658975554517,7.377069282648682,1816,3
4000,2.0,110,0.0002814980262473718,533,315,2.1152119017476263,104.6945,6.595340217910941,38.848860686472456,1687,2
4000,2.0,111,0.0002814980262473718,1152,55,4.571715029668416,335.9825,21.165571207315217,5.908005617977528,1703,11
4000,2.0,112,0.0002814980262473718,1170,54,4.643148077006985,346.148,21.805957578950533,5.544876325088339,1640,10
4000,2.0,113,0.0002814980262473718,481,112,1.9088497649917606,71.816,4.5241245059625115,15.886047172492185,1746,1
4000,2.0,114,0.0002814980262473718,1063,41,4.218518295605492,285.5505,17.988554287900303,4.165134490977188,1781,15
4000,2.0,115,0.0002814980262473718,1042,76,4.135179740377161,276.5965,17.424487633862366,6.971602434077079,1723,9
4000,2.0,116,0.0002814980262473718,1018,101,4.039935677259069,264.5385,16.66488123288075,7.320590207914152,1731,21
4000,2.0,117,0.0002814980262473718,1034,32,4.103431719337797,270.3395,17.030321333402757,4.113958192852326,1762,10
4000,2.0,118,0.0002814980262473718,1177,62,4.670927595416429,350.5885,22.085691550053443,6.030818278427205,1686,11
4000,2.0,119,0.0002814980262473718,618,94,2.452534625290869,103.277,6.506043313499642,9.220579538734476,1792,3
4000,2.0,120,0.0002814980262473718,1000,57,3.9685026299205,254.8905,16.057095318411463,6.520666666666667,1693,16
4000,2.0,121,0.0002814980262473718,975,82,3.8692900641724877,242.446,15.273140943140623,6.333553719008265,1745,12
4000,2.0,122,0.0002814980262473718,736,135,2.920817935621488,145.628,9.17398913270453,12.504901960784315,1756,8
4000,2.0,123,0.0002814980262473718,891,129,3.5359358432591654,206.404,13.002637219125072,10.207462206497267,1714,6
4000,2.0,124,0.0002814980262473718,798,74,3.166865098676559,165.1885,10.406223417527965,7.4797001873828854,1784,3
4000,2.0,125,0.0002814980262473718,944,55,3.746266482644952,227.622,14.339287460958545,6.332460732984293,1744,8
4000,2.0,126,0.0002814980262473718,636,190,2.523967672629438,115.4055,7.27009093618214,16.98156956004756,1764,3
4000,2.0,127,0.0002814980262473718,673,71,2.6708022699364964,120.142,7.568471738823494,8.307484220018035,1807,4
4000,2.0,128,0.0002814980262473718,860,81,3.41291226173163,190.558,12.004401771293363,7.207643312101911,1698,9
4000,2.0,129,0.0002814980262473718,499,157,1.9802828123303295,74.0465,4.664637201052037,13.477577834904313,1841,3
4000,2.0,130,0.0002814980262473718,1085,34,4.305825353463742,298.1985,18.78532835985382,5.3409948542024015,1642,6
4000,2.0,131,0.0002814980262473718,175,131,0.6944879602360875,28.3465,1.7857176020422514,21.63686274509804,1783,1
4000,2.0,132,0.0002814980262473718,641,126,2.5438101857790407,113.05,7.121703734530771,12.300982435248585,1789,6
4000,2.0,133,0.0002814980262473718,359,135,1.4246924441414595,44.3595,2.7944733906405816,13.336171381488603,1886,1
4000,2.0,134,0.0002814980262473718,914,114,3.627211403747337,216.7,13.651244575610953,10.176279974076474,1713,8
4000,2.0,135,0.0002814980262473718,678,211,2.690644783086099,131.7865,8.302029272098537,20.30764599638772,1794,2
4000,2.0,136,0.0002814980262473718,884,166,3.508156324849722,206.455,13.005850017802306,14.237483953786906,1719,6
4000,2.0,137,0.0002814980262473718,862,190,3.420849266991471,197.9785,12.47186397883061,15.573613766730402,1764,7
4000,2.0,138,0.0002814980262473718,526,91,2.087432383338183,79.317,4.996657895725583,11.684513529073115,1771,7
4000,2.0,139,0.0002814980262473718,964,40,3.825636535243362,235.886,14.859886838775106,4.693017127799736,1739,4
4000,2.0,140,0.0002814980262473718,842,44,3.341479214393061,181.7115,11.447107192898615,5.662444585180494,1762,6
4000,2.0,141,0.0002814980262473718,347,166,1.3770704125824136,48.2745,3.0411029361575035,19.898439638653162,1753,5
4000,2.0,142,0.0002814980262473718,748,73,2.968439967180534,146.891,9.253553147005391,8.628536285362854,1749,6
4000,2.0,143,0.0002814980262473718,550,109,2.182676446456275,86.2335,5.432370092805479,12.299710144927536,1782,2
4000,2.0,144,0.0002814980262473718,750,50,2.976376972440375,145.5495,9.169043942583693,6.060923076923077,1774,6
4000,2.0,145,0.0002814980262473718,732,102,2.904943925101806,142.2135,8.958889111461229,10.107099143206854,1768,5
4000,2.0,146,0.0002814980262473718,1191,49,4.726486632235315,358.279,22.570162691764267,5.210039159843361,1706,11
4000,2.0,147,0.0002814980262473718,845,89,3.3533847222828226,185.9345,11.713139522583917,9.417749603803486,1736,4
4000,2.0,148,0.0002814980262473718,1068,48,4.238360808755094,289.394,18.23067961566385,5.781718963165075,1712,3
4000,2.0,149,0.0002814980262473718,1053,34,4.178833269306287,281.3335,17.72289993452997,5.607397353240584,1701,4
4000,2.0,150,0.0002814980262473718,1231,63,4.885226737432135,382.539,24.098446925286748,5.343084145901047,1680,14
4000,2.0,151,0.0002814980262473718,697,169,2.7660463330545886,135.001,8.50453008284289,16.407811080835604,1759,6
4000,2.0,152,0.0002814980262473718,377,90,1.4961254914800286,45.2025,2.847579062893651,10.676511178581286,1834,3
4000,2.0,153,0.0002814980262473718,936,130,3.714518461605588,226.887,14.292985362374907,10.265013054830288,1704,8
4000,2.0,154,0.0002814980262473718,535,82,2.1231489070074674,79.8865,5.03253414762134,9.616450216450216,1788,1
4000,2.0,155,0.0002814980262473718,723,238,2.8692274014325214,148.377,9.347165281012582,21.598718339945073,1819,5
4000,2.0,156,0.0002814980262473718,906,60,3.595463382707973,210.484,13.259661113303627,6.819650937297996,1747,7
4000,2.0,157,0.0002814980262473718,791,86,3.1390855802671154,162.974,10.266718659278354,8.169211592396385,1730,7
4000,2.0,158,0.0002814980262473718,741,74,2.9406604487710903,143.768,9.056816475064307,7.975145750230132,1775,6
4000,2.0,159,0.0002814980262473718,505,93,2.0040938281098524,72.516,4.5682217427088325,10.02546494992847,1763,3
4000,2.0,160,0.0002814980262473718,1008,36,4.000250650959864,257.1115,16.197009551002285,4.1383689839572195,1796,5
4000,2.0,161,0.0002814980262473718,649,103,2.5755582068184046,113.331,7.139405625281795,9.586093703372129,1807,0
4000,2.0,162,0.0002814980262473718,1144,39,4.539967008629052,330.167,20.79921766403203,4.177871148459384,1739,16
4000,2.0,163,0.0002814980262473718,863,151,3.4248177696213915,195.34,12.305648894323229,11.66432897672936,1772,4
4000,2.0,164,0.0002814980262473718,712,115,2.825573872503396,134.729,8.48739515656432,9.723844282238442,1817,2
4000,2.0,165,0.0002814980262473718,625,172,2.4803141437003124,116.8965,7.364018050451803,22.80325925925926,1811,7
4000,2.0,166,0.0002814980262473718,958,57,3.801825519463839,233.71,14.722807428546544,5.613412228796844,1759,9
4000,2.0,167,0.0002814980262473718,1090,44,4.325667866613345,301.1435,18.970851734450843,5.661168384879725,1723,10
4000,2.0,168,0.0002814980262473718,846,73,3.357353224912743,184.9455,11.650836426666617,7.6303107165504125,1774,3
4000,2.0,169,0.0002814980262473718,451,132,1.7897946860941456,61.5715,3.87876144618011,12.083685545224007,1796,4
4000,2.0,170,0.0002814980262473718,915,70,3.6311799063772576,213.898,13.474729636520681,5.953646677471637,1767,3
4000,2.0,171,0.0002814980262473718,763,49,3.0279675066293414,150.3535,9.471676978768443,5.945319740500463,1773,2
4000,2.0,172,0.0002814980262473718,892,58,3.539904345889086,203.885,12.843950162890813,6.395109395109395,1752,10
4000,2.0,173,0.0002814980262473718,1073,38,4.258203321904697,291.244,18.347222312779127,4.662453023573625,1739,3
4000,2.0,174,0.0002814980262473718,623,228,2.4723771384404714,114.7795,7.230655407320431,21.02132069884513,1761,2
4000,2.0,175,0.0002814980262473718,618,114,2.452534625290869,105.0425,6.617262844179113,11.30869308101715,1733,6
4000,2.0,176,0.0002814980262473718,451,80,1.7897946860941456,60.0175,3.7808655806032783,10.332206255283179,1837,1
4000,2.0,177,0.0002814980262473718,167,132,0.6627399391967235,20.7985,1.3102233978119262,14.428645969214715,1871,1
4000,2.0,178,0.0002814980262473718,927,87,3.6788019379363037,220.988,13.921371648708414,8.012691181256102,1763,9
4000,2.0,179,0.0002814980262473718,1112,32,4.412974924471596,312.499,19.686203408554903,4.657894736842105,1696,6
4000,2.0,180,0.0002814980262473718,479,146,1.9009127597319195,70.7245,4.455364314664499,15.182334564044305,1680,3
4000,2.0,181,0.0002814980262473718,370,159,1.468345973070585,51.441,3.240579936382109,18.970798898071624,1864,2
4000,2.0,182,0.0002814980262473718,828,95,3.285920177574174,177.457,11.179090487559726,7.64312736443884,1787,9
4000,2.0,183,0.0002814980262473718,829,88,3.2898886802040943,177.919,11.2081946638123,7.705771050141911,1813,16
4000,2.0,184,0.0002814980262473718,964,78,3.825636535243362,237.4925,14.961089997107912,6.80961791831357,1745,9
4000,2.0,185,0.0002814980262473718,830,98,3.293857182834015,178.8415,11.266308522238699,8.348895899053629,1789,2
4000,2.0,186,0.0002814980262473718,1202,30,4.770140161164441,363.958,22.927917273881917,3.941386704789135,1666,20
4000,2.0,187,0.0002814980262473718,908,56,3.603400387967814,210.0595,13.232919289019609,5.1015523932729625,1783,6
4000,2.0,188,0.0002814980262473718,844,69,3.349416219652902,182.9535,11.525348290097085,6.171736375158428,1836,4
4000,2.0,189,0.0002814980262473718,1074,46,4.262171824534617,292.052,18.39812312319488,5.0348598769651405,1740,8
4000,2.0,190,0.0002814980262473718,658,186,2.611274730487689,124.1605,7.8216213757736215,19.05385996409336,1675,8
4000,2.0,191,0.0002814980262473718,1018,64,4.039935677259069,263.2025,16.58071850674777,5.528504359490275,1758,14
4000,2.0,192,0.0002814980262473718,882,86,3.500219319589881,200.744,12.646079562004823,8.034637588197562,1734,4
4000,2.0,193,0.0002814980262473718,621,87,2.4644401331806307,107.761,6.788517612886072,13.43681562592483,1760,1
4000,2.0,194,0.0002814980262473718,446,436,1.769952172944543,101.9275,6.421030140657985,58.74901519414744,1770,2
4000,2.0,195,0.0002814980262473718,724,200,2.873195904062442,145.242,9.14967265644156,17.335775335775335,1723,5
4000,2.0,196,0.0002814980262473718,712,260,2.825573872503396,147.2095,9.273617389724969,24.906934306569344,1732,4
4000,2.0,197,0.0002814980262473718,1060,44,4.20661278771573,284.228,17.905242008476005,4.527891156462585,1786,5
4000,2.0,198,0.0002814980262473718,1031,48,4.091526211448036,269.412,16.97189249471388,4.946783428763894,1754,8
4000,2.0,199,0.0002814980262473718,1010,68,4.008187656219705,259.5895,16.35311376908426,6.1063545150501675,1743,9
