mean_degree,network,shock,severity,edges,outside_debt,asset_loss_fraction_of_debt,direct_default_fraction,clearing_default_fraction,contagion_default_fraction,outside_creditor_loss_fraction,direct_outside_loss_fraction,contagion_outside_loss_fraction
1.0,0,0,0.0,43,46.849999999999994,0.0,0.0,0.0,0.0,0.0,0.0,0.0
1.0,0,1,0.0,43,46.849999999999994,0.0,0.0,0.0,0.0,0.0,0.0,0.0
1.0,0,2,0.0,43,46.849999999999994,0.0,0.0,0.0,0.0,0.0,0.0,0.0
1.0,0,3,0.0,43,46.849999999999994,0.0,0.0,0.0,0.0,0.0,0.0,0.0
1.0,0,4,0.0,43,46.849999999999994,0.0,0.0,0.0,0.0,0.0,0.0,0.0
1.0,0,5,0.0,43,46.849999999999994,0.0,0.0,0.0,0.0,0.0,0.0,0.0
1.0,0,6,0.0,43,46.849999999999994,0.0,0.0,0.0,0.0,0.0,0.0,0.0
1.0,0,7,0.0,43,46.849999999999994,0.0,0.0,0.0,0.0,0.0,0.0,0.0
1.0,0,0,0.05,43,46.849999999999994,0.13119810726330156,0.65,0.75,0.1,0.09594171823504524,0.08836816882819021,0.007573549406855035
1.0,0,1,0.05,43,46.849999999999994,0.06457382074519044,0.3625,0.375,0.0125,0.030151333150549832,0.029039057679318407,0.0011122754712314248
1.0,0,2,0.05,43,46.849999999999994,0.0187318281370892,0.0875,0.0875,0.0,0.003329520585743784,0.003329520585743784,0.0
1.0,0,3,0.05,43,46.849999999999994,0.0486047341056191,0.2125,0.2125,0.0,0.01682094907107433,0.01682094907107433,0.0
1.0,0,4,0.05,43,46.849999999999994,0.038055575148373176,0.15,0.15,0.0,0.015597919040445855,0.015597919040445855,0.0
1.0,0,5,0.05,43,46.849999999999994,0.05824264939305277,0.25,0.25,0.0,0.024854803648659364,0.024854803648659364,0.0
1.0,0,6,0.05,43,46.849999999999994,0.10825781556390941,0.5875,0.625,0.0375,0.07142983500750628,0.06842830256504737,0.003001532442458918
1.0,0,7,0.05,43,46.849999999999994,0.03434163157927566,0.1375,0.1375,0.0,0.015031226846761128,0.015031226846761128,0.0
1.0,0,0,0.1,43,46.849999999999994,0.1644793572633015,0.8625,0.95,0.0875,0.1451742439229591,0.1255063888806885,0.019667855042270616
1.0,0,1,0.1,43,46.849999999999994,0.0933374500511431,0.5,0.5125,0.0125,0.05852234222630668,0.05572954804923316,0.002792794177073517
1.0,0,2,0.1,43,46.849999999999994,0.035627401094672356,0.1625,0.1625,0.0,0.012424658528970905,0.012424658528970905,0.0
1.0,0,3,0.1,43,46.849999999999994,0.07510341471522503,0.325,0.3875,0.0625,0.036529822221506025,0.03531280411695547,0.001217018104550556
1.0,0,4,0.1,43,46.849999999999994,0.062118554835385656,0.2625,0.2625,0.0,0.029325954898065987,0.029325954898065987,0.0
1.0,0,5,0.1,43,46.849999999999994,0.08977119418830047,0.45,0.475,0.025,0.04957012807553513,0.04924508959851771,0.00032503847701741834
1.0,0,6,0.1,43,46.849999999999994,0.14013017748367226,0.7125,0.8625,0.15,0.11192466418876318,0.10136124748713096,0.010563416701632217
1.0,0,7,0.1,43,46.849999999999994,0.057483283812466104,0.225,0.225,0.0,0.028883044360400376,0.028883044360400376,0.0
1.0,0,0,0.2,43,46.849999999999994,0.2310418572633015,0.9875,1.0,0.0125,0.2579156580801498,0.2077138734419598,0.05020178463819003
1.0,0,1,0.2,43,46.849999999999994,0.15688851618713207,0.725,0.85,0.125,0.13646155884815578,0.11846596091578655,0.017995597932369226
1.0,0,2,0.2,43,46.849999999999994,0.08419440039091215,0.4125,0.45,0.0375,0.046596933003686176,0.04620810192213661,0.0003888310815495649
1.0,0,3,0.2,43,46.849999999999994,0.13590794298605563,0.6625,0.775,0.1125,0.10414477062056768,0.08995009022075282,0.014194680399814863
1.0,0,4,0.2,43,46.849999999999994,0.12261365370585646,0.6125,0.6875,0.075,0.0860611313566211,0.080546108934935,0.005515022421686111
1.0,0,5,0.2,43,46.849999999999994,0.1559014473905614,0.7875,0.8875,0.1,0.13193399619294152,0.11952863044900736,0.012405365743934166
1.0,0,6,0.2,43,46.849999999999994,0.2066926774836723,0.925,1.0,0.075,0.21633754959844015,0.17844995186732832,0.03788759773111183
1.0,0,7,0.2,43,46.849999999999994,0.11783268810521812,0.5625,0.625,0.0625,0.08240391387557813,0.07837782644101968,0.004026087434558456
1.0,0,0,0.35,43,46.849999999999994,0.3308856072633015,1.0,1.0,0.0,0.4284065865751705,0.33254130434490986,0.09586528223026064
1.0,0,1,0.35,43,46.849999999999994,0.256732266187132,0.975,1.0,0.025,0.3017840191026487,0.23850827269718047,0.06327574640546821
1.0,0,2,0.35,43,46.849999999999994,0.17744416281809763,0.8875,0.95,0.0625,0.16766708680006484,0.13832106119984228,0.029346025600222564
1.0,0,3,0.35,43,46.849999999999994,0.23539760197145046,0.9875,1.0,0.0125,0.2653534291932875,0.20735412741395354,0.05799930177933399
1.0,0,4,0.35,43,46.849999999999994,0.22224156707109177,0.95,1.0,0.05,0.24288848165803548,0.1965709043888136,0.046317577269221866
1.0,0,5,0.35,43,46.849999999999994,0.2557451973905614,1.0,1.0,0.0,0.30009852275847304,0.24247225284237206,0.05762626991610098
1.0,0,6,0.35,43,46.849999999999994,0.30653642748367227,1.0,1.0,0.0,0.38682847809345705,0.30233904237639414,0.08448943571706291
1.0,0,7,0.35,43,46.849999999999994,0.21747657907163345,0.95,0.9875,0.0375,0.23502727128375003,0.1937273569958122,0.04129991428793783
1.0,0,0,0.5,43,46.849999999999994,0.4307293572633015,1.0,1.0,0.0,0.5988975150701913,0.457393492178421,0.14150402289177028
1.0,0,1,0.5,43,46.849999999999994,0.356576016187132,1.0,1.0,0.0,0.47227494759766947,0.3633349658857909,0.10893998171187858
1.0,0,2,0.5,43,46.849999999999994,0.2772879128180976,1.0,1.0,0.0,0.3368843762099044,0.2608335094911511,0.07605086671875333
1.0,0,3,0.5,43,46.849999999999994,0.33524135197145044,1.0,1.0,0.0,0.4358443576883073,0.3319577235683702,0.1038866341199371
1.0,0,4,0.5,43,46.849999999999994,0.32208531707109184,1.0,1.0,0.0,0.4133794101530552,0.3212046832092443,0.0921747269438109
1.0,0,5,0.5,43,46.849999999999994,0.3555889473905614,1.0,1.0,0.0,0.4705894512534939,0.3673244406758834,0.1032650105776105
1.0,0,6,0.5,43,46.849999999999994,0.4063801774836723,1.0,1.0,0.0,0.5573194065884779,0.42719123020990546,0.13012817637857244
1.0,0,7,0.5,43,46.849999999999994,0.31732032907163343,1.0,1.0,0.0,0.40524282445496085,0.3183033778082003,0.08693944664676057
1.0,1,0,0.0,47,42.95,0.0,0.0,0.0,0.0,0.0,0.0,0.0
1.0,1,1,0.0,47,42.95,0.0,0.0,0.0,0.0,0.0,0.0,0.0
1.0,1,2,0.0,47,42.95,0.0,0.0,0.0,0.0,0.0,0.0,0.0
1.0,1,3,0.0,47,42.95,0.0,0.0,0.0,0.0,0.0,0.0,0.0
1.0,1,4,0.0,47,42.95,0.0,0.0,0.0,0.0,0.0,0.0,0.0
1.0,1,5,0.0,47,42.95,0.0,0.0,0.0,0.0,0.0,0.0,0.0
1.0,1,6,0.0,47,42.95,0.0,0.0,0.0,0.0,0.0,0.0,0.0
1.0,1,7,0.0,47,42.95,0.0,0.0,0.0,0.0,0.0,0.0,0.0
1.0,1,0,0.05,47,42.95,0.06593072120727361,0.2375,0.25,0.0125,0.03782957810145824,0.03777281351342497,5.6764588033268726e-05
1.0,1,1,0.05,47,42.95,0.09980483047195461,0.5375,0.575,0.0375,0.0686850314757046,0.06629570937889469,0.0023893220968099066
1.0,1,2,0.05,47,42.95,0.08052278879830979,0.3625,0.375,0.0125,0.04299505231143219,0.04242438803315142,0.0005706642782807719
1.0,1,3,0.05,47,42.95,0.037474532052172535,0.1375,0.1375,0.0,0.01031664622931161,0.01031664622931161,0.0
1.0,1,4,0.05,47,42.95,0.07555706381387509,0.3375,0.3875,0.05,0.04470560832613288,0.044504822512222285,0.00020078581391059364
1.0,1,5,0.05,47,42.95,0.005540278767949766,0.0125,0.0125,0.0,0.00028827376483777853,0.00028827376483777853,0.0
1.0,1,6,0.05,47,42.95,0.08441771117525258,0.4125,0.4375,0.025,0.04542958227151341,0.04382273502424027,0.001606847247273141
1.0,1,7,0.05,47,42.95,0.0007487976269641199,0.0,0.0,0.0,0.0,0.0,0.0
1.0,1,0,0.1,47,42.95,0.09206727265479744,0.4,0.4125,0.0125,0.05988982334173188,0.05781036466638029,0.0020794586753515934
1.0,1,1,0.1,47,42.95,0.12904732076723743,0.75,0.8,0.05,0.1053209438751951,0.09653259195309578,0.008788351922099313
1.0,1,2,0.1,47,42.95,0.1092290958549409,0.6,0.7125,0.1125,0.07067895052278919,0.06646258907715509,0.004216361445634101
1.0,1,3,0.1,47,42.95,0.06546122866833029,0.2875,0.3125,0.025,0.025675795441752025,0.025632411554513863,4.3383887238162416e-05
1.0,1,4,0.1,47,42.95,0.1040109934312344,0.5375,0.5875,0.05,0.07349891546705364,0.06892261239043611,0.0045763030766175355
1.0,1,5,0.1,47,42.95,0.013081075771056633,0.0625,0.0625,0.0,0.0040320624351969725,0.0040320624351969725,0.0
1.0,1,6,0.1,47,42.95,0.11271690936034788,0.575,0.6625,0.0875,0.07781576253355695,0.07210131723376574,0.005714445299791204
1.0,1,7,0.1,47,42.95,0.003543732484354932,0.0125,0.0125,0.0,9.49582975834989e-05,9.49582975834989e-05,0.0
1.0,1,0,0.2,47,42.95,0.14965158659116704,0.775,0.875,0.1,0.13815943069681144,0.11566473732438574,0.022494693372425698
1.0,1,1,0.2,47,42.95,0.1905956286810876,0.9,0.975,0.075,0.2063549461229397,0.16543881787247314,0.04091612825046656
1.0,1,2,0.2,47,42.95,0.1695607699262937,0.9,0.9875,0.0875,0.1686812943910901,0.13152371057098042,0.03715758382010967
1.0,1,3,0.2,47,42.95,0.12588629270242882,0.7125,0.7875,0.075,0.09444984207965731,0.08620590146663767,0.00824394061301964
1.0,1,4,0.2,47,42.95,0.1642556073520685,0.8625,0.95,0.0875,0.16190416097007143,0.13506459436978543,0.026839566600285997
1.0,1,5,0.2,47,42.95,0.048107752208720295,0.1875,0.2,0.0125,0.020734991833446362,0.020534203873585608,0.00020078795986075426
1.0,1,6,0.2,47,42.95,0.17329434821878756,0.875,0.95,0.075,0.17406337943828434,0.13702124383038258,0.03704213560790176
1.0,1,7,0.2,47,42.95,0.020912902546043426,0.075,0.075,0.0,0.007861827781154098,0.007861827781154098,0.0
1.0,1,0,0.35,47,42.95,0.24190249758102875,0.9625,1.0,0.0375,0.30156460550570224,0.22703091956444924,0.07453368594125301
1.0,1,1,0.35,47,42.95,0.28312687868108755,1.0,1.0,0.0,0.3783504143066549,0.2810020243185869,0.097348389988068
1.0,1,2,0.35,47,42.95,0.26207855371866295,1.0,1.0,0.0,0.33914515244417787,0.24532886754452557,0.0938162848996523
1.0,1,3,0.35,47,42.95,0.2184175427024288,0.9625,1.0,0.0375,0.2578208013081356,0.1983906223878705,0.059430178920265114
1.0,1,4,0.35,47,42.95,0.25658177792322556,0.9875,1.0,0.0125,0.32890668763317144,0.24870394456814865,0.08020274306502279
1.0,1,5,0.35,47,42.95,0.1343711280390975,0.75,0.85,0.1,0.10684123448072246,0.09445755572294494,0.012383678757777516
1.0,1,6,0.35,47,42.95,0.26582559821878754,0.9875,1.0,0.0125,0.3461245135619897,0.2526120112469499,0.09351250231503982
1.0,1,7,0.35,47,42.95,0.0882146040225156,0.425,0.425,0.0,0.05601699668374196,0.05530630662263825,0.0007106900611037054
1.0,1,0,0.5,47,42.95,0.3344337475810288,1.0,1.0,0.0,0.4739161771003627,0.3432204199184252,0.1306957571819375
1.0,1,1,0.5,47,42.95,0.3756581286810876,1.0,1.0,0.0,0.5507019859013174,0.39771389859099676,0.1529880873103206
1.0,1,2,0.5,47,42.95,0.35460980371866296,1.0,1.0,0.0,0.5114967240388403,0.3620407418169353,0.14945598222190498
1.0,1,3,0.5,47,42.95,0.3109487927024288,1.0,1.0,0.0,0.4301723729027979,0.31505964733928093,0.11511272556351698
1.0,1,4,0.5,47,42.95,0.3491130279232255,1.0,1.0,0.0,0.5012582592278326,0.36511671653392574,0.13614154269390688
1.0,1,5,0.5,47,42.95,0.2266214315673353,0.9875,1.0,0.0125,0.27310161875147576,0.2070768010623145,0.06602481768916127
1.0,1,6,0.5,47,42.95,0.3583568482187876,1.0,1.0,0.0,0.5184760851566521,0.3693138697334277,0.1491622154232244
1.0,1,7,0.5,47,42.95,0.178147577572025,0.85,0.9625,0.1125,0.1841171902002313,0.15073481574244285,0.03338237445778844
1.0,2,0,0.0,45,44.24999999999999,0.0,0.0,0.0,0.0,0.0,0.0,0.0
1.0,2,1,0.0,45,44.24999999999999,0.0,0.0,0.0,0.0,0.0,0.0,0.0
1.0,2,2,0.0,45,44.24999999999999,0.0,0.0,0.0,0.0,0.0,0.0,0.0
1.0,2,3,0.0,45,44.24999999999999,0.0,0.0,0.0,0.0,0.0,0.0,0.0
1.0,2,4,0.0,45,44.24999999999999,0.0,0.0,0.0,0.0,0.0,0.0,0.0
1.0,2,5,0.0,45,44.24999999999999,0.0,0.0,0.0,0.0,0.0,0.0,0.0
1.0,2,6,0.0,45,44.24999999999999,0.0,0.0,0.0,0.0,0.0,0.0,0.0
1.0,2,7,0.0,45,44.24999999999999,0.0,0.0,0.0,0.0,0.0,0.0,0.0
1.0,2,0,0.05,45,44.24999999999999,0.033704350285657665,0.1125,0.1125,0.0,0.008948369517558275,0.008948369517558275,0.0
1.0,2,1,0.05,45,44.24999999999999,0.07033078974326623,0.325,0.35,0.025,0.03685869193703397,0.03597978910710729,0.0008789028299266768
1.0,2,2,0.05,45,44.24999999999999,0.027999662504275408,0.125,0.125,0.0,0.012483464053413088,0.01238923044641527,9.423360699781745e-05
1.0,2,3,0.05,45,44.24999999999999,0.06865490924358429,0.3375,0.35,0.0125,0.04221136445392851,0.04145609747898308,0.0007552669749454274
1.0,2,4,0.05,45,44.24999999999999,0.05274606006862108,0.2625,0.2625,0.0,0.026491643176186977,0.026338586918897254,0.00015305625728972289
1.0,2,5,0.05,45,44.24999999999999,0.06051511683256628,0.2875,0.2875,0.0,0.028215833434416544,0.027774453150347614,0.00044138028406892973
1.0,2,6,0.05,45,44.24999999999999,0.07228911016770925,0.3125,0.3125,0.0,0.04350372301302284,0.04332993822195728,0.0001737847910655635
1.0,2,7,0.05,45,44.24999999999999,0.02003178035225657,0.05,0.05,0.0,0.005270334485156854,0.005270334485156854,0.0
1.0,2,0,0.1,45,44.24999999999999,0.056396226330120265,0.2375,0.2375,0.0,0.022542850007655626,0.02242549656406487,0.000117353443590755
1.0,2,1,0.1,45,44.24999999999999,0.09638695837771333,0.525,0.575,0.05,0.061830639660862545,0.0585406609345648,0.003289978726297743
1.0,2,2,0.1,45,44.24999999999999,0.046444827750805565,0.1875,0.1875,0.0,0.022370866793888403,0.02214895404839771,0.0002219127454906912
1.0,2,3,0.1,45,44.24999999999999,0.09701322711593593,0.425,0.475,0.05,0.06701811507981237,0.06469763208652982,0.002320482993282552
1.0,2,4,0.1,45,44.24999999999999,0.07959383784491064,0.375,0.375,0.0,0.048036920157321805,0.04734741925604013,0.0006895009012816769
1.0,2,5,0.1,45,44.24999999999999,0.08650905607907634,0.475,0.4875,0.0125,0.05122302532273167,0.04892162359585335,0.002301401726878323
1.0,2,6,0.1,45,44.24999999999999,0.10104551362050111,0.45,0.5,0.05,0.06755573275949789,0.06519716553897112,0.0023585672205267694
1.0,2,7,0.1,45,44.24999999999999,0.036435533970308916,0.175,0.175,0.0,0.012628696496421071,0.012628696496421071,0.0
1.0,2,0,0.2,45,44.24999999999999,0.11024391966987296,0.5875,0.6625,0.075,0.07691433907179601,0.06894455326328285,0.007969785808513166
1.0,2,1,0.2,45,44.24999999999999,0.15514966423803114,0.8,0.8625,0.0625,0.14325103979182963,0.11935973395805831,0.023891305833771317
1.0,2,2,0.2,45,44.24999999999999,0.10129857226547533,0.5,0.5625,0.0625,0.060901481468341886,0.05905879433321955,0.0018426871351223395
1.0,2,3,0.2,45,44.24999999999999,0.1601960566214677,0.825,0.925,0.1,0.14817560490971002,0.12751879319195158,0.020656811717758433
1.0,2,4,0.2,45,44.24999999999999,0.14083477736644848,0.7625,0.85,0.0875,0.11498424087259451,0.10789154012955132,0.00709270074304319
1.0,2,5,0.2,45,44.24999999999999,0.14624905696923124,0.7625,0.8375,0.075,0.129166273871459,0.1097642109049974,0.01940206296646159
1.0,2,6,0.2,45,44.24999999999999,0.1631516941567699,0.8125,0.95,0.1375,0.15131043072596803,0.13074426389750793,0.020566166828460103
1.0,2,7,0.2,45,44.24999999999999,0.08844471081064416,0.4625,0.475,0.0125,0.050372265089996676,0.04758205381723852,0.002790211272758157
1.0,2,0,0.35,45,44.24999999999999,0.20428979638899428,0.95,0.9875,0.0375,0.22475387629730728,0.17224865221944483,0.052505224077862456
1.0,2,1,0.35,45,44.24999999999999,0.24958279812573272,0.975,1.0,0.025,0.306590369492404,0.23167439138440135,0.07491597810800263
1.0,2,2,0.35,45,44.24999999999999,0.19601734528876189,0.9625,1.0,0.0375,0.20974887283816976,0.16445018289478186,0.0452986899433879
1.0,2,3,0.35,45,44.24999999999999,0.2551648066214677,1.0,1.0,0.0,0.3166821362643706,0.24452598036586434,0.07215615589850624
1.0,2,4,0.35,45,44.24999999999999,0.23491248911967708,0.9875,1.0,0.0125,0.28006777693918256,0.22187595208937722,0.05819182484980534
1.0,2,5,0.35,45,44.24999999999999,0.24121780696923126,1.0,1.0,0.0,0.2914672216388768,0.22239727594774536,0.06906994569113142
1.0,2,6,0.35,45,44.24999999999999,0.25812044415676993,1.0,1.0,0.0,0.32202566175190983,0.2477111531433426,0.07431450860856723
1.0,2,7,0.35,45,44.24999999999999,0.18189967145861374,0.8625,0.975,0.1125,0.18457184048703087,0.1495047956034057,0.035067044883625165
1.0,2,0,0.5,45,44.24999999999999,0.2992585463889943,1.0,1.0,0.0,0.3963996318890811,0.29127242878745147,0.10512720310162965
1.0,2,1,0.5,45,44.24999999999999,0.34455154812573274,1.0,1.0,0.0,0.4782852847463299,0.3510721907243797,0.12721309402195025
1.0,2,2,0.5,45,44.24999999999999,0.2909860952887619,1.0,1.0,0.0,0.38144378809209467,0.2836666172100187,0.09777717088207599
1.0,2,3,0.5,45,44.24999999999999,0.3501335566214677,1.0,1.0,0.0,0.4883770515182977,0.3641107261285762,0.12426632538972149
1.0,2,4,0.5,45,44.24999999999999,0.3298812391196771,1.0,1.0,0.0,0.45176269219310516,0.3407179358737623,0.11104475631934285
1.0,2,5,0.5,45,44.24999999999999,0.33618655696923133,1.0,1.0,0.0,0.4631621368928038,0.3419820217104572,0.12118011518234656
1.0,2,6,0.5,45,44.24999999999999,0.3530891941567699,1.0,1.0,0.0,0.4937205770058368,0.3672958989060544,0.12642467809978242
1.0,2,7,0.5,45,44.24999999999999,0.27684323538507644,0.9875,0.9875,0.0,0.3559058712200099,0.2677987331741291,0.08810713804588077
1.0,3,0,0.0,35,45.55,0.0,0.0,0.0,0.0,0.0,0.0,0.0
1.0,3,1,0.0,35,45.55,0.0,0.0,0.0,0.0,0.0,0.0,0.0
1.0,3,2,0.0,35,45.55,0.0,0.0,0.0,0.0,0.0,0.0,0.0
1.0,3,3,0.0,35,45.55,0.0,0.0,0.0,0.0,0.0,0.0,0.0
1.0,3,4,0.0,35,45.55,0.0,0.0,0.0,0.0,0.0,0.0,0.0
1.0,3,5,0.0,35,45.55,0.0,0.0,0.0,0.0,0.0,0.0,0.0
1.0,3,6,0.0,35,45.55,0.0,0.0,0.0,0.0,0.0,0.0,0.0
1.0,3,7,0.0,35,45.55,0.0,0.0,0.0,0.0,0.0,0.0,0.0
1.0,3,0,0.05,35,45.55,0.010085468556967453,0.0125,0.0125,0.0,0.00013203789785237505,0.00013203789785237505,0.0
1.0,3,1,0.05,35,45.55,0.019571710741380706,0.0625,0.0625,0.0,0.00265648479595038,0.00265648479595038,0.0
1.0,3,2,0.05,35,45.55,0.04084567673442136,0.225,0.225,0.0,0.01580878198780023,0.01580878198780023,0.0
1.0,3,3,0.05,35,45.55,0.018472926552927694,0.025,0.025,0.0,0.0009462450426683647,0.0009462450426683647,0.0
1.0,3,4,0.05,35,45.55,0.056132929580944235,0.225,0.25,0.025,0.02552209116306427,0.025467446324519458,5.4644838544812974e-05
1.0,3,5,0.05,35,45.55,0.022015131591521596,0.0625,0.0625,0.0,0.0050242320778892844,0.0050242320778892844,0.0
1.0,3,6,0.05,35,45.55,0.09396181902874028,0.4375,0.4625,0.025,0.05558526264253965,0.05227758846431437,0.0033076741782252783
1.0,3,7,0.05,35,45.55,0.04670690840119314,0.2125,0.2125,0.0,0.019305761830619474,0.019305761830619474,0.0
1.0,3,0,0.1,35,45.55,0.021153791396998096,0.1,0.1,0.0,0.003402089255976494,0.003402089255976494,0.0
1.0,3,1,0.1,35,45.55,0.03659357744233337,0.1375,0.15,0.0125,0.007577451290696078,0.007571422056335961,6.0292343601175274e-06
1.0,3,2,0.1,35,45.55,0.06651411695699197,0.35,0.35,0.0,0.036860496647113064,0.036860496647113064,0.0
1.0,3,3,0.1,35,45.55,0.03565873223918629,0.175,0.175,0.0,0.008080432509489009,0.008080432509489009,0.0
1.0,3,4,0.1,35,45.55,0.08486298293005193,0.45,0.5,0.05,0.04825900169673794,0.047093481820598325,0.001165519876139616
1.0,3,5,0.1,35,45.55,0.0425010220067107,0.175,0.175,0.0,0.013094192873578058,0.013094192873578058,0.0
1.0,3,6,0.1,35,45.55,0.1244103558232668,0.625,0.6875,0.0625,0.08942770502736178,0.0820781082085942,0.007349596818767581
1.0,3,7,0.1,35,45.55,0.07266880726751289,0.375,0.375,0.0,0.0380930954761708,0.0380930954761708,0.0
1.0,3,0,0.2,35,45.55,0.06301988841911005,0.3125,0.325,0.0125,0.025435685092961843,0.025139931398368856,0.0002957536945929866
1.0,3,1,0.2,35,45.55,0.08615415017790262,0.4375,0.5,0.0625,0.04108641756431817,0.03694614341557243,0.004140274148745737
1.0,3,2,0.2,35,45.55,0.12866586567879995,0.675,0.7375,0.0625,0.0981145959324626,0.09317445979559709,0.004940136136865517
1.0,3,3,0.2,35,45.55,0.08612410295013884,0.425,0.475,0.05,0.050079724695208425,0.04836736344567696,0.0017123612495314675
1.0,3,4,0.2,35,45.55,0.14898288075913133,0.75,0.8625,0.1125,0.12602519593988235,0.11406127673407403,0.011963919205808318
1.0,3,5,0.2,35,45.55,0.09698318836829538,0.475,0.5375,0.0625,0.05732236264756239,0.055161581513676984,0.0021607811338854033
1.0,3,6,0.2,35,45.55,0.18841006144764705,0.8875,0.95,0.0625,0.19107932473038683,0.15480630594013883,0.036273018790247996
1.0,3,7,0.2,35,45.55,0.13257715044455956,0.675,0.7625,0.0875,0.10692691331424813,0.0976118583670825,0.009315054947165627
1.0,3,0,0.35,35,45.55,0.15366487800619408,0.8,0.9,0.1,0.1331756827124887,0.1095748898902633,0.023600792822225394
1.0,3,1,0.35,35,45.55,0.1812756461318115,0.8875,0.975,0.0875,0.17814423349543576,0.13597413817176415,0.04217009532367161
1.0,3,2,0.35,35,45.55,0.22607211567879998,0.9875,1.0,0.0125,0.2565481724323943,0.20871372753260964,0.04783444489978467
1.0,3,3,0.35,35,45.55,0.17878301945112907,0.8875,0.9625,0.075,0.17524766237629577,0.14715705738545495,0.028090604990840817
1.0,3,4,0.35,35,45.55,0.24638913075913133,0.9875,1.0,0.0125,0.2922311846480785,0.23252029783204445,0.059710886816034064
1.0,3,5,0.35,35,45.55,0.19349922806363212,0.8875,0.9625,0.075,0.1995641766313095,0.16187518790773148,0.03768898872357801
1.0,3,6,0.35,35,45.55,0.285816311447647,1.0,1.0,0.0,0.3614776051766539,0.27539626540010925,0.08608133977654464
1.0,3,7,0.35,35,45.55,0.22998340044455956,0.95,1.0,0.05,0.2634176078058311,0.21144902908462015,0.05196857872121097
1.0,3,0,0.5,35,45.55,0.25025972533917307,0.9875,1.0,0.0125,0.299029155370386,0.22665110391613627,0.07237805145424972
1.0,3,1,0.5,35,45.55,0.2786818961318115,1.0,1.0,0.0,0.34894734776133485,0.2575131379398255,0.09143420982150935
1.0,3,2,0.5,35,45.55,0.32347836567879995,1.0,1.0,0.0,0.427623913376223,0.33099201931328526,0.09663189406293776
1.0,3,3,0.5,35,45.55,0.27590027668984907,0.9875,1.0,0.0125,0.34406195686441915,0.2667314653311539,0.07733049153326527
1.0,3,4,0.5,35,45.55,0.3437953807591313,1.0,1.0,0.0,0.4633069255919069,0.3547015932882571,0.10860533230364977
1.0,3,5,0.5,35,45.55,0.2909054780636321,1.0,1.0,0.0,0.37041576827827016,0.28325837888180133,0.08715738939646883
1.0,3,6,0.5,35,45.55,0.383222561447647,1.0,1.0,0.0,0.5325533461204827,0.39768989877003247,0.1348634473504502
1.0,3,7,0.5,35,45.55,0.32738965044455953,1.0,1.0,0.0,0.4344933487496588,0.3334977034438182,0.1009956453058406
1.0,4,0,0.0,32,52.05,0.0,0.0,0.0,0.0,0.0,0.0,0.0
1.0,4,1,0.0,32,52.05,0.0,0.0,0.0,0.0,0.0,0.0,0.0
1.0,4,2,0.0,32,52.05,0.0,0.0,0.0,0.0,0.0,0.0,0.0
1.0,4,3,0.0,32,52.05,0.0,0.0,0.0,0.0,0.0,0.0,0.0
1.0,4,4,0.0,32,52.05,0.0,0.0,0.0,0.0,0.0,0.0,0.0
1.0,4,5,0.0,32,52.05,0.0,0.0,0.0,0.0,0.0,0.0,0.0
1.0,4,6,0.0,32,52.05,0.0,0.0,0.0,0.0,0.0,0.0,0.0
1.0,4,7,0.0,32,52.05,0.0,0.0,0.0,0.0,0.0,0.0,0.0
1.0,4,0,0.05,32,52.05,0.04071222230724039,0.1625,0.1625,0.0,0.012571636334593083,0.012571636334593083,0.0
1.0,4,1,0.05,32,52.05,0.1288937008498833,0.6625,0.7125,0.05,0.09141327655402719,0.08600983848714146,0.00540343806688573
1.0,4,2,0.05,32,52.05,0.05831195404838922,0.2875,0.2875,0.0,0.02632292560245744,0.02632292560245744,0.0
1.0,4,3,0.05,32,52.05,0.0615969158801878,0.2375,0.25,0.0125,0.02830971576121213,0.02802770109748846,0.00028201466372367034
1.0,4,4,0.05,32,52.05,0.09560382880616713,0.425,0.425,0.0,0.06233399876204665,0.062157674476666605,0.00017632428538004452
1.0,4,5,0.05,32,52.05,0.03384611991628071,0.15,0.15,0.0,0.015047205923784807,0.015047205923784807,0.0
1.0,4,6,0.05,32,52.05,0.053965635198283526,0.2625,0.2625,0.0,0.028531255477267946,0.028531255477267946,0.0
1.0,4,7,0.05,32,52.05,0.10183441287756403,0.5,0.5,0.0,0.06917800207020568,0.06790237074716193,0.0012756313230437438
1.0,4,0,0.1,32,52.05,0.06828074687298391,0.3625,0.375,0.0125,0.031184114936976995,0.030686317883265615,0.0004977970537113803
1.0,4,1,0.1,32,52.05,0.16484256118336252,0.7375,0.85,0.1125,0.13539987803534423,0.1228629859260354,0.012536892109308834
1.0,4,2,0.1,32,52.05,0.0866901816692832,0.45,0.4875,0.0375,0.04916693464249,0.048633208851893754,0.000533725790596247
1.0,4,3,0.1,32,52.05,0.09006230779489777,0.4,0.45,0.05,0.04990811737252754,0.04839966909666485,0.0015084482758626894
1.0,4,4,0.1,32,52.05,0.13084011725337213,0.5875,0.6375,0.05,0.09616265060880595,0.09421420399658811,0.0019484466122178384
1.0,4,5,0.1,32,52.05,0.05841646688383282,0.2875,0.2875,0.0,0.032945195592656726,0.032945195592656726,0.0
1.0,4,6,0.1,32,52.05,0.08038501613715096,0.375,0.375,0.0,0.04854160976222988,0.04854160976222988,0.0
1.0,4,7,0.1,32,52.05,0.13663317187554877,0.6375,0.6375,0.0,0.10712112954828541,0.1041956986946885,0.002925430853596908
1.0,4,0,0.2,32,52.05,0.13675395714918923,0.6875,0.725,0.0375,0.09934732047824228,0.09414314380315243,0.00520417667508985
1.0,4,1,0.2,32,52.05,0.23790506118336255,0.975,1.0,0.025,0.24269750037767662,0.20742318550663943,0.03527431487103719
1.0,4,2,0.2,32,52.05,0.15351564394761325,0.75,0.825,0.075,0.12465543825644546,0.11409716030539307,0.01055827795105238
1.0,4,3,0.2,32,52.05,0.15638314187685703,0.7375,0.825,0.0875,0.12541727116459325,0.11070108164418413,0.014716189520409123
1.0,4,4,0.2,32,52.05,0.20255261725337212,0.875,0.975,0.1,0.19022309678694088,0.17386613470876608,0.016356962078174803
1.0,4,5,0.2,32,52.05,0.12157841583606728,0.55,0.5625,0.0125,0.0905004364781818,0.09003694720571928,0.00046348927246252225
1.0,4,6,0.2,32,52.05,0.14861896668683766,0.7125,0.7625,0.05,0.11801166305087131,0.10946897453777962,0.008542688513091687
1.0,4,7,0.2,32,52.05,0.20948431897816516,0.825,0.95,0.125,0.1995008957598478,0.1848298150015839,0.014671080758263899
1.0,4,0,0.35,32,52.05,0.24607566542155274,0.9625,0.9875,0.025,0.2553845037599086,0.22124347981103581,0.034141023948872806
1.0,4,1,0.35,32,52.05,0.3474988111833625,1.0,1.0,0.0,0.4111413044120523,0.3411940256589869,0.06994727875306544
1.0,4,2,0.35,32,52.05,0.2625844435339279,0.9875,1.0,0.0125,0.2806293080250004,0.2388080727006195,0.04182123532438092
1.0,4,3,0.35,32,52.05,0.26529497937760205,0.9875,1.0,0.0125,0.28479535735241557,0.23661405002002708,0.048181307332388484
1.0,4,4,0.35,32,52.05,0.31207644934057743,1.0,1.0,0.0,0.3566977127229648,0.3054564403358618,0.05124127238710302
1.0,4,5,0.35,32,52.05,0.22880146307445912,0.9,0.975,0.075,0.2301194605013719,0.20993557932777845,0.020183881173593432
1.0,4,6,0.35,32,52.05,0.25791364870221445,0.9875,1.0,0.0125,0.2734503726448688,0.2356023559658836,0.037848016678985213
1.0,4,7,0.35,32,52.05,0.31907806897816515,1.0,1.0,0.0,0.3674590877663322,0.3170534920534017,0.05040559571293046
1.0,4,0,0.5,32,52.05,0.3556694154215528,1.0,1.0,0.0,0.4236993896965005,0.35474623497575697,0.06895315472074354
1.0,4,1,0.5,32,52.05,0.45709256118336256,1.0,1.0,0.0,0.5795851084464283,0.4750023830076901,0.1045827254387382
1.0,4,2,0.5,32,52.05,0.3721781935339279,1.0,1.0,0.0,0.44907311205937633,0.37261530242887714,0.0764578096304992
1.0,4,3,0.5,32,52.05,0.3748887293776021,1.0,1.0,0.0,0.45323916138679105,0.3703491014356787,0.08289005995111237
1.0,4,4,0.5,32,52.05,0.4216701993405774,1.0,1.0,0.0,0.5251415167573407,0.43926479768456494,0.08587671907277572
1.0,4,5,0.5,32,52.05,0.33839521307445913,1.0,1.0,0.0,0.3971492227846218,0.3417603286819647,0.05538889410265707
1.0,4,6,0.5,32,52.05,0.3675073987022145,1.0,1.0,0.0,0.44189417667924447,0.3693576719308152,0.07253650474842926
1.0,4,7,0.5,32,52.05,0.4286718189781652,1.0,1.0,0.0,0.535902891800708,0.45086184940210483,0.08504104239860322
1.0,5,0,0.0,25,57.9,0.0,0.0,0.0,0.0,0.0,0.0,0.0
1.0,5,1,0.0,25,57.9,0.0,0.0,0.0,0.0,0.0,0.0,0.0
1.0,5,2,0.0,25,57.9,0.0,0.0,0.0,0.0,0.0,0.0,0.0
1.0,5,3,0.0,25,57.9,0.0,0.0,0.0,0.0,0.0,0.0,0.0
1.0,5,4,0.0,25,57.9,0.0,0.0,0.0,0.0,0.0,0.0,0.0
1.0,5,5,0.0,25,57.9,0.0,0.0,0.0,0.0,0.0,0.0,0.0
1.0,5,6,0.0,25,57.9,0.0,0.0,0.0,0.0,0.0,0.0,0.0
1.0,5,7,0.0,25,57.9,0.0,0.0,0.0,0.0,0.0,0.0,0.0
1.0,5,0,0.05,25,57.9,0.05803329666265422,0.25,0.25,0.0,0.02181500002790272,0.02181500002790272,0.0
1.0,5,1,0.05,25,57.9,0.04065748612882404,0.2,0.2,0.0,0.018980511001187413,0.018980511001187413,0.0
1.0,5,2,0.05,25,57.9,0.05352725772915322,0.2625,0.2625,0.0,0.020126242067427746,0.020126242067427746,0.0
1.0,5,3,0.05,25,57.9,0.07169153172659633,0.3625,0.3625,0.0,0.03337806668963581,0.03318270880906328,0.00019535788057253173
1.0,5,4,0.05,25,57.9,0.0447484922748763,0.1875,0.1875,0.0,0.01504220677219673,0.01504220677219673,0.0
1.0,5,5,0.05,25,57.9,0.02160051683933311,0.0625,0.0625,0.0,0.004967289985361136,0.004967289985361136,0.0
1.0,5,6,0.05,25,57.9,0.06259478210079583,0.2625,0.2625,0.0,0.029367185385614038,0.029367185385614038,0.0
1.0,5,7,0.05,25,57.9,0.1132337367908024,0.55,0.575,0.025,0.08012772474232699,0.07860480279830728,0.0015229219440197062
1.0,5,0,0.1,25,57.9,0.09060601664651355,0.4625,0.4625,0.0,0.047051835308015606,0.046944021258736285,0.00010781404927932142
1.0,5,1,0.1,25,57.9,0.06664032885895474,0.325,0.3375,0.0125,0.03664209877419127,0.03663255993553919,9.538838652081716e-06
1.0,5,2,0.1,25,57.9,0.08397103659910803,0.4125,0.425,0.0125,0.041967520537171094,0.041927485175340576,4.00353618305177e-05
1.0,5,3,0.1,25,57.9,0.10504678590308077,0.575,0.6,0.025,0.0628186844435757,0.061832137803612006,0.000986546639963698
1.0,5,4,0.1,25,57.9,0.07602567277630792,0.425,0.425,0.0,0.036727391465919114,0.036727391465919114,0.0
1.0,5,5,0.1,25,57.9,0.04213119705512799,0.2125,0.2125,0.0,0.014125102580958834,0.014125102580958834,0.0
1.0,5,6,0.1,25,57.9,0.0970195043155551,0.4875,0.4875,0.0,0.05397456813247803,0.053723616602356195,0.0002509515301218346
1.0,5,7,0.1,25,57.9,0.14928390536361924,0.6875,0.725,0.0375,0.1169459958503359,0.11390798846235285,0.003038007387983044
1.0,5,0,0.2,25,57.9,0.16756819125603903,0.8125,0.8625,0.05,0.12420127992509826,0.11872368835550154,0.005477591569596721
1.0,5,1,0.2,25,57.9,0.13450133840871295,0.625,0.65,0.025,0.09734603406377575,0.09601870312449874,0.001327330939277005
1.0,5,2,0.2,25,57.9,0.1563790849246284,0.725,0.775,0.05,0.11417235885918718,0.108663421615179,0.00550893724400818
1.0,5,3,0.2,25,57.9,0.1796072227020113,0.8125,0.875,0.0625,0.14516337083294484,0.13802326321490513,0.007140107618039709
1.0,5,4,0.2,25,57.9,0.15383518232575588,0.7375,0.8,0.0625,0.10919539262420841,0.10718791505368122,0.0020074775705271886
1.0,5,5,0.2,25,57.9,0.10157656715973955,0.5125,0.5375,0.025,0.06285226981747097,0.06265968281273962,0.00019258700473134827
1.0,5,6,0.2,25,57.9,0.17448618384968279,0.8375,0.8875,0.05,0.13797750231770436,0.1320738895913881,0.00590361272631626
1.0,5,7,0.2,25,57.9,0.22754374086178694,0.8375,0.9375,0.1,0.20644243205095092,0.19686574300395573,0.009576689046995185
1.0,5,0,0.35,25,57.9,0.288130691256039,1.0,1.0,0.0,0.28757263040530257,0.2572150435839359,0.03035758682136669
1.0,5,1,0.35,25,57.9,0.2525024381742212,0.95,0.9875,0.0375,0.23936697682668753,0.22358607504232278,0.015780901784364754
1.0,5,2,0.35,25,57.9,0.27655526695959687,0.9875,1.0,0.0125,0.2715789526209438,0.24309517192592286,0.028483780695020916
1.0,5,3,0.35,25,57.9,0.29980315971185995,0.9625,1.0,0.0375,0.3037003933839889,0.2738315335033179,0.029868859880671006
1.0,5,4,0.35,25,57.9,0.27439768232575584,1.0,1.0,0.0,0.2685978339559291,0.24564427855345222,0.0229535554024769
1.0,5,5,0.35,25,57.9,0.21905199572224351,0.8875,0.9625,0.075,0.1924404087738028,0.18028067623850458,0.012159732535298229
1.0,5,6,0.35,25,57.9,0.29504868384968275,1.0,1.0,0.0,0.29713116939482276,0.2700192756564853,0.027111893738337445
1.0,5,7,0.35,25,57.9,0.348106240861787,0.9875,1.0,0.0125,0.37044040188125543,0.3359993054941472,0.03444109638710824
1.0,5,0,0.5,25,57.9,0.4086931912560391,1.0,1.0,0.0,0.45415294128590605,0.399176183480309,0.054976757805597076
1.0,5,1,0.5,25,57.9,0.37306493817422115,1.0,1.0,0.0,0.4049256485995846,0.36391942699711116,0.041006221602473414
1.0,5,2,0.5,25,57.9,0.3971177669595969,1.0,1.0,0.0,0.4381592635015462,0.3849386229221519,0.053220640579394296
1.0,5,3,0.5,25,57.9,0.42036565971186,1.0,1.0,0.0,0.47028070426458995,0.41552344402273644,0.05475726024185351
1.0,5,4,0.5,25,57.9,0.3949601823257559,1.0,1.0,0.0,0.4351781448365326,0.38760541844982527,0.04757272638670734
1.0,5,5,0.5,25,57.9,0.33961449572224356,1.0,1.0,0.0,0.3587074206866943,0.321223608070476,0.037483812616218304
1.0,5,6,0.5,25,57.9,0.41561118384968276,1.0,1.0,0.0,0.46371148027542636,0.41198041555285836,0.051731064722568
1.0,5,7,0.5,25,57.9,0.468668740861787,1.0,1.0,0.0,0.5370207127618588,0.47794419320321724,0.05907651955864157
1.0,6,0,0.0,51,40.349999999999994,0.0,0.0,0.0,0.0,0.0,0.0,0.0
1.0,6,1,0.0,51,40.349999999999994,0.0,0.0,0.0,0.0,0.0,0.0,0.0
1.0,6,2,0.0,51,40.349999999999994,0.0,0.0,0.0,0.0,0.0,0.0,0.0
1.0,6,3,0.0,51,40.349999999999994,0.0,0.0,0.0,0.0,0.0,0.0,0.0
1.0,6,4,0.0,51,40.349999999999994,0.0,0.0,0.0,0.0,0.0,0.0,0.0
1.0,6,5,0.0,51,40.349999999999994,0.0,0.0,0.0,0.0,0.0,0.0,0.0
1.0,6,6,0.0,51,40.349999999999994,0.0,0.0,0.0,0.0,0.0,0.0,0.0
1.0,6,7,0.0,51,40.349999999999994,0.0,0.0,0.0,0.0,0.0,0.0,0.0
1.0,6,0,0.05,51,40.349999999999994,0.05132432002059033,0.225,0.225,0.0,0.02530038099845237,0.02530038099845237,0.0
1.0,6,1,0.05,51,40.349999999999994,0.019332335929748635,0.05,0.05,0.0,0.00454222597010426,0.00454222597010426,0.0
1.0,6,2,0.05,51,40.349999999999994,0.0362847979428371,0.15,0.15,0.0,0.007267242360415879,0.007267242360415879,0.0
1.0,6,3,0.05,51,40.349999999999994,0.04975397478957437,0.2,0.2,0.0,0.020417439549302276,0.020382813028780478,3.462652052179868e-05
1.0,6,4,0.05,51,40.349999999999994,0.05670210849593092,0.225,0.2375,0.0125,0.028202631188210505,0.028136426194725676,6.620499348482939e-05
1.0,6,5,0.05,51,40.349999999999994,0.022128734827688547,0.0625,0.0625,0.0,0.005892622196634054,0.005892622196634054,0.0
1.0,6,6,0.05,51,40.349999999999994,0.07481091567449105,0.3375,0.3375,0.0,0.0489934810969801,0.0489934810969801,0.0
1.0,6,7,0.05,51,40.349999999999994,0.0441363074480168,0.15,0.15,0.0,0.02045099572086322,0.02045099572086322,0.0
1.0,6,0,0.1,51,40.349999999999994,0.07627412053586738,0.35,0.375,0.025,0.04391424525945904,0.0430877048270642,0.0008265404323948428
1.0,6,1,0.1,51,40.349999999999994,0.03455755461301393,0.15,0.15,0.0,0.01131215859679062,0.01131215859679062,0.0
1.0,6,2,0.1,51,40.349999999999994,0.05917667220464653,0.35,0.35,0.0,0.021666549770682247,0.021592674128629263,7.387564205298472e-05
1.0,6,3,0.1,51,40.349999999999994,0.0741997173443361,0.35,0.3625,0.0125,0.04005360746186164,0.03953820047156026,0.0005154069903013786
1.0,6,4,0.1,51,40.349999999999994,0.08270237058092075,0.3875,0.425,0.0375,0.05059969917913947,0.048295058105894344,0.0023046410732451283
1.0,6,5,0.1,51,40.349999999999994,0.04019892508490697,0.1625,0.1625,0.0,0.014452946548234745,0.014452946548234745,0.0
1.0,6,6,0.1,51,40.349999999999994,0.10169763619817836,0.575,0.6125,0.0375,0.07644001279415882,0.07446355400815662,0.001976458786002208
1.0,6,7,0.1,51,40.349999999999994,0.0664247625135484,0.2875,0.3,0.0125,0.03373901668944237,0.03326206157083987,0.000476955118602497
1.0,6,0,0.2,51,40.349999999999994,0.1323171605164068,0.6875,0.85,0.1625,0.10978817038151788,0.09367411798699075,0.016114052394527123
1.0,6,1,0.2,51,40.349999999999994,0.08083224313452342,0.35,0.3875,0.0375,0.045603189804843056,0.043810957168766596,0.00179223263607646
1.0,6,2,0.2,51,40.349999999999994,0.11346199123467296,0.6375,0.7625,0.125,0.08377702723428257,0.07293564994861733,0.01084137728566524
1.0,6,3,0.2,51,40.349999999999994,0.13069399541616433,0.675,0.8375,0.1625,0.10674825784158735,0.09206269656129928,0.01468556128028807
1.0,6,4,0.2,51,40.349999999999994,0.1393299491788258,0.7,0.875,0.175,0.12297383800587108,0.1036936344811707,0.01928020352470039
1.0,6,5,0.2,51,40.349999999999994,0.0931871086771752,0.525,0.55,0.025,0.053043421469547186,0.0500962898517435,0.002947131617803689
1.0,6,6,0.2,51,40.349999999999994,0.15878803605693143,0.8,0.9,0.1,0.1623008348368443,0.13762630053715713,0.024674534299687162
1.0,6,7,0.2,51,40.349999999999994,0.12273288678403609,0.7,0.8625,0.1625,0.08975744956331731,0.07693251740940046,0.012824932153916849
1.0,6,0,0.35,51,40.349999999999994,0.21952536348015075,1.0,1.0,0.0,0.2766302125997419,0.19675127952259447,0.07987893307714744
1.0,6,1,0.35,51,40.349999999999994,0.1628800213096576,0.875,0.95,0.075,0.17027649946294504,0.1271092415262374,0.04316725793670764
1.0,6,2,0.35,51,40.349999999999994,0.20068618812094527,0.925,0.9875,0.0625,0.23929955393216382,0.17468410658800848,0.06461544734415534
1.0,6,3,0.35,51,40.349999999999994,0.21640592573785575,0.975,0.9875,0.0125,0.27226814456706133,0.19400479434694562,0.07826335022011571
1.0,6,4,0.35,51,40.349999999999994,0.22659742351591708,1.0,1.0,0.0,0.2906516451365653,0.20768639499929406,0.08296525013727121
1.0,6,5,0.35,51,40.349999999999994,0.17983567173083964,0.9625,1.0,0.0375,0.19793937393952063,0.14873289794356798,0.04920647599595265
1.0,6,6,0.35,51,40.349999999999994,0.24644133327474366,0.9625,1.0,0.0375,0.3299952084749947,0.24375400329229863,0.08624120518269607
1.0,6,7,0.35,51,40.349999999999994,0.2103891367840361,0.9875,1.0,0.0125,0.25851625632493047,0.18205173572339223,0.07646452060153824
1.0,6,0,0.5,51,40.349999999999994,0.3071816134801507,1.0,1.0,0.0,0.450422034160835,0.3071620601917394,0.14325997396909557
1.0,6,1,0.5,51,40.349999999999994,0.25027992180501435,0.975,1.0,0.025,0.33760579292156306,0.2346379380236362,0.10296785489792687
1.0,6,2,0.5,51,40.349999999999994,0.2883424381209453,1.0,1.0,0.0,0.4130705092851422,0.28412309477679903,0.12894741450834318
1.0,6,3,0.5,51,40.349999999999994,0.30406217573785577,1.0,1.0,0.0,0.4442372753161422,0.3025828467068678,0.1416544286092744
1.0,6,4,0.5,51,40.349999999999994,0.31425367351591704,1.0,1.0,0.0,0.46444346669765835,0.3180971756684391,0.14634629102921926
1.0,6,5,0.5,51,40.349999999999994,0.2674919217308397,1.0,1.0,0.0,0.3717311955006051,0.2580237259127072,0.1137074695878979
1.0,6,6,0.5,51,40.349999999999994,0.33409758327474365,1.0,1.0,0.0,0.5037870300360869,0.35400285599036657,0.14978417404572036
1.0,6,7,0.5,51,40.349999999999994,0.298045386784036,1.0,1.0,0.0,0.4323080778860234,0.29244133429958663,0.13986674358643675
1.0,7,0,0.0,28,55.95,0.0,0.0,0.0,0.0,0.0,0.0,0.0
1.0,7,1,0.0,28,55.95,0.0,0.0,0.0,0.0,0.0,0.0,0.0
1.0,7,2,0.0,28,55.95,0.0,0.0,0.0,0.0,0.0,0.0,0.0
1.0,7,3,0.0,28,55.95,0.0,0.0,0.0,0.0,0.0,0.0,0.0
1.0,7,4,0.0,28,55.95,0.0,0.0,0.0,0.0,0.0,0.0,0.0
1.0,7,5,0.0,28,55.95,0.0,0.0,0.0,0.0,0.0,0.0,0.0
1.0,7,6,0.0,28,55.95,0.0,0.0,0.0,0.0,0.0,0.0,0.0
1.0,7,7,0.0,28,55.95,0.0,0.0,0.0,0.0,0.0,0.0,0.0
1.0,7,0,0.05,28,55.95,0.13792378557115118,0.6875,0.75,0.0625,0.09668448252137529,0.0935198258403978,0.0031646566809774984
1.0,7,1,0.05,28,55.95,0.08567305511615333,0.45,0.475,0.025,0.041717313928810285,0.041257997304153596,0.00045931662465668877
1.0,7,2,0.05,28,55.95,0.051472715244495613,0.2875,0.2875,0.0,0.02208671219126645,0.02208671219126645,0.0
1.0,7,3,0.05,28,55.95,0.09940229072532922,0.475,0.525,0.05,0.05784896315383213,0.05587219350277162,0.0019767696510605143
1.0,7,4,0.05,28,55.95,0.05653097661283041,0.2875,0.2875,0.0,0.02197232926144193,0.02197232926144193,0.0
1.0,7,5,0.05,28,55.95,0.07724091265261734,0.4,0.4125,0.0125,0.04122446328416984,0.04096611962401926,0.0002583436601505812
1.0,7,6,0.05,28,55.95,0.07207366578205292,0.325,0.325,0.0,0.035730064944562885,0.035730064944562885,0.0
1.0,7,7,0.05,28,55.95,0.0017220846129039173,0.0,0.0,0.0,0.0,0.0,0.0
1.0,7,0,0.1,28,55.95,0.17638954181736682,0.85,0.875,0.025,0.14402732136495555,0.13526527599959717,0.008762045365358379
1.0,7,1,0.1,28,55.95,0.1194588788962943,0.55,0.5875,0.0375,0.0746714593886673,0.07221151968688268,0.0024599397017846247
1.0,7,2,0.1,28,55.95,0.08268650802702744,0.3625,0.375,0.0125,0.046087780707261314,0.0457223534649918,0.0003654272422695115
1.0,7,3,0.1,28,55.95,0.13550338528535905,0.65,0.675,0.025,0.09453944422759707,0.08931863551094571,0.005220808716651357
1.0,7,4,0.1,28,55.95,0.08939412036092223,0.4625,0.475,0.0125,0.04670144879851788,0.046690811168989405,1.0637629528478798e-05
1.0,7,5,0.1,28,55.95,0.11123448142515853,0.5625,0.5875,0.025,0.07096306057946779,0.06970057860522838,0.0012624819742394072
1.0,7,6,0.1,28,55.95,0.10691865107075085,0.5,0.575,0.075,0.06141544246149609,0.06051367057314024,0.0009017718883558498
1.0,7,7,0.1,28,55.95,0.0040866690853627865,0.0125,0.0125,0.0,0.0006101319021819229,0.0006101319021819229,0.0
1.0,7,0,0.2,28,55.95,0.25424598544222665,0.95,0.975,0.025,0.24958444851677222,0.22561504931355217,0.023969399203220054
1.0,7,1,0.2,28,55.95,0.1931208819834555,0.85,0.95,0.1,0.16510274681906872,0.14955050600432682,0.015552240814741908
1.0,7,2,0.2,28,55.95,0.15601324069470293,0.6875,0.7125,0.025,0.11846794079510237,0.11437728855191759,0.004090652243184778
1.0,7,3,0.2,28,55.95,0.21210485895304787,0.8625,0.9625,0.1,0.19026174534718596,0.1707168202961731,0.01954492505101285
1.0,7,4,0.2,28,55.95,0.16295901327192933,0.7625,0.85,0.0875,0.12371488591086413,0.118825338059572,0.004889547851292128
1.0,7,5,0.2,28,55.95,0.1851242702506349,0.825,0.8625,0.0375,0.15471013903172287,0.14672421896342702,0.007985920068295849
1.0,7,6,0.2,28,55.95,0.18403914108089686,0.85,0.925,0.075,0.14983434814186838,0.13695399667296249,0.012880351468905898
1.0,7,7,0.2,28,55.95,0.02250496713019353,0.1125,0.1125,0.0,0.005799666534564359,0.005799666534564359,0.0
1.0,7,0,0.35,28,55.95,0.37115223544222664,1.0,1.0,0.0,0.41630346443897887,0.36449386995599653,0.051809594482982335
1.0,7,1,0.35,28,55.95,0.3098092719326396,0.9875,1.0,0.0125,0.328592345926654,0.2839478003988382,0.04464454552781577
1.0,7,2,0.35,28,55.95,0.27186401592283094,0.975,1.0,0.025,0.27433639452756176,0.24612790589989791,0.02820848862766384
1.0,7,3,0.35,28,55.95,0.3290111089530478,1.0,1.0,0.0,0.3560480556966591,0.3087912509705879,0.04725680472607119
1.0,7,4,0.35,28,55.95,0.27931678715301134,0.975,1.0,0.025,0.2849927251515653,0.25248914031622394,0.03250358483534138
1.0,7,5,0.35,28,55.95,0.3017292535212365,1.0,1.0,0.0,0.3170391471257681,0.2804477626211101,0.03659138450465799
1.0,7,6,0.35,28,55.95,0.30094539108089685,1.0,1.0,0.0,0.31591834292150334,0.2750019823503838,0.040916360571119526
1.0,7,7,0.35,28,55.95,0.10201975885307209,0.55,0.575,0.025,0.05952721865084978,0.05846745809519794,0.001059760555651837
1.0,7,0,0.5,28,55.95,0.4880584854422267,1.0,1.0,0.0,0.5834616413825137,0.5039268458273103,0.07953479555520337
1.0,7,1,0.5,28,55.95,0.4267155219326396,1.0,1.0,0.0,0.4957505228701886,0.42337058188871796,0.07237994098147066
1.0,7,2,0.5,28,55.95,0.38877026592283104,1.0,1.0,0.0,0.4414945714710961,0.385509889261818,0.0559846822092781
1.0,7,3,0.5,28,55.95,0.44591735895304785,1.0,1.0,0.0,0.5232062326401938,0.44822422684190166,0.07498200579829217
1.0,7,4,0.5,28,55.95,0.39622303715301144,1.0,1.0,0.0,0.45215090209509967,0.39186882807739953,0.06028207401770014
1.0,7,5,0.5,28,55.95,0.4186355035212365,1.0,1.0,0.0,0.48419732406930266,0.41988073849242374,0.06431658557687892
1.0,7,6,0.5,28,55.95,0.41785164108089684,1.0,1.0,0.0,0.4830765198650381,0.41443495822169746,0.06864156164334062
1.0,7,7,0.5,28,55.95,0.21432024053809395,0.875,0.9625,0.0875,0.1924703501701291,0.17386679070432978,0.018603559465799308
1.0,8,0,0.0,43,46.85,0.0,0.0,0.0,0.0,0.0,0.0,0.0
1.0,8,1,0.0,43,46.85,0.0,0.0,0.0,0.0,0.0,0.0,0.0
1.0,8,2,0.0,43,46.85,0.0,0.0,0.0,0.0,0.0,0.0,0.0
1.0,8,3,0.0,43,46.85,0.0,0.0,0.0,0.0,0.0,0.0,0.0
1.0,8,4,0.0,43,46.85,0.0,0.0,0.0,0.0,0.0,0.0,0.0
1.0,8,5,0.0,43,46.85,0.0,0.0,0.0,0.0,0.0,0.0,0.0
1.0,8,6,0.0,43,46.85,0.0,0.0,0.0,0.0,0.0,0.0,0.0
1.0,8,7,0.0,43,46.85,0.0,0.0,0.0,0.0,0.0,0.0,0.0
1.0,8,0,0.05,43,46.85,0.021668489894903723,0.1125,0.1125,0.0,0.002729079467055262,0.0027215754537361974,7.504013319064359e-06
1.0,8,1,0.05,43,46.85,0.03524125149608996,0.15,0.15,0.0,0.013435796288073615,0.013435796288073615,0.0
1.0,8,2,0.05,43,46.85,0.04259785742439184,0.175,0.175,0.0,0.014452398639689504,0.014452398639689504,0.0
1.0,8,3,0.05,43,46.85,0.02606588491946027,0.1375,0.1375,0.0,0.006561198506879805,0.006561198506879805,0.0
1.0,8,4,0.05,43,46.85,0.03383047856354894,0.1125,0.1125,0.0,0.009241859534901871,0.00924185953490187,1.734723475976807e-18
1.0,8,5,0.05,43,46.85,0.04323850470680831,0.1625,0.1625,0.0,0.016828160382328865,0.016828160382328865,0.0
1.0,8,6,0.05,43,46.85,0.057170750870796726,0.225,0.225,0.0,0.030501881683151374,0.030501881683151374,0.0
1.0,8,7,0.05,43,46.85,0.021377816046986534,0.1,0.1,0.0,0.005476200223055313,0.005476200223055313,0.0
1.0,8,0,0.1,43,46.85,0.04106371942828903,0.225,0.25,0.025,0.012733152541798761,0.012320342185978954,0.0004128103558198072
1.0,8,1,0.1,43,46.85,0.05415739720532187,0.225,0.225,0.0,0.02652977558273271,0.026263788351660912,0.00026598723107179936
1.0,8,2,0.1,43,46.85,0.0688627460554067,0.35,0.3625,0.0125,0.03142139259697959,0.031357854146201035,6.353845077855524e-05
1.0,8,3,0.1,43,46.85,0.04580149109913742,0.2125,0.2125,0.0,0.017287627851347073,0.01728762785134707,3.469446951953614e-18
1.0,8,4,0.1,43,46.85,0.05379158789152207,0.25,0.25,0.0,0.023143195123383524,0.02314319512338352,3.469446951953614e-18
1.0,8,5,0.1,43,46.85,0.06865162472842054,0.3125,0.3125,0.0,0.033399722967415446,0.03319954173693946,0.00020018123047598618
1.0,8,6,0.1,43,46.85,0.08280473009795912,0.35,0.3875,0.0375,0.048434756291607935,0.04821516055768731,0.0002195957339206217
1.0,8,7,0.1,43,46.85,0.041302599513304436,0.1625,0.1625,0.0,0.016701151478451963,0.016701151478451963,0.0
1.0,8,0,0.2,43,46.85,0.0947395910655426,0.475,0.5125,0.0375,0.060737459976727665,0.054369486323463084,0.00636797365326458
1.0,8,1,0.2,43,46.85,0.10809285598455767,0.4375,0.5,0.0625,0.07528101732247736,0.06898073913006766,0.006300278192409692
1.0,8,2,0.2,43,46.85,0.13256736031455305,0.65,0.725,0.075,0.09981391628732172,0.09067775521452147,0.009136161072800256
1.0,8,3,0.2,43,46.85,0.10215471990912148,0.5125,0.5875,0.075,0.06659142257101641,0.06148420803386795,0.005107214537148463
1.0,8,4,0.2,43,46.85,0.10767149047178606,0.5625,0.675,0.1125,0.0702735806641982,0.06638445668052212,0.0038891239836760794
1.0,8,5,0.2,43,46.85,0.13139254533995648,0.7,0.825,0.125,0.09604456006008273,0.08571195946959652,0.010332600590486213
1.0,8,6,0.2,43,46.85,0.14584840744647048,0.8125,0.875,0.0625,0.11909388142852007,0.1058007776016417,0.013293103826878372
1.0,8,7,0.2,43,46.85,0.09543396518986487,0.4375,0.4625,0.025,0.061948122294776746,0.060573628270454,0.001374494024322749
1.0,8,0,0.35,43,46.85,0.19130807658375776,0.85,0.9,0.05,0.19420945322929994,0.16022712615656207,0.03398232707273788
1.0,8,1,0.35,43,46.85,0.2058118635883658,0.925,0.9875,0.0625,0.21509674075773177,0.17326345756077274,0.04183328319695903
1.0,8,2,0.35,43,46.85,0.23241111031455305,0.9875,1.0,0.0125,0.2602537636104605,0.20947090116350287,0.05078286244695762
1.0,8,3,0.35,43,46.85,0.20199846990912146,0.95,1.0,0.05,0.20832182695239215,0.1719632096162884,0.036358617336103766
1.0,8,4,0.35,43,46.85,0.20603664738696859,0.9375,1.0,0.0625,0.21521732744814318,0.17227031066940254,0.04294701677874063
1.0,8,5,0.35,43,46.85,0.23077426223700237,1.0,1.0,0.0,0.2574587188675601,0.2037097602505574,0.05374895861700271
1.0,8,6,0.35,43,46.85,0.24560877140781373,0.9875,1.0,0.0125,0.2827897910909085,0.22531929126699413,0.05747049982391439
1.0,8,7,0.35,43,46.85,0.1922681040294924,0.9125,0.9625,0.05,0.19324639504954436,0.16528295322096112,0.027963441828583235
1.0,8,0,0.5,43,46.85,0.29115182658375777,0.9875,1.0,0.0125,0.36055808167937764,0.2824859643323702,0.07807211734700742
1.0,8,1,0.5,43,46.85,0.3056556135883658,1.0,1.0,0.0,0.3853244202144007,0.29717663192356153,0.08814778829083919
1.0,8,2,0.5,43,46.85,0.33225486031455304,1.0,1.0,0.0,0.4307446921053862,0.3343044402716032,0.09644025183378296
1.0,8,3,0.5,43,46.85,0.30184221990912147,1.0,1.0,0.0,0.37881275544731624,0.2965293464464841,0.08228340900083214
1.0,8,4,0.5,43,46.85,0.30588039738696865,1.0,1.0,0.0,0.3857082559430662,0.2966704281675548,0.08903782777551139
1.0,8,5,0.5,43,46.85,0.3306180122370024,1.0,1.0,0.0,0.4279496473624859,0.32856194808406863,0.09938769927841729
1.0,8,6,0.5,43,46.85,0.3454525214078138,1.0,1.0,0.0,0.45328071958583344,0.35002289051553526,0.10325782907029818
1.0,8,7,0.5,43,46.85,0.29209489429451246,0.9875,1.0,0.0125,0.3621684427650047,0.2885941578158792,0.07357428494912549
1.0,9,0,0.0,38,49.45,0.0,0.0,0.0,0.0,0.0,0.0,0.0
1.0,9,1,0.0,38,49.45,0.0,0.0,0.0,0.0,0.0,0.0,0.0
1.0,9,2,0.0,38,49.45,0.0,0.0,0.0,0.0,0.0,0.0,0.0
1.0,9,3,0.0,38,49.45,0.0,0.0,0.0,0.0,0.0,0.0,0.0
1.0,9,4,0.0,38,49.45,0.0,0.0,0.0,0.0,0.0,0.0,0.0
1.0,9,5,0.0,38,49.45,0.0,0.0,0.0,0.0,0.0,0.0,0.0
1.0,9,6,0.0,38,49.45,0.0,0.0,0.0,0.0,0.0,0.0,0.0
1.0,9,7,0.0,38,49.45,0.0,0.0,0.0,0.0,0.0,0.0,0.0
1.0,9,0,0.05,38,49.45,0.0740381250859482,0.4,0.4,0.0,0.03428082483102285,0.034070624008695954,0.00021020082232689474
1.0,9,1,0.05,38,49.45,0.05561807183071667,0.2375,0.2375,0.0,0.028811659947442718,0.028811659947442718,0.0
1.0,9,2,0.05,38,49.45,0.06662510674015867,0.3,0.3,0.0,0.029730541702289396,0.029272624267749757,0.00045791743453963904
1.0,9,3,0.05,38,49.45,0.03215133974037301,0.1125,0.1125,0.0,0.010022949620061915,0.010022949620061915,0.0
1.0,9,4,0.05,38,49.45,0.04829071850221929,0.2125,0.2125,0.0,0.016678867708132972,0.016678867708132972,0.0
1.0,9,5,0.05,38,49.45,0.04265545749297105,0.2625,0.2625,0.0,0.016865340292034882,0.016865340292034882,0.0
1.0,9,6,0.05,38,49.45,0.05370257188523579,0.25,0.25,0.0,0.024299126882080732,0.024160428450762817,0.000138698431317915
1.0,9,7,0.05,38,49.45,0.004757622393576387,0.0,0.0,0.0,0.0,0.0,0.0
1.0,9,0,0.1,38,49.45,0.10665184289185148,0.55,0.5875,0.0375,0.06373498100098894,0.06258644314317205,0.001148537857816892
1.0,9,1,0.1,38,49.45,0.08559531273407692,0.4,0.4,0.0,0.05249720960393281,0.05235692134429297,0.0001402882596398397
1.0,9,2,0.1,38,49.45,0.09764120740164217,0.4875,0.5,0.0125,0.054168888394899785,0.05170214093744872,0.0024667474574510614
1.0,9,3,0.1,38,49.45,0.05524961666897131,0.2375,0.2375,0.0,0.02222062362599111,0.022165015370628916,5.5608255362195325e-05
1.0,9,4,0.1,38,49.45,0.07699621412036137,0.4,0.4125,0.0125,0.03853062322068833,0.03839727509875194,0.00013334812193638995
1.0,9,5,0.1,38,49.45,0.06545986284619479,0.375,0.3875,0.0125,0.035389103330932196,0.035228742249087425,0.00016036108184477177
1.0,9,6,0.1,38,49.45,0.08273945842730081,0.4,0.45,0.05,0.04459126802463899,0.043837399232316894,0.0007538687923220946
1.0,9,7,0.1,38,49.45,0.012486975943162608,0.075,0.075,0.0,0.002798056915967672,0.002798056915967672,0.0
1.0,9,0,0.2,38,49.45,0.17335510810127053,0.8375,0.9125,0.075,0.15563790395944715,0.13991946891149468,0.015718435047952478
1.0,9,1,0.2,38,49.45,0.15341547200585642,0.775,0.8,0.025,0.12602578782953663,0.11862869909191073,0.007397088737625901
1.0,9,2,0.2,38,49.45,0.16542877165469536,0.8,0.9375,0.1375,0.1404859600498417,0.12123161545085684,0.01925434459898487
1.0,9,3,0.2,38,49.45,0.11471793977892437,0.5875,0.65,0.0625,0.0802806373072832,0.07540800346896345,0.004872633838319748
1.0,9,4,0.2,38,49.45,0.1427887364679498,0.6875,0.7875,0.1,0.11223731021752373,0.10418883063856814,0.008048479578955589
1.0,9,5,0.2,38,49.45,0.12261656619466588,0.625,0.65,0.025,0.09387752319748884,0.0898782076031304,0.003999315594358441
1.0,9,6,0.2,38,49.45,0.1491998914681833,0.7875,0.85,0.0625,0.1173808101568621,0.10712726756462049,0.010253542592241607
1.0,9,7,0.2,38,49.45,0.04617047248061025,0.25,0.25,0.0,0.022941477221116634,0.022941477221116634,0.0
1.0,9,0,0.35,38,49.45,0.27807154303911513,0.975,1.0,0.025,0.3204393011751862,0.2652500700170883,0.05518923115809793
1.0,9,1,0.35,38,49.45,0.2581342220058564,1.0,1.0,0.0,0.28818478787574253,0.24389649958941512,0.044288288286327415
1.0,9,2,0.35,38,49.45,0.26967677409917873,1.0,1.0,0.0,0.3068582796343096,0.24680008419406332,0.06005819544024629
1.0,9,3,0.35,38,49.45,0.21776047829584316,0.9,1.0,0.1,0.2228683167574953,0.19116560078479705,0.03170271597269825
1.0,9,4,0.35,38,49.45,0.24743372688367535,0.95,1.0,0.05,0.27087357230902626,0.22782816664083042,0.04304540566819584
1.0,9,5,0.35,38,49.45,0.22511708619958828,0.925,0.9875,0.0625,0.2349238945091881,0.20077935310312478,0.03414454140606332
1.0,9,6,0.35,38,49.45,0.25374834385608297,0.975,1.0,0.025,0.2810893328305778,0.23162573802979505,0.049463594800782745
1.0,9,7,0.35,38,49.45,0.13251509387116536,0.6,0.6625,0.0625,0.10416026104576268,0.09825782092487863,0.005902440120884048
1.0,9,0,0.5,38,49.45,0.38279029303911516,1.0,1.0,0.0,0.48985285021438096,0.39450785549652306,0.0953449947178579
1.0,9,1,0.5,38,49.45,0.3628529720058564,1.0,1.0,0.0,0.45759833691493906,0.3734622225418923,0.08413611437304674
1.0,9,2,0.5,38,49.45,0.3743955240991787,1.0,1.0,0.0,0.4762718286735062,0.3763658071465406,0.0999060215269656
1.0,9,3,0.5,38,49.45,0.3224792282958432,1.0,1.0,0.0,0.39228186579668356,0.3194297834526545,0.07285208234402907
1.0,9,4,0.5,38,49.45,0.35215247688367535,1.0,1.0,0.0,0.4402871213482216,0.35718021486098483,0.08310690648723679
1.0,9,5,0.5,38,49.45,0.32983583619958834,1.0,1.0,0.0,0.404183354821941,0.3291954998019948,0.0749878550199462
1.0,9,6,0.5,38,49.45,0.35846709385608305,1.0,1.0,0.0,0.45050288186977394,0.36112352792322366,0.08937935394655028
1.0,9,7,0.5,38,49.45,0.23548070957208989,0.95,0.975,0.025,0.25175887969567723,0.21416220574598896,0.03759667394968827
1.0,10,0,0.0,32,52.050000000000004,0.0,0.0,0.0,0.0,0.0,0.0,0.0
1.0,10,1,0.0,32,52.050000000000004,0.0,0.0,0.0,0.0,0.0,0.0,0.0
1.0,10,2,0.0,32,52.050000000000004,0.0,0.0,0.0,0.0,0.0,0.0,0.0
1.0,10,3,0.0,32,52.050000000000004,0.0,0.0,0.0,0.0,0.0,0.0,0.0
1.0,10,4,0.0,32,52.050000000000004,0.0,0.0,0.0,0.0,0.0,0.0,0.0
1.0,10,5,0.0,32,52.050000000000004,0.0,0.0,0.0,0.0,0.0,0.0,0.0
1.0,10,6,0.0,32,52.050000000000004,0.0,0.0,0.0,0.0,0.0,0.0,0.0
1.0,10,7,0.0,32,52.050000000000004,0.0,0.0,0.0,0.0,0.0,0.0,0.0
1.0,10,0,0.05,32,52.050000000000004,0.04745635528314349,0.25,0.25,0.0,0.019541646243213424,0.019541646243213424,0.0
1.0,10,1,0.05,32,52.050000000000004,0.08780031227500606,0.3875,0.3875,0.0,0.05187165996616843,0.05187165996616843,0.0
1.0,10,2,0.05,32,52.050000000000004,0.10961264954969326,0.4875,0.5375,0.05,0.06834223002400432,0.06750799818553513,0.0008342318384691877
1.0,10,3,0.05,32,52.050000000000004,0.05842652820797428,0.3125,0.325,0.0125,0.025891671033680615,0.025826978156499387,6.469287718122857e-05
1.0,10,4,0.05,32,52.050000000000004,0.0009642932492051412,0.0,0.0,0.0,0.0,0.0,0.0
1.0,10,5,0.05,32,52.050000000000004,0.04930293001299458,0.225,0.225,0.0,0.019744789385525714,0.019744789385525714,0.0
1.0,10,6,0.05,32,52.050000000000004,0.0023637181914119864,0.0,0.0,0.0,0.0,0.0,0.0
1.0,10,7,0.05,32,52.050000000000004,0.021803835327995628,0.075,0.075,0.0,0.007596919122511564,0.007596919122511564,0.0
1.0,10,0,0.1,32,52.050000000000004,0.07581834719616623,0.4125,0.4125,0.0,0.04037866558493309,0.039978167084911934,0.00040049850002115556
1.0,10,1,0.1,32,52.050000000000004,0.12106585634874453,0.6125,0.65,0.0375,0.08505136951810724,0.08323487975685671,0.0018164897612505254
1.0,10,2,0.1,32,52.050000000000004,0.14383705061719143,0.675,0.8,0.125,0.10762428853622143,0.0999652150425968,0.00765907349362463
1.0,10,3,0.1,32,52.050000000000004,0.0880552527269276,0.525,0.55,0.025,0.05135645012293311,0.05097041962217182,0.000386030500761296
1.0,10,4,0.1,32,52.050000000000004,0.0028673295772373266,0.0125,0.0125,0.0,0.0005511587498506798,0.0005511587498506798,0.0
1.0,10,5,0.1,32,52.050000000000004,0.07794526675244016,0.4375,0.4375,0.0,0.040909248677500495,0.04046642092818442,0.00044282774931607427
1.0,10,6,0.1,32,52.050000000000004,0.007641955853290435,0.025,0.025,0.0,0.0005651099845561752,0.0005651099845561752,0.0
1.0,10,7,0.1,32,52.050000000000004,0.0402719810068392,0.1625,0.1625,0.0,0.015246093240831149,0.015246093240831149,0.0
1.0,10,0,0.2,32,52.050000000000004,0.14435114018674855,0.8,0.8625,0.0625,0.10958443944223177,0.10507250869608821,0.004511930746143561
1.0,10,1,0.2,32,52.050000000000004,0.1919213325556365,0.8625,0.9625,0.1,0.1777603919416691,0.1634233117660547,0.014337080175614386
1.0,10,2,0.2,32,52.050000000000004,0.21575138113467415,0.95,0.975,0.025,0.20941007260577202,0.18030917432082658,0.029100898284945442
1.0,10,3,0.2,32,52.050000000000004,0.15920877953570936,0.8,0.8625,0.0625,0.12819102462964357,0.12163647340887669,0.006554551220766883
1.0,10,4,0.2,32,52.050000000000004,0.020859324318392023,0.075,0.075,0.0,0.004879427174145773,0.004879427174145773,0.0
1.0,10,5,0.2,32,52.050000000000004,0.14567968764206612,0.725,0.8125,0.0875,0.10921342264656574,0.10369835367980391,0.005515068966761821
1.0,10,6,0.2,32,52.050000000000004,0.03427568316625839,0.1375,0.1375,0.0,0.011239014459146617,0.011239014459146617,0.0
1.0,10,7,0.2,32,52.050000000000004,0.10102298386843514,0.5375,0.5625,0.025,0.054752235794469084,0.05306911683997402,0.0016831189544950637
1.0,10,0,0.35,32,52.050000000000004,0.25391360872220814,0.9875,1.0,0.0125,0.26730237651807875,0.23292630903233555,0.034376067485743206
1.0,10,1,0.35,32,52.050000000000004,0.30076133002383637,0.9875,1.0,0.0125,0.3393065591141772,0.2941871203166205,0.0451194387975567
1.0,10,2,0.35,32,52.050000000000004,0.32534513113467417,1.0,1.0,0.0,0.37709145995685095,0.31308144461782283,0.06401001533902811
1.0,10,3,0.35,32,52.050000000000004,0.26847909176648527,0.9875,1.0,0.0125,0.2896892860961933,0.25110674484975637,0.03858254124643695
1.0,10,4,0.35,32,52.050000000000004,0.10582394045363633,0.5625,0.575,0.0125,0.06640173012013977,0.06509576880394073,0.0013059613161990336
1.0,10,5,0.35,32,52.050000000000004,0.2542553137435068,0.9875,1.0,0.0125,0.2678275715555935,0.22943005277392858,0.03839751878166492
1.0,10,6,0.35,32,52.050000000000004,0.13051861002102594,0.6875,0.75,0.0625,0.09259842050494424,0.09050481674964025,0.0020936037553039855
1.0,10,7,0.35,32,52.050000000000004,0.20737629053029538,0.9,0.9625,0.0625,0.1973935909423155,0.17172524797742075,0.025668342964894758
1.0,10,0,0.5,32,52.050000000000004,0.3635073587222082,1.0,1.0,0.0,0.43574618055245307,0.36646735624508514,0.06927882430736793
1.0,10,1,0.5,32,52.050000000000004,0.4103550800238363,1.0,1.0,0.0,0.5077503631485489,0.42727043517605323,0.0804799279724957
1.0,10,2,0.5,32,52.050000000000004,0.4349388811346741,1.0,1.0,0.0,0.545535263991227,0.44688980196652606,0.09864546202470093
1.0,10,3,0.5,32,52.050000000000004,0.37807284176648526,1.0,1.0,0.0,0.4581330901305677,0.38464782097523975,0.07348526915532794
1.0,10,4,0.5,32,52.050000000000004,0.2113807553137765,0.975,0.975,0.0,0.2028146848201303,0.1774897700964294,0.02532491472370088
1.0,10,5,0.5,32,52.050000000000004,0.3638490637435068,1.0,1.0,0.0,0.4362713755899691,0.3631697055702516,0.07310167001971751
1.0,10,6,0.5,32,52.050000000000004,0.23981427652427775,0.925,0.975,0.05,0.2463534389532373,0.21793342969704418,0.02842000925619312
1.0,10,7,0.5,32,52.050000000000004,0.3168307308194355,0.9875,1.0,0.0125,0.3640049657163514,0.30347554318509246,0.060529422531258925
1.0,11,0,0.0,42,45.55,0.0,0.0,0.0,0.0,0.0,0.0,0.0
1.0,11,1,0.0,42,45.55,0.0,0.0,0.0,0.0,0.0,0.0,0.0
1.0,11,2,0.0,42,45.55,0.0,0.0,0.0,0.0,0.0,0.0,0.0
1.0,11,3,0.0,42,45.55,0.0,0.0,0.0,0.0,0.0,0.0,0.0
1.0,11,4,0.0,42,45.55,0.0,0.0,0.0,0.0,0.0,0.0,0.0
1.0,11,5,0.0,42,45.55,0.0,0.0,0.0,0.0,0.0,0.0,0.0
1.0,11,6,0.0,42,45.55,0.0,0.0,0.0,0.0,0.0,0.0,0.0
1.0,11,7,0.0,42,45.55,0.0,0.0,0.0,0.0,0.0,0.0,0.0
1.0,11,0,0.05,42,45.55,0.02306441940790734,0.05,0.05,0.0,0.006035073380509068,0.006035073380509068,0.0
1.0,11,1,0.05,42,45.55,0.08590260781241055,0.3625,0.375,0.0125,0.05361933373443455,0.052765777135738164,0.0008535565986963894
1.0,11,2,0.05,42,45.55,0.03270444372606028,0.1125,0.1125,0.0,0.005948111550807027,0.005948111550807027,0.0
1.0,11,3,0.05,42,45.55,0.03490278340969703,0.15,0.15,0.0,0.010042492946094717,0.010042492946094717,0.0
1.0,11,4,0.05,42,45.55,0.08682091770254285,0.475,0.5125,0.0375,0.047093596249325395,0.046007778751466166,0.0010858174978592289
1.0,11,5,0.05,42,45.55,0.14411498738682926,0.775,0.9,0.125,0.11611692223954449,0.1022105251438539,0.013906397095690595
1.0,11,6,0.05,42,45.55,0.06420164872401471,0.275,0.2875,0.0125,0.028334391299349893,0.028256382788154025,7.800851119586782e-05
1.0,11,7,0.05,42,45.55,0.052860796630537124,0.3,0.3,0.0,0.023407072803895593,0.023181597972041283,0.00022547483185431094
1.0,11,0,0.1,42,45.55,0.043891632208796806,0.1875,0.2,0.0125,0.01596009075570267,0.015174472869138077,0.0007856178865645932
1.0,11,1,0.1,42,45.55,0.11531508912436175,0.5375,0.65,0.1125,0.08344055593260725,0.07811493075788921,0.005325625174718046
1.0,11,2,0.1,42,45.55,0.056641065552112055,0.275,0.275,0.0,0.02201970660202729,0.02201970660202729,0.0
1.0,11,3,0.1,42,45.55,0.05876259485753228,0.225,0.2375,0.0125,0.023060743482054457,0.02300830039859208,5.244308346237861e-05
1.0,11,4,0.1,42,45.55,0.11687111745627381,0.6,0.6375,0.0375,0.08104901337131978,0.07709852928571209,0.003950484085607692
1.0,11,5,0.1,42,45.55,0.17658373738682925,0.9,1.0,0.1,0.16963115238070436,0.13981004285252385,0.02982110952818051
1.0,11,6,0.1,42,45.55,0.09283699767908596,0.5,0.5625,0.0625,0.05273215715370635,0.051567707466779585,0.0011644496869267634
1.0,11,7,0.1,42,45.55,0.08162321705302444,0.4375,0.45,0.0125,0.04465807840625751,0.043644669021104573,0.0010134093851529372
1.0,11,0,0.2,42,45.55,0.10093543883837426,0.4625,0.5125,0.05,0.06433669130526819,0.0587474104536786,0.005589280851589586
1.0,11,1,0.2,42,45.55,0.17959967987703943,0.9,0.975,0.075,0.1760174716984997,0.14592315388015167,0.030094317818348038
1.0,11,2,0.2,42,45.55,0.11560434162337607,0.6625,0.725,0.0625,0.08212594528582884,0.07664699291333171,0.005478952372497126
1.0,11,3,0.2,42,45.55,0.11906368224801063,0.6875,0.7625,0.075,0.07690551262580407,0.07097157798411532,0.005933934641688746
1.0,11,4,0.2,42,45.55,0.1804476487348196,0.85,0.9875,0.1375,0.17750481932577541,0.1487019154884309,0.028802903837344518
1.0,11,5,0.2,42,45.55,0.24152123738682926,1.0,1.0,0.0,0.2836816463432523,0.22016022703080793,0.0635214193124444
1.0,11,6,0.2,42,45.55,0.1559434906051233,0.875,0.9125,0.0375,0.13735839335830757,0.11642314723912497,0.0209352461191826
1.0,11,7,0.2,42,45.55,0.144009546857423,0.75,0.8375,0.0875,0.11894038525888756,0.10796465403755615,0.010975731221331414
1.0,11,0,0.35,42,45.55,0.19670333320153163,0.9375,0.9875,0.05,0.20604467853046657,0.16527715850934593,0.040767520021120635
1.0,11,1,0.35,42,45.55,0.2770059298770394,1.0,1.0,0.0,0.3460038285433408,0.26671549755544455,0.07928833098789623
1.0,11,2,0.35,42,45.55,0.21139797277938924,0.9375,1.0,0.0625,0.23077580290545507,0.18731225611573898,0.04346354678971609
1.0,11,3,0.35,42,45.55,0.21646993224801064,0.9875,1.0,0.0125,0.23968374489201802,0.1862086580261393,0.05347508686587871
1.0,11,4,0.35,42,45.55,0.27785389873481964,1.0,1.0,0.0,0.34749312620793843,0.2682389162881596,0.07925420991977883
1.0,11,5,0.35,42,45.55,0.33892748738682926,1.0,1.0,0.0,0.45475738728708115,0.34245386040073106,0.11230352688635009
1.0,11,6,0.35,42,45.55,0.25334974060512333,1.0,1.0,0.0,0.3044561854752517,0.23556008838456716,0.06889609709068456
1.0,11,7,0.35,42,45.55,0.2406148133354579,0.975,1.0,0.025,0.2820896831356009,0.225284220820488,0.05680546231511291
1.0,11,0,0.5,42,45.55,0.2941095832015317,1.0,1.0,0.0,0.37604317576524077,0.2863235895986505,0.08971958616659026
1.0,11,1,0.5,42,45.55,0.3744121798770394,1.0,1.0,0.0,0.5170795694871696,0.3890091309253677,0.1280704385618019
1.0,11,2,0.5,42,45.55,0.3088042227793893,1.0,1.0,0.0,0.4018515438492805,0.3087418995365974,0.09310964431268309
1.0,11,3,0.5,42,45.55,0.3138761822480106,1.0,1.0,0.0,0.4107594858358467,0.308488120551056,0.1022713652847907
1.0,11,4,0.5,42,45.55,0.3752601487348196,1.0,1.0,0.0,0.5185688671517672,0.39053254965808276,0.12803631749368444
1.0,11,5,0.5,42,45.55,0.43633373738682923,1.0,1.0,0.0,0.62583312823091,0.4647474937706543,0.1610856344602557
1.0,11,6,0.5,42,45.55,0.3507559906051233,1.0,1.0,0.0,0.4755319264190805,0.3578537217544904,0.11767820466459011
1.0,11,7,0.5,42,45.55,0.33802106333545795,1.0,1.0,0.0,0.4531654240794267,0.3468082912729147,0.10635713280651204
1.0,12,0,0.0,43,43.599999999999994,0.0,0.0,0.0,0.0,0.0,0.0,0.0
1.0,12,1,0.0,43,43.599999999999994,0.0,0.0,0.0,0.0,0.0,0.0,0.0
1.0,12,2,0.0,43,43.599999999999994,0.0,0.0,0.0,0.0,0.0,0.0,0.0
1.0,12,3,0.0,43,43.599999999999994,0.0,0.0,0.0,0.0,0.0,0.0,0.0
1.0,12,4,0.0,43,43.599999999999994,0.0,0.0,0.0,0.0,0.0,0.0,0.0
1.0,12,5,0.0,43,43.599999999999994,0.0,0.0,0.0,0.0,0.0,0.0,0.0
1.0,12,6,0.0,43,43.599999999999994,0.0,0.0,0.0,0.0,0.0,0.0,0.0
1.0,12,7,0.0,43,43.599999999999994,0.0,0.0,0.0,0.0,0.0,0.0,0.0
1.0,12,0,0.05,43,43.599999999999994,0.045133240960532874,0.1375,0.15,0.0125,0.01746180200436979,0.017461491909789257,3.100945805342703e-07
1.0,12,1,0.05,43,43.599999999999994,0.08355911845798551,0.3875,0.4,0.0125,0.045431103956399155,0.04313463724206643,0.002296466714332722
1.0,12,2,0.05,43,43.599999999999994,0.012128242997671524,0.05,0.05,0.0,0.002564890124654855,0.002564890124654855,0.0
1.0,12,3,0.05,43,43.599999999999994,0.04507967965857164,0.2125,0.2125,0.0,0.024409358881914218,0.024409358881914218,0.0
1.0,12,4,0.05,43,43.599999999999994,0.042875051904515536,0.175,0.175,0.0,0.028807773667968238,0.028807773667968238,0.0
1.0,12,5,0.05,43,43.599999999999994,0.04594990577414556,0.225,0.225,0.0,0.0208655769442465,0.0208655769442465,0.0
1.0,12,6,0.05,43,43.599999999999994,0.046034322828759584,0.2125,0.2125,0.0,0.01759272199279121,0.01759272199279121,0.0
1.0,12,7,0.05,43,43.599999999999994,0.03454389821516672,0.1375,0.1375,0.0,0.014592156283688037,0.014592156283688037,0.0
1.0,12,0,0.1,43,43.599999999999994,0.06727847180089011,0.2625,0.275,0.0125,0.032332263556971906,0.03158702240458955,0.0007452411523823574
1.0,12,1,0.1,43,43.599999999999994,0.11307842950730598,0.5875,0.6375,0.05,0.0792988773280223,0.07330740478474611,0.005991472543276186
1.0,12,2,0.1,43,43.599999999999994,0.026907529587324598,0.0625,0.0625,0.0,0.006993488620199808,0.006993488620199808,0.0
1.0,12,3,0.1,43,43.599999999999994,0.06924262942805304,0.3125,0.325,0.0125,0.0413571379596509,0.0413302743142795,2.686364537140412e-05
1.0,12,4,0.1,43,43.599999999999994,0.06548288610095684,0.3,0.3,0.0,0.04538865984005345,0.04538865984005345,0.0
1.0,12,5,0.1,43,43.599999999999994,0.07043323650536519,0.3875,0.3875,0.0,0.04303609357418369,0.04276509472968111,0.00027099884450258044
1.0,12,6,0.1,43,43.599999999999994,0.07043235335068912,0.3625,0.375,0.0125,0.03376135076807549,0.03308686100741092,0.0006744897606645664
1.0,12,7,0.1,43,43.599999999999994,0.05642327584974237,0.2625,0.2625,0.0,0.028731019348523963,0.028731019348523963,0.0
1.0,12,0,0.2,43,43.599999999999994,0.1233470604598614,0.6625,0.7625,0.1,0.09177867315087541,0.07806018908142658,0.013718484069448839
1.0,12,1,0.2,43,43.599999999999994,0.17443605920625607,0.8875,0.9375,0.05,0.17536164627115286,0.14440197819924758,0.030959668071905283
1.0,12,2,0.2,43,43.599999999999994,0.07732705571882506,0.3625,0.3875,0.025,0.03640053297977594,0.03604331593595634,0.0003572170438196007
1.0,12,3,0.2,43,43.599999999999994,0.12597558145598833,0.6375,0.75,0.1125,0.10191825522530751,0.0919591711601683,0.009959084065139207
1.0,12,4,0.2,43,43.599999999999994,0.1189109359942225,0.6,0.625,0.025,0.09744833825884747,0.0936614930728064,0.0037868451860410685
1.0,12,5,0.2,43,43.599999999999994,0.12799069621661913,0.65,0.6875,0.0375,0.105875830958235,0.10031766039377747,0.0055581705644575236
1.0,12,6,0.2,43,43.599999999999994,0.1293516220128835,0.6375,0.7375,0.1,0.09922994238160905,0.08423358117913934,0.014996361202469707
1.0,12,7,0.2,43,43.599999999999994,0.11261975700284088,0.5,0.5875,0.0875,0.08012656145938972,0.07723168747037426,0.002894873989015459
1.0,12,0,0.35,43,43.599999999999994,0.2168482458489394,0.925,1.0,0.075,0.25109769880514826,0.18776752011246584,0.06333017869268243
1.0,12,1,0.35,43,43.599999999999994,0.26814962288768596,0.9875,1.0,0.0125,0.34522866584863665,0.26034874159539323,0.08487992425324342
1.0,12,2,0.35,43,43.599999999999994,0.16818635604823787,0.8875,0.9875,0.1,0.16267433625528882,0.1322894786328784,0.030384857622410416
1.0,12,3,0.35,43,43.599999999999994,0.21870214263579357,0.9375,0.975,0.0375,0.255156529476603,0.2015002276309019,0.05365630184570111
1.0,12,4,0.35,43,43.599999999999994,0.21187548918420976,0.95,1.0,0.05,0.24197337464975477,0.19767108347161902,0.04430229117813575
1.0,12,5,0.35,43,43.599999999999994,0.22072034684682101,0.975,1.0,0.025,0.25820247127837886,0.20855752489933604,0.04964494637904282
1.0,12,6,0.35,43,43.599999999999994,0.22298003192915936,0.9875,1.0,0.0125,0.2623486824385705,0.19673404369217626,0.06561463874639425
1.0,12,7,0.35,43,43.599999999999994,0.2058025247574789,0.9625,1.0,0.0375,0.23083032065573508,0.18167448099265515,0.04915583966307993
1.0,12,0,0.5,43,43.599999999999994,0.3105982458489394,1.0,1.0,0.0,0.4231160474287914,0.30548784100191545,0.11762820642687594
1.0,12,1,0.5,43,43.599999999999994,0.36189962288768607,1.0,1.0,0.0,0.5172470144722809,0.37836283944657984,0.1388841750257011
1.0,12,2,0.5,43,43.599999999999994,0.26170364651875355,0.9875,1.0,0.0125,0.33340118627261606,0.2490978206881447,0.08430336558447135
1.0,12,3,0.5,43,43.599999999999994,0.3124521426357936,0.9875,1.0,0.0125,0.426517692909295,0.31848969554420437,0.10802799736509061
1.0,12,4,0.5,43,43.599999999999994,0.3056254891842098,1.0,1.0,0.0,0.4139917232733962,0.31495436360166496,0.09903735967173122
1.0,12,5,0.5,43,43.599999999999994,0.31447034684682096,0.9875,1.0,0.0125,0.43022081990201977,0.32576712206585795,0.10445369783616182
1.0,12,6,0.5,43,43.599999999999994,0.31673003192915933,1.0,1.0,0.0,0.4343670310622144,0.3146432548208684,0.119723776241346
1.0,12,7,0.5,43,43.599999999999994,0.2995525247574789,1.0,1.0,0.0,0.4028486692793787,0.29972794627122723,0.10312072300815145
1.0,13,0,0.0,44,44.9,0.0,0.0,0.0,0.0,0.0,0.0,0.0
1.0,13,1,0.0,44,44.9,0.0,0.0,0.0,0.0,0.0,0.0,0.0
1.0,13,2,0.0,44,44.9,0.0,0.0,0.0,0.0,0.0,0.0,0.0
1.0,13,3,0.0,44,44.9,0.0,0.0,0.0,0.0,0.0,0.0,0.0
1.0,13,4,0.0,44,44.9,0.0,0.0,0.0,0.0,0.0,0.0,0.0
1.0,13,5,0.0,44,44.9,0.0,0.0,0.0,0.0,0.0,0.0,0.0
1.0,13,6,0.0,44,44.9,0.0,0.0,0.0,0.0,0.0,0.0,0.0
1.0,13,7,0.0,44,44.9,0.0,0.0,0.0,0.0,0.0,0.0,0.0
1.0,13,0,0.05,44,44.9,0.05670480841096248,0.225,0.2375,0.0125,0.021658971912764727,0.021619107514518485,3.9864398246242105e-05
1.0,13,1,0.05,44,44.9,0.1209908909957178,0.675,0.7375,0.0625,0.0844496111844483,0.0789892329310184,0.005460378253429904
1.0,13,2,0.05,44,44.9,0.0322914779537567,0.0875,0.0875,0.0,0.009359024148288249,0.009359024148288249,0.0
1.0,13,3,0.05,44,44.9,0.03460848470365272,0.1125,0.1125,0.0,0.009709742257732582,0.009709742257732582,0.0
1.0,13,4,0.05,44,44.9,0.024637842007047682,0.0875,0.0875,0.0,0.006725958004891139,0.006725958004891139,0.0
1.0,13,5,0.05,44,44.9,0.07612654681554565,0.45,0.45,0.0,0.043410296664338086,0.04183772748679797,0.0015725691775401174
1.0,13,6,0.05,44,44.9,0.03175568758773965,0.1375,0.1375,0.0,0.011506666509439947,0.011506666509439942,5.204170427930421e-18
1.0,13,7,0.05,44,44.9,0.09495048262605169,0.5,0.55,0.05,0.056396928843314834,0.05433102082503226,0.002065908018282575
1.0,13,0,0.1,44,44.9,0.08444695217202865,0.425,0.45,0.025,0.0448026916059843,0.04330762524939374,0.0014950663565905659
1.0,13,1,0.1,44,44.9,0.1530228616451002,0.8125,0.975,0.1625,0.13051405205923175,0.11370776946698175,0.016806282592250005
1.0,13,2,0.1,44,44.9,0.052788236656707524,0.225,0.2375,0.0125,0.020772750257917943,0.020423278175950542,0.0003494720819674016
1.0,13,3,0.1,44,44.9,0.0576915723287867,0.2125,0.2125,0.0,0.020668116201544216,0.020398309536815557,0.00026980666472865844
1.0,13,4,0.1,44,44.9,0.04449486900299071,0.1875,0.1875,0.0,0.01719931333200042,0.01719931333200042,0.0
1.0,13,5,0.1,44,44.9,0.104346379730147,0.575,0.6375,0.0625,0.073645931785324,0.0691167299371473,0.004529201848176692
1.0,13,6,0.1,44,44.9,0.053735037142481804,0.2,0.225,0.025,0.02342599446094946,0.0233224649850182,0.00010352947593126119
1.0,13,7,0.1,44,44.9,0.126412961448505,0.6375,0.7875,0.15,0.09314536390854274,0.08609202146990176,0.007053342438640975
1.0,13,0,0.2,44,44.9,0.14507445219509765,0.7,0.8125,0.1125,0.12231412670375953,0.10623436869185209,0.016079758011907447
1.0,13,1,0.2,44,44.9,0.2171478616451002,0.9875,1.0,0.0125,0.24436144613806093,0.19212886232833506,0.05223258380972587
1.0,13,2,0.2,44,44.9,0.10856546961458088,0.575,0.7375,0.1625,0.07117433621737347,0.06319461495732716,0.007979721260046313
1.0,13,3,0.2,44,44.9,0.11557831019277898,0.5875,0.725,0.1375,0.0792695198864236,0.07030149798724525,0.00896802189917835
1.0,13,4,0.2,44,44.9,0.09727722707517182,0.5125,0.575,0.0625,0.06190913044764022,0.060879262907916176,0.001029867539724047
1.0,13,5,0.2,44,44.9,0.16805626747013655,0.8625,0.95,0.0875,0.1588299662034134,0.13438338391467616,0.024446582288737223
1.0,13,6,0.2,44,44.9,0.11219641351957681,0.4875,0.6,0.1125,0.07234238603833446,0.06754935808520524,0.00479302795312922
1.0,13,7,0.2,44,44.9,0.19050797302853759,0.9125,1.0,0.0875,0.19689616575226893,0.16151011646013308,0.035386049292135846
1.0,13,0,0.35,44,44.9,0.23982037490433256,0.9625,0.9875,0.025,0.2855001375411212,0.2195158719933871,0.0659842655477341
1.0,13,1,0.35,44,44.9,0.3133353616451001,1.0,1.0,0.0,0.4157422924630327,0.31304793315289303,0.10269435931013965
1.0,13,2,0.35,44,44.9,0.2041220792133304,0.95,0.9875,0.0375,0.22137761536587466,0.17168857266816145,0.04968904269771321
1.0,13,3,0.35,44,44.9,0.21112684113647234,0.9,0.9875,0.0875,0.23404486119751386,0.18212886193371422,0.05191599926379964
1.0,13,4,0.35,44,44.9,0.19016029157814102,0.9125,0.9625,0.05,0.19796149434022284,0.16862387665294964,0.029337617687273193
1.0,13,5,0.35,44,44.9,0.2642437674701365,1.0,1.0,0.0,0.32827397322044227,0.2531199439899647,0.07515402923047759
1.0,13,6,0.35,44,44.9,0.2081500974707192,0.9625,1.0,0.0375,0.22832979504786152,0.179085547991617,0.04924424705624453
1.0,13,7,0.35,44,44.9,0.2866954730285376,1.0,1.0,0.0,0.3682770120772371,0.28162897522213465,0.08664803685510247
1.0,13,0,0.5,44,44.9,0.3360078749043326,1.0,1.0,0.0,0.45613875261305903,0.339603893985397,0.11653485862766205
1.0,13,1,0.5,44,44.9,0.4095228616451002,1.0,1.0,0.0,0.5871231387880046,0.43400673048028726,0.15311640830771733
1.0,13,2,0.5,44,44.9,0.30030957921333046,1.0,1.0,0.0,0.3925337714264801,0.29198390394674484,0.10054986747973527
1.0,13,3,0.5,44,44.9,0.3073143411364724,0.9875,1.0,0.0125,0.40501441627839513,0.30230792909181686,0.10270648718657827
1.0,13,4,0.5,44,44.9,0.2861792973097529,0.9875,1.0,0.0125,0.3673573226005818,0.28615830638382334,0.08119901621675846
1.0,13,5,0.5,44,44.9,0.36043126747013654,1.0,1.0,0.0,0.4996548195454142,0.37407874131735896,0.12557607822805522
1.0,13,6,0.5,44,44.9,0.3043375974707192,1.0,1.0,0.0,0.39971064137283197,0.29969872211285775,0.10001191925997421
1.0,13,7,0.5,44,44.9,0.3828829730285376,1.0,1.0,0.0,0.5396578584022091,0.4025877725495289,0.13707008585268027
1.0,14,0,0.0,39,47.5,0.0,0.0,0.0,0.0,0.0,0.0,0.0
1.0,14,1,0.0,39,47.5,0.0,0.0,0.0,0.0,0.0,0.0,0.0
1.0,14,2,0.0,39,47.5,0.0,0.0,0.0,0.0,0.0,0.0,0.0
1.0,14,3,0.0,39,47.5,0.0,0.0,0.0,0.0,0.0,0.0,0.0
1.0,14,4,0.0,39,47.5,0.0,0.0,0.0,0.0,0.0,0.0,0.0
1.0,14,5,0.0,39,47.5,0.0,0.0,0.0,0.0,0.0,0.0,0.0
1.0,14,6,0.0,39,47.5,0.0,0.0,0.0,0.0,0.0,0.0,0.0
1.0,14,7,0.0,39,47.5,0.0,0.0,0.0,0.0,0.0,0.0,0.0
1.0,14,0,0.05,39,47.5,0.09398402300694339,0.4875,0.525,0.0375,0.0565401293878206,0.053784325794696115,0.002755803593124481
1.0,14,1,0.05,39,47.5,0.035513358895013745,0.175,0.175,0.0,0.013785398724380876,0.013785398724380876,0.0
1.0,14,2,0.05,39,47.5,0.036117047375893316,0.175,0.175,0.0,0.012580836135991478,0.012580836135991478,0.0
1.0,14,3,0.05,39,47.5,0.08591995684872647,0.375,0.4125,0.0375,0.04876951425439159,0.04847274924997448,0.00029676500441710996
1.0,14,4,0.05,39,47.5,0.04067348035332368,0.1625,0.1625,0.0,0.020270761260078478,0.020270761260078478,0.0
1.0,14,5,0.05,39,47.5,0.09444541773406634,0.4,0.45,0.05,0.06102287212539424,0.06025354972002367,0.0007693224053705733
1.0,14,6,0.05,39,47.5,0.029411220720423237,0.175,0.175,0.0,0.011052071559375671,0.011052071559375671,0.0
1.0,14,7,0.05,39,47.5,0.0644573242347903,0.3125,0.325,0.0125,0.03293461187181048,0.03237228441038675,0.0005623274614237339
1.0,14,0,0.1,39,47.5,0.12542087799317586,0.6625,0.7125,0.05,0.09486195914922226,0.08750490481448676,0.007357054334735491
1.0,14,1,0.1,39,47.5,0.06011602806417658,0.25,0.25,0.0,0.030396777145219125,0.030396777145219125,0.0
1.0,14,2,0.1,39,47.5,0.05907155327993883,0.2625,0.2875,0.025,0.027212620340024578,0.026611792065137054,0.0006008282748875236
1.0,14,3,0.1,39,47.5,0.11874358242510034,0.575,0.625,0.05,0.08028374329327859,0.07711384901913759,0.003169894274140994
1.0,14,4,0.1,39,47.5,0.06492821768167492,0.3,0.3125,0.0125,0.037412588865446544,0.037277706902533826,0.0001348819629127182
1.0,14,5,0.1,39,47.5,0.12539437074142676,0.6125,0.725,0.1125,0.09409220565551615,0.08774071870229792,0.00635148695321823
1.0,14,6,0.1,39,47.5,0.05234783954871715,0.2625,0.275,0.0125,0.024807360206694613,0.02425056400278386,0.0005567962039107546
1.0,14,7,0.1,39,47.5,0.09430157882272003,0.475,0.4875,0.0125,0.06112757464296929,0.05952636806158279,0.0016012065813865023
1.0,14,0,0.2,39,47.5,0.1919402601651455,0.85,0.925,0.075,0.19075560983143575,0.16175424487870602,0.02900136495272973
1.0,14,1,0.2,39,47.5,0.12235805031682867,0.6,0.7,0.1,0.08484129607894375,0.08190057223532902,0.002940723843614726
1.0,14,2,0.2,39,47.5,0.11714681020663446,0.575,0.625,0.05,0.0837620832390748,0.07628294349139758,0.0074791397476772215
1.0,14,3,0.2,39,47.5,0.18577271589370478,0.9125,0.975,0.0625,0.17919570502131676,0.15392785710469092,0.02526784791662584
1.0,14,4,0.2,39,47.5,0.12584812207898302,0.6125,0.7125,0.1,0.09705158384116915,0.09249004104820786,0.004561542792961282
1.0,14,5,0.2,39,47.5,0.1918108448163857,0.8875,0.975,0.0875,0.18925470935947836,0.16017960198068376,0.029075107378794596
1.0,14,6,0.2,39,47.5,0.11015594414056099,0.55,0.5625,0.0125,0.07694034655143647,0.07474546230022447,0.0021948842512120037
1.0,14,7,0.2,39,47.5,0.15894303074509725,0.7625,0.8375,0.075,0.13947138386016542,0.12772352483836755,0.011747859021797868
1.0,14,0,0.35,39,47.5,0.2930027601651455,1.0,1.0,0.0,0.3587414908040218,0.28588129057881406,0.07286020022520773
1.0,14,1,0.35,39,47.5,0.22342055031682867,1.0,1.0,0.0,0.24155040053335852,0.19996925750208433,0.04158114303127419
1.0,14,2,0.35,39,47.5,0.21646649890421346,0.9125,0.9875,0.075,0.22990629618523473,0.18807082959559193,0.041835466589642795
1.0,14,3,0.35,39,47.5,0.2868352158937048,1.0,1.0,0.0,0.3483540478205629,0.2789035482664298,0.06945049955413307
1.0,14,4,0.35,39,47.5,0.22606709699763156,0.9375,1.0,0.0625,0.24600774231156222,0.205953980710741,0.04005376160082122
1.0,14,5,0.35,39,47.5,0.29287334481638566,1.0,1.0,0.0,0.35852352811136723,0.28459900258754867,0.07392452552381856
1.0,14,6,0.35,39,47.5,0.21090650159098026,0.9,0.9625,0.0625,0.22071668279333,0.186879250596447,0.03383743219688301
1.0,14,7,0.35,39,47.5,0.26000553074509725,0.9875,1.0,0.0125,0.30316720967563016,0.2489128968147515,0.054254312860878645
1.0,14,0,0.5,39,47.5,0.39406526016514554,1.0,1.0,0.0,0.5289520171195485,0.41196023794723513,0.1169917791723134
1.0,14,1,0.5,39,47.5,0.32448305031682867,1.0,1.0,0.0,0.4117609268488853,0.3260482048705054,0.08571272197837992
1.0,14,2,0.5,39,47.5,0.3175289989042135,1.0,1.0,0.0,0.4000488402592113,0.31328516253191396,0.08676367772729732
1.0,14,3,0.5,39,47.5,0.3878977158937048,1.0,1.0,0.0,0.5185645741360896,0.40498249563485084,0.11358207850123875
1.0,14,4,0.5,39,47.5,0.32712959699763167,1.0,1.0,0.0,0.4162182686270863,0.3316094671585621,0.08460880146852418
1.0,14,5,0.5,39,47.5,0.3939358448163857,1.0,1.0,0.0,0.528734054426894,0.41067794995596973,0.1180561044709243
1.0,14,6,0.5,39,47.5,0.3119690015909803,1.0,1.0,0.0,0.3906846342580273,0.31246002247845367,0.07822461177957363
1.0,14,7,0.5,39,47.5,0.36106803074509725,1.0,1.0,0.0,0.4733777359911566,0.37494340413736443,0.09843433185379219
1.0,15,0,0.0,41,44.25,0.0,0.0,0.0,0.0,0.0,0.0,0.0
1.0,15,1,0.0,41,44.25,0.0,0.0,0.0,0.0,0.0,0.0,0.0
1.0,15,2,0.0,41,44.25,0.0,0.0,0.0,0.0,0.0,0.0,0.0
1.0,15,3,0.0,41,44.25,0.0,0.0,0.0,0.0,0.0,0.0,0.0
1.0,15,4,0.0,41,44.25,0.0,0.0,0.0,0.0,0.0,0.0,0.0
1.0,15,5,0.0,41,44.25,0.0,0.0,0.0,0.0,0.0,0.0,0.0
1.0,15,6,0.0,41,44.25,0.0,0.0,0.0,0.0,0.0,0.0,0.0
1.0,15,7,0.0,41,44.25,0.0,0.0,0.0,0.0,0.0,0.0,0.0
1.0,15,0,0.05,41,44.25,0.04429527244500435,0.1625,0.1625,0.0,0.018198495198998806,0.018198495198998806,0.0
1.0,15,1,0.05,41,44.25,0.0663794229365678,0.3,0.3125,0.0125,0.03492682639060461,0.03492673217752185,9.421308275886497e-08
1.0,15,2,0.05,41,44.25,0.08195454126788596,0.3125,0.35,0.0375,0.054531790559978116,0.05426690232626557,0.00026488823371254716
1.0,15,3,0.05,41,44.25,0.08122070081669304,0.4,0.4375,0.0375,0.04683074794236172,0.04622708040292214,0.0006036675394395855
1.0,15,4,0.05,41,44.25,0.00707957832081148,0.025,0.025,0.0,0.0022491545210954226,0.0022491545210954226,0.0
1.0,15,5,0.05,41,44.25,0.02639630634780905,0.0875,0.0875,0.0,0.009462503326547009,0.009462503326547009,0.0
1.0,15,6,0.05,41,44.25,0.03389070552344515,0.1125,0.1125,0.0,0.014157598111319428,0.014157598111319428,0.0
1.0,15,7,0.05,41,44.25,0.028784590827077655,0.1125,0.125,0.0125,0.007747321093712459,0.007702907260911129,4.441383280133059e-05
1.0,15,0,0.1,41,44.25,0.0722384718841057,0.325,0.325,0.0,0.03715365447706951,0.03692229945383513,0.00023135502323438223
1.0,15,1,0.1,41,44.25,0.09547459395381083,0.475,0.5,0.025,0.058100969509576064,0.05670866679391737,0.001392302715658697
1.0,15,2,0.1,41,44.25,0.11132805478757564,0.5375,0.6125,0.075,0.0825116006000173,0.07955262378861608,0.002958976811401226
1.0,15,3,0.1,41,44.25,0.11203075265404974,0.6,0.6625,0.0625,0.07747828409377513,0.07313229724851153,0.004345986845263605
1.0,15,4,0.1,41,44.25,0.015342780562945791,0.0375,0.0375,0.0,0.004946565812316726,0.004946565812316726,0.0
1.0,15,5,0.1,41,44.25,0.04707335747972752,0.15,0.15,0.0,0.019399028561645635,0.019399028561645635,0.0
1.0,15,6,0.1,41,44.25,0.05616602676244281,0.2125,0.2125,0.0,0.026726915783608703,0.026511738702211643,0.00021517708139705966
1.0,15,7,0.1,41,44.25,0.04777151603938452,0.275,0.275,0.0,0.017634903966100953,0.01751764332633755,0.00011726063976340295
1.0,15,0,0.2,41,44.25,0.13464369289879216,0.6625,0.775,0.1125,0.10508813989610635,0.09777928875302544,0.007308851143080913
1.0,15,1,0.2,41,44.25,0.1571910415578852,0.8375,0.95,0.1125,0.14174875628556574,0.11988229792377819,0.02186645836178755
1.0,15,2,0.2,41,44.25,0.17344778659107812,0.8375,0.9375,0.1,0.17091566765212676,0.14628909639466023,0.024626571257466534
1.0,15,3,0.2,41,44.25,0.1750872991123418,0.875,0.9875,0.1125,0.17209075677778782,0.1443146280623117,0.027776128715476106
1.0,15,4,0.2,41,44.25,0.05485029705003629,0.2625,0.2625,0.0,0.024637858209094976,0.02441771116036801,0.0002201470487269673
1.0,15,5,0.2,41,44.25,0.10197668476849853,0.5375,0.575,0.0375,0.06251958324183195,0.05859776860470479,0.003921814637127159
1.0,15,6,0.2,41,44.25,0.11074476029011122,0.575,0.625,0.05,0.08013983825424961,0.07495057867133832,0.00518925958291129
1.0,15,7,0.2,41,44.25,0.10219569260852679,0.5125,0.625,0.1125,0.05929676792193176,0.054752877889959674,0.0045438900319720865
1.0,15,0,0.35,41,44.25,0.22961244289879215,0.9875,1.0,0.0125,0.2704857724721712,0.21330357341198605,0.05718219906018515
1.0,15,1,0.35,41,44.25,0.2518715346081226,1.0,1.0,0.0,0.31072819816128705,0.23563213226808094,0.07509606589320611
1.0,15,2,0.35,41,44.25,0.2684165365910781,1.0,1.0,0.0,0.3406400661530594,0.262592062704809,0.07804800344825041
1.0,15,3,0.35,41,44.25,0.27005604911234177,1.0,1.0,0.0,0.3436041565869699,0.26231276907449286,0.08129138751247705
1.0,15,4,0.35,41,44.25,0.14118173195091194,0.7125,0.875,0.1625,0.11788625168720215,0.10358861100358778,0.014297640683614374
1.0,15,5,0.35,41,44.25,0.19254212311307473,0.95,0.9625,0.0125,0.20521691656811103,0.15929006518508915,0.04592685138302188
1.0,15,6,0.35,41,44.25,0.20405059086852675,0.9625,0.9875,0.025,0.22487480900209014,0.17698066106711796,0.04789414793497218
1.0,15,7,0.35,41,44.25,0.1971156626204033,0.9625,1.0,0.0375,0.2117345312909331,0.16225138267835493,0.04948314861257816
1.0,15,0,0.5,41,44.25,0.32458119289879217,1.0,1.0,0.0,0.4421806877262068,0.33286047620379566,0.10932021152241111
1.0,15,1,0.5,41,44.25,0.34684028460812266,1.0,1.0,0.0,0.4824231134153227,0.3552168780307928,0.12720623538452985
1.0,15,2,0.5,41,44.25,0.3633852865910781,1.0,1.0,0.0,0.5123349814070951,0.38217680846752095,0.13015817293957416
1.0,15,3,0.5,41,44.25,0.36502479911234176,1.0,1.0,0.0,0.5152990718410055,0.38189751483720474,0.1334015570038008
1.0,15,4,0.5,41,44.25,0.23517271860554884,1.0,1.0,0.0,0.28053824832616125,0.2147246125454212,0.06581363578074007
1.0,15,5,0.5,41,44.25,0.28740728067507215,0.9875,1.0,0.0125,0.37497361477941105,0.2767041982300407,0.09826941654937033
1.0,15,6,0.5,41,44.25,0.2990193408685268,1.0,1.0,0.0,0.39596716993141273,0.29595360385320785,0.10001356607820489
1.0,15,7,0.5,41,44.25,0.2920844126204033,1.0,1.0,0.0,0.38342944654496686,0.28136540788103936,0.10206403866392749
1.0,16,0,0.0,47,42.3,0.0,0.0,0.0,0.0,0.0,0.0,0.0
1.0,16,1,0.0,47,42.3,0.0,0.0,0.0,0.0,0.0,0.0,0.0
1.0,16,2,0.0,47,42.3,0.0,0.0,0.0,0.0,0.0,0.0,0.0
1.0,16,3,0.0,47,42.3,0.0,0.0,0.0,0.0,0.0,0.0,0.0
1.0,16,4,0.0,47,42.3,0.0,0.0,0.0,0.0,0.0,0.0,0.0
1.0,16,5,0.0,47,42.3,0.0,0.0,0.0,0.0,0.0,0.0,0.0
1.0,16,6,0.0,47,42.3,0.0,0.0,0.0,0.0,0.0,0.0,0.0
1.0,16,7,0.0,47,42.3,0.0,0.0,0.0,0.0,0.0,0.0,0.0
1.0,16,0,0.05,47,42.3,0.01905583210161833,0.0375,0.0375,0.0,0.0015654032863582398,0.0015654032863582398,0.0
1.0,16,1,0.05,47,42.3,0.021519233900043414,0.05,0.05,0.0,0.005552371768893163,0.005552371768893163,0.0
1.0,16,2,0.05,47,42.3,0.0440199390709543,0.15,0.15,0.0,0.016498730399197113,0.016331646356040966,0.0001670840431561467
1.0,16,3,0.05,47,42.3,0.04532534189296061,0.225,0.225,0.0,0.023979366526111552,0.023979366526111552,0.0
1.0,16,4,0.05,47,42.3,0.015999698268835613,0.0875,0.0875,0.0,0.003686512938138602,0.003686512938138602,0.0
1.0,16,5,0.05,47,42.3,0.01436201921295233,0.05,0.05,0.0,0.003124543701727107,0.003124543701727107,0.0
1.0,16,6,0.05,47,42.3,0.0398368302277179,0.15,0.15,0.0,0.013221102445751315,0.013191282548959656,2.9819896791658668e-05
1.0,16,7,0.05,47,42.3,0.06446091934571882,0.3125,0.3125,0.0,0.031086376776086857,0.030775451705535573,0.00031092507055128366
1.0,16,0,0.1,47,42.3,0.03659957419322856,0.125,0.125,0.0,0.008606579876297689,0.008606579876297689,0.0
1.0,16,1,0.1,47,42.3,0.04014673974696881,0.15,0.15,0.0,0.01467337956455654,0.01467337956455654,0.0
1.0,16,2,0.1,47,42.3,0.06738001727000947,0.2875,0.3,0.0125,0.03230143096626437,0.030947962553953285,0.001353468412311088
1.0,16,3,0.1,47,42.3,0.06912686075894202,0.3375,0.3625,0.025,0.041637349610048925,0.04110560146224004,0.0005317481478088817
1.0,16,4,0.1,47,42.3,0.03165395836052425,0.1,0.1,0.0,0.013383321589045413,0.013383321589045413,0.0
1.0,16,5,0.1,47,42.3,0.028214915875419123,0.075,0.075,0.0,0.008517291834027186,0.008517291834027186,0.0
1.0,16,6,0.1,47,42.3,0.06316840801565607,0.3,0.3,0.0,0.02735030082726,0.027033183900595593,0.00031711692666440763
1.0,16,7,0.1,47,42.3,0.0928012297281329,0.4375,0.475,0.0375,0.05347609624382131,0.05141076631107602,0.0020653299327452884
1.0,16,0,0.2,47,42.3,0.09092139019396397,0.45,0.5375,0.0875,0.04352396377845804,0.04048777819907322,0.0030361855793848216
1.0,16,1,0.2,47,42.3,0.09425620842419755,0.5,0.5375,0.0375,0.05592173168335595,0.05305739301618072,0.0028643386671752327
1.0,16,2,0.2,47,42.3,0.12367103756574457,0.65,0.75,0.1,0.09428001697541952,0.07970486576766347,0.014575151207756043
1.0,16,3,0.2,47,42.3,0.12503877746055464,0.6125,0.7375,0.125,0.10151008198945449,0.09439096045157304,0.007119121537881454
1.0,16,4,0.2,47,42.3,0.08010350158405088,0.3875,0.4,0.0125,0.04303751411074502,0.04203173942134822,0.0010057746893968045
1.0,16,5,0.2,47,42.3,0.0750569203519326,0.4125,0.4375,0.025,0.03435283902678989,0.03327120946171858,0.0010816295650713098
1.0,16,6,0.2,47,42.3,0.11955925745295806,0.675,0.7875,0.1125,0.08620510777250746,0.07688190535262093,0.009323202419886531
1.0,16,7,0.2,47,42.3,0.15110224171496384,0.775,0.8625,0.0875,0.13952316623856748,0.11424775288977221,0.025275413348795267
1.0,16,0,0.35,47,42.3,0.18182017346068635,0.95,1.0,0.05,0.192567703944269,0.14361870957550887,0.04894899436876013
1.0,16,1,0.35,47,42.3,0.18548611803910567,0.9375,0.9875,0.05,0.19964770946711413,0.15583846913363728,0.04380924033347686
1.0,16,2,0.35,47,42.3,0.2143263701035906,0.975,1.0,0.025,0.25404514440356146,0.18815704224454355,0.06588810215901791
1.0,16,3,0.35,47,42.3,0.2162779025728609,0.9375,1.0,0.0625,0.257735985953058,0.20009177875067474,0.05764420720238328
1.0,16,4,0.35,47,42.3,0.1691100224411676,0.9,0.975,0.075,0.17003170622469865,0.13415822302202943,0.035873483202669226
1.0,16,5,0.35,47,42.3,0.16459459357460943,0.875,0.9375,0.0625,0.16055088056934713,0.12555171624564257,0.03499916432370456
1.0,16,6,0.35,47,42.3,0.210813723209306,0.9625,0.9875,0.025,0.24741885236089614,0.18428162667097908,0.06313722568991706
1.0,16,7,0.35,47,42.3,0.2419385580352002,0.9625,1.0,0.0375,0.30626677642543204,0.2258957769244721,0.08037099950095994
1.0,16,0,0.5,47,42.3,0.27313267346068637,1.0,1.0,0.0,0.3652627394049161,0.2582312422998849,0.10703149710503118
1.0,16,1,0.5,47,42.3,0.27679861803910566,1.0,1.0,0.0,0.3721959679220532,0.27053548783695,0.1016604800851032
1.0,16,2,0.5,47,42.3,0.3056388701035906,1.0,1.0,0.0,0.42674017986420787,0.30265378120813147,0.1240863986560764
1.0,16,3,0.5,47,42.3,0.3075904025728609,1.0,1.0,0.0,0.430431021413706,0.31484759973378645,0.11558342167991953
1.0,16,4,0.5,47,42.3,0.2604225224411676,1.0,1.0,0.0,0.34122462872978043,0.24714489273306897,0.09407973599671146
1.0,16,5,0.5,47,42.3,0.2559070935746094,1.0,1.0,0.0,0.3326848105424401,0.2392334730423003,0.09345133750013979
1.0,16,6,0.5,47,42.3,0.30212622320930604,1.0,1.0,0.0,0.4200968760452483,0.29909076114912947,0.12100611489611884
1.0,16,7,0.5,47,42.3,0.3332510580352002,1.0,1.0,0.0,0.4789618118860788,0.34043127756717645,0.13853053431890233
1.0,17,0,0.0,43,44.9,0.0,0.0,0.0,0.0,0.0,0.0,0.0
1.0,17,1,0.0,43,44.9,0.0,0.0,0.0,0.0,0.0,0.0,0.0
1.0,17,2,0.0,43,44.9,0.0,0.0,0.0,0.0,0.0,0.0,0.0
1.0,17,3,0.0,43,44.9,0.0,0.0,0.0,0.0,0.0,0.0,0.0
1.0,17,4,0.0,43,44.9,0.0,0.0,0.0,0.0,0.0,0.0,0.0
1.0,17,5,0.0,43,44.9,0.0,0.0,0.0,0.0,0.0,0.0,0.0
1.0,17,6,0.0,43,44.9,0.0,0.0,0.0,0.0,0.0,0.0,0.0
1.0,17,7,0.0,43,44.9,0.0,0.0,0.0,0.0,0.0,0.0,0.0
1.0,17,0,0.05,43,44.9,0.11483036480266309,0.55,0.6125,0.0625,0.0845781415394282,0.07739978409374,0.007178357445688205
1.0,17,1,0.05,43,44.9,0.021641254079686794,0.0875,0.0875,0.0,0.008068367653035563,0.008068367653035563,0.0
1.0,17,2,0.05,43,44.9,0.011533223551752934,0.0375,0.0375,0.0,0.002830496142525571,0.002830496142525571,0.0
1.0,17,3,0.05,43,44.9,0.04159788887944117,0.175,0.175,0.0,0.014248489590771579,0.014248489590771579,0.0
1.0,17,4,0.05,43,44.9,0.01524606525585229,0.0375,0.0375,0.0,0.005270039608018695,0.005270039608018695,0.0
1.0,17,5,0.05,43,44.9,0.05841272424355992,0.2125,0.225,0.0125,0.023865410316713884,0.02377943388090564,8.597643580824516e-05
1.0,17,6,0.05,43,44.9,0.04868457701268111,0.1875,0.2375,0.05,0.02457516877051833,0.024278260841509875,0.000296907929008456
1.0,17,7,0.05,43,44.9,0.06329350572195787,0.2375,0.2375,0.0,0.0371150108965637,0.0371150108965637,0.0
1.0,17,0,0.1,43,44.9,0.14608209482485207,0.6875,0.7625,0.075,0.12769243066434188,0.111649169501609,0.016043261162732886
1.0,17,1,0.1,43,44.9,0.03918001805124802,0.1125,0.1125,0.0,0.014693613428199978,0.014693613428199978,0.0
1.0,17,2,0.1,43,44.9,0.024750720632897284,0.0875,0.0875,0.0,0.006792373187532367,0.006792373187532367,0.0
1.0,17,3,0.1,43,44.9,0.06747389115135041,0.375,0.375,0.0,0.03205365768747218,0.03205365768747218,0.0
1.0,17,4,0.1,43,44.9,0.02953804079646033,0.125,0.125,0.0,0.008886666836784187,0.008886666836784187,0.0
1.0,17,5,0.1,43,44.9,0.08646297187647399,0.425,0.45,0.025,0.047614469708417234,0.04580721447451626,0.0018072552339009756
1.0,17,6,0.1,43,44.9,0.07300722454856363,0.35,0.375,0.025,0.04259761861980204,0.03914231423925794,0.0034553043805441025
1.0,17,7,0.1,43,44.9,0.09266704085271191,0.3875,0.4,0.0125,0.061671943254516276,0.06156169397792713,0.00011024927658914718
1.0,17,0,0.2,43,44.9,0.2100604854147897,0.8875,0.9625,0.075,0.23219266630764845,0.18783785852803983,0.044354807779608624
1.0,17,1,0.2,43,44.9,0.09124322275694595,0.4375,0.5375,0.1,0.046060933302802205,0.04390800235969316,0.0021529309431090465
1.0,17,2,0.2,43,44.9,0.06780356341691036,0.25,0.2625,0.0125,0.036185584845591735,0.036060886570095076,0.00012469827549665968
1.0,17,3,0.2,43,44.9,0.1266154582989155,0.65,0.725,0.075,0.09630102650349615,0.08853258633461202,0.00776844016888413
1.0,17,4,0.2,43,44.9,0.07239542478410105,0.4125,0.4375,0.025,0.04050386705786948,0.03830260629493303,0.0022012607629364467
1.0,17,5,0.2,43,44.9,0.14909790344222484,0.8125,0.9125,0.1,0.12786411421442054,0.10995111870172666,0.017912995512693874
1.0,17,6,0.2,43,44.9,0.1304038220921419,0.65,0.725,0.075,0.10536133503111218,0.09242633491087406,0.012935000120238127
1.0,17,7,0.2,43,44.9,0.15504489640820848,0.7875,0.8625,0.075,0.13771005120113122,0.1265228513954324,0.011187199805698822
1.0,17,0,0.35,43,44.9,0.3062479854147897,1.0,1.0,0.0,0.4031144506273175,0.30746004389500686,0.09565440673231063
1.0,17,1,0.35,43,44.9,0.1842897578759087,0.925,1.0,0.075,0.18581694053597103,0.14186953767195157,0.043947402864019464
1.0,17,2,0.35,43,44.9,0.15886839527015884,0.85,0.9,0.05,0.1431349457158367,0.1190966669938001,0.024038278722036607
1.0,17,3,0.35,43,44.9,0.22279025959474508,0.975,1.0,0.025,0.2544147164269562,0.20106494757708246,0.05334976884987372
1.0,17,4,0.35,43,44.9,0.1647797888036111,0.8375,0.8875,0.05,0.1540563976357859,0.12977287512574695,0.024283522510038957
1.0,17,5,0.35,43,44.9,0.24528540344222485,0.975,1.0,0.025,0.29449515089902856,0.22772236424344527,0.06677278665558328
1.0,17,6,0.35,43,44.9,0.22463467349273603,0.9125,0.9875,0.075,0.2580473921280058,0.2029217220373682,0.055125670090637624
1.0,17,7,0.35,43,44.9,0.2512323964082085,0.975,1.0,0.025,0.3050911294575961,0.24400501885960268,0.061086110597993404
1.0,17,0,0.5,43,44.9,0.4024354854147897,1.0,1.0,0.0,0.5744952969522894,0.4284188412224012,0.1460764557298882
1.0,17,1,0.5,43,44.9,0.2804772578759087,1.0,1.0,0.0,0.35719778686094067,0.26246400178933177,0.0947337850716089
1.0,17,2,0.5,43,44.9,0.25505589527015887,1.0,1.0,0.0,0.31190359959019487,0.23732552029282022,0.07457807929737464
1.0,17,3,0.5,43,44.9,0.31897775959474506,1.0,1.0,0.0,0.42579556275192776,0.32193784078697524,0.10385772196495252
1.0,17,4,0.5,43,44.9,0.26096728880361114,1.0,1.0,0.0,0.3224361493157218,0.2477455193646072,0.07469062995111458
1.0,17,5,0.5,43,44.9,0.34147290344222486,1.0,1.0,0.0,0.4658759972240001,0.3485942478702204,0.11728174935377966
1.0,17,6,0.5,43,44.9,0.32082217349273606,1.0,1.0,0.0,0.42908182359466307,0.3225512529505613,0.10653057064410176
1.0,17,7,0.5,43,44.9,0.34741989640820853,1.0,1.0,0.0,0.4764719757825675,0.36485807458760217,0.11161390119496534
1.0,18,0,0.0,42,45.55,0.0,0.0,0.0,0.0,0.0,0.0,0.0
1.0,18,1,0.0,42,45.55,0.0,0.0,0.0,0.0,0.0,0.0,0.0
1.0,18,2,0.0,42,45.55,0.0,0.0,0.0,0.0,0.0,0.0,0.0
1.0,18,3,0.0,42,45.55,0.0,0.0,0.0,0.0,0.0,0.0,0.0
1.0,18,4,0.0,42,45.55,0.0,0.0,0.0,0.0,0.0,0.0,0.0
1.0,18,5,0.0,42,45.55,0.0,0.0,0.0,0.0,0.0,0.0,0.0
1.0,18,6,0.0,42,45.55,0.0,0.0,0.0,0.0,0.0,0.0,0.0
1.0,18,7,0.0,42,45.55,0.0,0.0,0.0,0.0,0.0,0.0,0.0
1.0,18,0,0.05,42,45.55,0.057889446246297126,0.225,0.225,0.0,0.024283687412934334,0.024116107825951166,0.00016757958698316797
1.0,18,1,0.05,42,45.55,0.10990407643310338,0.6,0.6375,0.0375,0.07338713845688487,0.071682725652542,0.0017044128043428725
1.0,18,2,0.05,42,45.55,0.014053097333865044,0.05,0.05,0.0,0.0009583386205920758,0.0009583386205920758,0.0
1.0,18,3,0.05,42,45.55,0.06012076873051644,0.2875,0.2875,0.0,0.026788102218093513,0.026788102218093513,0.0
1.0,18,4,0.05,42,45.55,0.01600734080662886,0.05,0.05,0.0,0.0038002517342658774,0.0038002517342658774,0.0
1.0,18,5,0.05,42,45.55,0.03129949594856032,0.1125,0.1125,0.0,0.013061209349848673,0.013061209349848673,0.0
1.0,18,6,0.05,42,45.55,0.0406404903099586,0.1375,0.1375,0.0,0.016027649401701448,0.016027649401701448,0.0
1.0,18,7,0.05,42,45.55,0.023557257044936462,0.0875,0.0875,0.0,0.004445724976949233,0.004445724976949233,0.0
1.0,18,0,0.1,42,45.55,0.08681351734807037,0.4125,0.4625,0.05,0.04519434616852026,0.04343579015725724,0.0017585560112630197
1.0,18,1,0.1,42,45.55,0.14221203134449467,0.75,0.8,0.05,0.1149007988241429,0.10711953775938943,0.007781261064753478
1.0,18,2,0.1,42,45.55,0.026917510136465615,0.125,0.125,0.0,0.009156352766021782,0.009156352766021782,0.0
1.0,18,3,0.1,42,45.55,0.09001066351288486,0.4125,0.4625,0.05,0.05066279681748937,0.05021159268083665,0.0004512041366527206
1.0,18,4,0.1,42,45.55,0.033629989169930166,0.1125,0.1125,0.0,0.008812767108480215,0.008661379168098506,0.00015138794038170936
1.0,18,5,0.1,42,45.55,0.05262252339161436,0.175,0.1875,0.0125,0.024340890190057685,0.02426916300617028,7.17271838874059e-05
1.0,18,6,0.1,42,45.55,0.06639191937545785,0.275,0.275,0.0,0.03219807554785878,0.03219807554785878,0.0
1.0,18,7,0.1,42,45.55,0.042430266000229304,0.1875,0.1875,0.0,0.013878560299552882,0.013878560299552882,0.0
1.0,18,0,0.2,42,45.55,0.15081492847307437,0.825,0.9,0.075,0.12800020013702965,0.10936516447020757,0.018635035666822078
1.0,18,1,0.2,42,45.55,0.2071495313444947,0.925,0.9875,0.0625,0.2233454134231844,0.18487620298631247,0.03846921043687193
1.0,18,2,0.2,42,45.55,0.07421837245734612,0.4,0.4125,0.0125,0.040813798441412336,0.040574871269770905,0.00023892717164143012
1.0,18,3,0.2,42,45.55,0.1539475933627092,0.775,0.9375,0.1625,0.13197488350578943,0.1150190604160137,0.016955823089775723
1.0,18,4,0.2,42,45.55,0.09014935719718932,0.4625,0.4875,0.025,0.04440610499084052,0.04355439257228302,0.0008517124185575056
1.0,18,5,0.2,42,45.55,0.11155536963200703,0.6,0.7,0.1,0.07261423132165064,0.06696886678515948,0.005645364536491157
1.0,18,6,0.2,42,45.55,0.12796640848829993,0.65,0.6875,0.0375,0.09566487483745549,0.08803643351917752,0.007628441318277973
1.0,18,7,0.2,42,45.55,0.09595077761065021,0.45,0.5125,0.0625,0.05711357610317554,0.05328639379095366,0.0038271823122218787
1.0,18,0,0.35,42,45.55,0.2482211784730744,0.9875,1.0,0.0125,0.2954488315660627,0.22855227111375395,0.06689656045230877
1.0,18,1,0.35,42,45.55,0.3045557813444947,1.0,1.0,0.0,0.39438995625782813,0.30645555765812516,0.08793439859970298
1.0,18,2,0.35,42,45.55,0.16888739001565684,0.875,0.9625,0.0875,0.15836212616213768,0.13965925565642834,0.018702870505709346
1.0,18,3,0.35,42,45.55,0.2513538433627092,0.9875,1.0,0.0125,0.3009507677059292,0.2348308514057925,0.06611991630013672
1.0,18,4,0.35,42,45.55,0.18742578116569536,0.9875,1.0,0.0125,0.18867316121293035,0.15095142982191603,0.03772173139101431
1.0,18,5,0.35,42,45.55,0.20862133542447764,0.925,1.0,0.075,0.22589916210648514,0.1815974381002134,0.04430172400627175
1.0,18,6,0.35,42,45.55,0.22513664335543915,0.9875,1.0,0.0125,0.2549051914034284,0.20380417873494872,0.05110101266847966
1.0,18,7,0.35,42,45.55,0.19082547450587733,0.9125,0.9875,0.075,0.1959505558233079,0.154745339930783,0.041205215892524905
1.0,18,0,0.5,42,45.55,0.34562742847307437,1.0,1.0,0.0,0.4665245725098915,0.3508186354874635,0.11570593702242798
1.0,18,1,0.5,42,45.55,0.4019620313444946,1.0,1.0,0.0,0.5654656972016568,0.42874919102804837,0.13671650617360848
1.0,18,2,0.5,42,45.55,0.26629364001565686,0.9875,1.0,0.0125,0.32718970804040826,0.25937931904810285,0.0678103889923054
1.0,18,3,0.5,42,45.55,0.3487600933627092,1.0,1.0,0.0,0.47202650864975804,0.35712139420523925,0.11490511444451879
1.0,18,4,0.5,42,45.55,0.28483203116569544,1.0,1.0,0.0,0.3597489021567588,0.27315785989251773,0.08659104226424108
1.0,18,5,0.5,42,45.55,0.30602758542447767,1.0,1.0,0.0,0.3969749030503117,0.3032966672770508,0.0936782357732609
1.0,18,6,0.5,42,45.55,0.3225428933554392,1.0,1.0,0.0,0.4259809323472552,0.32584042108384315,0.10014051126341206
1.0,18,7,0.5,42,45.55,0.28823172450587736,1.0,1.0,0.0,0.36571982350064225,0.27535231592433784,0.0903675075763044
1.0,19,0,0.0,45,45.550000000000004,0.0,0.0,0.0,0.0,0.0,0.0,0.0
1.0,19,1,0.0,45,45.550000000000004,0.0,0.0,0.0,0.0,0.0,0.0,0.0
1.0,19,2,0.0,45,45.550000000000004,0.0,0.0,0.0,0.0,0.0,0.0,0.0
1.0,19,3,0.0,45,45.550000000000004,0.0,0.0,0.0,0.0,0.0,0.0,0.0
1.0,19,4,0.0,45,45.550000000000004,0.0,0.0,0.0,0.0,0.0,0.0,0.0
1.0,19,5,0.0,45,45.550000000000004,0.0,0.0,0.0,0.0,0.0,0.0,0.0
1.0,19,6,0.0,45,45.550000000000004,0.0,0.0,0.0,0.0,0.0,0.0,0.0
1.0,19,7,0.0,45,45.550000000000004,0.0,0.0,0.0,0.0,0.0,0.0,0.0
1.0,19,0,0.05,45,45.550000000000004,0.03741260454147844,0.1875,0.2,0.0125,0.017316470168438812,0.017313009882923454,3.4602855153581524e-06
1.0,19,1,0.05,45,45.550000000000004,0.033627434536775816,0.125,0.125,0.0,0.012924798177255193,0.012924798177255193,0.0
1.0,19,2,0.05,45,45.550000000000004,0.06856975440454742,0.375,0.375,0.0,0.043696199806408924,0.04358793102804796,0.00010826877836096066
1.0,19,3,0.05,45,45.550000000000004,0.04052472096293034,0.15,0.15,0.0,0.018967553224651663,0.018967553224651663,0.0
1.0,19,4,0.05,45,45.550000000000004,0.040175427203259007,0.1625,0.1625,0.0,0.01471701820349751,0.01471701820349751,0.0
1.0,19,5,0.05,45,45.550000000000004,0.04825008320775566,0.2,0.2125,0.0125,0.022508404805088693,0.02125566836636804,0.0012527364387206544
1.0,19,6,0.05,45,45.550000000000004,0.08393061839927231,0.4125,0.4375,0.025,0.04976515180873383,0.04904957651897856,0.0007155752897552714
1.0,19,7,0.05,45,45.550000000000004,0.039315499331517734,0.15,0.1625,0.0125,0.015423920179505812,0.01538044763640901,4.347254309680117e-05
1.0,19,0,0.1,45,45.550000000000004,0.05811090744883797,0.325,0.325,0.0,0.032670732577950425,0.03230865316810347,0.00036207940984695625
1.0,19,1,0.1,45,45.550000000000004,0.05527379101102263,0.2,0.2,0.0,0.027365447657109285,0.027365447657109285,0.0
1.0,19,2,0.1,45,45.550000000000004,0.09631569548970842,0.45,0.4625,0.0125,0.0748682879581034,0.07386438596995598,0.0010039019881474126
1.0,19,3,0.1,45,45.550000000000004,0.06675242600481097,0.25,0.2625,0.0125,0.033731698495850344,0.03368503281300327,4.666568284707184e-05
1.0,19,4,0.1,45,45.550000000000004,0.06310252939771767,0.35,0.35,0.0,0.030624365206419472,0.029993097931942037,0.0006312672744774352
1.0,19,5,0.1,45,45.550000000000004,0.07232129914231196,0.4125,0.4125,0.0,0.04376654034297897,0.04087731072407944,0.002889229618899529
1.0,19,6,0.1,45,45.550000000000004,0.11346233812815165,0.575,0.6125,0.0375,0.08182182151133158,0.07908665516368833,0.0027351663476432447
1.0,19,7,0.1,45,45.550000000000004,0.06222488217300755,0.2875,0.3125,0.025,0.03493202353138683,0.034531181233438894,0.00040084229794793563
1.0,19,0,0.2,45,45.550000000000004,0.11780434920023516,0.625,0.7125,0.0875,0.08620889762392837,0.08133156595364399,0.004877331670284382
1.0,19,1,0.2,45,45.550000000000004,0.11163236417494234,0.6,0.6625,0.0625,0.07692904643051897,0.07320473848070835,0.003724307949810615
1.0,19,2,0.2,45,45.550000000000004,0.15874350052335048,0.675,0.7875,0.1125,0.15114555498350696,0.14160831948757413,0.009537235495932828
1.0,19,3,0.2,45,45.550000000000004,0.12839999671781394,0.6375,0.7375,0.1,0.09415685724844393,0.08725078600242113,0.006906071246022799
1.0,19,4,0.2,45,45.550000000000004,0.1183635431969716,0.6125,0.6875,0.075,0.091646494595617,0.08729640553581784,0.004350089059799153
1.0,19,5,0.2,45,45.550000000000004,0.13115656353796334,0.6375,0.7375,0.1,0.10627939744682664,0.09694613385573503,0.009333263591091615
1.0,19,6,0.2,45,45.550000000000004,0.17742231696553748,0.85,0.9625,0.1125,0.17207968303843832,0.14995260101480254,0.02212708202363578
1.0,19,7,0.2,45,45.550000000000004,0.12115416069265192,0.525,0.6375,0.1125,0.09297513643113162,0.08668935291860934,0.006285783512522278
1.0,19,0,0.35,45,45.550000000000004,0.21413652904353503,0.9625,0.9875,0.025,0.23563143493592187,0.19463736508501955,0.040994069850902315
1.0,19,1,0.35,45,45.550000000000004,0.20779324323402132,0.95,0.9875,0.0375,0.2245781876542673,0.18055010694539458,0.04402808070887271
1.0,19,2,0.35,45,45.550000000000004,0.2561497505233505,0.975,1.0,0.025,0.3093738757816446,0.25730199604488485,0.05207187973675975
1.0,19,3,0.35,45,45.550000000000004,0.2257604930650257,0.975,1.0,0.025,0.2560008659755811,0.20314179497454743,0.05285907100103365
1.0,19,4,0.35,45,45.550000000000004,0.21440769831485285,0.9,0.95,0.05,0.23767737016648532,0.19550449430393815,0.04217287586254717
1.0,19,5,0.35,45,45.550000000000004,0.22856281353796332,0.95,1.0,0.05,0.26092261433639863,0.20890404904494797,0.05201856529145066
1.0,19,6,0.35,45,45.550000000000004,0.27482150221094837,0.975,1.0,0.025,0.34216729257642514,0.26952613574111256,0.07264115683531258
1.0,19,7,0.35,45,45.550000000000004,0.21846477253318067,0.95,0.9875,0.0375,0.2433175728251546,0.1978545435029131,0.0454630293222415
1.0,19,0,0.5,45,45.550000000000004,0.31154277904353506,1.0,1.0,0.0,0.4066613023810798,0.31589372387395875,0.09076757850712103
1.0,19,1,0.5,45,45.550000000000004,0.30519949323402135,1.0,1.0,0.0,0.39552051500980095,0.3023391263615634,0.09318138864823755
1.0,19,2,0.5,45,45.550000000000004,0.3535560005233505,1.0,1.0,0.0,0.48044961672537106,0.37947083774669244,0.10097877897867863
1.0,19,3,0.5,45,45.550000000000004,0.3231667430650257,1.0,1.0,0.0,0.4270766069193072,0.32527902299160677,0.10179758392770044
1.0,19,4,0.5,45,45.550000000000004,0.3118139483148529,1.0,1.0,0.0,0.4071375601572691,0.3163606985315933,0.09077686162567578
1.0,19,5,0.5,45,45.550000000000004,0.32596906353796334,1.0,1.0,0.0,0.43199835528012437,0.3309731415679242,0.10102521371220019
1.0,19,6,0.5,45,45.550000000000004,0.3722277522109484,1.0,1.0,0.0,0.5132430335201518,0.39175089052453627,0.1214921429956155
1.0,19,7,0.5,45,45.550000000000004,0.31587102253318067,1.0,1.0,0.0,0.41426304725859164,0.3198643515315482,0.09439869572704346
1.0,20,0,0.0,31,53.349999999999994,0.0,0.0,0.0,0.0,0.0,0.0,0.0
1.0,20,1,0.0,31,53.349999999999994,0.0,0.0,0.0,0.0,0.0,0.0,0.0
1.0,20,2,0.0,31,53.349999999999994,0.0,0.0,0.0,0.0,0.0,0.0,0.0
1.0,20,3,0.0,31,53.349999999999994,0.0,0.0,0.0,0.0,0.0,0.0,0.0
1.0,20,4,0.0,31,53.349999999999994,0.0,0.0,0.0,0.0,0.0,0.0,0.0
1.0,20,5,0.0,31,53.349999999999994,0.0,0.0,0.0,0.0,0.0,0.0,0.0
1.0,20,6,0.0,31,53.349999999999994,0.0,0.0,0.0,0.0,0.0,0.0,0.0
1.0,20,7,0.0,31,53.349999999999994,0.0,0.0,0.0,0.0,0.0,0.0,0.0
1.0,20,0,0.05,31,53.349999999999994,0.017921902384963672,0.075,0.075,0.0,0.005023430865164633,0.005023430865164633,0.0
1.0,20,1,0.05,31,53.349999999999994,0.0306947044470871,0.15,0.15,0.0,0.007416197755766987,0.007416197755766987,0.0
1.0,20,2,0.05,31,53.349999999999994,0.015677033271990957,0.05,0.05,0.0,0.002942046153522065,0.002942046153522065,0.0
1.0,20,3,0.05,31,53.349999999999994,0.020026244540434123,0.075,0.075,0.0,0.00783211870956946,0.00783211870956946,0.0
1.0,20,4,0.05,31,53.349999999999994,0.08685544135551387,0.4625,0.4625,0.0,0.0462717330275591,0.04619420699843598,7.752602912312195e-05
1.0,20,5,0.05,31,53.349999999999994,0.05164517297872302,0.2375,0.2375,0.0,0.022725424286040952,0.022567889314387954,0.00015753497165299848
1.0,20,6,0.05,31,53.349999999999994,0.09870556681097502,0.4625,0.5125,0.05,0.06459318883330503,0.06395544562533578,0.0006377432079692491
1.0,20,7,0.05,31,53.349999999999994,0.03972806722839598,0.175,0.175,0.0,0.013461234708250542,0.013461234708250542,0.0
1.0,20,0,0.1,31,53.349999999999994,0.03264894590476747,0.175,0.175,0.0,0.013876085798143322,0.013876085798143322,0.0
1.0,20,1,0.1,31,53.349999999999994,0.053683792651324544,0.2625,0.275,0.0125,0.022334795694854904,0.022241421224205492,9.337447064941204e-05
1.0,20,2,0.1,31,53.349999999999994,0.031559031533706594,0.1625,0.1625,0.0,0.009337980661640875,0.009337980661640875,0.0
1.0,20,3,0.1,31,53.349999999999994,0.04002315214053974,0.175,0.175,0.0,0.017769674360445662,0.017769674360445662,0.0
1.0,20,4,0.1,31,53.349999999999994,0.12106018169917862,0.6125,0.6875,0.075,0.07780069070665825,0.07567605231817176,0.002124638388486491
1.0,20,5,0.1,31,53.349999999999994,0.07903554884646528,0.375,0.4,0.025,0.04187943197324472,0.04114027027480713,0.0007391616984375945
1.0,20,6,0.1,31,53.349999999999994,0.13274131665760242,0.7,0.725,0.025,0.09960129616870243,0.09622020264864477,0.0033810935200576653
1.0,20,7,0.1,31,53.349999999999994,0.0680917840452164,0.35,0.35,0.0,0.032565505694049146,0.032565505694049146,0.0
1.0,20,0,0.2,31,53.349999999999994,0.08422128705254532,0.375,0.4125,0.0375,0.04540391516843108,0.04439211712228499,0.0010117980461460882
1.0,20,1,0.2,31,53.349999999999994,0.11886838146058835,0.6125,0.6625,0.05,0.07789800897741421,0.07494483025535487,0.0029531787220593436
1.0,20,2,0.2,31,53.349999999999994,0.08895088024117541,0.4875,0.5125,0.025,0.04961079258178928,0.04837657402565387,0.0012342185561354038
1.0,20,3,0.2,31,53.349999999999994,0.10205310249455576,0.45,0.475,0.025,0.06056241994519158,0.06042607179074133,0.00013634815445024567
1.0,20,4,0.2,31,53.349999999999994,0.1957006648344696,0.9375,0.975,0.0375,0.17387718260206106,0.1555980136769299,0.01827916892513115
1.0,20,5,0.2,31,53.349999999999994,0.14518786342729867,0.75,0.8125,0.0625,0.10964302474942954,0.10024741955723161,0.009395605192197926
1.0,20,6,0.2,31,53.349999999999994,0.2062761590727456,0.8875,0.9625,0.075,0.19074334022286757,0.17481130676748513,0.01593203345538244
1.0,20,7,0.2,31,53.349999999999994,0.1370076535059208,0.65,0.675,0.025,0.09642549387213291,0.0948697669594855,0.0015557269126474094
1.0,20,0,0.35,31,53.349999999999994,0.18970442167345555,0.875,0.9125,0.0375,0.16928525477586642,0.1513846683889529,0.017900586386913525
1.0,20,1,0.35,31,53.349999999999994,0.22951427312670997,0.9,0.975,0.075,0.2243943882852467,0.19985237767495986,0.024542010610286824
1.0,20,2,0.35,31,53.349999999999994,0.19670045948481604,0.8875,0.9125,0.025,0.17751637872515388,0.16325297677860376,0.014263401946550125
1.0,20,3,0.35,31,53.349999999999994,0.21364105245917542,0.95,0.95,0.0,0.200917188978169,0.18171402016674496,0.019203168811424032
1.0,20,4,0.35,31,53.349999999999994,0.3077319148344696,1.0,1.0,0.0,0.3414911562650668,0.2903407146179645,0.05115044164710231
1.0,20,5,0.35,31,53.349999999999994,0.2557700648910064,0.9625,0.975,0.0125,0.2643045100771908,0.22633100791415664,0.03797350216303416
1.0,20,6,0.35,31,53.349999999999994,0.31830740907274563,1.0,1.0,0.0,0.3573494419082313,0.30853042907948103,0.048819012828750286
1.0,20,7,0.35,31,53.349999999999994,0.24903890350592076,0.975,1.0,0.025,0.253479143026502,0.222698808069591,0.030780334956910987
1.0,20,0,0.5,31,53.349999999999994,0.30110602906956613,1.0,1.0,0.0,0.3315554325313937,0.28295098969241067,0.04860444283898302
1.0,20,1,0.5,31,53.349999999999994,0.34154552312671005,1.0,1.0,0.0,0.39219572352612014,0.3346205520227819,0.05757517150333824
1.0,20,2,0.5,31,53.349999999999994,0.308731709484816,1.0,1.0,0.0,0.3429903797332818,0.29670646782356935,0.04628391190971243
1.0,20,3,0.5,31,53.349999999999994,0.32567230245917544,1.0,1.0,0.0,0.3683933307725908,0.31702176259007175,0.051371568182519034
1.0,20,4,0.5,31,53.349999999999994,0.4197631648344696,1.0,1.0,0.0,0.5094855330221384,0.4261153163049373,0.08337021671720107
1.0,20,5,0.5,31,53.349999999999994,0.36780131489100637,1.0,1.0,0.0,0.4315671076149621,0.36141179241895915,0.07015531519600293
1.0,20,6,0.5,31,53.349999999999994,0.4303386590727456,1.0,1.0,0.0,0.5253438186653029,0.44430503076645383,0.08103878789884905
1.0,20,7,0.5,31,53.349999999999994,0.36107015350592075,1.0,1.0,0.0,0.4214735197835735,0.3584504651579896,0.06302305462558389
1.0,21,0,0.0,51,44.25,0.0,0.0,0.0,0.0,0.0,0.0,0.0
1.0,21,1,0.0,51,44.25,0.0,0.0,0.0,0.0,0.0,0.0,0.0
1.0,21,2,0.0,51,44.25,0.0,0.0,0.0,0.0,0.0,0.0,0.0
1.0,21,3,0.0,51,44.25,0.0,0.0,0.0,0.0,0.0,0.0,0.0
1.0,21,4,0.0,51,44.25,0.0,0.0,0.0,0.0,0.0,0.0,0.0
1.0,21,5,0.0,51,44.25,0.0,0.0,0.0,0.0,0.0,0.0,0.0
1.0,21,6,0.0,51,44.25,0.0,0.0,0.0,0.0,0.0,0.0,0.0
1.0,21,7,0.0,51,44.25,0.0,0.0,0.0,0.0,0.0,0.0,0.0
1.0,21,0,0.05,51,44.25,0.03711137984437628,0.1375,0.1375,0.0,0.01615480500026423,0.01615480500026423,0.0
1.0,21,1,0.05,51,44.25,0.04909105553531629,0.225,0.225,0.0,0.015656069262380095,0.015656069262380095,0.0
1.0,21,2,0.05,51,44.25,0.02876882055128092,0.1,0.1,0.0,0.008423449308420818,0.008423449308420818,0.0
1.0,21,3,0.05,51,44.25,0.06792781909657539,0.2375,0.2375,0.0,0.03635238120638187,0.036225041983254165,0.0001273392231277079
1.0,21,4,0.05,51,44.25,0.026820733156523995,0.0875,0.0875,0.0,0.008629643548551733,0.008629643548551733,0.0
1.0,21,5,0.05,51,44.25,0.05716754343638995,0.275,0.275,0.0,0.024180190379988135,0.023909548495353476,0.0002706418846346592
1.0,21,6,0.05,51,44.25,0.0285302788939082,0.125,0.125,0.0,0.01160539770616123,0.01160539770616123,0.0
1.0,21,7,0.05,51,44.25,0.08676527062620339,0.425,0.4875,0.0625,0.05147918793433465,0.046319932385241125,0.005159255549093522
1.0,21,0,0.1,51,44.25,0.06038233825988781,0.1875,0.1875,0.0,0.030320633042663806,0.030320633042663806,0.0
1.0,21,1,0.1,51,44.25,0.07878892919852308,0.4,0.425,0.025,0.03722345062233255,0.03687642341610365,0.00034702720622890176
1.0,21,2,0.1,51,44.25,0.049886799153332204,0.225,0.2375,0.0125,0.0217425288481933,0.021669520812198716,7.300803599458519e-05
1.0,21,3,0.1,51,44.25,0.0953221789685565,0.475,0.5,0.025,0.058614199655734445,0.05669948201317243,0.0019147176425620138
1.0,21,4,0.1,51,44.25,0.04692728848144978,0.2125,0.2125,0.0,0.022234003862771384,0.022234003862771384,0.0
1.0,21,5,0.1,51,44.25,0.08400069670771387,0.5125,0.5375,0.025,0.04923559805552114,0.04753140899454276,0.0017041890609783839
1.0,21,6,0.1,51,44.25,0.05019018847685564,0.2125,0.2125,0.0,0.022572479899707037,0.022572479899707037,0.0
1.0,21,7,0.1,51,44.25,0.11701311599598209,0.6125,0.7,0.0875,0.08302386133481818,0.07238474973805618,0.010639111596761994
1.0,21,0,0.2,51,44.25,0.11783041182035706,0.625,0.6875,0.0625,0.08523150911448017,0.0788389755387456,0.006392533575734577
1.0,21,1,0.2,51,44.25,0.1415801545242038,0.7625,0.8375,0.075,0.11706991957108658,0.103950709902316,0.013119209668770573
1.0,21,2,0.2,51,44.25,0.1060672384884408,0.5125,0.5625,0.05,0.07197580373452442,0.06923019542306304,0.002745608311461381
1.0,21,3,0.2,51,44.25,0.1546341586315657,0.8125,0.9,0.0875,0.14105460829967206,0.11801944044131538,0.023035167858356687
1.0,21,4,0.2,51,44.25,0.10103077989900233,0.5,0.55,0.05,0.06655324896024736,0.06565979533347467,0.0008934536267726917
1.0,21,5,0.2,51,44.25,0.14395695369559874,0.775,0.8875,0.1125,0.12438568123882175,0.10914567115458804,0.015240010084233716
1.0,21,6,0.2,51,44.25,0.1065006275103847,0.575,0.6375,0.0625,0.07138329936363834,0.06779121444630863,0.0035920849173297076
1.0,21,7,0.2,51,44.25,0.17917284808278447,0.9,0.95,0.05,0.18071694026931376,0.1432262479308897,0.03749069233842406
1.0,21,0,0.35,51,44.25,0.21122537838144692,0.95,0.9875,0.0375,0.23765243650997667,0.1856428459379529,0.052009590572023756
1.0,21,1,0.35,51,44.25,0.2365489045242038,1.0,1.0,0.0,0.2830262680661141,0.22024215398050956,0.06278411408560453
1.0,21,2,0.35,51,44.25,0.20066542272670804,0.925,0.9875,0.0625,0.2185390199378743,0.1765463675546235,0.04199265238325081
1.0,21,3,0.35,51,44.25,0.24946050273566836,1.0,1.0,0.0,0.3063692704822723,0.2309722594036338,0.0753970110786385
1.0,21,4,0.35,51,44.25,0.19524886232810637,0.95,1.0,0.05,0.208359525112811,0.1693444455546172,0.039015079558193805
1.0,21,5,0.35,51,44.25,0.2387094870104351,1.0,1.0,0.0,0.28693240589431585,0.22077194609159428,0.06616045980272156
1.0,21,6,0.35,51,44.25,0.1997616319596528,0.925,0.9875,0.0625,0.21671395565448331,0.17399056112334496,0.04272339453113835
1.0,21,7,0.35,51,44.25,0.2741415980827845,1.0,1.0,0.0,0.35099045981033444,0.26075712341465074,0.0902333363956837
1.0,21,0,0.5,51,44.25,0.3061941283814469,1.0,1.0,0.0,0.40893853718639267,0.3045908043281772,0.10434773285821547
1.0,21,1,0.5,51,44.25,0.3315176545242038,1.0,1.0,0.0,0.4547211833201497,0.33982689974322144,0.11489428357692827
1.0,21,2,0.5,51,44.25,0.2956341727267081,1.0,1.0,0.0,0.3898470919349267,0.295646807543671,0.09420028439125572
1.0,21,3,0.5,51,44.25,0.3444292527356683,1.0,1.0,0.0,0.478064185736308,0.3505570051663456,0.1275071805699624
1.0,21,4,0.5,51,44.25,0.2902176123281064,1.0,1.0,0.0,0.38005444036684227,0.28816180854119233,0.09189263182564994
1.0,21,5,0.5,51,44.25,0.33367823701043514,1.0,1.0,0.0,0.4586273211483515,0.34035669185430617,0.1182706292940453
1.0,21,6,0.5,51,44.25,0.29473038195965284,0.9875,1.0,0.0125,0.3882131199266858,0.29258976287148897,0.09562335705519681
1.0,21,7,0.5,51,44.25,0.3691103480827845,1.0,1.0,0.0,0.5226853750643701,0.3803418691773627,0.1423435058870074
1.0,22,0,0.0,40,48.15,0.0,0.0,0.0,0.0,0.0,0.0,0.0
1.0,22,1,0.0,40,48.15,0.0,0.0,0.0,0.0,0.0,0.0,0.0
1.0,22,2,0.0,40,48.15,0.0,0.0,0.0,0.0,0.0,0.0,0.0
1.0,22,3,0.0,40,48.15,0.0,0.0,0.0,0.0,0.0,0.0,0.0
1.0,22,4,0.0,40,48.15,0.0,0.0,0.0,0.0,0.0,0.0,0.0
1.0,22,5,0.0,40,48.15,0.0,0.0,0.0,0.0,0.0,0.0,0.0
1.0,22,6,0.0,40,48.15,0.0,0.0,0.0,0.0,0.0,0.0,0.0
1.0,22,7,0.0,40,48.15,0.0,0.0,0.0,0.0,0.0,0.0,0.0
1.0,22,0,0.05,40,48.15,0.07512172014326882,0.35,0.35,0.0,0.03995670452211548,0.03995670452211548,0.0
1.0,22,1,0.05,40,48.15,0.10799013255026754,0.525,0.6125,0.0875,0.06917995429698208,0.06732297710424828,0.001856977192733797
1.0,22,2,0.05,40,48.15,0.058203885543385445,0.275,0.275,0.0,0.027218701529480492,0.027163861469919826,5.484005956066587e-05
1.0,22,3,0.05,40,48.15,0.04691506293573252,0.1875,0.1875,0.0,0.02243923753073848,0.02243923753073848,0.0
1.0,22,4,0.05,40,48.15,0.07081809795423473,0.3125,0.3625,0.05,0.03116160354625014,0.03022766387350814,0.0009339396727419992
1.0,22,5,0.05,40,48.15,0.04589914071716935,0.175,0.1875,0.0125,0.01854960591501679,0.018536174889298977,1.3431025717811074e-05
1.0,22,6,0.05,40,48.15,0.06757350978516283,0.3,0.3125,0.0125,0.039186540888629155,0.03909169550640482,9.484538222433864e-05
1.0,22,7,0.05,40,48.15,0.05826489626073848,0.275,0.275,0.0,0.030339556396835794,0.030339556396835794,0.0
1.0,22,0,0.1,40,48.15,0.10706058393038557,0.525,0.5625,0.0375,0.06857856473545491,0.06782548802132145,0.000753076714133466
1.0,22,1,0.1,40,48.15,0.14130775158502748,0.675,0.775,0.1,0.11142391341945526,0.10230463803240138,0.009119275387053885
1.0,22,2,0.1,40,48.15,0.08842350410631594,0.425,0.4375,0.0125,0.05229903368653231,0.05160712401018212,0.0006919096763501886
1.0,22,3,0.1,40,48.15,0.07229596506160353,0.3125,0.3125,0.0,0.04183521107470981,0.04183521107470981,0.0
1.0,22,4,0.1,40,48.15,0.09880461185232221,0.55,0.5875,0.0375,0.06040859554601305,0.0545891690699628,0.00581942647605025
1.0,22,5,0.1,40,48.15,0.07096720607714056,0.3375,0.3625,0.025,0.03508963288134791,0.03457243485118941,0.0005171980301584972
1.0,22,6,0.1,40,48.15,0.09783775536613645,0.45,0.475,0.025,0.06562408988066891,0.06498940619849856,0.000634683682170345
1.0,22,7,0.1,40,48.15,0.0843205034220155,0.425,0.4375,0.0125,0.05075111628344166,0.05030415999807087,0.00044695628537078785
1.0,22,0,0.2,40,48.15,0.1743864787886692,0.8125,0.9,0.0875,0.15969513588317483,0.14203343021310805,0.01766170567006678
1.0,22,1,0.2,40,48.15,0.20946942392752516,0.925,1.0,0.075,0.2151101539811492,0.18135850197235426,0.03375165200879493
1.0,22,2,0.2,40,48.15,0.15613089673376523,0.725,0.875,0.15,0.12877296612166525,0.11850957072858793,0.010263395393077315
1.0,22,3,0.2,40,48.15,0.13313673951772448,0.675,0.7125,0.0375,0.10843116352890661,0.10220372984107147,0.0062274336878351405
1.0,22,4,0.2,40,48.15,0.162610527132696,0.7875,0.8625,0.075,0.1431851685103998,0.12108372564144076,0.022101442868959043
1.0,22,5,0.2,40,48.15,0.1322951036003841,0.675,0.7625,0.0875,0.10081367334428672,0.09062926847092445,0.010184404873362266
1.0,22,6,0.2,40,48.15,0.16185650204252852,0.8125,0.9,0.0875,0.1421728419612757,0.13195850411687496,0.010214337844400734
1.0,22,7,0.2,40,48.15,0.14824109209547803,0.8,0.85,0.05,0.12194955486563394,0.10933345354203347,0.01261610132360047
1.0,22,0,0.35,40,48.15,0.27656391796953583,0.975,1.0,0.025,0.32658594885868675,0.26694202677800294,0.05964392208068381
1.0,22,1,0.35,40,48.15,0.31175067392752515,1.0,1.0,0.0,0.38504784868494246,0.3082051694832293,0.07684267920171317
1.0,22,2,0.35,40,48.15,0.2584121467337653,0.9875,1.0,0.0125,0.2964272427556813,0.24353663409172654,0.05289060866395473
1.0,22,3,0.35,40,48.15,0.23505130384511372,0.9375,0.975,0.0375,0.25772093329930895,0.21882553967222992,0.03889539362707903
1.0,22,4,0.35,40,48.15,0.2628043900573115,0.9375,0.9875,0.05,0.30538631785184833,0.24114332096088448,0.06424299689096385
1.0,22,5,0.35,40,48.15,0.23322296674178117,0.9875,1.0,0.0125,0.25457606104523767,0.2047066964029221,0.04986936464231556
1.0,22,6,0.35,40,48.15,0.26384805794801575,0.975,1.0,0.025,0.3054588709413625,0.25433572663182596,0.05112314430953652
1.0,22,7,0.35,40,48.15,0.250522342095478,1.0,1.0,0.0,0.2833185330762864,0.23082162788292093,0.05249690519336547
1.0,22,0,0.5,40,48.15,0.3788451679695359,1.0,1.0,0.0,0.49652364356248174,0.394064991535731,0.10245865202675075
1.0,22,1,0.5,40,48.15,0.4140319239275251,1.0,1.0,0.0,0.5549855433887383,0.43547775515301124,0.11950778823572705
1.0,22,2,0.5,40,48.15,0.3606933967337652,1.0,1.0,0.0,0.46636493745947705,0.3707947566859643,0.09557018077351276
1.0,22,3,0.5,40,48.15,0.33733255384511374,1.0,1.0,0.0,0.42755149133095643,0.3454087457008233,0.08214274563013313
1.0,22,4,0.5,40,48.15,0.36498625208541957,1.0,1.0,0.0,0.4734974074102352,0.36627746530276273,0.10721994210747249
1.0,22,5,0.5,40,48.15,0.33550421674178116,1.0,1.0,0.0,0.4245137557490335,0.33197543064334367,0.09253832510568982
1.0,22,6,0.5,40,48.15,0.3661293079480158,1.0,1.0,0.0,0.47539656564515553,0.3811323041402912,0.09426426150486433
1.0,22,7,0.5,40,48.15,0.35280359209547807,1.0,1.0,0.0,0.45325622778008234,0.35809421355270293,0.09516201422737941
1.0,23,0,0.0,48,41.65,0.0,0.0,0.0,0.0,0.0,0.0,0.0
1.0,23,1,0.0,48,41.65,0.0,0.0,0.0,0.0,0.0,0.0,0.0
1.0,23,2,0.0,48,41.65,0.0,0.0,0.0,0.0,0.0,0.0,0.0
1.0,23,3,0.0,48,41.65,0.0,0.0,0.0,0.0,0.0,0.0,0.0
1.0,23,4,0.0,48,41.65,0.0,0.0,0.0,0.0,0.0,0.0,0.0
1.0,23,5,0.0,48,41.65,0.0,0.0,0.0,0.0,0.0,0.0,0.0
1.0,23,6,0.0,48,41.65,0.0,0.0,0.0,0.0,0.0,0.0,0.0
1.0,23,7,0.0,48,41.65,0.0,0.0,0.0,0.0,0.0,0.0,0.0
1.0,23,0,0.05,48,41.65,0.05287682801062247,0.1875,0.2,0.0125,0.020897718015111755,0.02060328109323688,0.00029443692187487366
1.0,23,1,0.05,48,41.65,0.06137772473436809,0.275,0.275,0.0,0.029667354855645794,0.02814813865929182,0.001519216196353975
1.0,23,2,0.05,48,41.65,0.039680293358968596,0.15,0.15,0.0,0.012202420758620755,0.012202420758620755,0.0
1.0,23,3,0.05,48,41.65,0.05809583105832637,0.2125,0.2125,0.0,0.035558713794234906,0.035436741401947726,0.00012197239228717988
1.0,23,4,0.05,48,41.65,0.06559057726333932,0.3125,0.35,0.0375,0.028454034917491655,0.027467489539664505,0.00098654537782715
1.0,23,5,0.05,48,41.65,0.10236584777613496,0.5625,0.6125,0.05,0.06581362650048883,0.056144720721432756,0.009668905779056075
1.0,23,6,0.05,48,41.65,0.024204256005615783,0.0875,0.0875,0.0,0.010939594720939435,0.010939594720939435,0.0
1.0,23,7,0.05,48,41.65,0.0321212391566952,0.1125,0.1125,0.0,0.013138421744916563,0.013138421744916563,0.0
1.0,23,0,0.1,48,41.65,0.07973352704766305,0.375,0.425,0.05,0.037070840547864976,0.0356243963015106,0.0014464442463543795
1.0,23,1,0.1,48,41.65,0.08822901319523886,0.425,0.4875,0.0625,0.05379769440820964,0.05038051397768268,0.00341718043052696
1.0,23,2,0.1,48,41.65,0.06423268833260797,0.2375,0.25,0.0125,0.02841454475421184,0.02818384871535594,0.00023069603885590012
1.0,23,3,0.1,48,41.65,0.08533585675278618,0.3375,0.3625,0.025,0.052292146103485086,0.05172256629224034,0.0005695798112447456
1.0,23,4,0.1,48,41.65,0.09383947597846967,0.5375,0.5625,0.025,0.054263177035843574,0.05067196178238519,0.003591215253458381
1.0,23,5,0.1,48,41.65,0.13208905833900944,0.7125,0.8375,0.125,0.10742046701934856,0.08497511459772156,0.022445352421627
1.0,23,6,0.1,48,41.65,0.042992956938002154,0.1625,0.1625,0.0,0.02065362850738582,0.02065362850738582,0.0
1.0,23,7,0.1,48,41.65,0.05149327768522462,0.2125,0.2125,0.0,0.02579261565416464,0.02579261565416464,0.0
1.0,23,0,0.2,48,41.65,0.1381544900517092,0.775,0.925,0.15,0.11342870818099131,0.09124293193481672,0.022185776246174585
1.0,23,1,0.2,48,41.65,0.1457658405993043,0.7875,0.875,0.0875,0.1346285003624485,0.11171011893961788,0.02291838142283062
1.0,23,2,0.2,48,41.65,0.12086120627320027,0.6625,0.775,0.1125,0.09399902004693425,0.08447565335507323,0.009523366691861018
1.0,23,3,0.2,48,41.65,0.1445795393538693,0.75,0.85,0.1,0.12716798428301918,0.10904009686346575,0.01812788741955343
1.0,23,4,0.2,48,41.65,0.153095596563561,0.85,0.925,0.075,0.1421443570088527,0.11309738527476819,0.029046971734084506
1.0,23,5,0.2,48,41.65,0.19208164406388678,0.9375,1.0,0.0625,0.21528286975033392,0.15587878277368986,0.059404086976644066
1.0,23,6,0.2,48,41.65,0.0959792146505912,0.4875,0.5125,0.025,0.05961613578709268,0.056905236065935505,0.0027108997211571784
1.0,23,7,0.2,48,41.65,0.10290561919080718,0.5,0.5875,0.0875,0.06796487792457892,0.06393030371036287,0.004034574214216047
1.0,23,0,0.35,48,41.65,0.22824824005170913,0.9875,1.0,0.0125,0.2847505211074035,0.20175433778847468,0.08299618331892883
1.0,23,1,0.35,48,41.65,0.2356102832540013,0.975,1.0,0.025,0.29889130036752715,0.22074898176121432,0.07814231860631282
1.0,23,2,0.35,48,41.65,0.21019292855726485,0.9625,1.0,0.0375,0.25007045101012304,0.1907389848503344,0.059331466159788654
1.0,23,3,0.35,48,41.65,0.23467328935386927,0.9875,1.0,0.0125,0.2970915521800034,0.22017017064560226,0.07692138153440112
1.0,23,4,0.35,48,41.65,0.243189346563561,1.0,1.0,0.0,0.3134489249716816,0.22450319975022623,0.08894572522145536
1.0,23,5,0.35,48,41.65,0.2821753940638868,1.0,1.0,0.0,0.3883320894379758,0.2689165639813159,0.1194155254566599
1.0,23,6,0.35,48,41.65,0.185270422768843,0.9375,0.9875,0.05,0.20225202728178104,0.15675703171364572,0.04549499556813533
1.0,23,7,0.35,48,41.65,0.19118924729130676,0.9375,0.9875,0.05,0.2149368493171151,0.1618475914418987,0.0530892578752164
1.0,23,0,0.5,48,41.65,0.3183419900517092,1.0,1.0,0.0,0.4577997407950487,0.3153774706924423,0.14242227010260639
1.0,23,1,0.5,48,41.65,0.3257040332540013,1.0,1.0,0.0,0.47194052005517007,0.33377678578122955,0.13816373427394052
1.0,23,2,0.5,48,41.65,0.3002866785572649,1.0,1.0,0.0,0.42311967069776457,0.30340606248691065,0.11971360821085392
1.0,23,3,0.5,48,41.65,0.32476703935386925,1.0,1.0,0.0,0.47014077186764835,0.3337410730671173,0.13639969880053104
1.0,23,4,0.5,48,41.65,0.33328309656356103,1.0,1.0,0.0,0.4864981446593269,0.33816286361577247,0.14833528104355442
1.0,23,5,0.5,48,41.65,0.3722691440638868,1.0,1.0,0.0,0.5613813091256211,0.3825762278468622,0.17880508127875894
1.0,23,6,0.5,48,41.65,0.27536417276884306,1.0,1.0,0.0,0.3752493114403462,0.2696572692498616,0.10559204219048457
1.0,23,7,0.5,48,41.65,0.2812829972913068,1.0,1.0,0.0,0.38661800199967306,0.27394297977124554,0.11267502222842751
1.0,24,0,0.0,40,46.2,0.0,0.0,0.0,0.0,0.0,0.0,0.0
1.0,24,1,0.0,40,46.2,0.0,0.0,0.0,0.0,0.0,0.0,0.0
1.0,24,2,0.0,40,46.2,0.0,0.0,0.0,0.0,0.0,0.0,0.0
1.0,24,3,0.0,40,46.2,0.0,0.0,0.0,0.0,0.0,0.0,0.0
1.0,24,4,0.0,40,46.2,0.0,0.0,0.0,0.0,0.0,0.0,0.0
1.0,24,5,0.0,40,46.2,0.0,0.0,0.0,0.0,0.0,0.0,0.0
1.0,24,6,0.0,40,46.2,0.0,0.0,0.0,0.0,0.0,0.0,0.0
1.0,24,7,0.0,40,46.2,0.0,0.0,0.0,0.0,0.0,0.0,0.0
1.0,24,0,0.05,40,46.2,0.10824581883082296,0.6,0.6125,0.0125,0.0712288046101294,0.06606256874180885,0.005166235868320546
1.0,24,1,0.05,40,46.2,0.04270370783175681,0.2125,0.225,0.0125,0.016083719206096313,0.016014499958312004,6.921924778430927e-05
1.0,24,2,0.05,40,46.2,0.013826422404884983,0.0375,0.0375,0.0,0.004083781495824446,0.004083781495824446,0.0
1.0,24,3,0.05,40,46.2,0.018338491309724286,0.0875,0.0875,0.0,0.005796898040589028,0.005796898040589028,0.0
1.0,24,4,0.05,40,46.2,0.029883292572814087,0.1375,0.1375,0.0,0.007816314792244426,0.007816314792244426,0.0
1.0,24,5,0.05,40,46.2,0.012331931898797902,0.0875,0.0875,0.0,0.004593795831170903,0.004593795831170903,0.0
1.0,24,6,0.05,40,46.2,0.025228443043055465,0.0875,0.0875,0.0,0.007649333587076178,0.007649333587076178,0.0
1.0,24,7,0.05,40,46.2,0.05525873017245301,0.2375,0.2375,0.0,0.015781763407299032,0.015781763407299032,0.0
1.0,24,0,0.1,40,46.2,0.14068608321549375,0.75,0.825,0.075,0.11070848995413385,0.09958898620870829,0.011119503745425557
1.0,24,1,0.1,40,46.2,0.06903203238335634,0.375,0.375,0.0,0.03619815406180406,0.03572568965549944,0.0004724644063046207
1.0,24,2,0.1,40,46.2,0.02717518932963208,0.1,0.1,0.0,0.008958342614235087,0.008958342614235087,0.0
1.0,24,3,0.1,40,46.2,0.03730929898938128,0.175,0.175,0.0,0.014382180928184838,0.014382180928184838,0.0
1.0,24,4,0.1,40,46.2,0.052305185701161286,0.2875,0.2875,0.0,0.022600653772559223,0.02249632812120831,0.00010432565135091304
1.0,24,5,0.1,40,46.2,0.023313087178850205,0.1375,0.1375,0.0,0.012458994184001728,0.012398756843743022,6.023734025870607e-05
1.0,24,6,0.1,40,46.2,0.0467990974923315,0.225,0.2375,0.0125,0.01988466688546292,0.01986150530790352,2.316157755940032e-05
1.0,24,7,0.1,40,46.2,0.08397918882491033,0.425,0.4875,0.0625,0.03559890273374988,0.03405014206018055,0.0015487606735693354
1.0,24,0,0.2,40,46.2,0.20631071418755162,0.925,1.0,0.075,0.21871985140685546,0.1772078658194093,0.04151198558744615
1.0,24,1,0.2,40,46.2,0.129992389710693,0.6625,0.7625,0.1,0.1002203806106071,0.09506362696601617,0.005156753644590936
1.0,24,2,0.2,40,46.2,0.07899321062489217,0.4375,0.475,0.0375,0.03794751088319591,0.03589580435850081,0.0020517065246951002
1.0,24,3,0.2,40,46.2,0.09272172468207047,0.4625,0.5125,0.05,0.0565548021284505,0.055165644043885485,0.0013891580845650162
1.0,24,4,0.2,40,46.2,0.11107418018208341,0.525,0.5625,0.0375,0.07352689159833546,0.0700968002456981,0.00343009135263736
1.0,24,5,0.2,40,46.2,0.06227249519902918,0.25,0.25,0.0,0.036124143915836536,0.035784549961778,0.0003395939540585327
1.0,24,6,0.2,40,46.2,0.10621986684115836,0.6125,0.6375,0.025,0.07222128663544303,0.07022022065471432,0.002001065980728703
1.0,24,7,0.2,40,46.2,0.14867304811418475,0.825,0.95,0.125,0.12056212122444943,0.09643823988028978,0.024123881344159645
1.0,24,0,0.35,40,46.2,0.30493571418755155,1.0,1.0,0.0,0.3894990721858898,0.299933409077406,0.0895656631084838
1.0,24,1,0.35,40,46.2,0.22803002342668166,0.9875,1.0,0.0125,0.25632904489449987,0.20801397295051918,0.048315071943980686
1.0,24,2,0.35,40,46.2,0.17566872130461345,0.875,0.95,0.075,0.16700583716654763,0.13827525080803832,0.028730586358509308
1.0,24,3,0.35,40,46.2,0.1890498409528753,0.8875,0.95,0.0625,0.1900906624576895,0.16137048265951268,0.028720179798176815
1.0,24,4,0.35,40,46.2,0.20913032937473744,0.975,1.0,0.025,0.22360230194743647,0.18173680712301193,0.04186549482442453
1.0,24,5,0.35,40,46.2,0.15297661936907753,0.775,0.8875,0.1125,0.13612347471924455,0.12420714784450683,0.011916326874737718
1.0,24,6,0.35,40,46.2,0.2038703786827277,0.9625,1.0,0.0375,0.21449416222105,0.18258972262839582,0.03190443959265418
1.0,24,7,0.35,40,46.2,0.24729804811418474,0.9875,1.0,0.0125,0.2896935898078365,0.21849689759388488,0.07119669221395161
1.0,24,0,0.5,40,46.2,0.4035607141875516,1.0,1.0,0.0,0.560278292964928,0.4235243181683152,0.13675397479661283
1.0,24,1,0.5,40,46.2,0.3266550234266816,1.0,1.0,0.0,0.42710826567353793,0.3315934061684347,0.09551485950510324
1.0,24,2,0.5,40,46.2,0.27429372130461344,1.0,1.0,0.0,0.33643934425012006,0.2607861055809012,0.07565323866921886
1.0,24,3,0.5,40,46.2,0.2876748409528753,1.0,1.0,0.0,0.3596101142038181,0.283403026452968,0.07620708775085011
1.0,24,4,0.5,40,46.2,0.30775532937473743,1.0,1.0,0.0,0.3943815227264726,0.30510679934261614,0.08927472338385645
1.0,24,5,0.5,40,46.2,0.25120853307622576,0.975,1.0,0.025,0.2964649923395679,0.24041323116716964,0.05605176117239827
1.0,24,6,0.5,40,46.2,0.3024953786827277,1.0,1.0,0.0,0.38527338300008396,0.30510138746739657,0.08017199553268739
1.0,24,7,0.5,40,46.2,0.34592304811418473,1.0,1.0,0.0,0.46047281058687467,0.34207722772395116,0.11839558286292351
1.0,25,0,0.0,40,48.150000000000006,0.0,0.0,0.0,0.0,0.0,0.0,0.0
1.0,25,1,0.0,40,48.150000000000006,0.0,0.0,0.0,0.0,0.0,0.0,0.0
1.0,25,2,0.0,40,48.150000000000006,0.0,0.0,0.0,0.0,0.0,0.0,0.0
1.0,25,3,0.0,40,48.150000000000006,0.0,0.0,0.0,0.0,0.0,0.0,0.0
1.0,25,4,0.0,40,48.150000000000006,0.0,0.0,0.0,0.0,0.0,0.0,0.0
1.0,25,5,0.0,40,48.150000000000006,0.0,0.0,0.0,0.0,0.0,0.0,0.0
1.0,25,6,0.0,40,48.150000000000006,0.0,0.0,0.0,0.0,0.0,0.0,0.0
1.0,25,7,0.0,40,48.150000000000006,0.0,0.0,0.0,0.0,0.0,0.0,0.0
1.0,25,0,0.05,40,48.150000000000006,0.05883204517110404,0.3125,0.3375,0.025,0.025247218242984867,0.02500258311447166,0.000244635128513207
1.0,25,1,0.05,40,48.150000000000006,0.022167178247914376,0.0375,0.0375,0.0,0.00582605429450201,0.00582605429450201,0.0
1.0,25,2,0.05,40,48.150000000000006,0.055076017128412626,0.2625,0.2625,0.0,0.028838303639546262,0.028838303639546262,0.0
1.0,25,3,0.05,40,48.150000000000006,0.01576592488197793,0.0625,0.0625,0.0,0.0055611408161645995,0.0055611408161645995,0.0
1.0,25,4,0.05,40,48.150000000000006,0.03908822613740089,0.1625,0.1625,0.0,0.015836378361791668,0.015836378361791668,0.0
1.0,25,5,0.05,40,48.150000000000006,0.12399786743349525,0.5625,0.65,0.0875,0.08880780889185923,0.08387748576728993,0.0049303231245693
1.0,25,6,0.05,40,48.150000000000006,0.03909345087086847,0.175,0.175,0.0,0.014609099223047844,0.014609099223047844,0.0
1.0,25,7,0.05,40,48.150000000000006,0.020567439665051274,0.05,0.05,0.0,0.001508238473656402,0.001508238473656402,0.0
1.0,25,0,0.1,40,48.150000000000006,0.08784826266678428,0.45,0.475,0.025,0.05293270519066098,0.0511093217492151,0.0018233834414458777
1.0,25,1,0.1,40,48.150000000000006,0.04023813074033186,0.1625,0.1625,0.0,0.01411106209074801,0.01411106209074801,0.0
1.0,25,2,0.1,40,48.150000000000006,0.08361276475805249,0.3625,0.3875,0.025,0.05339836745985982,0.05315922292284258,0.00023914453701723987
1.0,25,3,0.1,40,48.150000000000006,0.02960263959582023,0.15,0.15,0.0,0.013977873265097944,0.013977873265097944,0.0
1.0,25,4,0.1,40,48.150000000000006,0.06551705703056748,0.3,0.3,0.0,0.031786315389934074,0.031786315389934074,0.0
1.0,25,5,0.1,40,48.150000000000006,0.15668660488540104,0.75,0.8625,0.1125,0.13378864863344095,0.1180934765129641,0.015695172120476844
1.0,25,6,0.1,40,48.150000000000006,0.06268729646669405,0.3125,0.3625,0.05,0.03171441852411681,0.030893771925486018,0.0008206465986307886
1.0,25,7,0.1,40,48.150000000000006,0.03952887077450226,0.175,0.175,0.0,0.011992998598930786,0.011992998598930786,0.0
1.0,25,0,0.2,40,48.150000000000006,0.15393632573822685,0.75,0.8375,0.0875,0.1312108981614983,0.1196922961253953,0.011518602036103012
1.0,25,1,0.2,40,48.150000000000006,0.09818097266461619,0.575,0.5875,0.0125,0.05841462920237027,0.05551352455142473,0.002901104650945542
1.0,25,2,0.2,40,48.150000000000006,0.14806602078280098,0.6875,0.725,0.0375,0.12457805515596039,0.11893448087516616,0.0056435742807942335
1.0,25,3,0.2,40,48.150000000000006,0.07818066090427556,0.3875,0.4125,0.025,0.04744006960381835,0.04653691971627449,0.0009031498875438637
1.0,25,4,0.2,40,48.150000000000006,0.12859811266129306,0.6625,0.7125,0.05,0.09639100090304163,0.09166966452602547,0.004721336377016161
1.0,25,5,0.2,40,48.150000000000006,0.22442498523261817,0.95,0.9875,0.0375,0.24012312338159597,0.19594051421054073,0.04418260917105524
1.0,25,6,0.2,40,48.150000000000006,0.1220331192477212,0.6375,0.675,0.0375,0.08930639911023083,0.08173257855616779,0.0075738205540630404
1.0,25,7,0.2,40,48.150000000000006,0.09373293420786337,0.45,0.4625,0.0125,0.05778454831190627,0.05570758934358347,0.0020769589683228007
1.0,25,0,0.35,40,48.150000000000006,0.25618149710483407,0.975,1.0,0.025,0.29272107514802226,0.2416951886099176,0.051025886538104664
1.0,25,1,0.35,40,48.150000000000006,0.1975129337260316,0.875,0.95,0.075,0.1959839413258156,0.16724742822271219,0.028736513103103406
1.0,25,2,0.35,40,48.150000000000006,0.2503422209159162,0.9625,1.0,0.0375,0.2830192663191119,0.23981497764260667,0.04320428867650522
1.0,25,3,0.35,40,48.150000000000006,0.17776738219979618,0.9,0.95,0.05,0.16723666277387284,0.15150664342530393,0.015730019348568908
1.0,25,4,0.35,40,48.150000000000006,0.2296325896866349,0.975,1.0,0.025,0.24861074091222096,0.20915224563184923,0.039458495280371736
1.0,25,5,0.35,40,48.150000000000006,0.3267062352326181,1.0,1.0,0.0,0.40989613330411656,0.3227771913902244,0.08711894191389213
1.0,25,6,0.35,40,48.150000000000006,0.22179974407316227,0.9375,0.975,0.0375,0.23618238375599873,0.19297640174901665,0.043205982006982085
1.0,25,7,0.35,40,48.150000000000006,0.19232927618609874,0.9125,0.975,0.0625,0.18721289269131752,0.1638640654280743,0.02334882726324322
1.0,25,0,0.5,40,48.150000000000006,0.3584627471048341,1.0,1.0,0.0,0.46265876985190524,0.36879167291372594,0.0938670969381793
1.0,25,1,0.5,40,48.150000000000006,0.29979418372603156,1.0,1.0,0.0,0.36518244440433983,0.29240759943773786,0.07277484496660197
1.0,25,2,0.5,40,48.150000000000006,0.35262347091591617,1.0,1.0,0.0,0.4529569610229958,0.36687098690859654,0.08608597411439928
1.0,25,3,0.5,40,48.150000000000006,0.28004863219979625,1.0,1.0,0.0,0.3323757128966393,0.2759556047948684,0.056420108101770894
1.0,25,4,0.5,40,48.150000000000006,0.33191383968663496,1.0,1.0,0.0,0.4185484356161032,0.33578596510048425,0.08276247051561897
1.0,25,5,0.5,40,48.150000000000006,0.42898748523261815,1.0,1.0,0.0,0.5798338280080013,0.45004977706000643,0.1297840509479949
1.0,25,6,0.5,40,48.150000000000006,0.3240809940731622,1.0,1.0,0.0,0.40553436190730896,0.3193966412316824,0.08613772067562658
1.0,25,7,0.5,40,48.150000000000006,0.29461052618609873,0.9875,1.0,0.0125,0.3565699292808994,0.28899799976322854,0.06757192951767088
1.0,26,0,0.0,43,47.5,0.0,0.0,0.0,0.0,0.0,0.0,0.0
1.0,26,1,0.0,43,47.5,0.0,0.0,0.0,0.0,0.0,0.0,0.0
1.0,26,2,0.0,43,47.5,0.0,0.0,0.0,0.0,0.0,0.0,0.0
1.0,26,3,0.0,43,47.5,0.0,0.0,0.0,0.0,0.0,0.0,0.0
1.0,26,4,0.0,43,47.5,0.0,0.0,0.0,0.0,0.0,0.0,0.0
1.0,26,5,0.0,43,47.5,0.0,0.0,0.0,0.0,0.0,0.0,0.0
1.0,26,6,0.0,43,47.5,0.0,0.0,0.0,0.0,0.0,0.0,0.0
1.0,26,7,0.0,43,47.5,0.0,0.0,0.0,0.0,0.0,0.0,0.0
1.0,26,0,0.05,43,47.5,0.13898099047706178,0.7,0.775,0.075,0.11411372088406414,0.10441686447982593,0.009696856404238216
1.0,26,1,0.05,43,47.5,0.046393372122687286,0.2,0.2125,0.0125,0.017469966032157804,0.017130355256317394,0.0003396107758404099
1.0,26,2,0.05,43,47.5,0.021662106288345206,0.0625,0.0625,0.0,0.0034814795432335853,0.0034814795432335853,0.0
1.0,26,3,0.05,43,47.5,0.006413657249053556,0.025,0.025,0.0,0.0005195389811910297,0.0005195389811910297,0.0
1.0,26,4,0.05,43,47.5,0.07561233602143716,0.35,0.375,0.025,0.040899387097475266,0.0406803595905505,0.00021902750692476963
1.0,26,5,0.05,43,47.5,0.05140823387091074,0.225,0.225,0.0,0.020689640773582565,0.020689640773582565,0.0
1.0,26,6,0.05,43,47.5,0.06896573069704486,0.2875,0.2875,0.0,0.04177933499751962,0.04176225687125829,1.7078126261324544e-05
1.0,26,7,0.05,43,47.5,0.05332638190330523,0.2125,0.225,0.0125,0.026504000597249704,0.02636658268517725,0.00013741791207245307
1.0,26,0,0.1,43,47.5,0.17245698191401093,0.8375,0.9,0.0625,0.16028283688277503,0.14200463546702863,0.018278201415746403
1.0,26,1,0.1,43,47.5,0.07411840811456266,0.4,0.4125,0.0125,0.034731330740990836,0.03369228876072447,0.0010390419802663656
1.0,26,2,0.1,43,47.5,0.04072949332698457,0.175,0.175,0.0,0.011030683646399248,0.011030683646399248,0.0
1.0,26,3,0.1,43,47.5,0.01684523152159518,0.05,0.05,0.0,0.0034153275236263225,0.0034153275236263225,0.0
1.0,26,4,0.1,43,47.5,0.10743638270145824,0.5625,0.575,0.0125,0.07095147906396802,0.06939857338488414,0.0015529056790838797
1.0,26,5,0.1,43,47.5,0.08014885313083808,0.3125,0.3375,0.025,0.039127865743942225,0.03898981122633536,0.00013805451760686566
1.0,26,6,0.1,43,47.5,0.09872526216364233,0.375,0.425,0.05,0.0667499185598548,0.06631345621351195,0.00043646234634285574
1.0,26,7,0.1,43,47.5,0.08161065769783639,0.35,0.375,0.025,0.04946477797012029,0.04798186723152015,0.0014829107386001433
1.0,26,0,0.2,43,47.5,0.23983198191401095,0.9625,1.0,0.0375,0.26919070638131315,0.22295737384934897,0.04623333253196418
1.0,26,1,0.2,43,47.5,0.1379529579567617,0.7125,0.8125,0.1,0.10502475697518633,0.0945667424859509,0.010458014489235432
1.0,26,2,0.2,43,47.5,0.09495194396518203,0.5125,0.575,0.0625,0.0514279956620527,0.04941539676850611,0.0020125988935465883
1.0,26,3,0.2,43,47.5,0.05350314767516353,0.2625,0.2625,0.0,0.026815485299846915,0.026689012515327154,0.00012647278451976066
1.0,26,4,0.2,43,47.5,0.1729626472463737,0.8375,0.975,0.1375,0.15843697103976584,0.13984363137843397,0.018593339661331865
1.0,26,5,0.2,43,47.5,0.14333962242509063,0.7625,0.8375,0.075,0.11502728537502419,0.10146368867118144,0.013563596703842745
1.0,26,6,0.2,43,47.5,0.16464693228178073,0.7625,0.875,0.1125,0.14524670886791904,0.13235695666447422,0.01288975220344482
1.0,26,7,0.2,43,47.5,0.14444399600838298,0.7,0.775,0.075,0.12019731964653374,0.11163589926278089,0.008561420383752849
1.0,26,0,0.35,43,47.5,0.34089448191401095,1.0,1.0,0.0,0.4394012326969301,0.34860015191360916,0.09080108078332094
1.0,26,1,0.35,43,47.5,0.23901545795676168,0.9875,1.0,0.0125,0.2678155081374979,0.2145889112676499,0.053226596869847986
1.0,26,2,0.35,43,47.5,0.1938800558619147,0.95,1.0,0.05,0.19179798881993354,0.15728042243405732,0.03451756638587622
1.0,26,3,0.35,43,47.5,0.14471861133905972,0.7,0.7625,0.0625,0.1214868183315107,0.11093176090190857,0.010555057429602138
1.0,26,4,0.35,43,47.5,0.27401008888189893,0.9875,1.0,0.0125,0.32675383390610974,0.26310667238487245,0.06364716152123728
1.0,26,5,0.35,43,47.5,0.2444021224250906,0.9875,1.0,0.0125,0.27688778513678186,0.22188209870617312,0.05500568643060874
1.0,26,6,0.35,43,47.5,0.2654754444930306,0.9875,1.0,0.0125,0.3123796959880436,0.2559301093986681,0.05644958658937549
1.0,26,7,0.35,43,47.5,0.2453752803205788,0.95,1.0,0.05,0.2785267879081552,0.22995112753954974,0.04857566036860547
1.0,26,0,0.5,43,47.5,0.441948860407693,1.0,1.0,0.0,0.6095980806861188,0.4746743118677797,0.13492376881833906
1.0,26,1,0.5,43,47.5,0.3400779579567617,1.0,1.0,0.0,0.4380260344531162,0.34058803040707497,0.09743800404604125
1.0,26,2,0.5,43,47.5,0.2949425558619147,1.0,1.0,0.0,0.3620085151355481,0.28236168561672653,0.07964682951882157
1.0,26,3,0.5,43,47.5,0.24578111133905972,0.9875,1.0,0.0125,0.2792102927813834,0.2298956694722398,0.049314623309143574
1.0,26,4,0.5,43,47.5,0.375072588881899,1.0,1.0,0.0,0.4969643602217283,0.3891683647283572,0.1077959954933711
1.0,26,5,0.5,43,47.5,0.34546462242509063,1.0,1.0,0.0,0.44709831145240025,0.3478776303652214,0.09922068108717885
1.0,26,6,0.5,43,47.5,0.3665379444930307,1.0,1.0,0.0,0.4825902223036612,0.38174991110016915,0.10084031120349207
1.0,26,7,0.5,43,47.5,0.3464377803205788,1.0,1.0,0.0,0.44873731422377355,0.35593906078840365,0.0927982534353699
1.0,27,0,0.0,56,40.349999999999994,0.0,0.0,0.0,0.0,0.0,0.0,0.0
1.0,27,1,0.0,56,40.349999999999994,0.0,0.0,0.0,0.0,0.0,0.0,0.0
1.0,27,2,0.0,56,40.349999999999994,0.0,0.0,0.0,0.0,0.0,0.0,0.0
1.0,27,3,0.0,56,40.349999999999994,0.0,0.0,0.0,0.0,0.0,0.0,0.0
1.0,27,4,0.0,56,40.349999999999994,0.0,0.0,0.0,0.0,0.0,0.0,0.0
1.0,27,5,0.0,56,40.349999999999994,0.0,0.0,0.0,0.0,0.0,0.0,0.0
1.0,27,6,0.0,56,40.349999999999994,0.0,0.0,0.0,0.0,0.0,0.0,0.0
1.0,27,7,0.0,56,40.349999999999994,0.0,0.0,0.0,0.0,0.0,0.0,0.0
1.0,27,0,0.05,56,40.349999999999994,0.0510476357182779,0.225,0.2375,0.0125,0.02524831381462866,0.025206337426464324,4.19763881643366e-05
1.0,27,1,0.05,56,40.349999999999994,0.048560600225302473,0.25,0.25,0.0,0.0240096360904285,0.022247824621935572,0.001761811468492927
1.0,27,2,0.05,56,40.349999999999994,0.06161835314341957,0.3,0.35,0.05,0.023063685148587445,0.022364751229857868,0.0006989339187295773
1.0,27,3,0.05,56,40.349999999999994,0.08116424770731177,0.3875,0.425,0.0375,0.047003116124827625,0.045809169199278646,0.001193946925548979
1.0,27,4,0.05,56,40.349999999999994,0.07742684604827552,0.3875,0.4125,0.025,0.04736835921790293,0.04571389048426424,0.0016544687336386907
1.0,27,5,0.05,56,40.349999999999994,0.09436821508105649,0.5375,0.6,0.0625,0.056315428934293865,0.05004760130813035,0.0062678276261635135
1.0,27,6,0.05,56,40.349999999999994,0.04107187200664085,0.1375,0.15,0.0125,0.010750899516004607,0.010729903884452434,2.0995631552172753e-05
1.0,27,7,0.05,56,40.349999999999994,0.07268004564269605,0.4,0.45,0.05,0.03234114092206886,0.029958588578805345,0.002382552343263518
1.0,27,0,0.1,56,40.349999999999994,0.07520684260344002,0.375,0.4125,0.0375,0.04576687733653069,0.04414927253281261,0.0016176048037180799
1.0,27,1,0.1,56,40.349999999999994,0.07163296061287795,0.3625,0.4,0.0375,0.0439010403612472,0.04072888825931993,0.0031721521019272697
1.0,27,2,0.1,56,40.349999999999994,0.08643568542951362,0.475,0.6,0.125,0.04819640982286031,0.04332823697432881,0.004868172848531499
1.0,27,3,0.1,56,40.349999999999994,0.10834244894879834,0.625,0.7125,0.0875,0.0785018938695675,0.07135598896278965,0.007145904906777856
1.0,27,4,0.1,56,40.349999999999994,0.10507429572933953,0.6,0.675,0.075,0.07627175866149262,0.07103335114059191,0.005238407520900712
1.0,27,5,0.1,56,40.349999999999994,0.12177588277643117,0.65,0.7625,0.1125,0.09352683484041752,0.07547775148781691,0.01804908335260061
1.0,27,6,0.1,56,40.349999999999994,0.06383397278681699,0.35,0.3625,0.0125,0.025002327678823075,0.024088553543302374,0.0009137741355207014
1.0,27,7,0.1,56,40.349999999999994,0.09942030036086304,0.575,0.65,0.075,0.06058987631770531,0.052323029021038504,0.008266847296666803
1.0,27,0,0.2,56,40.349999999999994,0.13223885746341715,0.7375,0.775,0.0375,0.11236977234153488,0.09635734478203317,0.016012427559501705
1.0,27,1,0.2,56,40.349999999999994,0.1262780274810952,0.625,0.7625,0.1375,0.1055696900494881,0.08916707016960375,0.016402619879884353
1.0,27,2,0.2,56,40.349999999999994,0.14064765291294629,0.85,0.9125,0.0625,0.12856423157202843,0.1006762551680088,0.027887976404019632
1.0,27,3,0.2,56,40.349999999999994,0.16555721009617738,0.875,0.9875,0.1125,0.16996461714093364,0.1347713370406283,0.03519328010030534
1.0,27,4,0.2,56,40.349999999999994,0.16288875955331367,0.85,0.975,0.125,0.16555478145947852,0.1337695228152829,0.031785258644195624
1.0,27,5,0.2,56,40.349999999999994,0.17963761209802795,0.9125,0.9875,0.075,0.19755378212203986,0.13832492319581594,0.059228858926223926
1.0,27,6,0.2,56,40.349999999999994,0.11918083747168055,0.7,0.7875,0.0875,0.08589843103965701,0.07094654288478679,0.014951888154870224
1.0,27,7,0.2,56,40.349999999999994,0.15700794571096557,0.85,0.9625,0.1125,0.15351246767657492,0.11212643851327248,0.041386029163302446
1.0,27,0,0.35,56,40.349999999999994,0.21966816975489714,0.975,0.9875,0.0125,0.2770999014323613,0.20133750054198807,0.07576240089037323
1.0,27,1,0.35,56,40.349999999999994,0.21393427748109514,0.975,1.0,0.025,0.26554503589779654,0.19173929052303354,0.073805745374763
1.0,27,2,0.35,56,40.349999999999994,0.2280623928468925,0.9625,1.0,0.0375,0.2935561692128251,0.20447736025170282,0.0890788089611223
1.0,27,3,0.35,56,40.349999999999994,0.25321346009617735,0.9875,1.0,0.0125,0.343421977885461,0.24199963093476012,0.1014223469507009
1.0,27,4,0.35,56,40.349999999999994,0.2505450095533136,0.9875,1.0,0.0125,0.3381313696220561,0.24123679973575732,0.09689456988629877
1.0,27,5,0.35,56,40.349999999999994,0.26727993051419696,0.975,1.0,0.025,0.37131089073398943,0.2478268538769889,0.12348403685700052
1.0,27,6,0.35,56,40.349999999999994,0.20682528642456965,0.975,1.0,0.025,0.25145038200628567,0.17493513478012637,0.0765152472261593
1.0,27,7,0.35,56,40.349999999999994,0.2446641957109655,1.0,1.0,0.0,0.32647176349097046,0.22025594389566547,0.10621581959530499
1.0,27,0,0.5,56,40.349999999999994,0.3073244197548971,1.0,1.0,0.0,0.4507051692780676,0.3114828158629086,0.13922235341515898
1.0,27,1,0.5,56,40.349999999999994,0.30159052748109516,1.0,1.0,0.0,0.43933685745888934,0.30208100130151677,0.13725585615737257
1.0,27,2,0.5,56,40.349999999999994,0.31571864284689255,1.0,1.0,0.0,0.4673479907739169,0.31456034798610716,0.15278764278780976
1.0,27,3,0.5,56,40.349999999999994,0.3408697100961774,1.0,1.0,0.0,0.5172137994465535,0.3522784278726282,0.16493537157392535
1.0,27,4,0.5,56,40.349999999999994,0.3382012595533136,1.0,1.0,0.0,0.511923191183149,0.35163576033936944,0.16028743084377955
1.0,27,5,0.5,56,40.349999999999994,0.35493618051419695,1.0,1.0,0.0,0.5451027122950822,0.35815327999895324,0.18694943229612898
1.0,27,6,0.5,56,40.349999999999994,0.2944815364245697,1.0,1.0,0.0,0.4252422035673785,0.2852807317103958,0.1399614718569827
1.0,27,7,0.5,56,40.349999999999994,0.33232044571096553,1.0,1.0,0.0,0.5002635850520635,0.33066672456481044,0.16959686048725303
1.0,28,0,0.0,37,44.900000000000006,0.0,0.0,0.0,0.0,0.0,0.0,0.0
1.0,28,1,0.0,37,44.900000000000006,0.0,0.0,0.0,0.0,0.0,0.0,0.0
1.0,28,2,0.0,37,44.900000000000006,0.0,0.0,0.0,0.0,0.0,0.0,0.0
1.0,28,3,0.0,37,44.900000000000006,0.0,0.0,0.0,0.0,0.0,0.0,0.0
1.0,28,4,0.0,37,44.900000000000006,0.0,0.0,0.0,0.0,0.0,0.0,0.0
1.0,28,5,0.0,37,44.900000000000006,0.0,0.0,0.0,0.0,0.0,0.0,0.0
1.0,28,6,0.0,37,44.900000000000006,0.0,0.0,0.0,0.0,0.0,0.0,0.0
1.0,28,7,0.0,37,44.900000000000006,0.0,0.0,0.0,0.0,0.0,0.0,0.0
1.0,28,0,0.05,37,44.900000000000006,0.012002070281119208,0.0375,0.0375,0.0,0.002331051399114538,0.002331051399114538,0.0
1.0,28,1,0.05,37,44.900000000000006,0.022038067821146538,0.1,0.1,0.0,0.0048621830684119184,0.0048621830684119184,0.0
1.0,28,2,0.05,37,44.900000000000006,0.09974375749483551,0.55,0.6,0.05,0.060995181383677384,0.05752536240503914,0.0034698189786382463
1.0,28,3,0.05,37,44.900000000000006,0.03723653880274445,0.125,0.1375,0.0125,0.01511814782840379,0.014892323609576213,0.00022582421882757706
1.0,28,4,0.05,37,44.900000000000006,0.039739079961703644,0.2,0.2125,0.0125,0.012988674969373911,0.012893272241699685,9.540272767422607e-05
1.0,28,5,0.05,37,44.900000000000006,0.060050546246322556,0.325,0.35,0.025,0.020872106365759233,0.020588879220913587,0.00028322714484564637
1.0,28,6,0.05,37,44.900000000000006,0.02655833077356741,0.1,0.1,0.0,0.00637616408918551,0.00637616408918551,0.0
1.0,28,7,0.05,37,44.900000000000006,0.02840071055553815,0.0875,0.0875,0.0,0.006459886648559989,0.006459886648559989,0.0
1.0,28,0,0.1,37,44.900000000000006,0.02540164695278321,0.075,0.075,0.0,0.006605723726859755,0.006605723726859755,0.0
1.0,28,1,0.1,37,44.900000000000006,0.04168175170757522,0.175,0.175,0.0,0.013703115287393904,0.013703115287393904,0.0
1.0,28,2,0.1,37,44.900000000000006,0.13112479417823178,0.6875,0.7625,0.075,0.10197773022435225,0.08951198393918951,0.01246574628516274
1.0,28,3,0.1,37,44.900000000000006,0.05969212687820356,0.225,0.225,0.0,0.027642988442087766,0.027152136492302692,0.000490851949785074
1.0,28,4,0.1,37,44.900000000000006,0.06436120879143284,0.2875,0.3125,0.025,0.027889028744702483,0.027032286101601598,0.0008567426431008857
1.0,28,5,0.1,37,44.900000000000006,0.08833632422251779,0.4875,0.5625,0.075,0.04742510280904608,0.0426698258924389,0.004755276916607175
1.0,28,6,0.1,37,44.900000000000006,0.04748875146853124,0.2,0.2,0.0,0.016742194237504695,0.016656994572157933,8.51996653467614e-05
1.0,28,7,0.1,37,44.900000000000006,0.05153070073232851,0.25,0.25,0.0,0.01845659661910443,0.01822671943276092,0.00022987718634350993
1.0,28,0,0.2,37,44.900000000000006,0.07292171203026696,0.4125,0.4375,0.025,0.0354497711224349,0.03450418110702248,0.0009455900154124175
1.0,28,1,0.2,37,44.900000000000006,0.09738093441675828,0.4625,0.475,0.0125,0.054769866537120376,0.05323011248708698,0.0015397540500333984
1.0,28,2,0.2,37,44.900000000000006,0.19516409213533364,0.9,0.9625,0.0625,0.20676911796408154,0.16544481202462066,0.041324305939460876
1.0,28,3,0.2,37,44.900000000000006,0.11765210043158328,0.6,0.65,0.05,0.08645932315391568,0.079342292465642,0.007117030688273671
1.0,28,4,0.2,37,44.900000000000006,0.12327671694292956,0.7,0.8125,0.1125,0.08591577879669639,0.07463909456319041,0.011276684233505974
1.0,28,5,0.2,37,44.900000000000006,0.15123919718327994,0.85,0.925,0.075,0.12914347764300949,0.10519302548771886,0.023950452155290625
1.0,28,6,0.2,37,44.900000000000006,0.10316513177199692,0.5875,0.6375,0.05,0.06301700807661872,0.05803895384258767,0.004978054234031054
1.0,28,7,0.2,37,44.900000000000006,0.10792188007971647,0.6,0.65,0.05,0.07794593459807579,0.0733096556252355,0.004636278972840288
1.0,28,0,0.35,37,44.900000000000006,0.1649389799519938,0.8875,0.9625,0.075,0.15381670827411428,0.12655935698358178,0.0272573512905325
1.0,28,1,0.35,37,44.900000000000006,0.19218512269061416,0.9125,1.0,0.0875,0.19988440568468768,0.1615392448062064,0.03834516087848128
1.0,28,2,0.35,37,44.900000000000006,0.2913515921353336,1.0,1.0,0.0,0.3765729926683928,0.285324244156021,0.0912487485123718
1.0,28,3,0.35,37,44.900000000000006,0.213141651057106,0.8875,1.0,0.1125,0.2372234317274034,0.1907116236157844,0.04651180811161901
1.0,28,4,0.35,37,44.900000000000006,0.21907631466449198,1.0,1.0,0.0,0.24779744260910724,0.18768624887973193,0.06011119372937532
1.0,28,5,0.35,37,44.900000000000006,0.24742669718327992,1.0,1.0,0.0,0.2983103736002105,0.22382068222092036,0.07448969137929015
1.0,28,6,0.35,37,44.900000000000006,0.19629698160882728,0.95,0.95,0.0,0.2095733286870395,0.16285602088451373,0.04671730780252578
1.0,28,7,0.35,37,44.900000000000006,0.20306002864035905,0.925,0.975,0.05,0.21994974045712076,0.18195652971248674,0.03799321074463402
1.0,28,0,0.5,37,44.900000000000006,0.2611264799519938,1.0,1.0,0.0,0.32271978610570357,0.24549775828592418,0.07722202781977938
1.0,28,1,0.5,37,44.900000000000006,0.28837262269061414,0.9875,1.0,0.0125,0.3712652520096541,0.2811013441268989,0.09016390788275519
1.0,28,2,0.5,37,44.900000000000006,0.38753909213533355,1.0,1.0,0.0,0.5479538389933647,0.4062830414834152,0.1416707975099495
1.0,28,3,0.5,37,44.900000000000006,0.30932915105710596,1.0,1.0,0.0,0.40860427805237093,0.31060544925885125,0.09799882879351968
1.0,28,4,0.5,37,44.900000000000006,0.31526381466449194,1.0,1.0,0.0,0.41917828893407927,0.30864504620712613,0.11053324272695314
1.0,28,5,0.5,37,44.900000000000006,0.3436141971832799,1.0,1.0,0.0,0.4696912199251825,0.3447794795483146,0.12491174037686786
1.0,28,6,0.5,37,44.900000000000006,0.2924844816088273,1.0,1.0,0.0,0.37859150397972186,0.28261872082648487,0.09597278315323698
1.0,28,7,0.5,37,44.900000000000006,0.29924752864035903,1.0,1.0,0.0,0.3906414764190031,0.3015254511531188,0.0891160252658843
1.0,29,0,0.0,43,44.9,0.0,0.0,0.0,0.0,0.0,0.0,0.0
1.0,29,1,0.0,43,44.9,0.0,0.0,0.0,0.0,0.0,0.0,0.0
1.0,29,2,0.0,43,44.9,0.0,0.0,0.0,0.0,0.0,0.0,0.0
1.0,29,3,0.0,43,44.9,0.0,0.0,0.0,0.0,0.0,0.0,0.0
1.0,29,4,0.0,43,44.9,0.0,0.0,0.0,0.0,0.0,0.0,0.0
1.0,29,5,0.0,43,44.9,0.0,0.0,0.0,0.0,0.0,0.0,0.0
1.0,29,6,0.0,43,44.9,0.0,0.0,0.0,0.0,0.0,0.0,0.0
1.0,29,7,0.0,43,44.9,0.0,0.0,0.0,0.0,0.0,0.0,0.0
1.0,29,0,0.05,43,44.9,0.055776099936133416,0.25,0.25,0.0,0.028839371844591753,0.028839371844591753,0.0
1.0,29,1,0.05,43,44.9,0.11380035851840278,0.5125,0.55,0.0375,0.08407019679041794,0.07837419609571215,0.005696000694705786
1.0,29,2,0.05,43,44.9,0.006153117547056488,0.025,0.025,0.0,0.0022623750935058715,0.0022623750935058715,0.0
1.0,29,3,0.05,43,44.9,0.049375737038361386,0.225,0.225,0.0,0.03075953992311683,0.03075953992311683,0.0
1.0,29,4,0.05,43,44.9,0.025617250671375363,0.1,0.1,0.0,0.010246235630862369,0.010246235630862369,0.0
1.0,29,5,0.05,43,44.9,0.08032349084907366,0.35,0.375,0.025,0.045148350673271685,0.04452757351169059,0.0006207771615810986
1.0,29,6,0.05,43,44.9,0.06369306729901317,0.3,0.325,0.025,0.031828592192120385,0.030932782352434157,0.0008958098396862277
1.0,29,7,0.05,43,44.9,0.014554836051525282,0.0625,0.0625,0.0,0.004247035716375178,0.004247035716375178,0.0
1.0,29,0,0.1,43,44.9,0.08350757736142758,0.3625,0.375,0.0125,0.051784966478039596,0.051465650585719336,0.0003193158923202599
1.0,29,1,0.1,43,44.9,0.1452880207055295,0.675,0.775,0.1,0.12355825483562326,0.11097642566632952,0.012581829169293735
1.0,29,2,0.1,43,44.9,0.01599942679941944,0.0375,0.0375,0.0,0.005141211501544894,0.005141211501544894,0.0
1.0,29,3,0.1,43,44.9,0.07377649909760459,0.3,0.325,0.025,0.04702121375734061,0.046676110233338446,0.00034510352400216743
1.0,29,4,0.1,43,44.9,0.04512049642804859,0.175,0.175,0.0,0.021521654762178252,0.021521654762178252,0.0
1.0,29,5,0.1,43,44.9,0.110597651843343,0.4375,0.5,0.0625,0.07345332860813131,0.07003323484765105,0.003420093760480261
1.0,29,6,0.1,43,44.9,0.09177505291102574,0.4875,0.5125,0.025,0.05494359505781268,0.05068832269613883,0.004255272361673855
1.0,29,7,0.1,43,44.9,0.028656773813312497,0.0875,0.0875,0.0,0.011151372722938747,0.011151372722938747,0.0
1.0,29,0,0.2,43,44.9,0.14686544309359845,0.75,0.8625,0.1125,0.12219061906431677,0.1118331569145645,0.010357462149752278
1.0,29,1,0.2,43,44.9,0.20910237717833896,0.925,0.9875,0.0625,0.2307446549022489,0.18724456982902166,0.04350008507322725
1.0,29,2,0.2,43,44.9,0.05682364021175661,0.275,0.275,0.0,0.030711938162526924,0.030711938162526924,0.0
1.0,29,3,0.2,43,44.9,0.1330489110360732,0.7125,0.75,0.0375,0.1051367156368769,0.09738699143427793,0.007749724202598979
1.0,29,4,0.2,43,44.9,0.10343141138892968,0.55,0.6,0.05,0.06661220391501886,0.0640738764749941,0.0025383274400247596
1.0,29,5,0.2,43,44.9,0.17377115892784195,0.9,0.95,0.05,0.16791368331956089,0.1390179118251091,0.0288957714944518
1.0,29,6,0.2,43,44.9,0.15513612572257943,0.775,0.8875,0.1125,0.13619372338175234,0.11374893466007453,0.022444788721677808
1.0,29,7,0.2,43,44.9,0.0748920559769694,0.35,0.35,0.0,0.04566157570805888,0.04467066589733486,0.0009909098107240208
1.0,29,0,0.35,43,44.9,0.24305294309359846,0.975,1.0,0.025,0.2905174932623018,0.22997076918209156,0.06054672408021025
1.0,29,1,0.35,43,44.9,0.3052898771783389,1.0,1.0,0.0,0.401407353546787,0.3071694259071753,0.09423792763961175
1.0,29,2,0.35,43,44.9,0.1453287008421731,0.6625,0.7875,0.125,0.12614681500260475,0.12093624623949636,0.005210568763108381
1.0,29,3,0.35,43,44.9,0.2290962834730493,0.975,1.0,0.025,0.26565039371568494,0.20989605962142818,0.05575433409425676
1.0,29,4,0.35,43,44.9,0.19894350382339338,0.9375,0.9875,0.05,0.2119869145612334,0.17263485358003655,0.03935206098119684
1.0,29,5,0.35,43,44.9,0.2699586589278419,0.9875,1.0,0.0125,0.3384564078889419,0.2587120966151624,0.07974431127377946
1.0,29,6,0.35,43,44.9,0.2513236257225794,0.9875,1.0,0.0125,0.30525367612012605,0.2322347193994877,0.07301895672063835
1.0,29,7,0.35,43,44.9,0.16881856063278258,0.825,0.95,0.125,0.159610203756618,0.13814845356869693,0.02146175018792107
1.0,29,0,0.5,43,44.9,0.3392404430935985,1.0,1.0,0.0,0.4618983395872736,0.35087788246887924,0.11102045711839437
1.0,29,1,0.5,43,44.9,0.4014773771783389,1.0,1.0,0.0,0.5727881998717589,0.42812822323456956,0.14465997663718932
1.0,29,2,0.5,43,44.9,0.2407622651325166,0.975,1.0,0.025,0.28643610714013273,0.2325354694361673,0.05390063770396544
1.0,29,3,0.5,43,44.9,0.3252837834730493,1.0,1.0,0.0,0.43703124004065597,0.33062279741860573,0.10640844262205024
1.0,29,4,0.5,43,44.9,0.29513100382339336,1.0,1.0,0.0,0.3833069110435588,0.2931026393853916,0.09020427165816719
1.0,29,5,0.5,43,44.9,0.3661461589278419,1.0,1.0,0.0,0.5098372542139138,0.3796353777987722,0.13020187641514158
1.0,29,6,0.5,43,44.9,0.3475111257225795,1.0,1.0,0.0,0.47663452244509796,0.35318595030236527,0.1234485721427327
1.0,29,7,0.5,43,44.9,0.2650060606327826,1.0,1.0,0.0,0.32963217930089195,0.2573733018662477,0.07225887743464426
1.0,30,0,0.0,30,50.75,0.0,0.0,0.0,0.0,0.0,0.0,0.0
1.0,30,1,0.0,30,50.75,0.0,0.0,0.0,0.0,0.0,0.0,0.0
1.0,30,2,0.0,30,50.75,0.0,0.0,0.0,0.0,0.0,0.0,0.0
1.0,30,3,0.0,30,50.75,0.0,0.0,0.0,0.0,0.0,0.0,0.0
1.0,30,4,0.0,30,50.75,0.0,0.0,0.0,0.0,0.0,0.0,0.0
1.0,30,5,0.0,30,50.75,0.0,0.0,0.0,0.0,0.0,0.0,0.0
1.0,30,6,0.0,30,50.75,0.0,0.0,0.0,0.0,0.0,0.0,0.0
1.0,30,7,0.0,30,50.75,0.0,0.0,0.0,0.0,0.0,0.0,0.0
1.0,30,0,0.05,30,50.75,0.05979571930630342,0.2875,0.2875,0.0,0.02875261063245986,0.028684579767393917,6.803086506594266e-05
1.0,30,1,0.05,30,50.75,0.15679754765269213,0.775,0.85,0.075,0.12842114533084878,0.11983464837120605,0.008586496959642725
1.0,30,2,0.05,30,50.75,0.055482798725501145,0.275,0.275,0.0,0.02367152541366622,0.021938169774638076,0.0017333556390281453
1.0,30,3,0.05,30,50.75,0.03097136106440431,0.1125,0.1125,0.0,0.010716724182769463,0.010716724182769463,0.0
1.0,30,4,0.05,30,50.75,0.03891867455679345,0.2,0.2,0.0,0.014123950131433931,0.014123950131433931,0.0
1.0,30,5,0.05,30,50.75,0.1456842579383115,0.7875,0.875,0.0875,0.10875730587546428,0.1019922946837806,0.006765011191683684
1.0,30,6,0.05,30,50.75,0.1095213677159111,0.4875,0.5125,0.025,0.075398019903584,0.07330583137558296,0.0020921885280010405
1.0,30,7,0.05,30,50.75,0.03636681821872841,0.1375,0.1375,0.0,0.014239590717418331,0.014239590717418331,0.0
1.0,30,0,0.1,30,50.75,0.0897137105924405,0.475,0.4875,0.0125,0.051268424541866114,0.050848354512191406,0.0004200700296747087
1.0,30,1,0.1,30,50.75,0.19231416502209187,0.875,0.9375,0.0625,0.17854795441103274,0.1600638559516109,0.01848409845942184
1.0,30,2,0.1,30,50.75,0.08086299250135207,0.4,0.4375,0.0375,0.04439376266857235,0.04106389342997954,0.0033298692385928044
1.0,30,3,0.1,30,50.75,0.05266538248151117,0.25,0.25,0.0,0.023975509206487493,0.023975509206487493,0.0
1.0,30,4,0.1,30,50.75,0.0627837854929539,0.275,0.275,0.0,0.030754700279388737,0.030754700279388737,0.0
1.0,30,5,0.1,30,50.75,0.1814030079383115,0.9,0.975,0.075,0.1603988654996288,0.14310998785727813,0.01728887764235068
1.0,30,6,0.1,30,50.75,0.14350143244152477,0.6125,0.7,0.0875,0.11461069778773211,0.10726104502023864,0.00734965276749347
1.0,30,7,0.1,30,50.75,0.06091272547680977,0.3,0.3125,0.0125,0.029673649095300715,0.029586186946901693,8.74621483990222e-05
1.0,30,0,0.2,30,50.75,0.1588991038837425,0.8,0.85,0.05,0.12963324750509087,0.1190459657809114,0.01058728172417947
1.0,30,1,0.2,30,50.75,0.26375166502209185,0.975,1.0,0.025,0.2896577970789891,0.24561519692474518,0.04404260015424391
1.0,30,2,0.2,30,50.75,0.1472374890961227,0.7125,0.7875,0.075,0.11359811171074233,0.09880815526088582,0.014789956449856506
1.0,30,3,0.2,30,50.75,0.11447607468297269,0.625,0.6625,0.0375,0.07436209570262192,0.07245206265953638,0.0019100330430855406
1.0,30,4,0.2,30,50.75,0.12580348183560208,0.65,0.75,0.1,0.08891250169885401,0.08632334013041057,0.0025891615684434377
1.0,30,5,0.2,30,50.75,0.2528405079383115,1.0,1.0,0.0,0.2724579435479132,0.23007513383536737,0.04238280971254582
1.0,30,6,0.2,30,50.75,0.2149389324415248,0.8375,0.9625,0.125,0.21326201866424704,0.18666275239852662,0.026599266265720428
1.0,30,7,0.2,30,50.75,0.12229275779619937,0.5875,0.6375,0.05,0.08480526609605676,0.0811185220151334,0.003686744080923357
1.0,30,0,0.35,30,50.75,0.2660553538837425,0.975,1.0,0.025,0.2932892277968544,0.24727922873434363,0.04600999906251077
1.0,30,1,0.35,30,50.75,0.37090791502209186,1.0,1.0,0.0,0.45857405323648054,0.3773148006152503,0.08125925262123024
1.0,30,2,0.35,30,50.75,0.25256453859516104,0.9875,0.9875,0.0,0.27230222508285057,0.22129718624347128,0.05100503883937929
1.0,30,3,0.35,30,50.75,0.22129290285363762,0.9375,0.9875,0.05,0.22274678740667683,0.19150143009794868,0.031245357308728156
1.0,30,4,0.35,30,50.75,0.23135023670196744,0.95,1.0,0.05,0.23858165391430217,0.20517974920911,0.033401904705192165
1.0,30,5,0.35,30,50.75,0.35999675793831154,1.0,1.0,0.0,0.4413741997054048,0.36181651314571217,0.07955768655969264
1.0,30,6,0.35,30,50.75,0.32209518244152474,1.0,1.0,0.0,0.38162787379919877,0.31727487033758817,0.0643530034616106
1.0,30,7,0.35,30,50.75,0.2292774446316081,0.95,1.0,0.05,0.2353141984339303,0.20129115248981644,0.03402304594411387
1.0,30,0,0.5,30,50.75,0.3732116038837425,1.0,1.0,0.0,0.46220548395434574,0.37897043269557273,0.08323505125877301
1.0,30,1,0.5,30,50.75,0.4780641650220919,1.0,1.0,0.0,0.6274903093939721,0.5090561799255952,0.11843412946837695
1.0,30,2,0.5,30,50.75,0.3597207885951611,1.0,1.0,0.0,0.4409391741398141,0.35275925845328804,0.08817991568652606
1.0,30,3,0.5,30,50.75,0.3284491528536376,1.0,1.0,0.0,0.39164398479364626,0.3231128145074463,0.06853117028619998
1.0,30,4,0.5,30,50.75,0.3385064867019675,1.0,1.0,0.0,0.40749791007179154,0.3363479944623881,0.07114991560940342
1.0,30,5,0.5,30,50.75,0.4671530079383115,1.0,1.0,0.0,0.6102904558628964,0.4935578924560571,0.11673256340683935
1.0,30,6,0.5,30,50.75,0.42925143244152475,1.0,1.0,0.0,0.5505441299566904,0.44901624964793296,0.10152788030875748
1.0,30,7,0.5,30,50.75,0.3364336946316081,1.0,1.0,0.0,0.40423045459142076,0.332724028738936,0.07150642585248479
1.0,31,0,0.0,40,48.15,0.0,0.0,0.0,0.0,0.0,0.0,0.0
1.0,31,1,0.0,40,48.15,0.0,0.0,0.0,0.0,0.0,0.0,0.0
1.0,31,2,0.0,40,48.15,0.0,0.0,0.0,0.0,0.0,0.0,0.0
1.0,31,3,0.0,40,48.15,0.0,0.0,0.0,0.0,0.0,0.0,0.0
1.0,31,4,0.0,40,48.15,0.0,0.0,0.0,0.0,0.0,0.0,0.0
1.0,31,5,0.0,40,48.15,0.0,0.0,0.0,0.0,0.0,0.0,0.0
1.0,31,6,0.0,40,48.15,0.0,0.0,0.0,0.0,0.0,0.0,0.0
1.0,31,7,0.0,40,48.15,0.0,0.0,0.0,0.0,0.0,0.0,0.0
1.0,31,0,0.05,40,48.15,0.03948643314601353,0.2,0.2,0.0,0.017718571473245324,0.017631080048425177,8.749142482014638e-05
1.0,31,1,0.05,40,48.15,0.028807981967605333,0.1125,0.1125,0.0,0.008401085558621728,0.008401085558621728,0.0
1.0,31,2,0.05,40,48.15,0.06491869590669445,0.3375,0.3375,0.0,0.03527558294198705,0.0351243773922846,0.0001512055497024517
1.0,31,3,0.05,40,48.15,0.005824134406072018,0.0125,0.0125,0.0,0.00013646574904090474,0.00013646574904090474,0.0
1.0,31,4,0.05,40,48.15,0.051702331453037494,0.225,0.2375,0.0125,0.02818428113076198,0.02815992392844044,2.4357202321540622e-05
1.0,31,5,0.05,40,48.15,0.07343867237149661,0.325,0.3375,0.0125,0.040460274233383234,0.03977089403382247,0.0006893801995607671
1.0,31,6,0.05,40,48.15,0.01135891823964457,0.0375,0.0375,0.0,0.0056118378647977375,0.0056118378647977375,0.0
1.0,31,7,0.05,40,48.15,0.0586361496610248,0.3125,0.3125,0.0,0.02521475791911182,0.02506235674797861,0.00015240117113320822
1.0,31,0,0.1,40,48.15,0.06254595786551934,0.3,0.3,0.0,0.0339273295379424,0.0337284671183231,0.00019886241961929868
1.0,31,1,0.1,40,48.15,0.04945640315416931,0.2125,0.225,0.0125,0.022037523422476793,0.022022905521473103,1.4617901003689815e-05
1.0,31,2,0.1,40,48.15,0.09676326987479666,0.4375,0.4625,0.025,0.060615057579514256,0.05865122005717195,0.0019638375223423044
1.0,31,3,0.1,40,48.15,0.014664917441566633,0.05,0.0625,0.0125,0.00113619359194842,0.0010951832904479769,4.101030150044306e-05
1.0,31,4,0.1,40,48.15,0.07881842766472329,0.325,0.35,0.025,0.048375145695867844,0.047961928691524595,0.00041321700434324843
1.0,31,5,0.1,40,48.15,0.10453050306726001,0.55,0.575,0.025,0.06664173682155693,0.06472199133963813,0.001919745481918797
1.0,31,6,0.1,40,48.15,0.022283241931826764,0.1,0.1,0.0,0.011670672046696133,0.011670672046696133,0.0
1.0,31,7,0.1,40,48.15,0.08804593545646261,0.45,0.475,0.025,0.051120319923480026,0.049877515378969624,0.0012428045445104022
1.0,31,0,0.2,40,48.15,0.12328868134918022,0.6375,0.7125,0.075,0.08875937792812061,0.08478019899429856,0.003979178933822047
1.0,31,1,0.2,40,48.15,0.10733571354938695,0.5625,0.6125,0.05,0.07100254709860446,0.0678256720136845,0.0031768750849199556
1.0,31,2,0.2,40,48.15,0.16431078785461237,0.825,0.95,0.125,0.14176134167219814,0.1280963715410591,0.013664970131139043
1.0,31,3,0.2,40,48.15,0.05630178526122363,0.2875,0.2875,0.0,0.02116278006439432,0.019509244841680984,0.001653535222713335
1.0,31,4,0.2,40,48.15,0.14215397398376237,0.6875,0.7625,0.075,0.11463936741768711,0.10737965060113132,0.007259716816555795
1.0,31,5,0.2,40,48.15,0.1720187981894641,0.9,0.9625,0.0625,0.15460195582029387,0.13677800353264816,0.017823952287645717
1.0,31,6,0.2,40,48.15,0.06410193497223222,0.3,0.3,0.0,0.04231165363656276,0.04231165363656276,0.0
1.0,31,7,0.2,40,48.15,0.15264141954523153,0.7625,0.875,0.1125,0.13093813745133712,0.11916958269243752,0.011768554758899596
1.0,31,0,0.35,40,48.15,0.2255439900026252,0.9625,0.9875,0.025,0.24208547154587387,0.20204562527692166,0.04003984626895221
1.0,31,1,0.35,40,48.15,0.20534299104847542,0.9,0.95,0.05,0.2130739360259085,0.1809869465711151,0.03208698945479338
1.0,31,2,0.35,40,48.15,0.2665920378546124,0.9875,1.0,0.0125,0.3100179237456439,0.25340374481443806,0.05661417893120585
1.0,31,3,0.35,40,48.15,0.14971087957685242,0.825,0.875,0.05,0.12244329964034921,0.10717445979312079,0.015268839847228419
1.0,31,4,0.35,40,48.15,0.24391201900582252,0.975,1.0,0.025,0.2723356494382711,0.22684010322491235,0.045495546213358745
1.0,31,5,0.35,40,48.15,0.2743000481894641,1.0,1.0,0.0,0.3228245868149477,0.2621578133186669,0.0606667734962808
1.0,31,6,0.35,40,48.15,0.15986278156091313,0.7,0.8,0.1,0.13997264567541945,0.13256902865990844,0.00740361701551101
1.0,31,7,0.35,40,48.15,0.2546083705985248,0.95,1.0,0.05,0.29010736548012417,0.2412892932222307,0.048818072257893474
1.0,31,0,0.5,40,48.15,0.3278252400026252,1.0,1.0,0.0,0.4117553312603592,0.32902789592235604,0.08272743533800314
1.0,31,1,0.5,40,48.15,0.30744985079622267,0.975,0.9875,0.0125,0.37794473033068254,0.304555638888969,0.07338909144171352
1.0,31,2,0.5,40,48.15,0.36887328785461243,1.0,1.0,0.0,0.47995561844943985,0.3806762585542346,0.09927935989520525
1.0,31,3,0.5,40,48.15,0.2519592210440493,0.9875,1.0,0.0125,0.28570587089320354,0.22924095214151063,0.056464918751692905
1.0,31,4,0.5,40,48.15,0.34619326900582253,1.0,1.0,0.0,0.44227334414206576,0.3539238134567333,0.08834953068533247
1.0,31,5,0.5,40,48.15,0.3765812981894641,1.0,1.0,0.0,0.4927622815187435,0.38943039898844883,0.10333188253029468
1.0,31,6,0.5,40,48.15,0.2621440315609132,1.0,1.0,0.0,0.3026276744519116,0.25552156261261283,0.04710611183929875
1.0,31,7,0.5,40,48.15,0.3568896205985248,1.0,1.0,0.0,0.46004506018391655,0.3679799944238137,0.09206506576010287
2.0,0,0,0.0,66,38.4,0.0,0.0,0.0,0.0,0.0,0.0,0.0
2.0,0,1,0.0,66,38.4,0.0,0.0,0.0,0.0,0.0,0.0,0.0
2.0,0,2,0.0,66,38.4,0.0,0.0,0.0,0.0,0.0,0.0,0.0
2.0,0,3,0.0,66,38.4,0.0,0.0,0.0,0.0,0.0,0.0,0.0
2.0,0,4,0.0,66,38.4,0.0,0.0,0.0,0.0,0.0,0.0,0.0
2.0,0,5,0.0,66,38.4,0.0,0.0,0.0,0.0,0.0,0.0,0.0
2.0,0,6,0.0,66,38.4,0.0,0.0,0.0,0.0,0.0,0.0,0.0
2.0,0,7,0.0,66,38.4,0.0,0.0,0.0,0.0,0.0,0.0,0.0
2.0,0,0,0.05,66,38.4,0.1085417904621639,0.6375,0.75,0.1125,0.07289810268014181,0.05919223546631089,0.013705867213830922
2.0,0,1,0.05,66,38.4,0.052327377228009175,0.2875,0.2875,0.0,0.029335346072504508,0.029335346072504508,0.0
2.0,0,2,0.05,66,38.4,0.019155473312322417,0.0625,0.0625,0.0,0.005377213852999508,0.005377213852999508,0.0
2.0,0,3,0.05,66,38.4,0.04266766537128991,0.175,0.175,0.0,0.013480729571788483,0.013385368093151113,9.536147863736973e-05
2.0,0,4,0.05,66,38.4,0.02811100742459082,0.0875,0.0875,0.0,0.008757580064463385,0.008757580064463385,0.0
2.0,0,5,0.05,66,38.4,0.051564113283070215,0.1875,0.1875,0.0,0.01392056985224931,0.01392056985224931,0.0
2.0,0,6,0.05,66,38.4,0.09144965966440063,0.5,0.5625,0.0625,0.062489793999974425,0.05935887743400493,0.003130916565969498
2.0,0,7,0.05,66,38.4,0.025975170116398806,0.075,0.075,0.0,0.009825515231822322,0.009825515231822322,0.0
2.0,0,0,0.1,66,38.4,0.1365417904621639,0.825,0.925,0.1,0.11983411683539293,0.08936460674567534,0.030469510089717586
2.0,0,1,0.1,66,38.4,0.07611935236053155,0.3375,0.375,0.0375,0.04885173586303553,0.0474528672378968,0.00139886862513873
2.0,0,2,0.1,66,38.4,0.03585743137471986,0.1375,0.1375,0.0,0.01418580037965778,0.01418580037965778,0.0
2.0,0,3,0.1,66,38.4,0.06564435214516455,0.2625,0.275,0.0125,0.029333753243651364,0.02896284962852712,0.000370903615124242
2.0,0,4,0.1,66,38.4,0.04735939944853015,0.175,0.2,0.025,0.017541694424239675,0.0173617682142766,0.0001799262099630751
2.0,0,5,0.1,66,38.4,0.07820599602499759,0.375,0.3875,0.0125,0.03540563591882098,0.034277172299680324,0.0011284636191406586
2.0,0,6,0.1,66,38.4,0.11821228148881531,0.625,0.75,0.125,0.09788287676440388,0.08596995759226228,0.0119129191721416
2.0,0,7,0.1,66,38.4,0.04460604526125117,0.1375,0.1375,0.0,0.016402491027420838,0.016402491027420838,0.0
2.0,0,0,0.2,66,38.4,0.1925417904621639,0.9875,1.0,0.0125,0.2344620634625395,0.15643830820193547,0.07802375526060404
2.0,0,1,0.2,66,38.4,0.12829608879433105,0.6875,0.85,0.1625,0.10907096196809109,0.09317526480457683,0.015895697163514258
2.0,0,2,0.2,66,38.4,0.08018768915950802,0.4,0.425,0.025,0.05103868575306041,0.05015399259600847,0.0008846931570519398
2.0,0,3,0.2,66,38.4,0.11751334139029757,0.6375,0.775,0.1375,0.08863911891746834,0.07455379925291283,0.014085319664555507
2.0,0,4,0.2,66,38.4,0.09637271301607682,0.55,0.6625,0.1125,0.06278141700931855,0.05411418801622797,0.008667228993090581
2.0,0,5,0.2,66,38.4,0.13356166475799003,0.7375,0.9125,0.175,0.11416033813190204,0.09145964855327456,0.02270068957862749
2.0,0,6,0.2,66,38.4,0.17421228148881535,0.8875,0.975,0.0875,0.1971305007486376,0.1465467571658168,0.050583743582820806
2.0,0,7,0.2,66,38.4,0.09405919863029304,0.5,0.5875,0.0875,0.05155601243095915,0.046349947663018684,0.0052060647679404645
2.0,0,0,0.35,66,38.4,0.27654179046216393,1.0,1.0,0.0,0.4094620634622686,0.26144056085023926,0.14802150261202934
2.0,0,1,0.35,66,38.4,0.21229608879433104,0.9875,1.0,0.0125,0.27561685165452426,0.18980530308927113,0.08581154856525314
2.0,0,2,0.35,66,38.4,0.16050329007523984,0.825,0.95,0.125,0.16892991481549305,0.13343618131737967,0.03549373349811338
2.0,0,3,0.35,66,38.4,0.20089959433622567,0.9875,1.0,0.0125,0.25187415486682224,0.17044645847900758,0.08142769638781466
2.0,0,4,0.35,66,38.4,0.1800207647515625,0.925,1.0,0.075,0.2083765932321848,0.14712532249543542,0.06125127073674938
2.0,0,5,0.35,66,38.4,0.21756166475799002,1.0,1.0,0.0,0.2865868015787853,0.19342710084005552,0.09315970073872978
2.0,0,6,0.35,66,38.4,0.25821228148881537,1.0,1.0,0.0,0.37127558643456376,0.2503207283623039,0.12095485807225986
2.0,0,7,0.35,66,38.4,0.1768845098816183,0.9375,0.9875,0.05,0.2021545804795196,0.1356210564891112,0.06653352399040838
2.0,0,0,0.5,66,38.4,0.3605417904621639,1.0,1.0,0.0,0.5844620634619981,0.36656556085023917,0.21789650261175897
2.0,0,1,0.5,66,38.4,0.29629608879433106,1.0,1.0,0.0,0.4506168516542536,0.29489004832067983,0.15572680333357375
2.0,0,2,0.5,66,38.4,0.24450329007523983,1.0,1.0,0.0,0.34271518765633247,0.23492508285320066,0.10779010480313181
2.0,0,3,0.5,66,38.4,0.2848995943362257,1.0,1.0,0.0,0.4268741548665491,0.27498181611883843,0.1518923387477107
2.0,0,4,0.5,66,38.4,0.26402076475156255,1.0,1.0,0.0,0.3833765932319099,0.25108550575827165,0.13229108747363827
2.0,0,5,0.5,66,38.4,0.30156166475799,1.0,1.0,0.0,0.461586801578515,0.29855210084005546,0.16303470073845955
2.0,0,6,0.5,66,38.4,0.34221228148881533,1.0,1.0,0.0,0.5462755864342933,0.35544572836230387,0.19082985807198943
2.0,0,7,0.5,66,38.4,0.26088450988161827,1.0,1.0,0.0,0.37684272891950976,0.24031490469041486,0.1365278242290949
2.0,1,0,0.0,77,34.49999999999999,0.0,0.0,0.0,0.0,0.0,0.0,0.0
2.0,1,1,0.0,77,34.49999999999999,0.0,0.0,0.0,0.0,0.0,0.0,0.0
2.0,1,2,0.0,77,34.49999999999999,0.0,0.0,0.0,0.0,0.0,0.0,0.0
2.0,1,3,0.0,77,34.49999999999999,0.0,0.0,0.0,0.0,0.0,0.0,0.0
2.0,1,4,0.0,77,34.49999999999999,0.0,0.0,0.0,0.0,0.0,0.0,0.0
2.0,1,5,0.0,77,34.49999999999999,0.0,0.0,0.0,0.0,0.0,0.0,0.0
2.0,1,6,0.0,77,34.49999999999999,0.0,0.0,0.0,0.0,0.0,0.0,0.0
2.0,1,7,0.0,77,34.49999999999999,0.0,0.0,0.0,0.0,0.0,0.0,0.0
2.0,1,0,0.05,77,34.49999999999999,0.043143875308942384,0.225,0.2375,0.0125,0.009105753978983807,0.008680795505102019,0.00042495847388178756
2.0,1,1,0.05,77,34.49999999999999,0.08714961580174264,0.475,0.5125,0.0375,0.049109474729268514,0.043990360926096976,0.005119113803171538
2.0,1,2,0.05,77,34.49999999999999,0.07069431225154152,0.3625,0.4375,0.075,0.03161158430303031,0.029093040928656298,0.002518543374374009
2.0,1,3,0.05,77,34.49999999999999,0.032247972394995966,0.1125,0.1125,0.0,0.00707253572641066,0.00707253572641066,0.0
2.0,1,4,0.05,77,34.49999999999999,0.06085459393310114,0.3,0.35,0.05,0.030731182525397544,0.029520123266620995,0.0012110592587765492
2.0,1,5,0.05,77,34.49999999999999,0.003976096083213694,0.0,0.0,0.0,0.0,0.0,0.0
2.0,1,6,0.05,77,34.49999999999999,0.0679971321438286,0.3375,0.3625,0.025,0.031091608339364286,0.02988621733107161,0.0012053910082926757
2.0,1,7,0.05,77,34.49999999999999,0.0009348828150055786,0.0,0.0,0.0,0.0,0.0,0.0
2.0,1,0,0.1,77,34.49999999999999,0.06473531604159101,0.35,0.375,0.025,0.020992486059862862,0.019596017927759054,0.0013964681321038085
2.0,1,1,0.1,77,34.49999999999999,0.11207603218739415,0.725,0.7875,0.0625,0.08402842606187735,0.06643953542528501,0.017588890636592344
2.0,1,2,0.1,77,34.49999999999999,0.09508119592648923,0.5625,0.65,0.0875,0.06064439584809884,0.048454436355292264,0.012189959492806574
2.0,1,3,0.1,77,34.49999999999999,0.054601395903040584,0.2125,0.2125,0.0,0.017957316336372466,0.017866792256149986,9.052408022247951e-05
2.0,1,4,0.1,77,34.49999999999999,0.08331500942341714,0.475,0.55,0.075,0.05362129765370191,0.04711446075906021,0.006506836894641703
2.0,1,5,0.1,77,34.49999999999999,0.011067356902911808,0.0125,0.0125,0.0,0.001470035342269725,0.001470035342269725,0.0
2.0,1,6,0.1,77,34.49999999999999,0.0912825428869556,0.5,0.575,0.075,0.053422416024550064,0.047334464733064005,0.006087951291486059
2.0,1,7,0.1,77,34.49999999999999,0.0032281188374333795,0.0,0.0,0.0,0.0,0.0,0.0
2.0,1,0,0.2,77,34.49999999999999,0.11197237790585073,0.7625,0.9,0.1375,0.0815814422398243,0.05632645111551457,0.025254991124309734
2.0,1,1,0.2,77,34.49999999999999,0.1630919551449241,0.875,1.0,0.125,0.19267699743722838,0.12112352543215808,0.0715534720050703
2.0,1,2,0.2,77,34.49999999999999,0.1461656346848029,0.8625,0.975,0.1125,0.15424172909630482,0.10011010647510979,0.05413162262119503
2.0,1,3,0.2,77,34.49999999999999,0.104739477403987,0.6375,0.825,0.1875,0.06765373456354304,0.0543576589983932,0.013296075565149841
2.0,1,4,0.2,77,34.49999999999999,0.1330246296156503,0.825,0.9,0.075,0.1285171127694644,0.093176914827468,0.0353401979419964
2.0,1,5,0.2,77,34.49999999999999,0.04293635574971274,0.15,0.15,0.0,0.01231134678298408,0.012245296180056766,6.605060292731377e-05
2.0,1,6,0.2,77,34.49999999999999,0.14128513930557104,0.875,0.9375,0.0625,0.1443332520379188,0.09625963340198879,0.048073618635930015
2.0,1,7,0.2,77,34.49999999999999,0.017196882614888546,0.025,0.025,0.0,0.0030127551836764965,0.0030127551836764965,0.0
2.0,1,0,0.35,77,34.49999999999999,0.18838141446862344,0.9625,1.0,0.0375,0.25131922195580175,0.14109671041538235,0.1102225115404194
2.0,1,1,0.35,77,34.49999999999999,0.23977945514492408,1.0,1.0,0.0,0.37050308439341456,0.21227427734821913,0.15822880704519543
2.0,1,2,0.35,77,34.49999999999999,0.22285299442097997,0.9875,1.0,0.0125,0.33125332039593064,0.19053913539972914,0.1407141849962015
2.0,1,3,0.35,77,34.49999999999999,0.18142697740398697,0.9625,1.0,0.0375,0.235192991081346,0.14141626952711597,0.09377672155423003
2.0,1,4,0.35,77,34.49999999999999,0.20960637224517353,0.9875,1.0,0.0125,0.3005365153506628,0.18059797742336067,0.11993853792730211
2.0,1,5,0.35,77,34.49999999999999,0.11482816382747629,0.6875,0.875,0.1875,0.08480869990693421,0.06228390080433362,0.022524799102600593
2.0,1,6,0.35,77,34.49999999999999,0.217972639305571,0.9875,1.0,0.0125,0.3199365549109502,0.1858801241516506,0.1340564307592996
2.0,1,7,0.35,77,34.49999999999999,0.07588048804737499,0.3875,0.45,0.0625,0.03917485499696969,0.036580692450956485,0.002594162546013204
2.0,1,0,0.5,77,34.49999999999999,0.26506891446862346,1.0,1.0,0.0,0.4291453089119919,0.23323848819024165,0.19590682072175022
2.0,1,1,0.5,77,34.49999999999999,0.3164669551449241,1.0,1.0,0.0,0.5483291713496071,0.3050351469134366,0.24329402443617054
2.0,1,2,0.5,77,34.49999999999999,0.29954049442097996,1.0,1.0,0.0,0.5090794073521231,0.2832957773926334,0.2257836299594897
2.0,1,3,0.5,77,34.49999999999999,0.258114477403987,1.0,1.0,0.0,0.41301907803753846,0.234143589820737,0.17887548821680146
2.0,1,4,0.5,77,34.49999999999999,0.2862938722451735,1.0,1.0,0.0,0.47836260230685457,0.273166824373353,0.20519577793350158
2.0,1,5,0.5,77,34.49999999999999,0.19128257302875684,0.9875,1.0,0.0125,0.25804654615322187,0.15016042346297906,0.10788612269024281
2.0,1,6,0.5,77,34.49999999999999,0.29466013930557106,1.0,1.0,0.0,0.49776264186714253,0.2785842778899083,0.21917836397723423
2.0,1,7,0.5,77,34.49999999999999,0.1497806132774514,0.825,0.9625,0.1375,0.16376439604759455,0.10672348699505758,0.05704090905253696
2.0,2,0,0.0,91,31.9,0.0,0.0,0.0,0.0,0.0,0.0,0.0
2.0,2,1,0.0,91,31.9,0.0,0.0,0.0,0.0,0.0,0.0,0.0
2.0,2,2,0.0,91,31.9,0.0,0.0,0.0,0.0,0.0,0.0,0.0
2.0,2,3,0.0,91,31.9,0.0,0.0,0.0,0.0,0.0,0.0,0.0
2.0,2,4,0.0,91,31.9,0.0,0.0,0.0,0.0,0.0,0.0,0.0
2.0,2,5,0.0,91,31.9,0.0,0.0,0.0,0.0,0.0,0.0,0.0
2.0,2,6,0.0,91,31.9,0.0,0.0,0.0,0.0,0.0,0.0,0.0
2.0,2,7,0.0,91,31.9,0.0,0.0,0.0,0.0,0.0,0.0,0.0
2.0,2,0,0.05,91,31.9,0.028465580577092493,0.0625,0.0625,0.0,0.011584387727856502,0.011584387727856502,0.0
2.0,2,1,0.05,91,31.9,0.05565015991615724,0.2375,0.2625,0.025,0.01985559444170952,0.018684225539219685,0.0011713689024898354
2.0,2,2,0.05,91,31.9,0.02245079781170701,0.075,0.075,0.0,0.006081880900514156,0.006081880900514156,0.0
2.0,2,3,0.05,91,31.9,0.05251077719900349,0.225,0.2375,0.0125,0.023849445493423372,0.022473784965389165,0.0013756605280342074
2.0,2,4,0.05,91,31.9,0.041449828465555436,0.1375,0.1375,0.0,0.014759287055950565,0.014759287055950565,0.0
2.0,2,5,0.05,91,31.9,0.041628585077250715,0.225,0.225,0.0,0.00851903946720684,0.00851903946720684,0.0
2.0,2,6,0.05,91,31.9,0.053178744666153056,0.275,0.3,0.025,0.01169552614759837,0.010678512411518468,0.0010170137360799025
2.0,2,7,0.05,91,31.9,0.013351946977541319,0.05,0.05,0.0,0.002505372115346904,0.002505372115346904,0.0
2.0,2,0,0.1,91,31.9,0.04520597747090496,0.15,0.1625,0.0125,0.020411788805327628,0.020356738761306035,5.505004402159286e-05
2.0,2,1,0.1,91,31.9,0.07586168492344955,0.4,0.5125,0.1125,0.03865812751785986,0.031735452003095466,0.006922675514764394
2.0,2,2,0.1,91,31.9,0.0380848797861514,0.1375,0.15,0.0125,0.011395408653306028,0.011157191535719905,0.00023821711758612377
2.0,2,3,0.1,91,31.9,0.07374824411357689,0.3375,0.375,0.0375,0.0382714603973491,0.034117495677999606,0.004153964719349493
2.0,2,4,0.1,91,31.9,0.061197730845742246,0.2875,0.3375,0.05,0.02632959730883622,0.025417085895976844,0.0009125114128593764
2.0,2,5,0.1,91,31.9,0.061283338324380446,0.4,0.4125,0.0125,0.020933242873290084,0.018627312873657355,0.002305929999632729
2.0,2,6,0.1,91,31.9,0.07539482618451296,0.4375,0.525,0.0875,0.03149349498254116,0.025203188709738516,0.0062903062728026475
2.0,2,7,0.1,91,31.9,0.025013721070469248,0.125,0.125,0.0,0.00647690369456626,0.00647690369456626,0.0
2.0,2,0,0.2,91,31.9,0.08553181438283322,0.5,0.6,0.1,0.05380460011670088,0.046820781889774434,0.006983818226926446
2.0,2,1,0.2,91,31.9,0.12133029549743568,0.7625,0.8875,0.125,0.11313081694953259,0.06962922936689529,0.043501587582637294
2.0,2,2,0.2,91,31.9,0.08041856776187507,0.4,0.4875,0.0875,0.03887229032410847,0.03336413264445964,0.00550815767964883
2.0,2,3,0.2,91,31.9,0.12132695865922127,0.75,0.9,0.15,0.10482461180969048,0.07203154531331277,0.03279306649637771
2.0,2,4,0.2,91,31.9,0.10743587512914632,0.6875,0.8125,0.125,0.08181630572103388,0.058065337063337975,0.023750968657695902
2.0,2,5,0.2,91,31.9,0.1066189059528077,0.725,0.8125,0.0875,0.0838179324569727,0.05455405321138454,0.029263879245588154
2.0,2,6,0.2,91,31.9,0.12286729520384768,0.75,0.9125,0.1625,0.1101352889234654,0.06493141416212496,0.04520387476134044
2.0,2,7,0.2,91,31.9,0.06090592635945276,0.3375,0.35,0.0125,0.022724464167466464,0.022181743720807723,0.0005427204466587413
2.0,2,0,0.35,91,31.9,0.15623067561861384,0.8875,0.9875,0.1,0.19273286271517256,0.10969880404672697,0.0830340586684456
2.0,2,1,0.35,91,31.9,0.1928742336465585,0.9625,1.0,0.0375,0.2830701784234383,0.14523062292505262,0.13783955549838567
2.0,2,2,0.35,91,31.9,0.1517969883775659,0.9125,1.0,0.0875,0.1800551432663075,0.0983952882718188,0.0816598549944887
2.0,2,3,0.35,91,31.9,0.19313945865922122,1.0,1.0,0.0,0.28373531952103653,0.148981963511267,0.13475335600976954
2.0,2,4,0.35,91,31.9,0.17911398381668633,0.975,1.0,0.025,0.2485617149003329,0.13274296780115596,0.11581874709917694
2.0,2,5,0.35,91,31.9,0.17843140595280768,0.9875,1.0,0.0125,0.2468499208843238,0.12788842391425992,0.11896149697006389
2.0,2,6,0.35,91,31.9,0.19467979520384762,1.0,1.0,0.0,0.2875982324855812,0.14365810771128998,0.14394012477429122
2.0,2,7,0.35,91,31.9,0.1296305053429823,0.85,0.975,0.125,0.12646432784537984,0.07357608863549973,0.0528882392098801
2.0,2,0,0.5,91,31.9,0.22804317561861384,1.0,1.0,0.0,0.37126815202090363,0.19077083512221227,0.18049731689869136
2.0,2,1,0.5,91,31.9,0.2646867336465585,1.0,1.0,0.0,0.4631642223102066,0.22752680884459422,0.23563741346561237
2.0,2,2,0.5,91,31.9,0.2236094883775659,1.0,1.0,0.0,0.3601491871530739,0.1802043246189876,0.17994486253408631
2.0,2,3,0.5,91,31.9,0.2649519586592212,1.0,1.0,0.0,0.4638293634078075,0.23182052150499743,0.23200884190281007
2.0,2,4,0.5,91,31.9,0.25092648381668636,1.0,1.0,0.0,0.4286557587871028,0.21536833969283836,0.21328741909426446
2.0,2,5,0.5,91,31.9,0.2502439059528077,1.0,1.0,0.0,0.4269439647710933,0.21033512667449836,0.21660883809659495
2.0,2,6,0.5,91,31.9,0.26649229520384765,1.0,1.0,0.0,0.4676922763723523,0.22649666570502042,0.24119561066733186
2.0,2,7,0.5,91,31.9,0.2012746589180271,0.9875,1.0,0.0125,0.3041370756559077,0.15256639454172613,0.15157068111418157
2.0,3,0,0.0,93,31.9,0.0,0.0,0.0,0.0,0.0,0.0,0.0
2.0,3,1,0.0,93,31.9,0.0,0.0,0.0,0.0,0.0,0.0,0.0
2.0,3,2,0.0,93,31.9,0.0,0.0,0.0,0.0,0.0,0.0,0.0
2.0,3,3,0.0,93,31.9,0.0,0.0,0.0,0.0,0.0,0.0,0.0
2.0,3,4,0.0,93,31.9,0.0,0.0,0.0,0.0,0.0,0.0,0.0
2.0,3,5,0.0,93,31.9,0.0,0.0,0.0,0.0,0.0,0.0,0.0
2.0,3,6,0.0,93,31.9,0.0,0.0,0.0,0.0,0.0,0.0,0.0
2.0,3,7,0.0,93,31.9,0.0,0.0,0.0,0.0,0.0,0.0,0.0
2.0,3,0,0.05,93,31.9,0.007543293661305632,0.0125,0.0125,0.0,0.0009744778264121698,0.0009744778264121698,0.0
2.0,3,1,0.05,93,31.9,0.016830042227033225,0.05,0.05,0.0,0.0032534736269339485,0.0032534736269339485,0.0
2.0,3,2,0.05,93,31.9,0.031854696671894986,0.0625,0.0875,0.025,0.005081681285843035,0.004748337357606755,0.0003333439282362802
2.0,3,3,0.05,93,31.9,0.0128103526982005,0.0,0.0,0.0,0.0,0.0,0.0
2.0,3,4,0.05,93,31.9,0.038393456144822105,0.15,0.15,0.0,0.008057817630204852,0.00795838742485014,9.943020535471171e-05
2.0,3,5,0.05,93,31.9,0.015084864161932035,0.0375,0.0375,0.0,0.0023373106762231057,0.0023373106762231057,0.0
2.0,3,6,0.05,93,31.9,0.06624162786290069,0.35,0.3875,0.0375,0.02445237809987529,0.02224135630894002,0.002211021790935269
2.0,3,7,0.05,93,31.9,0.033502644369160894,0.125,0.1375,0.0125,0.00994889062979468,0.009943529874734923,5.360755059757166e-06
2.0,3,0,0.1,93,31.9,0.014433176025607713,0.05,0.05,0.0,0.0030291850239707835,0.0030291850239707835,0.0
2.0,3,1,0.1,93,31.9,0.030319077530440365,0.1125,0.1125,0.0,0.008802861656088637,0.008802861656088637,0.0
2.0,3,2,0.1,93,31.9,0.05067894847068034,0.2,0.2375,0.0375,0.012362600241780895,0.010317250331809651,0.0020453499099712443
2.0,3,3,0.1,93,31.9,0.02405593161751007,0.0625,0.075,0.0125,0.0010444443051845736,0.00098757151720278,5.687278798179366e-05
2.0,3,4,0.1,93,31.9,0.0593865706511403,0.25,0.2875,0.0375,0.015859667276979416,0.01489942636815866,0.0009602409088207559
2.0,3,5,0.1,93,31.9,0.028207422550167373,0.075,0.075,0.0,0.006903042464279656,0.006903042464279656,0.0
2.0,3,6,0.1,93,31.9,0.08893283875902781,0.525,0.6375,0.1125,0.04648183283799859,0.037095766719485786,0.009386066118512802
2.0,3,7,0.1,93,31.9,0.05185429444696889,0.225,0.225,0.0,0.016345650170940213,0.015694573629316852,0.0006510765416233612
2.0,3,0,0.2,93,31.9,0.0437648486443908,0.2125,0.2125,0.0,0.014313340085012333,0.013916102381860996,0.00039723770315133744
2.0,3,1,0.2,93,31.9,0.0673448354556668,0.3125,0.3875,0.075,0.030923994888523314,0.029082442943943153,0.001841551944580161
2.0,3,2,0.2,93,31.9,0.09688586814904036,0.6375,0.7375,0.1,0.056410279916194225,0.039037853111828,0.017372426804366223
2.0,3,3,0.2,93,31.9,0.05997503586476969,0.325,0.3625,0.0375,0.01746793687707256,0.013095425482998396,0.004372511394074165
2.0,3,4,0.2,93,31.9,0.10644197228350372,0.7125,0.8875,0.175,0.07090887198068126,0.04586777154809326,0.025041100432587997
2.0,3,5,0.2,93,31.9,0.06379260688952405,0.325,0.3625,0.0375,0.030757273856961833,0.02790145920531647,0.0028558146516453643
2.0,3,6,0.2,93,31.9,0.13627561593231086,0.85,0.9625,0.1125,0.14340405713668472,0.08055532707101751,0.06284873006566721
2.0,3,7,0.2,93,31.9,0.09558921842508641,0.625,0.8,0.175,0.056839797894031326,0.04183665265829035,0.015003145235740978
2.0,3,0,0.35,93,31.9,0.11025424916352697,0.7,0.8625,0.1625,0.08597964825088567,0.060659902528019255,0.02531974572286641
2.0,3,1,0.35,93,31.9,0.13708962220289095,0.8125,0.9875,0.175,0.1435385973083427,0.08435927192217411,0.05917932538616859
2.0,3,2,0.35,93,31.9,0.16869836814904032,0.9875,1.0,0.0125,0.2224410486492055,0.11249826834562657,0.10994278030357893
2.0,3,3,0.35,93,31.9,0.1284083644559318,0.875,0.95,0.075,0.1231469091715259,0.06412673679797831,0.05902017237354759
2.0,3,4,0.35,93,31.9,0.1782544722835037,0.9875,1.0,0.0125,0.2464062000835456,0.12335459637237726,0.12305160371116834
2.0,3,5,0.35,93,31.9,0.13340251900623096,0.85,0.9875,0.1375,0.13545437747055314,0.08360078841239617,0.05185358905815697
2.0,3,6,0.35,93,31.9,0.20808811593231083,1.0,1.0,0.0,0.321224115190126,0.16044500789914626,0.16077910729097974
2.0,3,7,0.35,93,31.9,0.1674017184250864,0.9375,1.0,0.0625,0.2191892625076433,0.1131574113705342,0.10603185113710911
2.0,3,0,0.5,93,31.9,0.18198968775984223,0.975,1.0,0.025,0.25577351162296075,0.13485652157484676,0.12091699004811399
2.0,3,1,0.5,93,31.9,0.20890212220289098,1.0,1.0,0.0,0.3232655102260715,0.16452509143644398,0.1587404187896275
2.0,3,2,0.5,93,31.9,0.24051086814904038,1.0,1.0,0.0,0.40253509253597647,0.19533259361735322,0.20720249891862325
2.0,3,3,0.5,93,31.9,0.20001642423007576,0.9875,1.0,0.0125,0.30098162816259283,0.14425688733756195,0.15672474082503088
2.0,3,4,0.5,93,31.9,0.2500669722835037,1.0,1.0,0.0,0.42650024397031605,0.20606460827199627,0.22043563569831978
2.0,3,5,0.5,93,31.9,0.20521501900623096,1.0,1.0,0.0,0.3140188564413707,0.16212044694157005,0.15189840949980063
2.0,3,6,0.5,93,31.9,0.27990061593231086,1.0,1.0,0.0,0.5013181590768969,0.24328356589287667,0.2580345931840202
2.0,3,7,0.5,93,31.9,0.23921421842508642,1.0,1.0,0.0,0.39928330639441273,0.19556931227220847,0.20371399412220426
2.0,4,0,0.0,71,31.899999999999995,0.0,0.0,0.0,0.0,0.0,0.0,0.0
2.0,4,1,0.0,71,31.899999999999995,0.0,0.0,0.0,0.0,0.0,0.0,0.0
2.0,4,2,0.0,71,31.899999999999995,0.0,0.0,0.0,0.0,0.0,0.0,0.0
2.0,4,3,0.0,71,31.899999999999995,0.0,0.0,0.0,0.0,0.0,0.0,0.0
2.0,4,4,0.0,71,31.899999999999995,0.0,0.0,0.0,0.0,0.0,0.0,0.0
2.0,4,5,0.0,71,31.899999999999995,0.0,0.0,0.0,0.0,0.0,0.0,0.0
2.0,4,6,0.0,71,31.899999999999995,0.0,0.0,0.0,0.0,0.0,0.0,0.0
2.0,4,7,0.0,71,31.899999999999995,0.0,0.0,0.0,0.0,0.0,0.0,0.0
2.0,4,0,0.05,71,31.899999999999995,0.02636557758685616,0.05,0.05,0.0,0.004933993255078291,0.004933993255078291,0.0
2.0,4,1,0.05,71,31.899999999999995,0.08753110209599337,0.5125,0.6125,0.1,0.0442537947171806,0.031303195272450006,0.012950599444730593
2.0,4,2,0.05,71,31.899999999999995,0.043636971892980415,0.1375,0.1375,0.0,0.011812182439748305,0.011614480118726777,0.00019770232102152806
2.0,4,3,0.05,71,31.899999999999995,0.03392259523644515,0.1125,0.125,0.0125,0.0022610907078441434,0.0020738293337236044,0.000187261374120539
2.0,4,4,0.05,71,31.899999999999995,0.057179225639767614,0.275,0.3,0.025,0.030282658587926545,0.028982598645360007,0.001300059942566538
2.0,4,5,0.05,71,31.899999999999995,0.019569057254839917,0.025,0.025,0.0,0.00031452350333649096,0.00031452350333649096,0.0
2.0,4,6,0.05,71,31.899999999999995,0.03339242275211717,0.15,0.15,0.0,0.002494262814497276,0.002146543632922349,0.0003477191815749272
2.0,4,7,0.05,71,31.899999999999995,0.06228884256506985,0.2875,0.3,0.0125,0.03157339504697792,0.030101422991751066,0.0014719720552268528
2.0,4,0,0.1,71,31.899999999999995,0.04427084002062801,0.1625,0.1625,0.0,0.009617105849974892,0.009617105849974892,0.0
2.0,4,1,0.1,71,31.899999999999995,0.11117821279629334,0.625,0.8875,0.2625,0.08211784842034575,0.048410031353964836,0.033707817066380916
2.0,4,2,0.1,71,31.899999999999995,0.06315952922899018,0.2625,0.3375,0.075,0.02259488138736285,0.021066647733492868,0.0015282336538699828
2.0,4,3,0.1,71,31.899999999999995,0.05278893995333451,0.2625,0.3125,0.05,0.007897063917005431,0.005793582968715756,0.0021034809482896747
2.0,4,4,0.1,71,31.899999999999995,0.07955088351674859,0.4125,0.4875,0.075,0.049801545319434586,0.04407651613231495,0.005725029187119639
2.0,4,5,0.1,71,31.899999999999995,0.03285491359629971,0.125,0.125,0.0,0.004518440265637436,0.004518440265637436,0.0
2.0,4,6,0.1,71,31.899999999999995,0.05150410225486017,0.275,0.275,0.0,0.011248909580603136,0.010010512767600774,0.0012383968130023626
2.0,4,7,0.1,71,31.899999999999995,0.0846935458478807,0.4625,0.5125,0.05,0.04904906862437529,0.04424722634173273,0.004801842282642556
2.0,4,0,0.2,71,31.899999999999995,0.08826969975824475,0.5375,0.6875,0.15,0.040922507618615635,0.03162788025462388,0.009294627363991753
2.0,4,1,0.2,71,31.899999999999995,0.15905321279629336,0.9375,1.0,0.0625,0.19825257127571735,0.0975279532945148,0.10072461798120255
2.0,4,2,0.2,71,31.899999999999995,0.1079645791989461,0.6625,0.775,0.1125,0.0847103749810892,0.05363923404011656,0.031071140940972644
2.0,4,3,0.2,71,31.899999999999995,0.0954817585405298,0.6375,0.7625,0.125,0.0535009102263936,0.029938799338313345,0.023562110888080252
2.0,4,4,0.2,71,31.899999999999995,0.12613446751894986,0.8125,0.9375,0.125,0.11881666292484809,0.08174173744246183,0.037074925482386265
2.0,4,5,0.2,71,31.899999999999995,0.06875209608509394,0.4125,0.4625,0.05,0.027843045243895182,0.023400964154070444,0.004442081089824738
2.0,4,6,0.2,71,31.899999999999995,0.09678907586690498,0.55,0.675,0.125,0.05947569301359536,0.04175630892670275,0.01771938408689261
2.0,4,7,0.2,71,31.899999999999995,0.1321234476004103,0.7875,0.9625,0.175,0.13095500992389367,0.08528556582610468,0.04566944409778899
2.0,4,0,0.35,71,31.899999999999995,0.15999615264025602,0.9625,1.0,0.0375,0.20061731069631736,0.10142985800272142,0.09918745269359594
2.0,4,1,0.35,71,31.899999999999995,0.23086571279629337,1.0,1.0,0.0,0.3783466151626179,0.17954382098091312,0.1988027941817048
2.0,4,2,0.35,71,31.899999999999995,0.179756600127384,0.9625,1.0,0.0375,0.2501732918551976,0.1266455030491298,0.1235277888060678
2.0,4,3,0.35,71,31.899999999999995,0.16661234604127484,0.975,1.0,0.025,0.21720964524427533,0.09759000710903286,0.11961963813524247
2.0,4,4,0.35,71,31.899999999999995,0.19788008373293817,0.9875,1.0,0.0125,0.29562403443962765,0.15942986937485765,0.13619416506477
2.0,4,5,0.35,71,31.899999999999995,0.1380198778714699,0.9125,0.9875,0.075,0.14712868333859772,0.07885021672008709,0.06827846661851063
2.0,4,6,0.35,71,31.899999999999995,0.16840694452164515,0.9625,1.0,0.0375,0.22171020569664204,0.11296045668755861,0.10874974900908344
2.0,4,7,0.35,71,31.899999999999995,0.2039359476004103,1.0,1.0,0.0,0.31081115385645924,0.16411335399850713,0.14669779985795212
2.0,4,0,0.5,71,31.899999999999995,0.23180865264025607,1.0,1.0,0.0,0.38071135458321914,0.1839827975669698,0.19672855701624933
2.0,4,1,0.5,71,31.899999999999995,0.30267821279629337,1.0,1.0,0.0,0.5584406590495207,0.26238237897464356,0.2960582800748771
2.0,4,2,0.5,71,31.899999999999995,0.251569100127384,1.0,1.0,0.0,0.43026733574209985,0.20930287302365355,0.2209644627184463
2.0,4,3,0.5,71,31.899999999999995,0.23842484604127487,1.0,1.0,0.0,0.39730368913117753,0.18022657431615552,0.217077114815022
2.0,4,4,0.5,71,31.899999999999995,0.2696925837329382,1.0,1.0,0.0,0.4757180783265292,0.24180112211131408,0.2339169562152151
2.0,4,5,0.5,71,31.899999999999995,0.20983237787146994,0.9875,1.0,0.0125,0.3255984398026394,0.15872149968947513,0.16687694011316428
2.0,4,6,0.5,71,31.899999999999995,0.24021944452164518,1.0,1.0,0.0,0.40180424958354305,0.1951321321323596,0.20667211745118344
2.0,4,7,0.5,71,31.899999999999995,0.27574844760041034,1.0,1.0,0.0,0.49090519774336194,0.2469519119922375,0.24395328575112443
2.0,5,0,0.0,89,33.85000000000001,0.0,0.0,0.0,0.0,0.0,0.0,0.0
2.0,5,1,0.0,89,33.85000000000001,0.0,0.0,0.0,0.0,0.0,0.0,0.0
2.0,5,2,0.0,89,33.85000000000001,0.0,0.0,0.0,0.0,0.0,0.0,0.0
2.0,5,3,0.0,89,33.85000000000001,0.0,0.0,0.0,0.0,0.0,0.0,0.0
2.0,5,4,0.0,89,33.85000000000001,0.0,0.0,0.0,0.0,0.0,0.0,0.0
2.0,5,5,0.0,89,33.85000000000001,0.0,0.0,0.0,0.0,0.0,0.0,0.0
2.0,5,6,0.0,89,33.85000000000001,0.0,0.0,0.0,0.0,0.0,0.0,0.0
2.0,5,7,0.0,89,33.85000000000001,0.0,0.0,0.0,0.0,0.0,0.0,0.0
2.0,5,0,0.05,89,33.85000000000001,0.033740502311477516,0.1,0.1,0.0,0.006838490719871705,0.006628328689691687,0.00021016203018001806
2.0,5,1,0.05,89,33.85000000000001,0.02140984276129508,0.025,0.025,0.0,9.169628721782144e-05,9.169628721782144e-05,0.0
2.0,5,2,0.05,89,33.85000000000001,0.032750703259914825,0.1,0.1,0.0,0.009780224585044371,0.009780224585044371,0.0
2.0,5,3,0.05,89,33.85000000000001,0.046286979214730135,0.1875,0.1875,0.0,0.02169851235657547,0.021592217144688057,0.00010629521188741317
2.0,5,4,0.05,89,33.85000000000001,0.030043018302086315,0.075,0.075,0.0,0.007306949437753848,0.007306949437753848,0.0
2.0,5,5,0.05,89,33.85000000000001,0.015830917137227295,0.05,0.05,0.0,0.002556663583557198,0.002556663583557198,0.0
2.0,5,6,0.05,89,33.85000000000001,0.033826620939995465,0.1,0.1,0.0,0.008880278683207553,0.008825295396667474,5.4983286540079626e-05
2.0,5,7,0.05,89,33.85000000000001,0.06733991245424843,0.3875,0.475,0.0875,0.025710982036248792,0.02314369659682352,0.002567285439425273
2.0,5,0,0.1,89,33.85000000000001,0.05422214609386877,0.2125,0.2375,0.025,0.018546048366755535,0.017372141429360798,0.001173906937394737
2.0,5,1,0.1,89,33.85000000000001,0.03944177862117734,0.1875,0.1875,0.0,0.004153556321287477,0.003762392165041137,0.0003911641562463399
2.0,5,2,0.1,89,33.85000000000001,0.051631070554272976,0.25,0.25,0.0,0.021280861726252615,0.0210045779611011,0.00027628376515151376
2.0,5,3,0.1,89,33.85000000000001,0.06799527577187141,0.3875,0.4125,0.025,0.03685989350514414,0.03589135396270264,0.0009685395424414989
2.0,5,4,0.1,89,33.85000000000001,0.051619683633409214,0.175,0.2125,0.0375,0.017461104102443475,0.01705748697675371,0.0004036171256897661
2.0,5,5,0.1,89,33.85000000000001,0.028372887994110186,0.0875,0.0875,0.0,0.007970948578869033,0.007970948578869033,0.0
2.0,5,6,0.1,89,33.85000000000001,0.05425591736906404,0.275,0.3125,0.0375,0.017948078055736866,0.01689876375491601,0.001049314300820857
2.0,5,7,0.1,89,33.85000000000001,0.09020973582090355,0.575,0.65,0.075,0.052429889332814936,0.04059421190803692,0.011835677424778014
2.0,5,0,0.2,89,33.85000000000001,0.10347444936163182,0.675,0.8125,0.1375,0.06589067559857842,0.05072926463245426,0.01516141096612416
2.0,5,1,0.2,89,33.85000000000001,0.08546178053545544,0.5125,0.575,0.0625,0.042773198672852154,0.03530950841249291,0.007463690260359243
2.0,5,2,0.2,89,33.85000000000001,0.09680592756728496,0.6,0.7125,0.1125,0.06716698813224088,0.05907676906378907,0.00809021906845181
2.0,5,3,0.2,89,33.85000000000001,0.11614042538515568,0.7125,0.85,0.1375,0.09378461754061208,0.07682620346559957,0.016958414075012515
2.0,5,4,0.2,89,33.85000000000001,0.10127396340601239,0.5875,0.6875,0.1,0.06289657776125265,0.05394021487662429,0.008956362884628366
2.0,5,5,0.2,89,33.85000000000001,0.06204700096277638,0.3,0.3375,0.0375,0.030413617268786934,0.02801355762611378,0.002400059642673154
2.0,5,6,0.2,89,33.85000000000001,0.10311910928411384,0.6875,0.8125,0.125,0.06712852858717329,0.053097792452782275,0.014030736134391014
2.0,5,7,0.2,89,33.85000000000001,0.13947232837381351,0.7625,0.9625,0.2,0.14235510969242818,0.08857100889326855,0.05378410079915963
2.0,5,0,0.35,89,33.85000000000001,0.1789431993616318,0.975,1.0,0.025,0.23383917131218582,0.13418491172357563,0.09965425958861018
2.0,5,1,0.35,89,33.85000000000001,0.15991381319742617,0.8875,1.0,0.1125,0.18886573281489377,0.11187092821994916,0.07699480459494461
2.0,5,2,0.35,89,33.85000000000001,0.1721643538188947,0.9625,1.0,0.0375,0.21781826604138244,0.1355277749270557,0.08229049111432674
2.0,5,3,0.35,89,33.85000000000001,0.19155915282432978,0.9375,1.0,0.0625,0.26365530948102534,0.15926975573227914,0.1043855537487462
2.0,5,4,0.35,89,33.85000000000001,0.17674271340601233,1.0,1.0,0.0,0.2286386136623043,0.1371350915532387,0.09150352210906562
2.0,5,5,0.35,89,33.85000000000001,0.13303188652392628,0.775,0.9625,0.1875,0.1274650120942491,0.08148769280592225,0.04597731928832685
2.0,5,6,0.35,89,33.85000000000001,0.1785878592841138,0.9875,1.0,0.0125,0.23299937201525167,0.13501830824676056,0.09798106376849111
2.0,5,7,0.35,89,33.85000000000001,0.2149410783738135,0.9875,1.0,0.0125,0.318915399405796,0.1747451204543065,0.14417027895148948
2.0,5,0,0.5,89,33.85000000000001,0.2544119493616318,1.0,1.0,0.0,0.41219958490121034,0.22460258625183083,0.1875969986493795
2.0,5,1,0.5,89,33.85000000000001,0.2353825631974262,0.9875,1.0,0.0125,0.36722614640390877,0.20094796080998303,0.16627818559392574
2.0,5,2,0.5,89,33.85000000000001,0.24763310381889467,1.0,1.0,0.0,0.39617867963040404,0.22520357528398996,0.17097510434641408
2.0,5,3,0.5,89,33.85000000000001,0.2670279028243297,1.0,1.0,0.0,0.4420157230700487,0.2493775259525968,0.19263819711745192
2.0,5,4,0.5,89,33.85000000000001,0.2522114634060123,1.0,1.0,0.0,0.4069990272513288,0.22755828209976747,0.17944074515156133
2.0,5,5,0.5,89,33.85000000000001,0.20850063652392625,1.0,1.0,0.0,0.3036942665257353,0.16658773816249844,0.13710652836323683
2.0,5,6,0.5,89,33.85000000000001,0.2540566092841138,1.0,1.0,0.0,0.41135978560427616,0.22542930920075305,0.18593047640352312
2.0,5,7,0.5,89,33.85000000000001,0.29040982837381346,1.0,1.0,0.0,0.4972758129948204,0.2651478867634311,0.23212792623138928
2.0,6,0,0.0,88,33.849999999999994,0.0,0.0,0.0,0.0,0.0,0.0,0.0
2.0,6,1,0.0,88,33.849999999999994,0.0,0.0,0.0,0.0,0.0,0.0,0.0
2.0,6,2,0.0,88,33.849999999999994,0.0,0.0,0.0,0.0,0.0,0.0,0.0
2.0,6,3,0.0,88,33.849999999999994,0.0,0.0,0.0,0.0,0.0,0.0,0.0
2.0,6,4,0.0,88,33.849999999999994,0.0,0.0,0.0,0.0,0.0,0.0,0.0
2.0,6,5,0.0,88,33.849999999999994,0.0,0.0,0.0,0.0,0.0,0.0,0.0
2.0,6,6,0.0,88,33.849999999999994,0.0,0.0,0.0,0.0,0.0,0.0,0.0
2.0,6,7,0.0,88,33.849999999999994,0.0,0.0,0.0,0.0,0.0,0.0,0.0
2.0,6,0,0.05,88,33.849999999999994,0.04116769961014534,0.1625,0.1625,0.0,0.01653851565781974,0.01653851565781974,0.0
2.0,6,1,0.05,88,33.849999999999994,0.016903325629281745,0.0125,0.0125,0.0,0.005572925500948186,0.005572925500948186,0.0
2.0,6,2,0.05,88,33.849999999999994,0.02997361861419188,0.1,0.1,0.0,0.0038456306099083504,0.003828288452908064,1.734215700028652e-05
2.0,6,3,0.05,88,33.849999999999994,0.039025816603566896,0.15,0.15,0.0,0.008442684215499981,0.008442684215499981,0.0
2.0,6,4,0.05,88,33.849999999999994,0.049598544102863976,0.125,0.15,0.025,0.017271330258400205,0.016832753647998668,0.0004385766104015379
2.0,6,5,0.05,88,33.849999999999994,0.018725160674406088,0.0125,0.0125,0.0,0.00038511809358529863,0.00038511809358529863,0.0
2.0,6,6,0.05,88,33.849999999999994,0.06869940079265405,0.3125,0.3625,0.05,0.024726109624276668,0.0229539637129138,0.0017721459113628699
2.0,6,7,0.05,88,33.849999999999994,0.03518994150568378,0.15,0.15,0.0,0.011347175760067994,0.011347175760067994,0.0
2.0,6,0,0.1,88,33.849999999999994,0.06203127344821428,0.3125,0.325,0.0125,0.029249142339591944,0.02861899365414522,0.0006301486854467242
2.0,6,1,0.1,88,33.849999999999994,0.02981802602446947,0.1,0.1,0.0,0.009210806552327085,0.009200428526548942,1.0378025778143632e-05
2.0,6,2,0.1,88,33.849999999999994,0.04940955085489583,0.25,0.25,0.0,0.0123679868437252,0.012156477465474158,0.00021150937825104195
2.0,6,3,0.1,88,33.849999999999994,0.06033225564388349,0.2875,0.3375,0.05,0.020661015101194728,0.020065283500840015,0.0005957316003547125
2.0,6,4,0.1,88,33.849999999999994,0.07169128269214739,0.35,0.4,0.05,0.03122708953893727,0.028211582019898818,0.0030155075190384517
2.0,6,5,0.1,88,33.849999999999994,0.03450873754665976,0.1125,0.1375,0.025,0.0032307245398024084,0.0029361524637819035,0.0002945720760205049
2.0,6,6,0.1,88,33.849999999999994,0.09194635483556676,0.5375,0.6375,0.1,0.052170909927134974,0.04243776261109354,0.009733147316041434
2.0,6,7,0.1,88,33.849999999999994,0.055123746796811535,0.2875,0.3,0.0125,0.02312075097006938,0.022020344570310605,0.0011004063997587764
2.0,6,0,0.2,88,33.849999999999994,0.1096997330736825,0.65,0.825,0.175,0.08431737758851969,0.06641827069679161,0.017899106891728078
2.0,6,1,0.2,88,33.849999999999994,0.0688099726404334,0.325,0.4,0.075,0.03420224739866005,0.03189770555463352,0.0023045418440265295
2.0,6,2,0.2,88,33.849999999999994,0.09526996938650353,0.575,0.7125,0.1375,0.0529810018540499,0.04299952817298561,0.009981473681064293
2.0,6,3,0.2,88,33.849999999999994,0.10858911675171883,0.65,0.8125,0.1625,0.07795332549086985,0.05984194290964758,0.018111382581222267
2.0,6,4,0.2,88,33.849999999999994,0.1203392437852792,0.7,0.925,0.225,0.10084585913012208,0.07084928568983725,0.02999657344028482
2.0,6,5,0.2,88,33.849999999999994,0.08014102135896403,0.5125,0.5625,0.05,0.03480196501553442,0.0249189727720329,0.009882992243501518
2.0,6,6,0.2,88,33.849999999999994,0.14082751471391944,0.8,0.9375,0.1375,0.1461080111177771,0.09342437200536567,0.05268363911241143
2.0,6,7,0.2,88,33.849999999999994,0.10436861116647492,0.625,0.75,0.125,0.07142249945694026,0.05781555593535798,0.01360694352158228
2.0,6,0,0.35,88,33.849999999999994,0.18472412442805006,0.9875,1.0,0.0125,0.24750162346324858,0.1479479820804451,0.09955364138280348
2.0,6,1,0.35,88,33.849999999999994,0.13861864243913594,0.8375,0.95,0.1125,0.14306924105585744,0.09588846287451651,0.047180778181340935
2.0,6,2,0.35,88,33.849999999999994,0.1704370642468023,0.9375,1.0,0.0625,0.21373604548691627,0.12143112565231193,0.09230491983460434
2.0,6,3,0.35,88,33.849999999999994,0.18195283619233846,0.975,1.0,0.025,0.2409520500849255,0.14259554156629933,0.09835650851862618
2.0,6,4,0.35,88,33.849999999999994,0.19563862090270245,0.9875,1.0,0.0125,0.2732965929749108,0.1552293216117015,0.11806727136320933
2.0,6,5,0.35,88,33.849999999999994,0.1552476532409652,0.9625,1.0,0.0375,0.17783788062827935,0.10103469101497163,0.07680318961330772
2.0,6,6,0.35,88,33.849999999999994,0.2162928589659113,0.9625,1.0,0.0375,0.3221101541286335,0.17965692755364207,0.1424532265749914
2.0,6,7,0.35,88,33.849999999999994,0.1798373611664749,0.9875,1.0,0.0125,0.23595240452895955,0.13893101274682662,0.09702139178213293
2.0,6,0,0.5,88,33.849999999999994,0.26019287442805006,1.0,1.0,0.0,0.42586203705227016,0.2376043940261863,0.18825764302608386
2.0,6,1,0.5,88,33.849999999999994,0.21383683061016406,0.9875,1.0,0.0125,0.31630565579896786,0.1784163029317216,0.13788935286724627
2.0,6,2,0.5,88,33.849999999999994,0.2459058142468023,1.0,1.0,0.0,0.392096459075937,0.21104411773607223,0.18105234133986475
2.0,6,3,0.5,88,33.849999999999994,0.25742158619233846,0.9875,1.0,0.0125,0.41931246367392716,0.2311914419131452,0.18812102176078196
2.0,6,4,0.5,88,33.849999999999994,0.2711073709027024,1.0,1.0,0.0,0.45165700656393415,0.24533704621571337,0.20631996034822078
2.0,6,5,0.5,88,33.849999999999994,0.23071640324096526,1.0,1.0,0.0,0.3561982942172981,0.19071215071979358,0.1654861434975045
2.0,6,6,0.5,88,33.849999999999994,0.2917616089659113,1.0,1.0,0.0,0.5004705677176572,0.26986144041479626,0.23060912730286093
2.0,6,7,0.5,88,33.849999999999994,0.2553061111664749,1.0,1.0,0.0,0.4143128181179839,0.2292988600758461,0.18501395804213783
2.0,7,0,0.0,92,31.900000000000002,0.0,0.0,0.0,0.0,0.0,0.0,0.0
2.0,7,1,0.0,92,31.900000000000002,0.0,0.0,0.0,0.0,0.0,0.0,0.0
2.0,7,2,0.0,92,31.900000000000002,0.0,0.0,0.0,0.0,0.0,0.0,0.0
2.0,7,3,0.0,92,31.900000000000002,0.0,0.0,0.0,0.0,0.0,0.0,0.0
2.0,7,4,0.0,92,31.900000000000002,0.0,0.0,0.0,0.0,0.0,0.0,0.0
2.0,7,5,0.0,92,31.900000000000002,0.0,0.0,0.0,0.0,0.0,0.0,0.0
2.0,7,6,0.0,92,31.900000000000002,0.0,0.0,0.0,0.0,0.0,0.0,0.0
2.0,7,7,0.0,92,31.900000000000002,0.0,0.0,0.0,0.0,0.0,0.0,0.0
2.0,7,0,0.05,92,31.900000000000002,0.08950862789542781,0.4625,0.6,0.1375,0.05609117983683012,0.04178571764339453,0.014305462193435585
2.0,7,1,0.05,92,31.900000000000002,0.05141509821508613,0.175,0.1875,0.0125,0.013145435120869797,0.013064417884859658,8.101723601013945e-05
2.0,7,2,0.05,92,31.900000000000002,0.023705603679297898,0.0375,0.0375,0.0,0.006620783148607965,0.006620783148607965,0.0
2.0,7,3,0.05,92,31.900000000000002,0.06372992540586886,0.2625,0.35,0.0875,0.021436922806156607,0.01813892192594284,0.0032980008802137688
2.0,7,4,0.05,92,31.900000000000002,0.0328885351744885,0.1,0.1125,0.0125,0.0016585241336183635,0.0013584138919896485,0.000300110241628715
2.0,7,5,0.05,92,31.900000000000002,0.052369323299245665,0.1875,0.2,0.0125,0.010269783024753867,0.010224084469594927,4.569855515893992e-05
2.0,7,6,0.05,92,31.900000000000002,0.039276217710100134,0.2125,0.2125,0.0,0.013662461083887245,0.013532330292917566,0.0001301307909696795
2.0,7,7,0.05,92,31.900000000000002,0.0015793021601225887,0.0,0.0,0.0,0.0,0.0,0.0
2.0,7,0,0.1,92,31.900000000000002,0.1127887347635625,0.65,0.8375,0.1875,0.09246537597396946,0.06099489688095097,0.03147047909301849
2.0,7,1,0.1,92,31.900000000000002,0.0715244963235588,0.3625,0.45,0.0875,0.02767401913332205,0.024349747397769194,0.003324271735552855
2.0,7,2,0.1,92,31.900000000000002,0.040714001559382054,0.125,0.1375,0.0125,0.012171856459394755,0.011703914580378004,0.00046794187901675124
2.0,7,3,0.1,92,31.900000000000002,0.0862985140540243,0.525,0.5625,0.0375,0.04602060529264228,0.03468824946543758,0.011332355827204696
2.0,7,4,0.1,92,31.900000000000002,0.05247580979273201,0.2625,0.275,0.0125,0.009505343486535712,0.008386205644919447,0.0011191378416162655
2.0,7,5,0.1,92,31.900000000000002,0.07320136285834526,0.425,0.475,0.05,0.026903776111911425,0.02308313684982586,0.0038206392620855657
2.0,7,6,0.1,92,31.900000000000002,0.06075043537230993,0.325,0.3625,0.0375,0.025603034256133948,0.024483752522889084,0.0011192817332448639
2.0,7,7,0.1,92,31.900000000000002,0.004230436812387338,0.0,0.0,0.0,0.0,0.0,0.0
2.0,7,0,0.2,92,31.900000000000002,0.1606047042422019,0.95,1.0,0.05,0.20214345891437888,0.10895766216649616,0.09318579674788272
2.0,7,1,0.2,92,31.900000000000002,0.11615540765109329,0.75,0.9,0.15,0.1008272335018006,0.061830120076092364,0.03899711342570824
2.0,7,2,0.2,92,31.900000000000002,0.08462603333773658,0.5625,0.625,0.0625,0.044147015913219456,0.036816097575024735,0.007330918338194721
2.0,7,3,0.2,92,31.900000000000002,0.13361479507710206,0.7625,0.9875,0.225,0.13466389647804783,0.07752125871174737,0.057142637766300464
2.0,7,4,0.2,92,31.900000000000002,0.09707199670227565,0.65,0.775,0.125,0.05910943718532413,0.04072724294339987,0.018382194241924263
2.0,7,5,0.2,92,31.900000000000002,0.11935325333697203,0.725,0.9,0.175,0.10333369136852645,0.062017589594696824,0.041316101773829626
2.0,7,6,0.2,92,31.900000000000002,0.10852168493365007,0.6625,0.8125,0.15,0.07852060940034314,0.05680570916357347,0.02171490023676967
2.0,7,7,0.2,92,31.900000000000002,0.02000132184243343,0.0875,0.0875,0.0,0.0032152004432438918,0.003176126438186462,3.907400505742979e-05
2.0,7,0,0.35,92,31.900000000000002,0.23241720424220186,1.0,1.0,0.0,0.38223750280127766,0.19042708425961263,0.19181041854166503
2.0,7,1,0.35,92,31.900000000000002,0.18778814888678194,0.95,1.0,0.05,0.27031510692576327,0.1369050624213669,0.13341004450439636
2.0,7,2,0.35,92,31.900000000000002,0.15594052293111058,0.95,1.0,0.05,0.19044645249159947,0.10527368066967725,0.08517277182192222
2.0,7,3,0.35,92,31.900000000000002,0.20542729507710203,1.0,1.0,0.0,0.3145512102243089,0.1561939584504938,0.15835725177381507
2.0,7,4,0.35,92,31.900000000000002,0.1686097660079328,0.9625,1.0,0.0375,0.22221884892244165,0.11335939997082098,0.10885944895162067
2.0,7,5,0.35,92,31.900000000000002,0.19102058205881747,0.975,1.0,0.025,0.27842152240420615,0.13853518418421606,0.13988633821999008
2.0,7,6,0.35,92,31.900000000000002,0.18033418493365003,1.0,1.0,0.0,0.25162178039756933,0.13272151091960568,0.11890026947796364
2.0,7,7,0.35,92,31.900000000000002,0.06945669713821119,0.3,0.35,0.05,0.03790019699800529,0.03416196151736472,0.0037382354806405685
2.0,7,0,0.5,92,31.900000000000002,0.30422970424220186,1.0,1.0,0.0,0.5623315466881804,0.27326564225334304,0.2890659044348374
2.0,7,1,0.5,92,31.900000000000002,0.25960064888678197,1.0,1.0,0.0,0.45040915081266425,0.21904870802556423,0.23136044278710002
2.0,7,2,0.5,92,31.900000000000002,0.22775302293111058,1.0,1.0,0.0,0.37054049637849884,0.1869394720960248,0.18360102428247405
2.0,7,3,0.5,92,31.900000000000002,0.27723979507710206,1.0,1.0,0.0,0.49464525411121163,0.23903251644422419,0.25561273766698744
2.0,7,4,0.5,92,31.900000000000002,0.24042226600793284,1.0,1.0,0.0,0.4023128928093424,0.1954239973280089,0.2068888954813335
2.0,7,5,0.5,92,31.900000000000002,0.2628330820588175,1.0,1.0,0.0,0.45851556629110785,0.22102881081311312,0.23748675547799472
2.0,7,6,0.5,92,31.900000000000002,0.2521466849336501,1.0,1.0,0.0,0.431715824284472,0.21556006891333612,0.2161557553711359
2.0,7,7,0.5,92,31.900000000000002,0.13795448717910472,0.8,0.9875,0.1875,0.14627493207707526,0.09216706563851253,0.05410786643856273
2.0,8,0,0.0,77,36.449999999999996,0.0,0.0,0.0,0.0,0.0,0.0,0.0
2.0,8,1,0.0,77,36.449999999999996,0.0,0.0,0.0,0.0,0.0,0.0,0.0
2.0,8,2,0.0,77,36.449999999999996,0.0,0.0,0.0,0.0,0.0,0.0,0.0
2.0,8,3,0.0,77,36.449999999999996,0.0,0.0,0.0,0.0,0.0,0.0,0.0
2.0,8,4,0.0,77,36.449999999999996,0.0,0.0,0.0,0.0,0.0,0.0,0.0
2.0,8,5,0.0,77,36.449999999999996,0.0,0.0,0.0,0.0,0.0,0.0,0.0
2.0,8,6,0.0,77,36.449999999999996,0.0,0.0,0.0,0.0,0.0,0.0,0.0
2.0,8,7,0.0,77,36.449999999999996,0.0,0.0,0.0,0.0,0.0,0.0,0.0
2.0,8,0,0.05,77,36.449999999999996,0.018072858334785235,0.0875,0.0875,0.0,0.0048045845747149325,0.0048045845747149325,0.0
2.0,8,1,0.05,77,36.449999999999996,0.022502692158888664,0.0875,0.1,0.0125,0.005534185315779278,0.00547574328720914,5.844202857013814e-05
2.0,8,2,0.05,77,36.449999999999996,0.034686563033343484,0.1125,0.1125,0.0,0.006770566036378895,0.00673547669667442,3.508933970447492e-05
2.0,8,3,0.05,77,36.449999999999996,0.019465702681395778,0.0625,0.0625,0.0,0.0005325583224673901,0.0005325583224673901,0.0
2.0,8,4,0.05,77,36.449999999999996,0.025852525306235948,0.1,0.1,0.0,0.00856788577432387,0.00856788577432387,0.0
2.0,8,5,0.05,77,36.449999999999996,0.03853458642134387,0.1,0.1,0.0,0.014518066814500186,0.014518066814500186,0.0
2.0,8,6,0.05,77,36.449999999999996,0.045686095970024834,0.1625,0.1875,0.025,0.011769866881081094,0.011285910237355649,0.00048395664372544514
2.0,8,7,0.05,77,36.449999999999996,0.01467407326161294,0.05,0.05,0.0,0.0019180274512177267,0.0019180274512177267,0.0
2.0,8,0,0.1,77,36.449999999999996,0.03267800319198801,0.1125,0.1125,0.0,0.010166805354047636,0.010166805354047636,0.0
2.0,8,1,0.1,77,36.449999999999996,0.03792718067288299,0.175,0.175,0.0,0.01198196967596011,0.011579303698138149,0.0004026659778219605
2.0,8,2,0.1,77,36.449999999999996,0.05596224753755023,0.2625,0.275,0.0125,0.01692692009864403,0.015797388600965703,0.0011295314976783252
2.0,8,3,0.1,77,36.449999999999996,0.034102357632147515,0.1125,0.125,0.0125,0.005127124569557977,0.004771261525306945,0.0003558630442510313
2.0,8,4,0.1,77,36.449999999999996,0.042719407620834336,0.1625,0.1625,0.0,0.017550839945621156,0.017257435036684688,0.00029340490893646834
2.0,8,5,0.1,77,36.449999999999996,0.06064417507636053,0.25,0.275,0.025,0.02725520686706879,0.02661454276989755,0.0006406640971712389
2.0,8,6,0.1,77,36.449999999999996,0.0657602922605178,0.3375,0.3875,0.05,0.026931393436550165,0.024342725914543818,0.0025886675220063472
2.0,8,7,0.1,77,36.449999999999996,0.02883895418536376,0.1375,0.1375,0.0,0.011255562143606871,0.011255562143606871,0.0
2.0,8,0,0.2,77,36.449999999999996,0.07480471285989623,0.3875,0.4625,0.075,0.036122341783673385,0.03418897517287659,0.001933366610796794
2.0,8,1,0.2,77,36.449999999999996,0.08198659041504797,0.3375,0.4625,0.125,0.03823896533408749,0.03245804624929635,0.005780919084791135
2.0,8,2,0.2,77,36.449999999999996,0.10724111351055017,0.5875,0.7375,0.15,0.07303111042416063,0.05642013928610373,0.0166109711380569
2.0,8,3,0.2,77,36.449999999999996,0.07924408870674733,0.4375,0.4625,0.025,0.03519114338355364,0.02925515718140958,0.005935986202144063
2.0,8,4,0.2,77,36.449999999999996,0.08790381032948516,0.525,0.5625,0.0375,0.05185462498483988,0.0472930758832596,0.004561549101580277
2.0,8,5,0.2,77,36.449999999999996,0.11276451520033186,0.625,0.7625,0.1375,0.08377494663611193,0.06779589142977671,0.01597905520633522
2.0,8,6,0.2,77,36.449999999999996,0.1155796938245238,0.7125,0.8625,0.15,0.08814417119478936,0.0662188363572413,0.021925334837548063
2.0,8,7,0.2,77,36.449999999999996,0.07007274774474889,0.35,0.375,0.025,0.040699287175075136,0.03984615752196627,0.0008531296531088667
2.0,8,0,0.35,77,36.449999999999996,0.15135835145497115,0.85,0.9875,0.1375,0.15830643752782528,0.11272825472977248,0.0455781827980528
2.0,8,1,0.35,77,36.449999999999996,0.16140342815082204,0.9,1.0,0.1,0.17866321679166525,0.1105984414336459,0.06806477535801934
2.0,8,2,0.35,77,36.449999999999996,0.18758486351055015,0.9875,1.0,0.0125,0.23612590070868283,0.14734781441553257,0.08877808629315026
2.0,8,3,0.35,77,36.449999999999996,0.1595878387067473,0.925,1.0,0.075,0.17467838399261434,0.11094165702544313,0.06373672696717121
2.0,8,4,0.35,77,36.449999999999996,0.16726906299411634,0.8875,1.0,0.1125,0.19153703812126813,0.12713846478683302,0.0643985733344351
2.0,8,5,0.35,77,36.449999999999996,0.1930706266867418,0.975,1.0,0.025,0.24816598449731178,0.16077702339898384,0.08738896109832794
2.0,8,6,0.35,77,36.449999999999996,0.19581973529692487,0.9875,1.0,0.0125,0.2541996933810739,0.1560563327592435,0.0981433606218304
2.0,8,7,0.35,77,36.449999999999996,0.14821194692547363,0.8875,0.975,0.0875,0.1502698774544955,0.11378514827709833,0.03648472917739716
2.0,8,0,0.5,77,36.449999999999996,0.23170210145497117,0.975,1.0,0.025,0.33295385778820397,0.20777371925568294,0.12518013853252102
2.0,8,1,0.5,77,36.449999999999996,0.24174717815082208,1.0,1.0,0.0,0.35500066535103386,0.20910126514647942,0.14589940020455444
2.0,8,2,0.5,77,36.449999999999996,0.26792861351055014,1.0,1.0,0.0,0.41246334926805533,0.24660751194888572,0.1658558373191696
2.0,8,3,0.5,77,36.449999999999996,0.23993158870674733,1.0,1.0,0.0,0.3510158325519846,0.20962316809762355,0.14139266445436105
2.0,8,4,0.5,77,36.449999999999996,0.24761281299411633,1.0,1.0,0.0,0.36787448668063727,0.22553246352943995,0.14234202315119732
2.0,8,5,0.5,77,36.449999999999996,0.2734143766867418,1.0,1.0,0.0,0.42450343305668403,0.2599470140987167,0.16455641895796735
2.0,8,6,0.5,77,36.449999999999996,0.2761634852969249,1.0,1.0,0.0,0.4305371419404455,0.2550924652196689,0.17544467672077663
2.0,8,7,0.5,77,36.449999999999996,0.22854581596078805,0.9875,1.0,0.0125,0.3260264822180173,0.21037764028717493,0.11564884193084235
2.0,9,0,0.0,65,41.650000000000006,0.0,0.0,0.0,0.0,0.0,0.0,0.0
2.0,9,1,0.0,65,41.650000000000006,0.0,0.0,0.0,0.0,0.0,0.0,0.0
2.0,9,2,0.0,65,41.650000000000006,0.0,0.0,0.0,0.0,0.0,0.0,0.0
2.0,9,3,0.0,65,41.650000000000006,0.0,0.0,0.0,0.0,0.0,0.0,0.0
2.0,9,4,0.0,65,41.650000000000006,0.0,0.0,0.0,0.0,0.0,0.0,0.0
2.0,9,5,0.0,65,41.650000000000006,0.0,0.0,0.0,0.0,0.0,0.0,0.0
2.0,9,6,0.0,65,41.650000000000006,0.0,0.0,0.0,0.0,0.0,0.0,0.0
2.0,9,7,0.0,65,41.650000000000006,0.0,0.0,0.0,0.0,0.0,0.0,0.0
2.0,9,0,0.05,65,41.650000000000006,0.06361970415058915,0.3375,0.3625,0.025,0.02773976973447302,0.02701143806556358,0.0007283316689094405
2.0,9,1,0.05,65,41.650000000000006,0.046359081873270556,0.1875,0.1875,0.0,0.014330791435332127,0.014315953312809037,1.4838122523090289e-05
2.0,9,2,0.05,65,41.650000000000006,0.05830587762933306,0.275,0.275,0.0,0.027969821588571128,0.02787174514846164,9.807644010948954e-05
2.0,9,3,0.05,65,41.650000000000006,0.03202558246066754,0.0875,0.0875,0.0,0.021362414006758274,0.021362414006758274,0.0
2.0,9,4,0.05,65,41.650000000000006,0.040252554212658984,0.1625,0.1625,0.0,0.01835925264744206,0.01835925264744206,0.0
2.0,9,5,0.05,65,41.650000000000006,0.03535466896549559,0.2125,0.2125,0.0,0.012451284827358564,0.012440261205079607,1.1023622278956424e-05
2.0,9,6,0.05,65,41.650000000000006,0.04801157977412299,0.2125,0.225,0.0125,0.020112897320641126,0.020108508597515343,4.388723125782479e-06
2.0,9,7,0.05,65,41.650000000000006,0.0025657312717418793,0.0,0.0,0.0,0.0,0.0,0.0
2.0,9,0,0.1,65,41.650000000000006,0.09094702669784394,0.4375,0.475,0.0375,0.05300869067357288,0.049025704029280935,0.003982986644291947
2.0,9,1,0.1,65,41.650000000000006,0.07251290064894081,0.35,0.3625,0.0125,0.032911391045042114,0.0321793857083473,0.0007320053366948118
2.0,9,2,0.1,65,41.650000000000006,0.08482103828102402,0.3875,0.4125,0.025,0.049304695046694484,0.047457329830257425,0.0018473652164370594
2.0,9,3,0.1,65,41.650000000000006,0.052639636381660734,0.15,0.15,0.0,0.03267654870390158,0.03267654870390158,0.0
2.0,9,4,0.1,65,41.650000000000006,0.06413332695990404,0.2875,0.2875,0.0,0.03523686804635935,0.03523686804635935,0.0
2.0,9,5,0.1,65,41.650000000000006,0.054523178374225524,0.3375,0.3375,0.0,0.027404625361478432,0.02731016381295508,9.446154852335228e-05
2.0,9,6,0.1,65,41.650000000000006,0.07283105147234704,0.4,0.45,0.05,0.0396168410136861,0.038801633007352496,0.0008152080063336051
2.0,9,7,0.1,65,41.650000000000006,0.00825831598794987,0.0125,0.0125,0.0,0.0003151966402927773,0.0003151966402927773,0.0
2.0,9,0,0.2,65,41.650000000000006,0.14870859835421144,0.825,0.925,0.1,0.13676505933121622,0.10988328401010256,0.02688177532111366
2.0,9,1,0.2,65,41.650000000000006,0.13108495684330013,0.7375,0.8125,0.075,0.10478387554720886,0.09051077756726435,0.014273097979944513
2.0,9,2,0.2,65,41.650000000000006,0.14299261185117537,0.7125,0.9,0.1875,0.12492794592373851,0.10414879597827455,0.020779149945463968
2.0,9,3,0.2,65,41.650000000000006,0.10371663244329862,0.4875,0.5375,0.05,0.07587660668867413,0.07205178371616147,0.0038248229725126592
2.0,9,4,0.2,65,41.650000000000006,0.1200696012796959,0.65,0.75,0.1,0.09164182120877094,0.0867099415420424,0.0049318796667285475
2.0,9,5,0.2,65,41.650000000000006,0.10405870715144938,0.575,0.65,0.075,0.07938092822501948,0.07214069978167957,0.007240228443339908
2.0,9,6,0.2,65,41.650000000000006,0.12958716030751977,0.7,0.8375,0.1375,0.10780104369313567,0.0948890922744289,0.012911951418706769
2.0,9,7,0.2,65,41.650000000000006,0.035865706743574255,0.1875,0.1875,0.0,0.01035859952184837,0.01027560429368015,8.299522816821933e-05
2.0,9,0,0.35,65,41.650000000000006,0.2387985034889591,0.9625,1.0,0.0375,0.30501513275157305,0.21998187679652093,0.08503325595505212
2.0,9,1,0.35,65,41.650000000000006,0.22117870684330013,0.9875,1.0,0.0125,0.2711715857731672,0.19924778946206329,0.0719237963111039
2.0,9,2,0.35,65,41.650000000000006,0.23274301919014095,0.9875,1.0,0.0125,0.2933839504249328,0.21382888206863948,0.07955506835629333
2.0,9,3,0.35,65,41.650000000000006,0.19173159265432843,0.8875,0.9625,0.075,0.21518329305046394,0.16995208080396976,0.04523121224649418
2.0,9,4,0.35,65,41.650000000000006,0.20974754853024408,0.975,1.0,0.025,0.2492149791695061,0.18971244496827128,0.05950253420123483
2.0,9,5,0.35,65,41.650000000000006,0.19327643071951375,0.9,0.9875,0.0875,0.21774737181001336,0.16852722354481392,0.04922014826519944
2.0,9,6,0.35,65,41.650000000000006,0.2194195609524705,0.975,1.0,0.025,0.2677926740981204,0.2000593293144099,0.06773334478371051
2.0,9,7,0.35,65,41.650000000000006,0.11057324276591447,0.625,0.7125,0.0875,0.07844385144695759,0.06792054980267995,0.010523301644277644
2.0,9,0,0.5,65,41.650000000000006,0.32889225348895906,1.0,1.0,0.0,0.4780643524392171,0.33328837310532483,0.14477597933389225
2.0,9,1,0.5,65,41.650000000000006,0.3112724568433001,1.0,1.0,0.0,0.4442208054608121,0.31281627214704016,0.13140453331377194
2.0,9,2,0.5,65,41.650000000000006,0.3228367691901409,1.0,1.0,0.0,0.46643317011257623,0.3270191222331466,0.13941404787942963
2.0,9,3,0.5,65,41.650000000000006,0.2818253426543284,1.0,1.0,0.0,0.3876597217846148,0.2817846017556897,0.10587512002892507
2.0,9,4,0.5,65,41.650000000000006,0.29984129853024405,1.0,1.0,0.0,0.422264198857151,0.30324656844569087,0.11901763041146013
2.0,9,5,0.5,65,41.650000000000006,0.2833701807195138,1.0,1.0,0.0,0.3906269977801535,0.28079961982001633,0.10982737796013714
2.0,9,6,0.5,65,41.650000000000006,0.3095133109524705,1.0,1.0,0.0,0.4408418937857649,0.31349708591928444,0.12734480786648045
2.0,9,7,0.5,65,41.650000000000006,0.19897761502515549,0.9625,0.9875,0.025,0.22874599921832034,0.16663733436507608,0.06210866485324426
2.0,10,0,0.0,99,31.9,0.0,0.0,0.0,0.0,0.0,0.0,0.0
2.0,10,1,0.0,99,31.9,0.0,0.0,0.0,0.0,0.0,0.0,0.0
2.0,10,2,0.0,99,31.9,0.0,0.0,0.0,0.0,0.0,0.0,0.0
2.0,10,3,0.0,99,31.9,0.0,0.0,0.0,0.0,0.0,0.0,0.0
2.0,10,4,0.0,99,31.9,0.0,0.0,0.0,0.0,0.0,0.0,0.0
2.0,10,5,0.0,99,31.9,0.0,0.0,0.0,0.0,0.0,0.0,0.0
2.0,10,6,0.0,99,31.9,0.0,0.0,0.0,0.0,0.0,0.0,0.0
2.0,10,7,0.0,99,31.9,0.0,0.0,0.0,0.0,0.0,0.0,0.0
2.0,10,0,0.05,99,31.9,0.03574555911790809,0.1,0.1125,0.0125,0.0036912367945876223,0.003476230354278228,0.0002150064403093942
2.0,10,1,0.05,99,31.9,0.05570957753993812,0.2,0.275,0.075,0.01141266288528952,0.009571931747729306,0.0018407311375602132
2.0,10,2,0.05,99,31.9,0.06895303498826698,0.3875,0.475,0.0875,0.026676285741631788,0.024061911349159016,0.002614374392472772
2.0,10,3,0.05,99,31.9,0.04081388521967179,0.15,0.1625,0.0125,0.004302172473969612,0.0042559570074197734,4.621546654983832e-05
2.0,10,4,0.05,99,31.9,0.00048518020922724977,0.0,0.0,0.0,0.0,0.0,0.0
2.0,10,5,0.05,99,31.9,0.03498275211867445,0.075,0.075,0.0,0.011465437997574955,0.011465437997574955,0.0
2.0,10,6,0.05,99,31.9,0.0013971693379181479,0.0,0.0,0.0,0.0,0.0,0.0
2.0,10,7,0.05,99,31.9,0.01608049973095158,0.0375,0.0375,0.0,0.002172242607733735,0.002172242607733735,0.0
2.0,10,0,0.1,99,31.9,0.05539670980278533,0.2375,0.2625,0.025,0.012596809302921693,0.0109470500764972,0.0016497592264244926
2.0,10,1,0.1,99,31.9,0.0772362563991145,0.45,0.5625,0.1125,0.02988130703021475,0.020075582509053905,0.009805724521160845
2.0,10,2,0.1,99,31.9,0.09216479395346758,0.5875,0.7625,0.175,0.05509783255412801,0.039363382545255475,0.01573445000887253
2.0,10,3,0.1,99,31.9,0.060616077966501494,0.3125,0.375,0.0625,0.015591403772740537,0.013052583311903461,0.0025388204608370758
2.0,10,4,0.1,99,31.9,0.0017612609133953662,0.0,0.0,0.0,0.0,0.0,0.0
2.0,10,5,0.1,99,31.9,0.05402096336676948,0.225,0.25,0.025,0.02029165986087811,0.0194221450348974,0.0008695148259807092
2.0,10,6,0.1,99,31.9,0.004193453765891119,0.0,0.0,0.0,0.0,0.0,0.0
2.0,10,7,0.1,99,31.9,0.029818442905921182,0.05,0.0625,0.0125,0.006135666440267322,0.005714549736034406,0.00042111670423291593
2.0,10,0,0.2,99,31.9,0.10169934997954563,0.6875,0.7625,0.075,0.06548519044279738,0.041915568144051465,0.023569622298745915
2.0,10,1,0.2,99,31.9,0.12376346785270764,0.8125,0.95,0.1375,0.11298389180039622,0.05983286368257973,0.053151028117816496
2.0,10,2,0.2,99,31.9,0.13987796660263596,0.8875,1.0,0.1125,0.15016417956748448,0.08387148660214024,0.06629269296534425
2.0,10,3,0.2,99,31.9,0.10751873154209128,0.7,0.8875,0.1875,0.07174682351274703,0.042345237332641145,0.029401586180105882
2.0,10,4,0.2,99,31.9,0.01553087045675412,0.05,0.05,0.0,0.0018019974236108281,0.0018019974236108281,0.0
2.0,10,5,0.2,99,31.9,0.09813647036100605,0.6,0.775,0.175,0.06885208383509599,0.050201890925092946,0.01865019291000304
2.0,10,6,0.2,99,31.9,0.023122653511438756,0.05,0.05,0.0,0.00014839015932317808,0.00014839015932317808,0.0
2.0,10,7,0.2,99,31.9,0.06994009188022692,0.3625,0.425,0.0625,0.026271431778895134,0.02158674446779705,0.004684687311098085
2.0,10,0,0.35,99,31.9,0.17349496136867418,0.975,1.0,0.025,0.23447012255421537,0.11730535230510848,0.11716477024910689
2.0,10,1,0.35,99,31.9,0.19522679462105746,0.9875,1.0,0.0125,0.2889700178578692,0.1385402891576242,0.15042972870024499
2.0,10,2,0.35,99,31.9,0.21169046660263593,1.0,1.0,0.0,0.33025822345424555,0.1646637640988357,0.16559445935540984
2.0,10,3,0.35,99,31.9,0.17929606416438093,0.975,1.0,0.025,0.2490183427314901,0.11990472454782788,0.1291136181836622
2.0,10,4,0.35,99,31.9,0.07613765941647618,0.4125,0.45,0.0375,0.03070828447836402,0.027618296992838666,0.003089987485525355
2.0,10,5,0.35,99,31.9,0.16957872685121028,0.95,0.9875,0.0375,0.2246971052329326,0.12182076343538248,0.10287634179755012
2.0,10,6,0.35,99,31.9,0.0878699439772391,0.4875,0.6125,0.125,0.04000880469889095,0.03132792692911817,0.008680877769772777
2.0,10,7,0.35,99,31.9,0.1395783933971071,0.85,0.9875,0.1375,0.1505185606761755,0.08479319985388904,0.06572536082228646
2.0,10,0,0.5,99,31.9,0.24530746136867423,1.0,1.0,0.0,0.4145641664409855,0.19990701582209433,0.21465715061889115
2.0,10,1,0.5,99,31.9,0.26703929462105747,1.0,1.0,0.0,0.46906406174463805,0.22083081546771532,0.24823324627692273
2.0,10,2,0.5,99,31.9,0.28350296660263596,1.0,1.0,0.0,0.5103522673410166,0.24750232209256615,0.2628499452484504
2.0,10,3,0.5,99,31.9,0.25110856416438093,1.0,1.0,0.0,0.42911238661826084,0.20268990512859855,0.2264224814896623
2.0,10,4,0.5,99,31.9,0.14698766156383963,0.9,1.0,0.1,0.16799413558301676,0.09525257626383402,0.07274155931918275
2.0,10,5,0.5,99,31.9,0.2413912268512103,1.0,1.0,0.0,0.4047428886542956,0.20390404570081513,0.20083884295348045
2.0,10,6,0.5,99,31.9,0.15957269103366495,0.925,0.9875,0.0625,0.1996353098035828,0.10319364028508814,0.09644166951849466
2.0,10,7,0.5,99,31.9,0.21106848172396372,0.975,1.0,0.025,0.32869838676792656,0.16473813541134527,0.1639602513565813
2.0,11,0,0.0,72,35.150000000000006,0.0,0.0,0.0,0.0,0.0,0.0,0.0
2.0,11,1,0.0,72,35.150000000000006,0.0,0.0,0.0,0.0,0.0,0.0,0.0
2.0,11,2,0.0,72,35.150000000000006,0.0,0.0,0.0,0.0,0.0,0.0,0.0
2.0,11,3,0.0,72,35.150000000000006,0.0,0.0,0.0,0.0,0.0,0.0,0.0
2.0,11,4,0.0,72,35.150000000000006,0.0,0.0,0.0,0.0,0.0,0.0,0.0
2.0,11,5,0.0,72,35.150000000000006,0.0,0.0,0.0,0.0,0.0,0.0,0.0
2.0,11,6,0.0,72,35.150000000000006,0.0,0.0,0.0,0.0,0.0,0.0,0.0
2.0,11,7,0.0,72,35.150000000000006,0.0,0.0,0.0,0.0,0.0,0.0,0.0
2.0,11,0,0.05,72,35.150000000000006,0.01377638869003948,0.025,0.025,0.0,0.004806511289273579,0.004806511289273579,0.0
2.0,11,1,0.05,72,35.150000000000006,0.06643447890758089,0.3375,0.3875,0.05,0.03645978064670045,0.032634189147813825,0.0038255914988866227
2.0,11,2,0.05,72,35.150000000000006,0.032660343978934234,0.025,0.025,0.0,0.009734953355276469,0.009734953355276469,0.0
2.0,11,3,0.05,72,35.150000000000006,0.02529448467187668,0.075,0.075,0.0,0.0035813941061430266,0.0035813941061430266,0.0
2.0,11,4,0.05,72,35.150000000000006,0.06858915893258637,0.3375,0.375,0.0375,0.0275769812940808,0.02581119539244312,0.0017657859016376766
2.0,11,5,0.05,72,35.150000000000006,0.11076969465717004,0.7,0.875,0.175,0.07719481706560223,0.06147784520104194,0.015716971864560288
2.0,11,6,0.05,72,35.150000000000006,0.05447455434678087,0.225,0.225,0.0,0.01974150837605453,0.01961701082436639,0.0001244975516881408
2.0,11,7,0.05,72,35.150000000000006,0.049955626852104446,0.1875,0.1875,0.0,0.008475906638285157,0.008235513492233053,0.00024039314605210464
2.0,11,0,0.1,72,35.150000000000006,0.03046796229912137,0.0625,0.0625,0.0,0.006991998528144953,0.006991998528144953,0.0
2.0,11,1,0.1,72,35.150000000000006,0.09005656574279448,0.475,0.55,0.075,0.06045929893570663,0.05142664967952347,0.009032649256183162
2.0,11,2,0.1,72,35.150000000000006,0.052108029369124155,0.125,0.125,0.0,0.01692679259642736,0.01692679259642736,0.0
2.0,11,3,0.1,72,35.150000000000006,0.043055979916340276,0.1375,0.1375,0.0,0.009106428596714103,0.009065522153767505,4.090644294659808e-05
2.0,11,4,0.1,72,35.150000000000006,0.09250703903138847,0.5125,0.6375,0.125,0.05391718422524763,0.04611544909666465,0.007801735128582982
2.0,11,5,0.1,72,35.150000000000006,0.13673844465717006,0.875,0.9875,0.1125,0.12927904435870813,0.088934085739706,0.04034495861900213
2.0,11,6,0.1,72,35.150000000000006,0.07669777810652041,0.4125,0.5,0.0875,0.040157665556409566,0.03779906422925104,0.0023586013271585243
2.0,11,7,0.1,72,35.150000000000006,0.07412866665644688,0.3625,0.4,0.0375,0.026370091257520947,0.02310573985481318,0.0032643514027077686
2.0,11,0,0.2,72,35.150000000000006,0.07553670564192554,0.3875,0.4375,0.05,0.03072789824969173,0.02856395193187418,0.00216394631781755
2.0,11,1,0.2,72,35.150000000000006,0.1414511140825141,0.85,0.9625,0.1125,0.14261551112899323,0.10161521467313539,0.04100029645585784
2.0,11,2,0.2,72,35.150000000000006,0.10041706345471728,0.6125,0.7375,0.125,0.06457909520875625,0.050673687396718896,0.013905407812037356
2.0,11,3,0.2,72,35.150000000000006,0.09089930967062892,0.6,0.725,0.125,0.048086685047260214,0.036596353339764714,0.0114903317074955
2.0,11,4,0.2,72,35.150000000000006,0.14310580460852346,0.8375,0.975,0.1375,0.14659593196034498,0.1002089288522831,0.04638700310806189
2.0,11,5,0.2,72,35.150000000000006,0.18867594465717005,0.9875,1.0,0.0125,0.247342121552349,0.1508075269251666,0.09653459462718239
2.0,11,6,0.2,72,35.150000000000006,0.1263646001904713,0.8125,0.8875,0.075,0.11502954877939162,0.08458032128912128,0.030449227490270334
2.0,11,7,0.2,72,35.150000000000006,0.12467449628933662,0.675,0.8875,0.2125,0.10423987436106366,0.07098606256612591,0.03325381179493775
2.0,11,0,0.35,72,35.150000000000006,0.1526587773987797,0.9125,0.9875,0.075,0.16710511192818633,0.10697153137384163,0.0601335805543447
2.0,11,1,0.35,72,35.150000000000006,0.2193573640825141,1.0,1.0,0.0,0.31717181014480944,0.19196252065826394,0.1252092894865455
2.0,11,2,0.35,72,35.150000000000006,0.17741731137371472,0.925,1.0,0.075,0.22171792062275106,0.13712431709702022,0.08459360352573084
2.0,11,3,0.35,72,35.150000000000006,0.1688055596706289,0.975,1.0,0.025,0.20211791674660123,0.11983640482921437,0.08228151191738686
2.0,11,4,0.35,72,35.150000000000006,0.22101205460852347,0.9875,1.0,0.0125,0.3209378198768239,0.19075461964466,0.1301832002321639
2.0,11,5,0.35,72,35.150000000000006,0.26658219465717004,1.0,1.0,0.0,0.42465364360050606,0.24581044546143843,0.17884319813906763
2.0,11,6,0.35,72,35.150000000000006,0.20427085019047125,0.9875,1.0,0.0125,0.2828355054118931,0.17362353300298844,0.10921197240890468
2.0,11,7,0.35,72,35.150000000000006,0.20254672293833414,0.975,1.0,0.025,0.27891146045679543,0.16163529544636154,0.11727616501043389
2.0,11,0,0.5,72,35.150000000000006,0.23056502739877974,0.9875,1.0,0.0125,0.3426800054591702,0.20083318435002118,0.14184682110914903
2.0,11,1,0.5,72,35.150000000000006,0.29726361408251406,1.0,1.0,0.0,0.4944833321929666,0.2869746116966707,0.20750872049629587
2.0,11,2,0.5,72,35.150000000000006,0.25532356137371476,1.0,1.0,0.0,0.3990294426709052,0.2309646555159935,0.1680647871549117
2.0,11,3,0.5,72,35.150000000000006,0.2467118096706289,1.0,1.0,0.0,0.37942943879475804,0.21470967629961737,0.16471976249514067
2.0,11,4,0.5,72,35.150000000000006,0.2989183046085234,1.0,1.0,0.0,0.4982493419249808,0.28569663490754066,0.21255270701744017
2.0,11,5,0.5,72,35.150000000000006,0.34448844465717005,1.0,1.0,0.0,0.6019651656486632,0.3408225364998453,0.2611426291488179
2.0,11,6,0.5,72,35.150000000000006,0.28217710019047126,1.0,1.0,0.0,0.46014702746004915,0.2682215780263127,0.19192544943373646
2.0,11,7,0.5,72,35.150000000000006,0.28045297293833416,1.0,1.0,0.0,0.4562229825049522,0.25649613127876325,0.19972685122618894
2.0,12,0,0.0,84,32.55,0.0,0.0,0.0,0.0,0.0,0.0,0.0
2.0,12,1,0.0,84,32.55,0.0,0.0,0.0,0.0,0.0,0.0,0.0
2.0,12,2,0.0,84,32.55,0.0,0.0,0.0,0.0,0.0,0.0,0.0
2.0,12,3,0.0,84,32.55,0.0,0.0,0.0,0.0,0.0,0.0,0.0
2.0,12,4,0.0,84,32.55,0.0,0.0,0.0,0.0,0.0,0.0,0.0
2.0,12,5,0.0,84,32.55,0.0,0.0,0.0,0.0,0.0,0.0,0.0
2.0,12,6,0.0,84,32.55,0.0,0.0,0.0,0.0,0.0,0.0,0.0
2.0,12,7,0.0,84,32.55,0.0,0.0,0.0,0.0,0.0,0.0,0.0
2.0,12,0,0.05,84,32.55,0.03313278578054401,0.05,0.0625,0.0125,0.004842631618668064,0.004833843527742839,8.78809092522484e-06
2.0,12,1,0.05,84,32.55,0.060193079372874256,0.2875,0.325,0.0375,0.011218299669955046,0.009826049443911737,0.0013922502260433085
2.0,12,2,0.05,84,32.55,0.010947625655216337,0.025,0.025,0.0,0.00020924446941943174,0.00020924446941943174,0.0
2.0,12,3,0.05,84,32.55,0.04068505480535868,0.15,0.1625,0.0125,0.01477444644798768,0.014432194599512442,0.000342251848475238
2.0,12,4,0.05,84,32.55,0.03179976478972781,0.15,0.1625,0.0125,0.006077451686371399,0.005917627172256312,0.00015982451411508756
2.0,12,5,0.05,84,32.55,0.034237737336110574,0.1125,0.125,0.0125,0.0038670094019979126,0.003853215884035183,1.379351796272979e-05
2.0,12,6,0.05,84,32.55,0.0350205969163335,0.125,0.125,0.0,0.01714419057785036,0.01714419057785036,0.0
2.0,12,7,0.05,84,32.55,0.023125832915503956,0.075,0.075,0.0,0.00493588637437271,0.00493588637437271,0.0
2.0,12,0,0.1,84,32.55,0.04951308514754606,0.2125,0.225,0.0125,0.012245610176439173,0.010861776981178246,0.0013838331952609265
2.0,12,1,0.1,84,32.55,0.08335217103778458,0.475,0.6125,0.1375,0.0319821359826549,0.02367504071287871,0.008307095269776188
2.0,12,2,0.1,84,32.55,0.021075885602575874,0.05,0.05,0.0,0.0030476138944266744,0.0030476138944266744,0.0
2.0,12,3,0.1,84,32.55,0.060292681746333045,0.2875,0.325,0.0375,0.026997495757613964,0.025636804595827272,0.0013606911617866924
2.0,12,4,0.1,84,32.55,0.049768157637952205,0.2,0.225,0.025,0.013952591773623613,0.013257161341584911,0.000695430432038702
2.0,12,5,0.1,84,32.55,0.05201567311775971,0.2625,0.3125,0.05,0.01199093012812261,0.01100307079380718,0.0009878593343154302
2.0,12,6,0.1,84,32.55,0.05415606846692835,0.275,0.2875,0.0125,0.026967304447651396,0.026706276396782178,0.0002610280508692185
2.0,12,7,0.1,84,32.55,0.03995729018263046,0.1625,0.175,0.0125,0.011260366390465557,0.011231832240089489,2.85341503760677e-05
2.0,12,0,0.2,84,32.55,0.09076619037596834,0.5625,0.6625,0.1,0.04993424432420742,0.034616505340483,0.015317738983724419
2.0,12,1,0.2,84,32.55,0.13124143214137152,0.875,0.9625,0.0875,0.1285464016899665,0.06949075248227289,0.059055649207693614
2.0,12,2,0.2,84,32.55,0.05826618377896493,0.225,0.2625,0.0375,0.016700400013106877,0.015386959993104852,0.0013134400200020251
2.0,12,3,0.2,84,32.55,0.10405128267953648,0.55,0.675,0.125,0.07470024733952334,0.056090724829689145,0.018609522509834192
2.0,12,4,0.2,84,32.55,0.09271866072668301,0.6,0.7375,0.1375,0.053748872124987405,0.042283367349518666,0.01146550477546874
2.0,12,5,0.2,84,32.55,0.09538088103649084,0.6375,0.75,0.1125,0.056293396192621595,0.039139810229299674,0.01715358596332192
2.0,12,6,0.2,84,32.55,0.09975230950886062,0.5375,0.6875,0.15,0.06716383158756019,0.05708768275947508,0.010076148828085107
2.0,12,7,0.2,84,32.55,0.08434562947998464,0.45,0.5,0.05,0.04552968047728267,0.03870299138544785,0.006826689091834814
2.0,12,0,0.35,84,32.55,0.16265575105462757,0.925,0.9875,0.0625,0.20316823799473618,0.10460388202426822,0.09856435597046796
2.0,12,1,0.35,84,32.55,0.2042369267642336,0.9875,1.0,0.0125,0.3053442132448387,0.15301196257283237,0.15233225067200631
2.0,12,2,0.35,84,32.55,0.12649108737761008,0.85,0.9625,0.1125,0.11818968283493901,0.06860920083016511,0.0495804820047739
2.0,12,3,0.35,84,32.55,0.17605059528954908,0.925,1.0,0.075,0.23606905140248197,0.13157297068570364,0.10449608071677832
2.0,12,4,0.35,84,32.55,0.1655180827401101,0.925,1.0,0.075,0.2101826918340025,0.11471569691944797,0.09546699491455454
2.0,12,5,0.35,84,32.55,0.16728892980388155,0.9625,1.0,0.0375,0.21453500412589205,0.11342444973728599,0.10111055438860606
2.0,12,6,0.35,84,32.55,0.17261317727913816,0.9875,1.0,0.0125,0.22762071220641983,0.13164972896699,0.09597098323942982
2.0,12,7,0.35,84,32.55,0.1571742472764647,0.9375,1.0,0.0625,0.1896755693427625,0.10827203416746041,0.08140353517530209
2.0,12,0,0.5,84,32.55,0.23568700105462756,1.0,1.0,0.0,0.38264086280632037,0.1883031430422523,0.19433771976406808
2.0,12,1,0.5,84,32.55,0.2772681767642336,1.0,1.0,0.0,0.4848373008020777,0.23827514150558401,0.2465621592964937
2.0,12,2,0.5,84,32.55,0.19901373802798764,1.0,1.0,0.0,0.2925068830175318,0.1468248664277048,0.14568201658982702
2.0,12,3,0.5,84,32.55,0.24908184528954908,0.9875,1.0,0.0125,0.41556213895971367,0.2151226322976695,0.20043950666204416
2.0,12,4,0.5,84,32.55,0.2385493327401101,1.0,1.0,0.0,0.3896757793912383,0.19914075346007484,0.19053502593116348
2.0,12,5,0.5,84,32.55,0.24032017980388157,0.9875,1.0,0.0125,0.39402809168312497,0.19710580456022933,0.19692228712289564
2.0,12,6,0.5,84,32.55,0.24564442727913818,1.0,1.0,0.0,0.40711379976365775,0.21662848976490223,0.19048530999875551
2.0,12,7,0.5,84,32.55,0.23020549727646467,1.0,1.0,0.0,0.36916865689999995,0.1931085598146659,0.17606009708533404
2.0,13,0,0.0,87,30.599999999999998,0.0,0.0,0.0,0.0,0.0,0.0,0.0
2.0,13,1,0.0,87,30.599999999999998,0.0,0.0,0.0,0.0,0.0,0.0,0.0
2.0,13,2,0.0,87,30.599999999999998,0.0,0.0,0.0,0.0,0.0,0.0,0.0
2.0,13,3,0.0,87,30.599999999999998,0.0,0.0,0.0,0.0,0.0,0.0,0.0
2.0,13,4,0.0,87,30.599999999999998,0.0,0.0,0.0,0.0,0.0,0.0,0.0
2.0,13,5,0.0,87,30.599999999999998,0.0,0.0,0.0,0.0,0.0,0.0,0.0
2.0,13,6,0.0,87,30.599999999999998,0.0,0.0,0.0,0.0,0.0,0.0,0.0
2.0,13,7,0.0,87,30.599999999999998,0.0,0.0,0.0,0.0,0.0,0.0,0.0
2.0,13,0,0.05,87,30.599999999999998,0.03764726185608398,0.1125,0.1125,0.0,0.00495376905687503,0.00487605271232223,7.771634455279973e-05
2.0,13,1,0.05,87,30.599999999999998,0.09366997221905715,0.575,0.7125,0.1375,0.04927740085647884,0.03235638227769488,0.01692101857878396
2.0,13,2,0.05,87,30.599999999999998,0.02148461125307562,0.0375,0.0375,0.0,0.0006828644631187121,0.0006828644631187121,0.0
2.0,13,3,0.05,87,30.599999999999998,0.02142427273969751,0.0625,0.0625,0.0,0.0033026101046158395,0.0033026101046158395,0.0
2.0,13,4,0.05,87,30.599999999999998,0.018525068648001693,0.05,0.05,0.0,0.0013947118957366553,0.0013947118957366553,0.0
2.0,13,5,0.05,87,30.599999999999998,0.05926636577523966,0.3,0.3375,0.0375,0.026511003133358423,0.025578191935917743,0.0009328111974406805
2.0,13,6,0.05,87,30.599999999999998,0.018485511131089327,0.0875,0.0875,0.0,0.0055456800457892134,0.0055456800457892134,0.0
2.0,13,7,0.05,87,30.599999999999998,0.06758675469815752,0.3375,0.4125,0.075,0.026818983589185396,0.02292891488038799,0.003890068708797406
2.0,13,0,0.1,87,30.599999999999998,0.058074537469106735,0.275,0.2875,0.0125,0.014322672201651076,0.012235885251012263,0.0020867869506388127
2.0,13,1,0.1,87,30.599999999999998,0.11672831540567644,0.725,0.925,0.2,0.09757011020743617,0.05114529136887525,0.046424818838560915
2.0,13,2,0.1,87,30.599999999999998,0.03687394007676078,0.1375,0.1375,0.0,0.001967266486022042,0.001929814307252209,3.745217876983302e-05
2.0,13,3,0.1,87,30.599999999999998,0.036694993210562375,0.1375,0.1375,0.0,0.008868977039225505,0.008868977039225505,0.0
2.0,13,4,0.1,87,30.599999999999998,0.03362809683981053,0.1,0.1125,0.0125,0.005851106736686871,0.0056707292383499485,0.00018037749833692274
2.0,13,5,0.1,87,30.599999999999998,0.08041148126358251,0.4375,0.5375,0.1,0.0455287230630807,0.038305094495765336,0.007223628567315364
2.0,13,6,0.1,87,30.599999999999998,0.03446502318266488,0.125,0.1375,0.0125,0.008772627747173392,0.008591799846787465,0.000180827900385927
2.0,13,7,0.1,87,30.599999999999998,0.09050669733896655,0.5125,0.6625,0.15,0.04776479515831108,0.034059925610155986,0.013704869548155092
2.0,13,0,0.2,87,30.599999999999998,0.10264316182668329,0.65,0.8375,0.1875,0.06987488615548042,0.04130628347727523,0.028568602678205185
2.0,13,1,0.2,87,30.599999999999998,0.1629783154056764,0.975,1.0,0.025,0.21693677230212613,0.0993149031389148,0.11762186916321132
2.0,13,2,0.2,87,30.599999999999998,0.07753825738662437,0.475,0.5625,0.0875,0.03397653805545216,0.020798982846893403,0.013177555208558754
2.0,13,3,0.2,87,30.599999999999998,0.07650935915031166,0.425,0.4625,0.0375,0.03561124631597338,0.02686770327145539,0.00874354304451799
2.0,13,4,0.2,87,30.599999999999998,0.07268661540234203,0.3875,0.5125,0.125,0.02683545511476959,0.022264772954504825,0.004570682160264766
2.0,13,5,0.2,87,30.599999999999998,0.12655779775785955,0.8,0.9375,0.1375,0.12307650768917819,0.07453371924672016,0.04854278844245803
2.0,13,6,0.2,87,30.599999999999998,0.0755352047926869,0.3625,0.4375,0.075,0.031236307763394602,0.028484539921154742,0.00275176784223986
2.0,13,7,0.2,87,30.599999999999998,0.13675194142370822,0.9,1.0,0.1,0.1483710886892481,0.07477550958584474,0.07359557910340335
2.0,13,0,0.35,87,30.599999999999998,0.17128643671331223,0.9625,1.0,0.0375,0.23865735088415752,0.11154842106536088,0.12710892981879662
2.0,13,1,0.35,87,30.599999999999998,0.2323533154056764,1.0,1.0,0.0,0.3983093213214717,0.1764297726898846,0.22187954863158707
2.0,13,2,0.35,87,30.599999999999998,0.1460856732349435,0.9375,1.0,0.0625,0.17277300192118317,0.07805980988662656,0.09471319203455661
2.0,13,3,0.35,87,30.599999999999998,0.145415049378949,0.8875,1.0,0.1125,0.17101973693821557,0.0861167166445838,0.08490302029363177
2.0,13,4,0.35,87,30.599999999999998,0.13913244635431588,0.9,0.9625,0.0625,0.1557493639444908,0.08037387474327624,0.07537548920121455
2.0,13,5,0.35,87,30.599999999999998,0.19593279775785957,1.0,1.0,0.0,0.303092281719503,0.14752734594698985,0.15556493577251312
2.0,13,6,0.35,87,30.599999999999998,0.14415930420679635,0.95,1.0,0.05,0.16773674302410205,0.08684750184585134,0.0808892411782507
2.0,13,7,0.35,87,30.599999999999998,0.2061269414237082,1.0,1.0,0.0,0.32974363770859044,0.15062700081882685,0.1791166368897636
2.0,13,0,0.5,87,30.599999999999998,0.24066143671331225,1.0,1.0,0.0,0.42002989990350026,0.1878276486827442,0.23220225122075605
2.0,13,1,0.5,87,30.599999999999998,0.30172831540567635,1.0,1.0,0.0,0.5796818703408176,0.2536748707291003,0.32600699961171736
2.0,13,2,0.5,87,30.599999999999998,0.2154606732349435,1.0,1.0,0.0,0.3541455509405265,0.15445508540794892,0.1996904655325776
2.0,13,3,0.5,87,30.599999999999998,0.21479004937894902,0.9875,1.0,0.0125,0.35239228595755673,0.16163506495211144,0.1907572210054453
2.0,13,4,0.5,87,30.599999999999998,0.20802077241859993,0.9875,1.0,0.0125,0.3346948298520945,0.15404510780188505,0.18064972205020943
2.0,13,5,0.5,87,30.599999999999998,0.26530779775785956,1.0,1.0,0.0,0.48446483073884894,0.22477244398620555,0.2596923867526434
2.0,13,6,0.5,87,30.599999999999998,0.21353430420679637,1.0,1.0,0.0,0.34910929204344315,0.16271528933030646,0.1863940027131367
2.0,13,7,0.5,87,30.599999999999998,0.2755019414237082,1.0,1.0,0.0,0.5111161867279365,0.22787209885804258,0.28324408786989386
2.0,14,0,0.0,61,38.39999999999999,0.0,0.0,0.0,0.0,0.0,0.0,0.0
2.0,14,1,0.0,61,38.39999999999999,0.0,0.0,0.0,0.0,0.0,0.0,0.0
2.0,14,2,0.0,61,38.39999999999999,0.0,0.0,0.0,0.0,0.0,0.0,0.0
2.0,14,3,0.0,61,38.39999999999999,0.0,0.0,0.0,0.0,0.0,0.0,0.0
2.0,14,4,0.0,61,38.39999999999999,0.0,0.0,0.0,0.0,0.0,0.0,0.0
2.0,14,5,0.0,61,38.39999999999999,0.0,0.0,0.0,0.0,0.0,0.0,0.0
2.0,14,6,0.0,61,38.39999999999999,0.0,0.0,0.0,0.0,0.0,0.0,0.0
2.0,14,7,0.0,61,38.39999999999999,0.0,0.0,0.0,0.0,0.0,0.0,0.0
2.0,14,0,0.05,61,38.39999999999999,0.07522757873817346,0.375,0.4125,0.0375,0.038984598657127965,0.03793018383335605,0.0010544148237719153
2.0,14,1,0.05,61,38.39999999999999,0.030110279540559653,0.1,0.1,0.0,0.013253947504299288,0.013253947504299288,0.0
2.0,14,2,0.05,61,38.39999999999999,0.02866210874136376,0.1125,0.1125,0.0,0.008552846403663229,0.008552846403663229,0.0
2.0,14,3,0.05,61,38.39999999999999,0.0768324990723256,0.3625,0.3875,0.025,0.043673346969618984,0.04206204781755815,0.0016112991520608327
2.0,14,4,0.05,61,38.39999999999999,0.03207994211876187,0.1375,0.1375,0.0,0.004933198807504056,0.00486181615233291,7.138265517114654e-05
2.0,14,5,0.05,61,38.39999999999999,0.07689841623444439,0.4,0.4375,0.0375,0.04173412466441239,0.03893795981164045,0.00279616485277194
2.0,14,6,0.05,61,38.39999999999999,0.027093370675177975,0.1,0.1,0.0,0.006846564106385007,0.006846564106385007,0.0
2.0,14,7,0.05,61,38.39999999999999,0.05399984694228832,0.2125,0.2125,0.0,0.019980114106107883,0.019965315803653374,1.4798302454509249e-05
2.0,14,0,0.1,61,38.39999999999999,0.10158881955269576,0.575,0.6375,0.0625,0.0682845510927732,0.06334946266755107,0.004935088425222139
2.0,14,1,0.1,61,38.39999999999999,0.051536335789064504,0.1875,0.1875,0.0,0.024228990679237308,0.024228990679237308,0.0
2.0,14,2,0.1,61,38.39999999999999,0.04879479446767902,0.2125,0.225,0.0125,0.020224734650982856,0.02006762873604244,0.00015710591494041623
2.0,14,3,0.1,61,38.39999999999999,0.10414937739500385,0.4875,0.625,0.1375,0.07138065636801982,0.06539372278487444,0.005986933583145379
2.0,14,4,0.1,61,38.39999999999999,0.052915777010417095,0.2625,0.275,0.0125,0.017045359689479626,0.01651619505338224,0.0005291646360973852
2.0,14,5,0.1,61,38.39999999999999,0.10352901385662576,0.55,0.6625,0.1125,0.07066589223515116,0.06226807319327074,0.008397819041880417
2.0,14,6,0.1,61,38.39999999999999,0.046328889543123655,0.225,0.25,0.025,0.01741757300151941,0.017305215660849714,0.00011235734066969427
2.0,14,7,0.1,61,38.39999999999999,0.07901408149589532,0.3875,0.4375,0.05,0.03820052781052467,0.0370484027021536,0.001152125108371073
2.0,14,0,0.2,61,38.39999999999999,0.15694456502930412,0.8375,0.975,0.1375,0.160560368669655,0.12268769731170408,0.03787267135795093
2.0,14,1,0.2,61,38.39999999999999,0.10452766244154206,0.575,0.675,0.1,0.07344001973513446,0.06801452237677708,0.005425497358357387
2.0,14,2,0.2,61,38.39999999999999,0.09887830119395351,0.5125,0.5875,0.075,0.06667986165739427,0.06111983065763748,0.005560030999756792
2.0,14,3,0.2,61,38.39999999999999,0.15967246085639963,0.8875,0.9875,0.1,0.16634821067372466,0.1255559263058461,0.040792284367878545
2.0,14,4,0.2,61,38.39999999999999,0.1047035174455925,0.6125,0.725,0.1125,0.07073474544203094,0.061096598373915754,0.009638147068115187
2.0,14,5,0.2,61,38.39999999999999,0.1586860911555133,0.85,0.9625,0.1125,0.1674073752301379,0.12214916164702298,0.04525821358311492
2.0,14,6,0.2,61,38.39999999999999,0.09451862426828009,0.45,0.5375,0.0875,0.06043292399755297,0.05487301184917685,0.005559912148376117
2.0,14,7,0.2,61,38.39999999999999,0.133099696825946,0.775,0.9125,0.1375,0.1166542921954418,0.09123886602313934,0.025415426172302455
2.0,14,0,0.35,61,38.39999999999999,0.24094456502930411,1.0,1.0,0.0,0.33530117714395913,0.22562864209516323,0.1096725350487959
2.0,14,1,0.35,61,38.39999999999999,0.188527662441542,0.9875,1.0,0.0125,0.2260992967529675,0.16276144014517005,0.06333785660779745
2.0,14,2,0.35,61,38.39999999999999,0.18191079401378318,0.8875,0.9875,0.1,0.21232638937338552,0.1524646767986379,0.05986171257474762
2.0,14,3,0.35,61,38.39999999999999,0.2436724608563996,1.0,1.0,0.0,0.3409842934503982,0.22875639652789692,0.11222789692250129
2.0,14,4,0.35,61,38.39999999999999,0.18770235293064566,0.9,1.0,0.1,0.22437990193858304,0.1564806557556472,0.06789924618293583
2.0,14,5,0.35,61,38.39999999999999,0.24268609115551326,0.9875,1.0,0.0125,0.33892935657354395,0.22469336049055835,0.1142359960829856
2.0,14,6,0.35,61,38.39999999999999,0.1781734899393208,0.875,1.0,0.125,0.2045281040400282,0.145873730948899,0.0586543730911292
2.0,14,7,0.35,61,38.39999999999999,0.217099696825946,0.975,1.0,0.025,0.28562436838702443,0.19180725251471206,0.09381711587231237
2.0,14,0,0.5,61,38.39999999999999,0.3249445650293041,1.0,1.0,0.0,0.5103011771436887,0.33075364209516334,0.1795475350485254
2.0,14,1,0.5,61,38.39999999999999,0.2725276624415421,1.0,1.0,0.0,0.4010992967526968,0.26778696585549255,0.13331233089720423
2.0,14,2,0.5,61,38.39999999999999,0.26591079401378315,1.0,1.0,0.0,0.387314154194875,0.25639785600696485,0.13091629818791017
2.0,14,3,0.5,61,38.39999999999999,0.3276724608563996,1.0,1.0,0.0,0.5159842934501279,0.33388139652789695,0.18210289692223092
2.0,14,4,0.5,61,38.39999999999999,0.27170235293064565,1.0,1.0,0.0,0.3993799019383065,0.2601688580392519,0.13921104389905464
2.0,14,5,0.5,61,38.39999999999999,0.3266860911555133,1.0,1.0,0.0,0.5139293565732734,0.3297913228768065,0.18413803369646692
2.0,14,6,0.5,61,38.39999999999999,0.26217348993932077,1.0,1.0,0.0,0.37952810403975035,0.2499536291235689,0.12957447491618146
2.0,14,7,0.5,61,38.39999999999999,0.30109969682594595,1.0,1.0,0.0,0.46062436838675347,0.29678189254902804,0.16384247583772543
2.0,15,0,0.0,87,31.9,0.0,0.0,0.0,0.0,0.0,0.0,0.0
2.0,15,1,0.0,87,31.9,0.0,0.0,0.0,0.0,0.0,0.0,0.0
2.0,15,2,0.0,87,31.9,0.0,0.0,0.0,0.0,0.0,0.0,0.0
2.0,15,3,0.0,87,31.9,0.0,0.0,0.0,0.0,0.0,0.0,0.0
2.0,15,4,0.0,87,31.9,0.0,0.0,0.0,0.0,0.0,0.0,0.0
2.0,15,5,0.0,87,31.9,0.0,0.0,0.0,0.0,0.0,0.0,0.0
2.0,15,6,0.0,87,31.9,0.0,0.0,0.0,0.0,0.0,0.0,0.0
2.0,15,7,0.0,87,31.9,0.0,0.0,0.0,0.0,0.0,0.0,0.0
2.0,15,0,0.05,87,31.9,0.033406933285763864,0.0625,0.0625,0.0,0.007709314525386348,0.007709314525386348,0.0
2.0,15,1,0.05,87,31.9,0.052672742593599844,0.2125,0.2375,0.025,0.010312878205327145,0.009392699369076917,0.0009201788362502277
2.0,15,2,0.05,87,31.9,0.06411060848456898,0.25,0.3375,0.0875,0.024976782661896502,0.02152989765279765,0.003446885009098854
2.0,15,3,0.05,87,31.9,0.055188109915100356,0.2875,0.3375,0.05,0.014068111676084075,0.011537242075970414,0.0025308696001136617
2.0,15,4,0.05,87,31.9,0.0037149627304542653,0.0,0.0,0.0,0.0,0.0,0.0
2.0,15,5,0.05,87,31.9,0.025345141700422423,0.0625,0.0625,0.0,0.0065369818167828,0.0065369818167828,0.0
2.0,15,6,0.05,87,31.9,0.024208667545453682,0.05,0.05,0.0,0.00255181386919832,0.0025400348853366656,1.1778983861654522e-05
2.0,15,7,0.05,87,31.9,0.02334038854004892,0.075,0.075,0.0,0.001632074721107352,0.001632074721107352,0.0
2.0,15,0,0.1,87,31.9,0.05323501606661827,0.1875,0.2,0.0125,0.014585685967588106,0.014403927860849155,0.00018175810673895162
2.0,15,1,0.1,87,31.9,0.07558229025717138,0.4,0.4625,0.0625,0.024788032655247136,0.02062248112500246,0.0041655515302446745
2.0,15,2,0.1,87,31.9,0.08660030935803179,0.4625,0.5375,0.075,0.0474100477170692,0.036610460643316446,0.010799587073752753
2.0,15,3,0.1,87,31.9,0.0776624774928701,0.5,0.575,0.075,0.032000732112272987,0.021811211093824723,0.010189521018448264
2.0,15,4,0.1,87,31.9,0.00966397033593486,0.0125,0.0125,0.0,0.0005264032194040171,0.0005264032194040171,0.0
2.0,15,5,0.1,87,31.9,0.04296998307644637,0.075,0.075,0.0,0.011298788384254523,0.011298788384254523,0.0
2.0,15,6,0.1,87,31.9,0.039525755714959684,0.125,0.125,0.0,0.008181729289381824,0.007665091090312876,0.0005166381990689486
2.0,15,7,0.1,87,31.9,0.039255309987309805,0.175,0.1875,0.0125,0.0077861544581221765,0.006997235009183064,0.0007889194489391124
2.0,15,0,0.2,87,31.9,0.09967390560502445,0.5875,0.775,0.1875,0.05844869849706056,0.043298177071639105,0.015150521425421455
2.0,15,1,0.2,87,31.9,0.1228456327554733,0.775,0.9625,0.1875,0.10942172774453984,0.06169484241458841,0.04772688532995143
2.0,15,2,0.2,87,31.9,0.13387722949439906,0.7875,0.975,0.1875,0.1367230210833098,0.07922677069856189,0.05749625038474791
2.0,15,3,0.2,87,31.9,0.12505456472090243,0.85,0.95,0.1,0.11688991192032876,0.06145746239538928,0.055432449524939476
2.0,15,4,0.2,87,31.9,0.03804548428859943,0.1125,0.125,0.0125,0.00547490685026651,0.0052094767595128755,0.0002654300907536343
2.0,15,5,0.2,87,31.9,0.08595712812380922,0.425,0.5625,0.1375,0.040838420275061044,0.03221086319913033,0.008627557075930714
2.0,15,6,0.2,87,31.9,0.07993442136529191,0.5125,0.6375,0.125,0.03692333414637355,0.030057296883455622,0.0068660372629179255
2.0,15,7,0.2,87,31.9,0.08242037689216933,0.425,0.5125,0.0875,0.035369538575587674,0.029474566914543022,0.005894971661044652
2.0,15,0,0.35,87,31.9,0.17148640560502443,0.9875,1.0,0.0125,0.22943299211248272,0.11801806835627936,0.11141492375620336
2.0,15,1,0.35,87,31.9,0.19454940082637,0.9875,1.0,0.0125,0.2872712246423698,0.14141588310197875,0.14585534154039106
2.0,15,2,0.35,87,31.9,0.20568972949439904,0.9875,1.0,0.0125,0.3152093529634034,0.15843199092602173,0.15677736203738168
2.0,15,3,0.35,87,31.9,0.1968670647209024,1.0,1.0,0.0,0.2930835478888211,0.14081354037023014,0.152270007518591
2.0,15,4,0.35,87,31.9,0.104385039981624,0.675,0.825,0.15,0.0696388749628119,0.04138890471530309,0.02824997024750881
2.0,15,5,0.35,87,31.9,0.15432704991475216,0.9125,0.9625,0.05,0.18793377688675458,0.09845967038597407,0.08947410650078051
2.0,15,6,0.35,87,31.9,0.15031838061872219,0.9125,1.0,0.0875,0.17634703603410098,0.09552208956383787,0.08082494647026311
2.0,15,7,0.35,87,31.9,0.15422813652263204,0.9375,1.0,0.0625,0.1861520665140862,0.09530785132704417,0.09084421518704203
2.0,15,0,0.5,87,31.9,0.2432989056050244,1.0,1.0,0.0,0.4095270359992535,0.2007968840782079,0.2087301519210456
2.0,15,1,0.5,87,31.9,0.26636190082637007,1.0,1.0,0.0,0.4673652685291398,0.22399788530086973,0.24336738322827006
2.0,15,2,0.5,87,31.9,0.27750222949439907,1.0,1.0,0.0,0.49530339685017405,0.2411726397814681,0.2541307570687059
2.0,15,3,0.5,87,31.9,0.26867956472090243,1.0,1.0,0.0,0.47317759177559215,0.22365209836396055,0.2495254934116316
2.0,15,4,0.5,87,31.9,0.17611142008272002,0.975,1.0,0.025,0.24103177450164381,0.11819992064524514,0.12283185385639868
2.0,15,5,0.5,87,31.9,0.22597930966175034,0.975,1.0,0.025,0.36609231263062214,0.17833253240906827,0.18775978022155387
2.0,15,6,0.5,87,31.9,0.2221308806187222,1.0,1.0,0.0,0.35644107992086166,0.17590729695655316,0.1805337829643085
2.0,15,7,0.5,87,31.9,0.226040636522632,1.0,1.0,0.0,0.36624611040085653,0.17802319438537353,0.188222916015483
2.0,16,0,0.0,72,37.099999999999994,0.0,0.0,0.0,0.0,0.0,0.0,0.0
2.0,16,1,0.0,72,37.099999999999994,0.0,0.0,0.0,0.0,0.0,0.0,0.0
2.0,16,2,0.0,72,37.099999999999994,0.0,0.0,0.0,0.0,0.0,0.0,0.0
2.0,16,3,0.0,72,37.099999999999994,0.0,0.0,0.0,0.0,0.0,0.0,0.0
2.0,16,4,0.0,72,37.099999999999994,0.0,0.0,0.0,0.0,0.0,0.0,0.0
2.0,16,5,0.0,72,37.099999999999994,0.0,0.0,0.0,0.0,0.0,0.0,0.0
2.0,16,6,0.0,72,37.099999999999994,0.0,0.0,0.0,0.0,0.0,0.0,0.0
2.0,16,7,0.0,72,37.099999999999994,0.0,0.0,0.0,0.0,0.0,0.0,0.0
2.0,16,0,0.05,72,37.099999999999994,0.017838404129861762,0.05,0.05,0.0,0.003045851784424903,0.003045851784424903,0.0
2.0,16,1,0.05,72,37.099999999999994,0.021528089157741317,0.075,0.075,0.0,0.00415576640988893,0.004131405549698879,2.4360860190051313e-05
2.0,16,2,0.05,72,37.099999999999994,0.035293912387152106,0.125,0.1375,0.0125,0.006337779010356355,0.00616131009908079,0.0001764689112755645
2.0,16,3,0.05,72,37.099999999999994,0.03362931517339118,0.1625,0.1625,0.0,0.008117332251720457,0.0074503080815437606,0.0006670241701766961
2.0,16,4,0.05,72,37.099999999999994,0.013341023791998424,0.025,0.025,0.0,0.0012767289274751017,0.0012767289274751017,0.0
2.0,16,5,0.05,72,37.099999999999994,0.015482266119670619,0.05,0.05,0.0,0.003886383281861845,0.003886383281861845,0.0
2.0,16,6,0.05,72,37.099999999999994,0.028930883283590513,0.1125,0.1125,0.0,0.004415938056539226,0.004415938056539226,0.0
2.0,16,7,0.05,72,37.099999999999994,0.05944098914966327,0.2625,0.2625,0.0,0.03396514387719326,0.03372075960595711,0.00024438427123615186
2.0,16,0,0.1,72,37.099999999999994,0.03340964880954215,0.1125,0.1125,0.0,0.009492573700729149,0.009492573700729149,0.0
2.0,16,1,0.1,72,37.099999999999994,0.0381665661331636,0.1125,0.1125,0.0,0.012617772735987085,0.012275378753567887,0.00034239398241919794
2.0,16,2,0.1,72,37.099999999999994,0.05594452141398208,0.3,0.3125,0.0125,0.021854347969695577,0.020869355230687288,0.000984992739008289
2.0,16,3,0.1,72,37.099999999999994,0.0531493043805754,0.2625,0.2875,0.025,0.01834167689448683,0.015832857003605195,0.0025088198908816348
2.0,16,4,0.1,72,37.099999999999994,0.028352830717886322,0.0875,0.0875,0.0,0.007856497009238588,0.007856497009238588,0.0
2.0,16,5,0.1,72,37.099999999999994,0.029323461282086394,0.1,0.1,0.0,0.011261241435731801,0.011261241435731801,0.0
2.0,16,6,0.1,72,37.099999999999994,0.05070657515784256,0.275,0.275,0.0,0.01371521367098539,0.013657461829534562,5.77518414508274e-05
2.0,16,7,0.1,72,37.099999999999994,0.08447510871874737,0.375,0.45,0.075,0.053817270176379224,0.052017273101026516,0.0017999970753527078
2.0,16,0,0.2,72,37.099999999999994,0.08175976034935922,0.375,0.425,0.05,0.035963777737735236,0.034479564161948896,0.0014842135757863403
2.0,16,1,0.2,72,37.099999999999994,0.08634370809812479,0.425,0.5,0.075,0.04277783936285782,0.037794046825599864,0.004983792537257954
2.0,16,2,0.2,72,37.099999999999994,0.10612728873098672,0.625,0.7125,0.0875,0.07922326260392523,0.06749844053926714,0.011724822064658094
2.0,16,3,0.2,72,37.099999999999994,0.10181005265892043,0.6,0.775,0.175,0.06063017467264301,0.045343766350689305,0.015286408321953708
2.0,16,4,0.2,72,37.099999999999994,0.07104219116433362,0.3625,0.375,0.0125,0.03793010573476581,0.036730222709445225,0.0011998830253205847
2.0,16,5,0.2,72,37.099999999999994,0.07056569506166602,0.3375,0.35,0.0125,0.04347130755880958,0.042672784381252105,0.000798523177557478
2.0,16,6,0.2,72,37.099999999999994,0.10156594922318178,0.625,0.7125,0.0875,0.06443140517454098,0.05534313121558677,0.009088273958954209
2.0,16,7,0.2,72,37.099999999999994,0.13709396716713745,0.7375,0.875,0.1375,0.12530023294801143,0.10098280135309184,0.024317431594919586
2.0,16,0,0.35,72,37.099999999999994,0.16322345079357342,0.975,1.0,0.025,0.17945757583496544,0.11868593770274885,0.06077163813221659
2.0,16,1,0.35,72,37.099999999999994,0.1676627021037916,0.975,1.0,0.025,0.1890300853987523,0.12205201577513684,0.06697806962361545
2.0,16,2,0.35,72,37.099999999999994,0.18732677365685646,0.975,1.0,0.025,0.23143239602527996,0.1573805732039595,0.07405182282132045
2.0,16,3,0.35,72,37.099999999999994,0.18334152735154155,0.975,1.0,0.025,0.22283887299489502,0.1342539764993659,0.08858489649552911
2.0,16,4,0.35,72,37.099999999999994,0.1509729931534442,0.8625,0.9625,0.1,0.15486623899744972,0.114785685065762,0.04008055393168772
2.0,16,5,0.35,72,37.099999999999994,0.15030821972031416,0.8375,1.0,0.1625,0.15160802096013118,0.11821175547304225,0.03339626548708893
2.0,16,6,0.35,72,37.099999999999994,0.1831241907193714,0.9625,1.0,0.0375,0.2223702225751693,0.1462615955367533,0.076108627038416
2.0,16,7,0.35,72,37.099999999999994,0.21851832645564356,0.9625,1.0,0.0375,0.29869180906838366,0.1980372392537581,0.10065456981462556
2.0,16,0,0.5,72,37.099999999999994,0.24478595079357351,1.0,1.0,0.0,0.3553335866163457,0.21985500682772233,0.13547857978862335
2.0,16,1,0.5,72,37.099999999999994,0.2492252021037916,1.0,1.0,0.0,0.36490609618013453,0.22325625135731564,0.1416498448228189
2.0,16,2,0.5,72,37.099999999999994,0.26888927365685655,1.0,1.0,0.0,0.40730840680666,0.2580242516247277,0.14928415518193228
2.0,16,3,0.5,72,37.099999999999994,0.26490402735154156,1.0,1.0,0.0,0.39871488377627706,0.23540945138867936,0.1633054323875977
2.0,16,4,0.5,72,37.099999999999994,0.23253549315344418,0.9875,1.0,0.0125,0.3289175054517248,0.2136826131188108,0.11523489233291404
2.0,16,5,0.5,72,37.099999999999994,0.2318707197203142,1.0,1.0,0.0,0.3274840317414882,0.2165855559050249,0.11089847583646331
2.0,16,6,0.5,72,37.099999999999994,0.2646866907193714,1.0,1.0,0.0,0.3982462333565511,0.24735169055449735,0.15089454280205378
2.0,16,7,0.5,72,37.099999999999994,0.3000808264556436,1.0,1.0,0.0,0.4745678198497654,0.2991000469866176,0.17546777286314785
2.0,17,0,0.0,73,37.099999999999994,0.0,0.0,0.0,0.0,0.0,0.0,0.0
2.0,17,1,0.0,73,37.099999999999994,0.0,0.0,0.0,0.0,0.0,0.0,0.0
2.0,17,2,0.0,73,37.099999999999994,0.0,0.0,0.0,0.0,0.0,0.0,0.0
2.0,17,3,0.0,73,37.099999999999994,0.0,0.0,0.0,0.0,0.0,0.0,0.0
2.0,17,4,0.0,73,37.099999999999994,0.0,0.0,0.0,0.0,0.0,0.0,0.0
2.0,17,5,0.0,73,37.099999999999994,0.0,0.0,0.0,0.0,0.0,0.0,0.0
2.0,17,6,0.0,73,37.099999999999994,0.0,0.0,0.0,0.0,0.0,0.0,0.0
2.0,17,7,0.0,73,37.099999999999994,0.0,0.0,0.0,0.0,0.0,0.0,0.0
2.0,17,0,0.05,73,37.099999999999994,0.09622662866736786,0.475,0.525,0.05,0.06556509848544288,0.06146075960005103,0.004104338885391849
2.0,17,1,0.05,73,37.099999999999994,0.01780498285090706,0.05,0.05,0.0,0.007049323816872664,0.007049323816872664,0.0
2.0,17,2,0.05,73,37.099999999999994,0.010051672570324681,0.0375,0.0375,0.0,0.00341439601519171,0.00341439601519171,0.0
2.0,17,3,0.05,73,37.099999999999994,0.03774014968650233,0.1375,0.15,0.0125,0.00846119258023849,0.008384336350558746,7.685622967974412e-05
2.0,17,4,0.05,73,37.099999999999994,0.015549691081565283,0.0375,0.0375,0.0,0.0010684059787947084,0.0010684059787947084,0.0
2.0,17,5,0.05,73,37.099999999999994,0.04800667100481336,0.125,0.15,0.025,0.017872676478161164,0.01761301444496894,0.00025966203319222406
2.0,17,6,0.05,73,37.099999999999994,0.041815110962964246,0.1375,0.1375,0.0,0.02112705068304298,0.02079610184616343,0.0003309488368795528
2.0,17,7,0.05,73,37.099999999999994,0.05253669287426298,0.2,0.2,0.0,0.03131774734801705,0.03116816661996643,0.0001495807280506231
2.0,17,0,0.1,73,37.099999999999994,0.12214884407541453,0.65,0.7875,0.1375,0.10206628596784394,0.08728565094995384,0.014780635017890092
2.0,17,1,0.1,73,37.099999999999994,0.03386726033677923,0.1125,0.1125,0.0,0.01059981726206163,0.01059981726206163,0.0
2.0,17,2,0.1,73,37.099999999999994,0.019803020945543745,0.05,0.05,0.0,0.006735135334439929,0.006735135334439929,0.0
2.0,17,3,0.1,73,37.099999999999994,0.05989024617934176,0.25,0.275,0.025,0.020851393114135055,0.020069970300002293,0.0007814228141327616
2.0,17,4,0.1,73,37.099999999999994,0.02869479907930277,0.1375,0.1375,0.0,0.006056163994095275,0.006056163994095275,0.0
2.0,17,5,0.1,73,37.099999999999994,0.0712072100045103,0.3125,0.3375,0.025,0.034073474364506896,0.031975001328972324,0.002098473035534572
2.0,17,6,0.1,73,37.099999999999994,0.06270172932758121,0.3125,0.3375,0.025,0.034622082302772514,0.03345792030218983,0.001164162000582683
2.0,17,7,0.1,73,37.099999999999994,0.07653447527853138,0.3125,0.325,0.0125,0.04917840921407099,0.04868262761247261,0.000495781601598376
2.0,17,0,0.2,73,37.099999999999994,0.17614816448094578,0.8875,0.9625,0.075,0.2078553165092087,0.1464711710750913,0.06138414543411738
2.0,17,1,0.2,73,37.099999999999994,0.07877101654374054,0.425,0.4625,0.0375,0.04020672481111779,0.037461650573213136,0.0027450742379046544
2.0,17,2,0.2,73,37.099999999999994,0.05655696023274049,0.2,0.2125,0.0125,0.02341714043209838,0.022967336142252343,0.0004498042898460376
2.0,17,3,0.2,73,37.099999999999994,0.1092950957230059,0.5875,0.7875,0.2,0.07459463218055469,0.05840838395995515,0.01618624822059954
2.0,17,4,0.2,73,37.099999999999994,0.0664313567956244,0.325,0.3375,0.0125,0.032180590459022475,0.03156231330677818,0.000618277152244294
2.0,17,5,0.2,73,37.099999999999994,0.12363181011481714,0.775,0.9,0.125,0.10021476259348246,0.07649017147311506,0.0237245911203674
2.0,17,6,0.2,73,37.099999999999994,0.11100503231610248,0.575,0.6875,0.1125,0.08941291834074076,0.07412196784365345,0.015290950497087313
2.0,17,7,0.2,73,37.099999999999994,0.12849640769745896,0.7625,0.8375,0.075,0.11498755321746106,0.09796293486556341,0.01702461835189764
2.0,17,0,0.35,73,37.099999999999994,0.25771066448094576,1.0,1.0,0.0,0.38320358917670977,0.24580672939069298,0.1373968597860168
2.0,17,1,0.35,73,37.099999999999994,0.1577843931121745,0.875,0.95,0.075,0.16881227484369096,0.11601050839275556,0.0528017664509354
2.0,17,2,0.35,73,37.099999999999994,0.13464397075197437,0.8,0.925,0.125,0.12031812230959545,0.09211109740114216,0.028207024908453282
2.0,17,3,0.35,73,37.099999999999994,0.1908219403063992,0.975,1.0,0.025,0.23896914351749887,0.15032932882906766,0.08863981468843121
2.0,17,4,0.35,73,37.099999999999994,0.14453939185174577,0.7875,0.9625,0.175,0.13989239485445845,0.09797096027024571,0.04192143458421274
2.0,17,5,0.35,73,37.099999999999994,0.20519431011481717,0.9875,1.0,0.0125,0.26996077652753026,0.17246200658476388,0.09749876994276638
2.0,17,6,0.35,73,37.099999999999994,0.19112105330128393,0.9125,0.9875,0.075,0.23979417505294065,0.16484523455058275,0.0749489405023579
2.0,17,7,0.35,73,37.099999999999994,0.210058907697459,0.975,1.0,0.025,0.28045047481897933,0.19280936225498127,0.08764111256399806
2.0,17,0,0.5,73,37.099999999999994,0.33927316448094574,1.0,1.0,0.0,0.5590795999580923,0.34709918222088165,0.21198041773721066
2.0,17,1,0.5,73,37.099999999999994,0.2393468931121745,1.0,1.0,0.0,0.3436051603492067,0.21553697085835957,0.1280681894908471
2.0,17,2,0.5,73,37.099999999999994,0.21620647075197436,0.9875,1.0,0.0125,0.2937066754755526,0.18959714384780507,0.10410953162774755
2.0,17,3,0.5,73,37.099999999999994,0.2723844403063992,1.0,1.0,0.0,0.41484515429888036,0.2513441048584889,0.16350104944039145
2.0,17,4,0.5,73,37.099999999999994,0.2261018918517458,1.0,1.0,0.0,0.31504451073106915,0.1966779659892298,0.11836654474183936
2.0,17,5,0.5,73,37.099999999999994,0.2867568101148172,1.0,1.0,0.0,0.4458367873089127,0.27374578394436827,0.17209100336454441
2.0,17,6,0.5,73,37.099999999999994,0.2726835533012839,1.0,1.0,0.0,0.41549014188897493,0.2640550788662463,0.15143506302272863
2.0,17,7,0.5,73,37.099999999999994,0.291621407697459,1.0,1.0,0.0,0.45632648560036126,0.29395396738099977,0.1623725182193615
2.0,18,0,0.0,84,33.19999999999999,0.0,0.0,0.0,0.0,0.0,0.0,0.0
2.0,18,1,0.0,84,33.19999999999999,0.0,0.0,0.0,0.0,0.0,0.0,0.0
2.0,18,2,0.0,84,33.19999999999999,0.0,0.0,0.0,0.0,0.0,0.0,0.0
2.0,18,3,0.0,84,33.19999999999999,0.0,0.0,0.0,0.0,0.0,0.0,0.0
2.0,18,4,0.0,84,33.19999999999999,0.0,0.0,0.0,0.0,0.0,0.0,0.0
2.0,18,5,0.0,84,33.19999999999999,0.0,0.0,0.0,0.0,0.0,0.0,0.0
2.0,18,6,0.0,84,33.19999999999999,0.0,0.0,0.0,0.0,0.0,0.0,0.0
2.0,18,7,0.0,84,33.19999999999999,0.0,0.0,0.0,0.0,0.0,0.0,0.0
2.0,18,0,0.05,84,33.19999999999999,0.048416722132587416,0.1625,0.175,0.0125,0.009688410466997418,0.008829547260677032,0.0008588632063203858
2.0,18,1,0.05,84,33.19999999999999,0.07336444660736192,0.4875,0.5375,0.05,0.020425726940146476,0.0174707976354941,0.0029549293046523747
2.0,18,2,0.05,84,33.19999999999999,0.015146642051471666,0.0375,0.0375,0.0,0.003663731029596549,0.003663731029596549,0.0
2.0,18,3,0.05,84,33.19999999999999,0.040898739921410715,0.1625,0.175,0.0125,0.012264879664710548,0.012160069227606768,0.00010481043710378057
2.0,18,4,0.05,84,33.19999999999999,0.016319888961257006,0.0375,0.0375,0.0,0.004246267664105987,0.004246267664105987,0.0
2.0,18,5,0.05,84,33.19999999999999,0.02338129542367388,0.05,0.05,0.0,0.0029946347580579523,0.0029946347580579523,0.0
2.0,18,6,0.05,84,33.19999999999999,0.027050201390978655,0.1,0.1,0.0,0.005200383170208792,0.005200383170208792,0.0
2.0,18,7,0.05,84,33.19999999999999,0.01658619695821065,0.0375,0.0375,0.0,0.00046193977200159364,0.00041586438522649356,4.607538677510009e-05
2.0,18,0,0.1,84,33.19999999999999,0.07089219062015903,0.3625,0.45,0.0875,0.02721422104215634,0.02329250984656393,0.003921711195592412
2.0,18,1,0.1,84,33.19999999999999,0.09775959730149035,0.675,0.85,0.175,0.054307722300610796,0.035686489482376564,0.018621232818234232
2.0,18,2,0.1,84,33.19999999999999,0.0268079552113616,0.075,0.075,0.0,0.010395969816272145,0.010395969816272145,0.0
2.0,18,3,0.1,84,33.19999999999999,0.06394557741618077,0.2875,0.325,0.0375,0.023133284124678258,0.0210622661107241,0.002071018013954158
2.0,18,4,0.1,84,33.19999999999999,0.030505281703765576,0.0875,0.1,0.0125,0.0113626527963261,0.011122783718367876,0.0002398690779582234
2.0,18,5,0.1,84,33.19999999999999,0.03861876081577586,0.1,0.1,0.0,0.008131911175724467,0.007718118878674162,0.000413792297050305
2.0,18,6,0.1,84,33.19999999999999,0.04480712950185456,0.1875,0.1875,0.0,0.014358015599321435,0.014358015599321435,0.0
2.0,18,7,0.1,84,33.19999999999999,0.032506827137343625,0.125,0.1375,0.0125,0.0034049019496287213,0.0032676034860299828,0.0001372984635987385
2.0,18,0,0.2,84,33.19999999999999,0.11985474361658681,0.7125,0.9,0.1875,0.09948253345570701,0.06706968595857714,0.032412847497129874
2.0,18,1,0.2,84,33.19999999999999,0.14725959730149038,0.925,1.0,0.075,0.16207131879848535,0.0879446236163995,0.07412669518208585
2.0,18,2,0.2,84,33.19999999999999,0.06487679209606273,0.275,0.2875,0.0125,0.03238489960594316,0.030504867665025977,0.0018800319409171817
2.0,18,3,0.2,84,33.19999999999999,0.11298646119780538,0.75,0.9,0.15,0.0812076955538313,0.05820613359313548,0.023001561960695818
2.0,18,4,0.2,84,33.19999999999999,0.07555629950237805,0.3,0.35,0.05,0.0366480908368034,0.033257691919394865,0.003390398917408534
2.0,18,5,0.2,84,33.19999999999999,0.08084422857752864,0.5,0.575,0.075,0.037542170539744554,0.03038519810015169,0.007156972439592863
2.0,18,6,0.2,84,33.19999999999999,0.09085018772452412,0.5625,0.7,0.1375,0.050489410706975726,0.043530847692382676,0.00695856301459305
2.0,18,7,0.2,84,33.19999999999999,0.0770862596229276,0.4125,0.4375,0.025,0.033509784620732626,0.030893246041977615,0.0026165385787550108
2.0,18,0,0.35,84,33.19999999999999,0.1941047436165868,0.9875,1.0,0.0125,0.2749511894370746,0.14990217973487424,0.12504900970220034
2.0,18,1,0.35,84,33.19999999999999,0.22150959730149036,1.0,1.0,0.0,0.3409869814487314,0.17485414768575444,0.16613283376297697
2.0,18,2,0.35,84,33.19999999999999,0.13563525852987898,0.8375,0.9375,0.1,0.13763607077314755,0.08484199649771607,0.05279407427543148
2.0,18,3,0.35,84,33.19999999999999,0.18723646119780535,0.9875,1.0,0.0125,0.25840111131956167,0.14180761071215367,0.116593500607408
2.0,18,4,0.35,84,33.19999999999999,0.1497704238085668,0.9625,1.0,0.0375,0.16812150315291607,0.1016781928922614,0.06644331026065467
2.0,18,5,0.35,84,33.19999999999999,0.1539289994902588,0.925,0.9875,0.0625,0.1791635988058056,0.10238011011575651,0.07678348869004908
2.0,18,6,0.35,84,33.19999999999999,0.16483957675457156,0.975,1.0,0.025,0.20443271507092395,0.11823059873306975,0.0862021163378542
2.0,18,7,0.35,84,33.19999999999999,0.1504902752920837,0.8625,0.975,0.1125,0.17032578232454273,0.101148871987955,0.06917691033658774
2.0,18,0,0.5,84,33.19999999999999,0.26835474361658684,1.0,1.0,0.0,0.45386685208732513,0.23788119191800877,0.21598566016931636
2.0,18,1,0.5,84,33.19999999999999,0.2957595973014904,1.0,1.0,0.0,0.519902644098982,0.2628481235893689,0.25705452050961314
2.0,18,2,0.5,84,33.19999999999999,0.20988525852987902,1.0,1.0,0.0,0.3129765265774636,0.16876462895099031,0.1442118976264733
2.0,18,3,0.5,84,33.19999999999999,0.26148646119780533,1.0,1.0,0.0,0.4373167739698123,0.22978938801417031,0.20752738595564196
2.0,18,4,0.5,84,33.19999999999999,0.22402042380856682,1.0,1.0,0.0,0.34703716580316557,0.18944285088634233,0.15759431491682324
2.0,18,5,0.5,84,33.19999999999999,0.2281789994902588,1.0,1.0,0.0,0.3570578300963561,0.18830814432720547,0.16874968576915064
2.0,18,6,0.5,84,33.19999999999999,0.2390895767545716,1.0,1.0,0.0,0.38334837772117175,0.20572184592533754,0.1776265317958342
2.0,18,7,0.5,84,33.19999999999999,0.22474027529208374,0.9875,1.0,0.0125,0.34877174769114516,0.18783946419958197,0.1609322834915632
2.0,19,0,0.0,80,33.85000000000001,0.0,0.0,0.0,0.0,0.0,0.0,0.0
2.0,19,1,0.0,80,33.85000000000001,0.0,0.0,0.0,0.0,0.0,0.0,0.0
2.0,19,2,0.0,80,33.85000000000001,0.0,0.0,0.0,0.0,0.0,0.0,0.0
2.0,19,3,0.0,80,33.85000000000001,0.0,0.0,0.0,0.0,0.0,0.0,0.0
2.0,19,4,0.0,80,33.85000000000001,0.0,0.0,0.0,0.0,0.0,0.0,0.0
2.0,19,5,0.0,80,33.85000000000001,0.0,0.0,0.0,0.0,0.0,0.0,0.0
2.0,19,6,0.0,80,33.85000000000001,0.0,0.0,0.0,0.0,0.0,0.0,0.0
2.0,19,7,0.0,80,33.85000000000001,0.0,0.0,0.0,0.0,0.0,0.0,0.0
2.0,19,0,0.05,80,33.85000000000001,0.028045628676426865,0.1,0.1125,0.0125,0.007783038286684235,0.0077578049578913835,2.5233328792851825e-05
2.0,19,1,0.05,80,33.85000000000001,0.02510673223990983,0.1125,0.1125,0.0,0.005242406493815225,0.005242406493815225,0.0
2.0,19,2,0.05,80,33.85000000000001,0.04678594304662824,0.2125,0.2125,0.0,0.015966248697559412,0.0156511907173124,0.00031505798024701256
2.0,19,3,0.05,80,33.85000000000001,0.028986285050254135,0.0875,0.1,0.0125,0.004410049069561664,0.004323169147369322,8.687992219234223e-05
2.0,19,4,0.05,80,33.85000000000001,0.03312610477502271,0.1125,0.1125,0.0,0.010849493451026287,0.010849493451026287,0.0
2.0,19,5,0.05,80,33.85000000000001,0.03986234246284135,0.15,0.1625,0.0125,0.014189813293373602,0.013892136961482452,0.00029767633189115017
2.0,19,6,0.05,80,33.85000000000001,0.06400268136319817,0.2875,0.3375,0.05,0.027692046968628474,0.025411272933168336,0.0022807740354601376
2.0,19,7,0.05,80,33.85000000000001,0.02455505553722532,0.0875,0.1,0.0125,0.002815304855224653,0.002743116260929302,7.218859429535115e-05
2.0,19,0,0.1,80,33.85000000000001,0.043861004456540065,0.25,0.2625,0.0125,0.016668025592763574,0.015665095286619392,0.001002930306144182
2.0,19,1,0.1,80,33.85000000000001,0.04150194173667827,0.15,0.1625,0.0125,0.01754827398877237,0.017539604070686457,8.669918085912193e-06
2.0,19,2,0.1,80,33.85000000000001,0.0677914532959619,0.35,0.375,0.025,0.030285876961025124,0.028946860145462404,0.00133901681556272
2.0,19,3,0.1,80,33.85000000000001,0.047863680181361654,0.1875,0.2125,0.025,0.0108608723985615,0.0104129689423498,0.00044790345621169986
2.0,19,4,0.1,80,33.85000000000001,0.050746610400350396,0.25,0.2625,0.0125,0.02136891861171112,0.02079716558201963,0.0005717530296914901
2.0,19,5,0.1,80,33.85000000000001,0.0589478163797423,0.3125,0.3375,0.025,0.02524435392782853,0.023825599175363588,0.0014187547524649423
2.0,19,6,0.1,80,33.85000000000001,0.08638006700518998,0.4625,0.5,0.0375,0.049211068475954065,0.04307487338370729,0.006136195092246777
2.0,19,7,0.1,80,33.85000000000001,0.0411360652380128,0.175,0.175,0.0,0.010329962715126467,0.009901029532793875,0.00042893318233259113
2.0,19,0,0.2,80,33.85000000000001,0.08907033296839063,0.525,0.5875,0.0625,0.05657706443130308,0.043170458092423404,0.013406606338879676
2.0,19,1,0.2,80,33.85000000000001,0.08460727509082619,0.5,0.5375,0.0375,0.05327179357091675,0.050148702445646925,0.0031230911252698237
2.0,19,2,0.2,80,33.85000000000001,0.11579751530496818,0.675,0.8625,0.1875,0.09295714722216616,0.06823658878985388,0.024720558432312287
2.0,19,3,0.2,80,33.85000000000001,0.09515350889070298,0.575,0.725,0.15,0.053029890557555116,0.040367760729222234,0.012662129828332883
2.0,19,4,0.2,80,33.85000000000001,0.09264841723004939,0.5125,0.6125,0.1,0.06688904201333479,0.05656427627188019,0.010324765741454599
2.0,19,5,0.2,80,33.85000000000001,0.10501922045076507,0.6,0.75,0.15,0.07931777939318943,0.060996866048324085,0.018320913344865346
2.0,19,6,0.2,80,33.85000000000001,0.13494766397222996,0.825,0.9375,0.1125,0.13290788294310804,0.0888897907125702,0.04401809223053785
2.0,19,7,0.2,80,33.85000000000001,0.08622990794164952,0.475,0.625,0.15,0.04173291330316047,0.03475307106232672,0.006979842240833756
2.0,19,0,0.35,80,33.85000000000001,0.1632652564477892,0.9625,0.9875,0.025,0.19804343021101162,0.11911215736123941,0.07893127284977221
2.0,19,1,0.35,80,33.85000000000001,0.15949699179741844,0.9125,0.9875,0.075,0.1882107386144351,0.12297485032279994,0.06523588829163517
2.0,19,2,0.35,80,33.85000000000001,0.19126626530496818,0.975,1.0,0.025,0.26296310854897487,0.1511027171866893,0.11186039136228557
2.0,19,3,0.35,80,33.85000000000001,0.17056341555513058,0.9625,1.0,0.0375,0.2140346601003915,0.12093588930905505,0.09309877079133644
2.0,19,4,0.35,80,33.85000000000001,0.16657158984194628,0.8875,0.9875,0.1,0.20461343771792145,0.12749942213066273,0.07711401558725872
2.0,19,5,0.35,80,33.85000000000001,0.18048797045076503,0.9375,1.0,0.0625,0.23749003356125253,0.13972788600022765,0.09776214756102489
2.0,19,6,0.35,80,33.85000000000001,0.2103707019064768,0.975,1.0,0.025,0.3081139188331073,0.17479520635330933,0.13331871247979796
2.0,19,7,0.35,80,33.85000000000001,0.16054000643484037,0.9375,0.9875,0.05,0.19063452767322475,0.1068738480781413,0.08376067959508345
2.0,19,0,0.5,80,33.85000000000001,0.2387340064477892,1.0,1.0,0.0,0.375146839462369,0.20763157364505358,0.1675152658173154
2.0,19,1,0.5,80,33.85000000000001,0.23496574179741844,1.0,1.0,0.0,0.36624104412919456,0.2117447987921113,0.15449624533708325
2.0,19,2,0.5,80,33.85000000000001,0.2667350153049682,1.0,1.0,0.0,0.4413235221379989,0.24137759455444616,0.19994592758355276
2.0,19,3,0.5,80,33.85000000000001,0.2460321655551306,1.0,1.0,0.0,0.392395073689414,0.21085226012602,0.181542813563394
2.0,19,4,0.5,80,33.85000000000001,0.24204033984194626,1.0,1.0,0.0,0.38296092133925724,0.21619250034922527,0.16676842099003197
2.0,19,5,0.5,80,33.85000000000001,0.255956720450765,1.0,1.0,0.0,0.4158504471502745,0.22951233975282517,0.18633810739744935
2.0,19,6,0.5,80,33.85000000000001,0.2858394519064768,1.0,1.0,0.0,0.48647433242213056,0.264885851436205,0.22158848098592554
2.0,19,7,0.5,80,33.85000000000001,0.23600875643484037,1.0,1.0,0.0,0.36870607133721367,0.19659289853833417,0.1721131727988795
2.0,20,0,0.0,74,35.800000000000004,0.0,0.0,0.0,0.0,0.0,0.0,0.0
2.0,20,1,0.0,74,35.800000000000004,0.0,0.0,0.0,0.0,0.0,0.0,0.0
2.0,20,2,0.0,74,35.800000000000004,0.0,0.0,0.0,0.0,0.0,0.0,0.0
2.0,20,3,0.0,74,35.800000000000004,0.0,0.0,0.0,0.0,0.0,0.0,0.0
2.0,20,4,0.0,74,35.800000000000004,0.0,0.0,0.0,0.0,0.0,0.0,0.0
2.0,20,5,0.0,74,35.800000000000004,0.0,0.0,0.0,0.0,0.0,0.0,0.0
2.0,20,6,0.0,74,35.800000000000004,0.0,0.0,0.0,0.0,0.0,0.0,0.0
2.0,20,7,0.0,74,35.800000000000004,0.0,0.0,0.0,0.0,0.0,0.0,0.0
2.0,20,0,0.05,74,35.800000000000004,0.016544772558397914,0.025,0.025,0.0,0.00459935109646271,0.00459935109646271,0.0
2.0,20,1,0.05,74,35.800000000000004,0.024913397051465308,0.05,0.05,0.0,0.003594818443337442,0.003594818443337442,0.0
2.0,20,2,0.05,74,35.800000000000004,0.01263410889698367,0.0125,0.0125,0.0,0.0012912280427416073,0.0012912280427416073,0.0
2.0,20,3,0.05,74,35.800000000000004,0.0142740813714736,0.0375,0.0375,0.0,0.0010222566082937264,0.0010222566082937264,0.0
2.0,20,4,0.05,74,35.800000000000004,0.06518115253613106,0.3375,0.3625,0.025,0.02487236373076024,0.024065038207933865,0.0008073255228263736
2.0,20,5,0.05,74,35.800000000000004,0.04097189415152727,0.1375,0.15,0.0125,0.01810964501222264,0.018058666029249746,5.097898297289419e-05
2.0,20,6,0.05,74,35.800000000000004,0.06959242013412255,0.35,0.425,0.075,0.028137355624402862,0.02476444755829947,0.003372908066103391
2.0,20,7,0.05,74,35.800000000000004,0.03179656562163978,0.0875,0.0875,0.0,0.010583721872044975,0.010583721872044975,0.0
2.0,20,0,0.1,74,35.800000000000004,0.030245043485167333,0.1,0.1,0.0,0.01047054445523983,0.01047054445523983,0.0
2.0,20,1,0.1,74,35.800000000000004,0.041808568258929917,0.125,0.125,0.0,0.011534742152393815,0.011534742152393815,0.0
2.0,20,2,0.1,74,35.800000000000004,0.024036076111391066,0.0875,0.0875,0.0,0.003483410502706411,0.003483410502706411,0.0
2.0,20,3,0.1,74,35.800000000000004,0.02925660624773772,0.075,0.075,0.0,0.005946512541744281,0.005850872039841198,9.56405019030826e-05
2.0,20,4,0.1,74,35.800000000000004,0.08956801183218137,0.475,0.5625,0.0875,0.049058809818872305,0.04214987891978956,0.006908930899082746
2.0,20,5,0.1,74,35.800000000000004,0.06169351124042095,0.275,0.2875,0.0125,0.03138385756217956,0.030769176962622578,0.0006146805995569833
2.0,20,6,0.1,74,35.800000000000004,0.09452755149895001,0.5625,0.65,0.0875,0.054692440892358016,0.04341286379196506,0.011279577100392957
2.0,20,7,0.1,74,35.800000000000004,0.05141541753766034,0.125,0.15,0.025,0.02083519746793783,0.02045070936884172,0.00038448809909611206
2.0,20,0,0.2,74,35.800000000000004,0.06959666279943215,0.3125,0.35,0.0375,0.037502136470521565,0.03415940691116112,0.0033427295593604425
2.0,20,1,0.2,74,35.800000000000004,0.08672229478068537,0.45,0.5,0.05,0.04946588368111128,0.04449977998260603,0.004966103698505253
2.0,20,2,0.2,74,35.800000000000004,0.06338162127886751,0.2875,0.35,0.0625,0.021168752794771453,0.020389908093568988,0.0007788447012024649
2.0,20,3,0.2,74,35.800000000000004,0.07413546793328576,0.325,0.35,0.025,0.03315786967864129,0.031384776478891985,0.0017730931997493038
2.0,20,4,0.2,74,35.800000000000004,0.1420549587941406,0.85,0.9875,0.1375,0.13920283624732666,0.09590168687597378,0.043301149371352876
2.0,20,5,0.2,74,35.800000000000004,0.10978135435203666,0.6375,0.7625,0.125,0.08560952949560378,0.07410226883044574,0.011507260665158045
2.0,20,6,0.2,74,35.800000000000004,0.14682448477667634,0.85,0.9625,0.1125,0.1493680423347754,0.09655588475293873,0.052812157581836675
2.0,20,7,0.2,74,35.800000000000004,0.10004541626131017,0.5625,0.6625,0.1,0.07046146501919859,0.06012288974931188,0.010338575269886706
2.0,20,0,0.35,74,35.800000000000004,0.1449943333546433,0.7875,0.925,0.1375,0.14937665968822555,0.10490011718131753,0.04447654250690802
2.0,20,1,0.35,74,35.800000000000004,0.16526530768451703,0.8875,1.0,0.1125,0.19053700041207358,0.12457887960454073,0.06595812080753286
2.0,20,2,0.35,74,35.800000000000004,0.13699069194510943,0.8375,0.9375,0.1,0.12948542117529374,0.08337884896665652,0.04610657220863722
2.0,20,3,0.35,74,35.800000000000004,0.15262511825131506,0.9125,0.9875,0.075,0.16305702992509274,0.11003582337168,0.05302120655341275
2.0,20,4,0.35,74,35.800000000000004,0.2211799587941406,1.0,1.0,0.0,0.3154859414389356,0.19025779757163366,0.12522814386730194
2.0,20,5,0.35,74,35.800000000000004,0.1881838623412671,0.9375,1.0,0.0625,0.24175164768967203,0.15948412787191352,0.08226751981775851
2.0,20,6,0.35,74,35.800000000000004,0.2259494847766763,1.0,1.0,0.0,0.3261441000590933,0.19216325345991694,0.13398084659917633
2.0,20,7,0.35,74,35.800000000000004,0.1791704162613101,0.9375,1.0,0.0625,0.22160986874006308,0.1454604541940053,0.07614941454605778
2.0,20,0,0.5,74,35.800000000000004,0.22348969075075384,1.0,1.0,0.0,0.3206473536324841,0.1952359108968382,0.1254114427356459
2.0,20,1,0.5,74,35.800000000000004,0.24439030768451703,1.0,1.0,0.0,0.36735264286986047,0.2204328831883926,0.14691975968146787
2.0,20,2,0.5,74,35.800000000000004,0.2161156919451094,1.0,1.0,0.0,0.30416914401092265,0.17626129285849726,0.1279078511524254
2.0,20,3,0.5,74,35.800000000000004,0.23175011825131503,1.0,1.0,0.0,0.3391064094996297,0.20588558327881304,0.13322082622081668
2.0,20,4,0.5,74,35.800000000000004,0.30030495879414054,1.0,1.0,0.0,0.4923015838967279,0.2874393618174437,0.20486222207928423
2.0,20,5,0.5,74,35.800000000000004,0.2673088623412671,1.0,1.0,0.0,0.4185672901474519,0.2555537887973041,0.1630135013501478
2.0,20,6,0.5,74,35.800000000000004,0.30507448477667637,1.0,1.0,0.0,0.5029597425168856,0.289344817705727,0.21361492481115857
2.0,20,7,0.5,74,35.800000000000004,0.25829541626131014,1.0,1.0,0.0,0.3984255111978547,0.24243576664945204,0.15598974454840264
2.0,21,0,0.0,79,34.50000000000001,0.0,0.0,0.0,0.0,0.0,0.0,0.0
2.0,21,1,0.0,79,34.50000000000001,0.0,0.0,0.0,0.0,0.0,0.0,0.0
2.0,21,2,0.0,79,34.50000000000001,0.0,0.0,0.0,0.0,0.0,0.0,0.0
2.0,21,3,0.0,79,34.50000000000001,0.0,0.0,0.0,0.0,0.0,0.0,0.0
2.0,21,4,0.0,79,34.50000000000001,0.0,0.0,0.0,0.0,0.0,0.0,0.0
2.0,21,5,0.0,79,34.50000000000001,0.0,0.0,0.0,0.0,0.0,0.0,0.0
2.0,21,6,0.0,79,34.50000000000001,0.0,0.0,0.0,0.0,0.0,0.0,0.0
2.0,21,7,0.0,79,34.50000000000001,0.0,0.0,0.0,0.0,0.0,0.0,0.0
2.0,21,0,0.05,79,34.50000000000001,0.032469681154859834,0.0875,0.0875,0.0,0.011836311846845533,0.011836311846845533,0.0
2.0,21,1,0.05,79,34.50000000000001,0.04123080761570968,0.1375,0.15,0.0125,0.010643621174206417,0.01060927343169277,3.43477425136466e-05
2.0,21,2,0.05,79,34.50000000000001,0.01458627404375464,0.0375,0.0375,0.0,0.00400931922494015,0.00400931922494015,0.0
2.0,21,3,0.05,79,34.50000000000001,0.05721162412035733,0.2625,0.275,0.0125,0.02696112394987516,0.02640502870819094,0.0005560952416842208
2.0,21,4,0.05,79,34.50000000000001,0.02022752986912839,0.0375,0.0375,0.0,0.002921018666394766,0.002921018666394766,0.0
2.0,21,5,0.05,79,34.50000000000001,0.04792681071549444,0.1625,0.1625,0.0,0.012733303672017561,0.012448731671371763,0.00028457200064579795
2.0,21,6,0.05,79,34.50000000000001,0.027142325913295545,0.0875,0.0875,0.0,0.007528057946933493,0.007528057946933493,0.0
2.0,21,7,0.05,79,34.50000000000001,0.07192511519487402,0.35,0.3875,0.0375,0.025628262221803182,0.023214085668625394,0.002414176553177789
2.0,21,0,0.1,79,34.50000000000001,0.05110066512093247,0.175,0.1875,0.0125,0.022686692322787975,0.022631935321806282,5.475700098169292e-05
2.0,21,1,0.1,79,34.50000000000001,0.06363662904148788,0.25,0.3,0.05,0.022045186469330087,0.02084260663364067,0.0012025798356894157
2.0,21,2,0.1,79,34.50000000000001,0.028415163612505744,0.1,0.1,0.0,0.008820509671943309,0.008820509671943309,0.0
2.0,21,3,0.1,79,34.50000000000001,0.07906312552969726,0.425,0.4625,0.0375,0.04808368546884771,0.04362993204441004,0.00445375342443767
2.0,21,4,0.1,79,34.50000000000001,0.035799011953503775,0.1125,0.1125,0.0,0.007374493380812792,0.007329289791015065,4.520358979772689e-05
2.0,21,5,0.1,79,34.50000000000001,0.07002852878701463,0.3875,0.4875,0.1,0.027612131707269023,0.024498345459265,0.003113786248004024
2.0,21,6,0.1,79,34.50000000000001,0.045720486305691914,0.1625,0.1875,0.025,0.015456999217589643,0.015023672812942009,0.00043332640464763435
2.0,21,7,0.1,79,34.50000000000001,0.09576461984708878,0.575,0.75,0.175,0.054813622126025446,0.042764751702820555,0.012048870423204891
2.0,21,0,0.2,79,34.50000000000001,0.09774022626331352,0.5375,0.6625,0.125,0.06477465792214153,0.05667212758343397,0.008102530338707559
2.0,21,1,0.2,79,34.50000000000001,0.11388670380452162,0.75,0.875,0.125,0.08400460515061163,0.06052790321845219,0.023476701932159443
2.0,21,2,0.2,79,34.50000000000001,0.07054732196650222,0.4375,0.45,0.0125,0.027280800663561026,0.026195453376066886,0.00108534728749414
2.0,21,3,0.2,79,34.50000000000001,0.12715672704650371,0.7625,0.875,0.1125,0.11891778819915323,0.0877903903083686,0.031127397890784628
2.0,21,4,0.2,79,34.50000000000001,0.07837422702292424,0.475,0.575,0.1,0.035291587442106996,0.029981412125621134,0.005310175316485862
2.0,21,5,0.2,79,34.50000000000001,0.11986661825095787,0.7625,0.9375,0.175,0.0966633809805861,0.06577731189505025,0.03088606908553586
2.0,21,6,0.2,79,34.50000000000001,0.0914359218639944,0.4625,0.625,0.1625,0.055120172403790905,0.04714461626268546,0.007975556141105448
2.0,21,7,0.2,79,34.50000000000001,0.14546693096517238,0.875,0.9625,0.0875,0.1550129040562324,0.09593406908527481,0.059078834970957575
2.0,21,0,0.35,79,34.50000000000001,0.17303099633805402,0.9375,0.9875,0.05,0.21624839861138812,0.13343124361238934,0.08281715499899878
2.0,21,1,0.35,79,34.50000000000001,0.19057420380452159,1.0,1.0,0.0,0.25640395085064493,0.1479837461851194,0.10842020466552554
2.0,21,2,0.35,79,34.50000000000001,0.14591353641315694,0.9375,1.0,0.0625,0.15284298298682084,0.09798179044184048,0.054861192544980356
2.0,21,3,0.35,79,34.50000000000001,0.2037723761839582,0.975,1.0,0.025,0.2870084085420727,0.17359623333180976,0.11341217521026295
2.0,21,4,0.35,79,34.50000000000001,0.15379467971737393,0.9125,1.0,0.0875,0.17111809789510093,0.10381832758020675,0.06729977031489419
2.0,21,5,0.35,79,34.50000000000001,0.19653345137879227,0.975,1.0,0.025,0.2702224959503743,0.15438482608730905,0.11583766986306523
2.0,21,6,0.35,79,34.50000000000001,0.16692953180454842,0.9,1.0,0.1,0.20157572592330225,0.12664405382853725,0.074931672094765
2.0,21,7,0.35,79,34.50000000000001,0.22215443096517232,1.0,1.0,0.0,0.32963346310708525,0.18474913718710964,0.1448843259199756
2.0,21,0,0.5,79,34.50000000000001,0.249718496338054,1.0,1.0,0.0,0.39355013643541586,0.22521597847576735,0.1683341579596485
2.0,21,1,0.5,79,34.50000000000001,0.26726170380452163,1.0,1.0,0.0,0.43423003780683755,0.24074461575033676,0.1934854220565008
2.0,21,2,0.5,79,34.50000000000001,0.22260103641315696,1.0,1.0,0.0,0.3306690699430033,0.18880559897857221,0.1418634709644311
2.0,21,3,0.5,79,34.50000000000001,0.2804598761839582,1.0,1.0,0.0,0.464834495498263,0.2657774432081564,0.19905705229010662
2.0,21,4,0.5,79,34.50000000000001,0.23048217971737392,1.0,1.0,0.0,0.34894418485128575,0.19500817521137817,0.15393600963990758
2.0,21,5,0.5,79,34.50000000000001,0.2732209513787923,1.0,1.0,0.0,0.4480485829065656,0.24683179660190718,0.2012167863046584
2.0,21,6,0.5,79,34.50000000000001,0.24361703180454844,0.9875,1.0,0.0125,0.379401812879485,0.21732774568701538,0.1620740671924696
2.0,21,7,0.5,79,34.50000000000001,0.29884193096517236,1.0,1.0,0.0,0.5074595500632777,0.277510006752327,0.2299495433109507
2.0,22,0,0.0,92,30.600000000000005,0.0,0.0,0.0,0.0,0.0,0.0,0.0
2.0,22,1,0.0,92,30.600000000000005,0.0,0.0,0.0,0.0,0.0,0.0,0.0
2.0,22,2,0.0,92,30.600000000000005,0.0,0.0,0.0,0.0,0.0,0.0,0.0
2.0,22,3,0.0,92,30.600000000000005,0.0,0.0,0.0,0.0,0.0,0.0,0.0
2.0,22,4,0.0,92,30.600000000000005,0.0,0.0,0.0,0.0,0.0,0.0,0.0
2.0,22,5,0.0,92,30.600000000000005,0.0,0.0,0.0,0.0,0.0,0.0,0.0
2.0,22,6,0.0,92,30.600000000000005,0.0,0.0,0.0,0.0,0.0,0.0,0.0
2.0,22,7,0.0,92,30.600000000000005,0.0,0.0,0.0,0.0,0.0,0.0,0.0
2.0,22,0,0.05,92,30.600000000000005,0.05210566072488528,0.1875,0.225,0.0375,0.008728081828971668,0.006888747067247178,0.0018393347617244897
2.0,22,1,0.05,92,30.600000000000005,0.06670599718835371,0.3375,0.3875,0.05,0.014513310202429394,0.010656084700143603,0.0038572255022857917
2.0,22,2,0.05,92,30.600000000000005,0.038407555197097626,0.1625,0.1625,0.0,0.010069036340211309,0.010069036340211309,0.0
2.0,22,3,0.05,92,30.600000000000005,0.03202828938862726,0.0875,0.0875,0.0,0.0090989768747244,0.00871300170192458,0.0003859751727998198
2.0,22,4,0.05,92,30.600000000000005,0.0497222093707656,0.2,0.25,0.05,0.012781592150634714,0.01085127389802926,0.0019303182526054542
2.0,22,5,0.05,92,30.600000000000005,0.035926154390494174,0.1125,0.1125,0.0,0.0072832643184242525,0.0072832643184242525,0.0
2.0,22,6,0.05,92,30.600000000000005,0.04802085367802357,0.1375,0.15,0.0125,0.0195371837950753,0.01923175054653761,0.0003054332485376912
2.0,22,7,0.05,92,30.600000000000005,0.04328739712209445,0.1625,0.1625,0.0,0.014251206367281624,0.013991591728003029,0.00025961463927859536
2.0,22,0,0.1,92,30.600000000000005,0.07353563734152738,0.3625,0.4625,0.1,0.02382526445393267,0.01650850672388686,0.007316757730045812
2.0,22,1,0.1,92,30.600000000000005,0.08884101271818828,0.6125,0.7875,0.175,0.041252255335701565,0.02495528661378977,0.016296968721911796
2.0,22,2,0.1,92,30.600000000000005,0.05899985988733338,0.2625,0.2875,0.025,0.021133310679223034,0.02023697635883265,0.000896334320390383
2.0,22,3,0.1,92,30.600000000000005,0.049455054487007696,0.175,0.2,0.025,0.01676642194878346,0.015985159632390587,0.000781262316392875
2.0,22,4,0.1,92,30.600000000000005,0.06797583617080416,0.375,0.4375,0.0625,0.027672437824347827,0.01916028147338851,0.008512156350959317
2.0,22,5,0.1,92,30.600000000000005,0.05420864551586995,0.2125,0.25,0.0375,0.016084435073385115,0.015481495997931166,0.0006029390754539489
2.0,22,6,0.1,92,30.600000000000005,0.06910407796641069,0.2875,0.3625,0.075,0.033126608810169475,0.029309218715177356,0.0038173900949921187
2.0,22,7,0.1,92,30.600000000000005,0.061918189106496234,0.25,0.35,0.1,0.024670403169226685,0.022462264331743486,0.0022081388374831992
2.0,22,0,0.2,92,30.600000000000005,0.11865046111045645,0.7625,0.9375,0.175,0.10421247678344997,0.05148111317735546,0.05273136360609451
2.0,22,1,0.2,92,30.600000000000005,0.1349362363372712,0.9,1.0,0.1,0.14362414728669332,0.06766786777922962,0.0759562795074637
2.0,22,2,0.2,92,30.600000000000005,0.10480493737364259,0.6375,0.825,0.1875,0.07172306158132438,0.04934446553570091,0.02237859604562347
2.0,22,3,0.2,92,30.600000000000005,0.09097307913251618,0.575,0.7,0.125,0.058242364721498824,0.0424211673571918,0.015821197364307024
2.0,22,4,0.2,92,30.600000000000005,0.1102884154317002,0.725,0.8,0.075,0.0887344881861207,0.046636625904381314,0.04209786228173939
2.0,22,5,0.2,92,30.600000000000005,0.09772520883373129,0.55,0.6625,0.1125,0.0600715994336436,0.042687776475509386,0.01738382295813421
2.0,22,6,0.2,92,30.600000000000005,0.11345569062356542,0.75,0.8625,0.1125,0.09485335789467157,0.06110093857405909,0.03375241932061248
2.0,22,7,0.2,92,30.600000000000005,0.10598499631352468,0.7,0.8125,0.1125,0.07769163164975898,0.05081334456387334,0.02687828708588564
2.0,22,0,0.35,92,30.600000000000005,0.1877729768437643,0.975,1.0,0.025,0.2817594165843947,0.12410456778514278,0.1576548487992519
2.0,22,1,0.35,92,30.600000000000005,0.2043112363372712,1.0,1.0,0.0,0.3249966963058853,0.1425846539624262,0.1824120423434591
2.0,22,2,0.35,92,30.600000000000005,0.17417993737364257,0.9875,1.0,0.0125,0.2462220584926928,0.1195057404836654,0.12671631800902738
2.0,22,3,0.35,92,30.600000000000005,0.1599373453223096,0.9125,0.9875,0.075,0.20925491049040304,0.10561803656248776,0.10363687392791528
2.0,22,4,0.35,92,30.600000000000005,0.1784424183511357,0.95,1.0,0.05,0.25736579961025813,0.11389768772514497,0.14346811188511316
2.0,22,5,0.35,92,30.600000000000005,0.166621393552289,0.9375,1.0,0.0625,0.22646115961337115,0.1085531350742001,0.11790802453917106
2.0,22,6,0.35,92,30.600000000000005,0.18264623945815528,0.95,1.0,0.05,0.2683561815894222,0.13238636214197866,0.13596981944744355
2.0,22,7,0.35,92,30.600000000000005,0.17535999631352467,0.9875,1.0,0.0125,0.2493071799041367,0.11936277664122448,0.12994440326291223
2.0,22,0,0.5,92,30.600000000000005,0.25714797684376434,1.0,1.0,0.0,0.46313196560359743,0.2008100763151644,0.26232188928843303
2.0,22,1,0.5,92,30.600000000000005,0.2736862363372711,1.0,1.0,0.0,0.5063692453250902,0.21982975200164193,0.2865394933234483
2.0,22,2,0.5,92,30.600000000000005,0.24355493737364253,1.0,1.0,0.0,0.4275946075118975,0.1967008224484613,0.2308937850634362
2.0,22,3,0.5,92,30.600000000000005,0.2293123453223096,1.0,1.0,0.0,0.39035907273725623,0.18152075187587235,0.20883832086138387
2.0,22,4,0.5,92,30.600000000000005,0.24775836096432716,0.9875,1.0,0.0125,0.43858395023257213,0.18976156563427377,0.24882238459829836
2.0,22,5,0.5,92,30.600000000000005,0.23599639355228902,1.0,1.0,0.0,0.40783370863257234,0.1848448976878876,0.22298881094468476
2.0,22,6,0.5,92,30.600000000000005,0.2520212394581553,1.0,1.0,0.0,0.4497287306086252,0.2091312205349386,0.24059751007368663
2.0,22,7,0.5,92,30.600000000000005,0.24473499631352466,1.0,1.0,0.0,0.4306797289233414,0.19654834335791524,0.23413138556542615
2.0,23,0,0.0,81,34.49999999999999,0.0,0.0,0.0,0.0,0.0,0.0,0.0
2.0,23,1,0.0,81,34.49999999999999,0.0,0.0,0.0,0.0,0.0,0.0,0.0
2.0,23,2,0.0,81,34.49999999999999,0.0,0.0,0.0,0.0,0.0,0.0,0.0
2.0,23,3,0.0,81,34.49999999999999,0.0,0.0,0.0,0.0,0.0,0.0,0.0
2.0,23,4,0.0,81,34.49999999999999,0.0,0.0,0.0,0.0,0.0,0.0,0.0
2.0,23,5,0.0,81,34.49999999999999,0.0,0.0,0.0,0.0,0.0,0.0,0.0
2.0,23,6,0.0,81,34.49999999999999,0.0,0.0,0.0,0.0,0.0,0.0,0.0
2.0,23,7,0.0,81,34.49999999999999,0.0,0.0,0.0,0.0,0.0,0.0,0.0
2.0,23,0,0.05,81,34.49999999999999,0.046379257015913736,0.2,0.2,0.0,0.016253988237340502,0.015987684152661566,0.00026630408467893593
2.0,23,1,0.05,81,34.49999999999999,0.05451827429732109,0.2375,0.25,0.0125,0.017764381916492884,0.017509316145356283,0.00025506577113660125
2.0,23,2,0.05,81,34.49999999999999,0.03328758079580824,0.0875,0.0875,0.0,0.010328533055243411,0.010328533055243411,0.0
2.0,23,3,0.05,81,34.49999999999999,0.04498374692290845,0.2125,0.2375,0.025,0.009459829525903646,0.008792725080310803,0.0006671044455928438
2.0,23,4,0.05,81,34.49999999999999,0.06277845254569042,0.25,0.3,0.05,0.02115265582176278,0.018432663367733176,0.002719992454029603
2.0,23,5,0.05,81,34.49999999999999,0.08786503657590815,0.4875,0.575,0.0875,0.051261508518868494,0.04432584122308943,0.006935667295779067
2.0,23,6,0.05,81,34.49999999999999,0.019466222078365857,0.025,0.025,0.0,0.00027363227708742413,0.00027363227708742413,0.0
2.0,23,7,0.05,81,34.49999999999999,0.024536704607454947,0.0875,0.0875,0.0,0.003941787948473477,0.0038408644800424297,0.00010092346843104758
2.0,23,0,0.1,81,34.49999999999999,0.07104245897397256,0.3125,0.325,0.0125,0.03021444725184348,0.02926844050177812,0.0009460067500653598
2.0,23,1,0.1,81,34.49999999999999,0.07816543214654335,0.3625,0.4375,0.075,0.035865807162859996,0.03309941910126584,0.002766388061594155
2.0,23,2,0.1,81,34.49999999999999,0.05349115052853043,0.15,0.175,0.025,0.020277259006268426,0.01956941673093846,0.0007078422753299674
2.0,23,3,0.1,81,34.49999999999999,0.06802350275155958,0.3,0.4125,0.1125,0.02212180473985452,0.01893392320782624,0.003187881532028279
2.0,23,4,0.1,81,34.49999999999999,0.08694318692211842,0.475,0.55,0.075,0.04764989762590117,0.03683081742237986,0.010819080203521306
2.0,23,5,0.1,81,34.49999999999999,0.11292904100103056,0.6625,0.7875,0.125,0.08688524961885379,0.06631849966489539,0.020566749953958394
2.0,23,6,0.1,81,34.49999999999999,0.036057316680607035,0.1375,0.1375,0.0,0.004702314367527172,0.0045982673115718435,0.00010404705595532839
2.0,23,7,0.1,81,34.49999999999999,0.041668989960033306,0.175,0.175,0.0,0.011254445269325368,0.011100198582227596,0.00015424668709777128
2.0,23,0,0.2,81,34.49999999999999,0.12182344685689481,0.7,0.925,0.225,0.09859480493267202,0.07229027287046137,0.026304532062210645
2.0,23,1,0.2,81,34.49999999999999,0.127186100404864,0.775,0.9,0.125,0.11532240288565726,0.07976747665212208,0.03555492623353518
2.0,23,2,0.2,81,34.49999999999999,0.10058202122426191,0.5875,0.725,0.1375,0.06571708669078263,0.05161318971147596,0.014103896979306675
2.0,23,3,0.2,81,34.49999999999999,0.11836865008831288,0.7125,0.8625,0.15,0.09460691458171204,0.05946486254392211,0.03514205203778993
2.0,23,4,0.2,81,34.49999999999999,0.13748381916926403,0.825,0.925,0.1,0.1352662145462621,0.08653591538990549,0.0487302991563566
2.0,23,5,0.2,81,34.49999999999999,0.163892876860109,0.9,1.0,0.1,0.19453420721155737,0.11968155607045596,0.07485265114110141
2.0,23,6,0.2,81,34.49999999999999,0.08171611469049385,0.45,0.525,0.075,0.04012261787596614,0.0330308329759791,0.00709178489998704
2.0,23,7,0.2,81,34.49999999999999,0.08512995095491181,0.475,0.625,0.15,0.04624466490433553,0.04094645162193943,0.005298213282396096
2.0,23,0,0.35,81,34.49999999999999,0.1985109468568948,0.9875,1.0,0.0125,0.2748079927112045,0.16224936422717265,0.11255862848403184
2.0,23,1,0.35,81,34.49999999999999,0.2037382933250567,0.975,1.0,0.025,0.2869293758257563,0.16748476740289298,0.11944460842286331
2.0,23,2,0.35,81,34.49999999999999,0.17591107531838557,0.9875,1.0,0.0125,0.22240249349154828,0.12928824154148508,0.0931142519500632
2.0,23,3,0.35,81,34.49999999999999,0.19505615008831287,0.9875,1.0,0.0125,0.2667968697695426,0.1483818425377446,0.11841502723179798
2.0,23,4,0.35,81,34.49999999999999,0.21417131916926402,1.0,1.0,0.0,0.3111218995224095,0.1763525732167185,0.134769326305691
2.0,23,5,0.35,81,34.49999999999999,0.24058037686010905,1.0,1.0,0.0,0.3723602941677448,0.21114307497257082,0.16121721919517398
2.0,23,6,0.35,81,34.49999999999999,0.1578845766078312,0.925,0.9875,0.0625,0.18080318259953995,0.11065677292648203,0.07014640967305792
2.0,23,7,0.35,81,34.49999999999999,0.16027828511035522,0.9375,1.0,0.0625,0.18615254518317267,0.11718760810949448,0.06896493707367819
2.0,23,0,0.5,81,34.49999999999999,0.2751984468568948,1.0,1.0,0.0,0.4526340796673969,0.2549569300055001,0.19767714966189676
2.0,23,1,0.5,81,34.49999999999999,0.2804257933250568,1.0,1.0,0.0,0.46475546278194624,0.2595621779593774,0.20519328482256882
2.0,23,2,0.5,81,34.49999999999999,0.2525985753183856,1.0,1.0,0.0,0.4002285804477408,0.22202867904877666,0.17819990139896413
2.0,23,3,0.5,81,34.49999999999999,0.27174365008831286,1.0,1.0,0.0,0.44462295672573476,0.2410379306179885,0.20358502610774626
2.0,23,4,0.5,81,34.49999999999999,0.29085881916926404,1.0,1.0,0.0,0.4889479864786021,0.26911344278193594,0.21983454369666616
2.0,23,5,0.5,81,34.49999999999999,0.31726787686010904,1.0,1.0,0.0,0.5501863811239374,0.30390394453778824,0.24628243658614912
2.0,23,6,0.5,81,34.49999999999999,0.23457207660783125,1.0,1.0,0.0,0.35842800372769995,0.202267813396519,0.15616019033118095
2.0,23,7,0.5,81,34.49999999999999,0.2369657851103552,0.9875,1.0,0.0125,0.363978632139351,0.2081302423276626,0.1558483898116884
2.0,24,0,0.0,74,36.45,0.0,0.0,0.0,0.0,0.0,0.0,0.0
2.0,24,1,0.0,74,36.45,0.0,0.0,0.0,0.0,0.0,0.0,0.0
2.0,24,2,0.0,74,36.45,0.0,0.0,0.0,0.0,0.0,0.0,0.0
2.0,24,3,0.0,74,36.45,0.0,0.0,0.0,0.0,0.0,0.0,0.0
2.0,24,4,0.0,74,36.45,0.0,0.0,0.0,0.0,0.0,0.0,0.0
2.0,24,5,0.0,74,36.45,0.0,0.0,0.0,0.0,0.0,0.0,0.0
2.0,24,6,0.0,74,36.45,0.0,0.0,0.0,0.0,0.0,0.0,0.0
2.0,24,7,0.0,74,36.45,0.0,0.0,0.0,0.0,0.0,0.0,0.0
2.0,24,0,0.05,74,36.45,0.08632544292247676,0.5375,0.5875,0.05,0.04424521223672338,0.03813402342182678,0.006111188814896605
2.0,24,1,0.05,74,36.45,0.03427671809341365,0.1375,0.15,0.0125,0.006876583305921475,0.0068756055400162166,9.777659052585819e-07
2.0,24,2,0.05,74,36.45,0.012073104308515891,0.0375,0.0375,0.0,0.004620020449359327,0.004620020449359327,0.0
2.0,24,3,0.05,74,36.45,0.015098760940337335,0.0375,0.0375,0.0,0.004867176746716465,0.004867176746716465,0.0
2.0,24,4,0.05,74,36.45,0.027714011967389828,0.075,0.075,0.0,0.011652255138802286,0.011652255138802286,0.0
2.0,24,5,0.05,74,36.45,0.01226638145725976,0.0125,0.0125,0.0,0.00016460418746946129,0.00016460418746946129,0.0
2.0,24,6,0.05,74,36.45,0.024467307541252932,0.075,0.075,0.0,0.006503779436745136,0.006503779436745136,0.0
2.0,24,7,0.05,74,36.45,0.0528890673075028,0.1875,0.1875,0.0,0.020614942914538404,0.020147076462291254,0.00046786645224715026
2.0,24,0,0.1,74,36.45,0.1129167825056975,0.7,0.85,0.15,0.0805329422294476,0.06238955771704388,0.018143384512403715
2.0,24,1,0.1,74,36.45,0.05664000801854794,0.25,0.275,0.025,0.018667723732820905,0.01740652052219393,0.0012612032106269766
2.0,24,2,0.1,74,36.45,0.02595481459438434,0.05,0.05,0.0,0.0092115961956713,0.0092115961956713,0.0
2.0,24,3,0.1,74,36.45,0.029438518321081592,0.1,0.1,0.0,0.01034962740323001,0.01034962740323001,0.0
2.0,24,4,0.1,74,36.45,0.0464829528524235,0.175,0.175,0.0,0.02252709097289433,0.02252709097289433,0.0
2.0,24,5,0.1,74,36.45,0.021601231592770005,0.0625,0.0625,0.0,0.0018439800024137142,0.0018439800024137142,0.0
2.0,24,6,0.1,74,36.45,0.043660915996165846,0.1375,0.1625,0.025,0.016029129534780407,0.01598437457911752,4.475495566288665e-05
2.0,24,7,0.1,74,36.45,0.0763116049174552,0.35,0.425,0.075,0.03720503107671672,0.034600963969689695,0.0026040671070270277
2.0,24,0,0.2,74,36.45,0.16642446761503385,0.9,1.0,0.1,0.1896833308420602,0.12122938958129023,0.06845394126076998
2.0,24,1,0.2,74,36.45,0.1084749662282373,0.6375,0.75,0.1125,0.07529983140871294,0.06207121859233066,0.013228612816382275
2.0,24,2,0.2,74,36.45,0.06984503432893721,0.3125,0.325,0.0125,0.030849675341867486,0.03056503127387123,0.000284644067996255
2.0,24,3,0.2,74,36.45,0.07281281811404179,0.35,0.3625,0.0125,0.03695434019399336,0.03412261463053262,0.0028317255634607366
2.0,24,4,0.2,74,36.45,0.09485416026070713,0.4625,0.6,0.1375,0.06085185816634299,0.056797691606195876,0.004054166560147114
2.0,24,5,0.2,74,36.45,0.0539267402105444,0.225,0.275,0.05,0.016139646365779886,0.013606985761078966,0.0025326606047009204
2.0,24,6,0.2,74,36.45,0.09353857662059313,0.5125,0.5875,0.075,0.05642077864940818,0.05245312433928862,0.003967654310119556
2.0,24,7,0.2,74,36.45,0.12836261338747662,0.7375,0.8375,0.1,0.11189265493240261,0.07954709325805791,0.0323455616743447
2.0,24,0,0.35,74,36.45,0.2467682176150338,1.0,1.0,0.0,0.36602077940142796,0.21958650740290991,0.14643427199851805
2.0,24,1,0.35,74,36.45,0.18875994576307625,0.9625,1.0,0.0375,0.23870495640696981,0.15327711641554595,0.08542783999142387
2.0,24,2,0.35,74,36.45,0.14822990407021358,0.85,0.9625,0.1125,0.15079966072689416,0.10615183301276064,0.04464782771413352
2.0,24,3,0.35,74,36.45,0.15156123536398008,0.875,0.9625,0.0875,0.1579844440879461,0.11133169935915498,0.04665274472879112
2.0,24,4,0.35,74,36.45,0.17461846811423448,0.9625,0.9875,0.025,0.20777317849748117,0.1413420528980174,0.06643112559946376
2.0,24,5,0.35,74,36.45,0.1279489316483169,0.7625,0.9375,0.175,0.11007885982808178,0.07614969512788802,0.03392916470019376
2.0,24,6,0.35,74,36.45,0.17354325286529054,0.9625,1.0,0.0375,0.20530755087006688,0.13910875712985918,0.0661987937402077
2.0,24,7,0.35,74,36.45,0.2087063633874766,0.9875,1.0,0.0125,0.28248310208457955,0.1747131918430809,0.10776991024149865
2.0,24,0,0.5,74,36.45,0.32711196761503386,1.0,1.0,0.0,0.5423582279608006,0.3188601699543503,0.22349805800645028
2.0,24,1,0.5,74,36.45,0.26910369576307624,1.0,1.0,0.0,0.4150424049663418,0.25240404642153974,0.16263835854480208
2.0,24,2,0.5,74,36.45,0.2285736540702136,1.0,1.0,0.0,0.3260875809492403,0.20360277170654859,0.1224848092426917
2.0,24,3,0.5,74,36.45,0.23190498536398013,1.0,1.0,0.0,0.33339914483129685,0.20838078368142923,0.1250183611498676
2.0,24,4,0.5,74,36.45,0.2549622181142345,1.0,1.0,0.0,0.38400486828857233,0.2401259969404839,0.14387887134808844
2.0,24,5,0.5,74,36.45,0.20822216171898478,0.9625,1.0,0.0375,0.2814203823731955,0.1693746585536707,0.1120457238195248
2.0,24,6,0.5,74,36.45,0.2538870028652906,1.0,1.0,0.0,0.38164499942943625,0.2377997409210705,0.14384525850836574
2.0,24,7,0.5,74,36.45,0.2890501133874766,1.0,1.0,0.0,0.4588205506439515,0.27384601562120897,0.18497453502274253
2.0,25,0,0.0,74,35.8,0.0,0.0,0.0,0.0,0.0,0.0,0.0
2.0,25,1,0.0,74,35.8,0.0,0.0,0.0,0.0,0.0,0.0,0.0
2.0,25,2,0.0,74,35.8,0.0,0.0,0.0,0.0,0.0,0.0,0.0
2.0,25,3,0.0,74,35.8,0.0,0.0,0.0,0.0,0.0,0.0,0.0
2.0,25,4,0.0,74,35.8,0.0,0.0,0.0,0.0,0.0,0.0,0.0
2.0,25,5,0.0,74,35.8,0.0,0.0,0.0,0.0,0.0,0.0,0.0
2.0,25,6,0.0,74,35.8,0.0,0.0,0.0,0.0,0.0,0.0,0.0
2.0,25,7,0.0,74,35.8,0.0,0.0,0.0,0.0,0.0,0.0,0.0
2.0,25,0,0.05,74,35.8,0.046955155197924626,0.1625,0.175,0.0125,0.01944318311160957,0.019424662712981676,1.8520398627895618e-05
2.0,25,1,0.05,74,35.8,0.018382909198917195,0.0375,0.0375,0.0,0.004880537072343023,0.004880537072343023,0.0
2.0,25,2,0.05,74,35.8,0.034927794427526686,0.1125,0.1125,0.0,0.00815309038041651,0.007628145214657843,0.0005249451657586678
2.0,25,3,0.05,74,35.8,0.01654217660763422,0.0375,0.0375,0.0,0.004189087017650237,0.004189087017650237,0.0
2.0,25,4,0.05,74,35.8,0.02904308181599955,0.1125,0.1125,0.0,0.007035042668147403,0.0067921520400915855,0.00024289062805581737
2.0,25,5,0.05,74,35.8,0.09265037984189708,0.475,0.6125,0.1375,0.056446750516824525,0.05194979730719984,0.004496953209624684
2.0,25,6,0.05,74,35.8,0.029357224293686757,0.1125,0.1125,0.0,0.008830852697284312,0.008793442969384063,3.740972790024916e-05
2.0,25,7,0.05,74,35.8,0.01238859767272284,0.025,0.025,0.0,0.0009315593208183687,0.0009315593208183687,0.0
2.0,25,0,0.1,74,35.8,0.07019767044483367,0.3125,0.3125,0.0,0.03374642109033943,0.03336796388670061,0.0003784572036388198
2.0,25,1,0.1,74,35.8,0.03151579240531217,0.1,0.1,0.0,0.010616751196923143,0.010616751196923143,0.0
2.0,25,2,0.1,74,35.8,0.05656408356814195,0.2375,0.2625,0.025,0.018841425236729145,0.0172805945698022,0.0015608306669269469
2.0,25,3,0.1,74,35.8,0.029599322367174517,0.1,0.1,0.0,0.009188784092112951,0.009188784092112951,0.0
2.0,25,4,0.1,74,35.8,0.048556478771857536,0.2125,0.225,0.0125,0.017349461033325533,0.016831384233036806,0.0005180768002887269
2.0,25,5,0.1,74,35.8,0.11837770700740194,0.6875,0.8375,0.15,0.09312574066984541,0.07637756468775178,0.016748175982093633
2.0,25,6,0.1,74,35.8,0.04638597601477574,0.225,0.225,0.0,0.01720142454829942,0.01681671538957068,0.0003847091587287389
2.0,25,7,0.1,74,35.8,0.02729315715231211,0.0375,0.0375,0.0,0.004030619669225616,0.004030619669225616,0.0
2.0,25,0,0.2,74,35.8,0.12180932253919004,0.7,0.825,0.125,0.10118692151521595,0.08020478278466944,0.02098213873054651
2.0,25,1,0.2,74,35.8,0.07235860888870957,0.4125,0.4125,0.0,0.0359969634281292,0.03396123167480355,0.002035731753325651
2.0,25,2,0.2,74,35.8,0.10655648746907243,0.675,0.7875,0.1125,0.06967681259265565,0.05444395330505095,0.015232859287604698
2.0,25,3,0.2,74,35.8,0.07074140881772895,0.3,0.3375,0.0375,0.033223184652232285,0.03153298144019481,0.0016902032120374721
2.0,25,4,0.2,74,35.8,0.09707314751918328,0.575,0.7,0.125,0.06067585669323818,0.053221952622363775,0.007453904070874408
2.0,25,5,0.2,74,35.8,0.17094886333512102,0.9375,1.0,0.0625,0.20323768343017323,0.13482062776784312,0.06841705566233011
2.0,25,6,0.2,74,35.8,0.09199315353707094,0.6,0.6625,0.0625,0.052866455396227925,0.04354892010944792,0.009317535286780004
2.0,25,7,0.2,74,35.8,0.0704563803311491,0.4,0.4125,0.0125,0.029090937974643453,0.027362881487190776,0.0017280564874526776
2.0,25,0,0.35,74,35.8,0.20091988367280794,0.975,1.0,0.025,0.2702120305533789,0.17152931012248285,0.09868272043089604
2.0,25,1,0.35,74,35.8,0.14835838178674707,0.8625,0.9875,0.125,0.15280701389496273,0.10552073747223872,0.04728627642272401
2.0,25,2,0.35,74,35.8,0.18567429122748794,0.9625,1.0,0.0375,0.23614366754710345,0.14422710363162225,0.0919165639154812
2.0,25,3,0.35,74,35.8,0.14832665760133626,0.875,0.9625,0.0875,0.15318605738297775,0.10494694321699555,0.0482391141659822
2.0,25,4,0.35,74,35.8,0.1753241408890755,0.9625,1.0,0.0375,0.21301483997530185,0.13904934996644996,0.07396549000885189
2.0,25,5,0.35,74,35.8,0.25007386333512105,1.0,1.0,0.0,0.3800533258879613,0.23088907470174697,0.14916425118621435
2.0,25,6,0.35,74,35.8,0.16944713323197252,0.925,0.9875,0.0625,0.20046658755097388,0.12695643119333896,0.07351015635763491
2.0,25,7,0.35,74,35.8,0.14848234053074633,0.8875,1.0,0.1125,0.15303316319700383,0.10227864846139346,0.050754514735610365
2.0,25,0,0.5,74,35.8,0.280044883672808,1.0,1.0,0.0,0.44702767301117075,0.2685684978380279,0.17845917517314286
2.0,25,1,0.5,74,35.8,0.22748338178674712,1.0,1.0,0.0,0.3295718028749094,0.19957041916854043,0.13000138370636896
2.0,25,2,0.5,74,35.8,0.26479929122748797,1.0,1.0,0.0,0.41295931000489444,0.24108674753250955,0.1718725624723849
2.0,25,3,0.5,74,35.8,0.22745165760133626,1.0,1.0,0.0,0.3295009108404743,0.2001415184886542,0.1293593923518201
2.0,25,4,0.5,74,35.8,0.25444914088907555,1.0,1.0,0.0,0.38983048243308893,0.23493862633580326,0.15489185609728567
2.0,25,5,0.5,74,35.8,0.32919886333512105,1.0,1.0,0.0,0.5568689683457538,0.328070638947557,0.22879832939819683
2.0,25,6,0.5,74,35.8,0.24857213323197253,1.0,1.0,0.0,0.37669750442838956,0.2218294065033288,0.15486809792506076
2.0,25,7,0.5,74,35.8,0.22760734053074633,0.9875,1.0,0.0125,0.3298488056547893,0.19813637586618899,0.13171242978860032
2.0,26,0,0.0,81,33.85,0.0,0.0,0.0,0.0,0.0,0.0,0.0
2.0,26,1,0.0,81,33.85,0.0,0.0,0.0,0.0,0.0,0.0,0.0
2.0,26,2,0.0,81,33.85,0.0,0.0,0.0,0.0,0.0,0.0,0.0
2.0,26,3,0.0,81,33.85,0.0,0.0,0.0,0.0,0.0,0.0,0.0
2.0,26,4,0.0,81,33.85,0.0,0.0,0.0,0.0,0.0,0.0,0.0
2.0,26,5,0.0,81,33.85,0.0,0.0,0.0,0.0,0.0,0.0,0.0
2.0,26,6,0.0,81,33.85,0.0,0.0,0.0,0.0,0.0,0.0,0.0
2.0,26,7,0.0,81,33.85,0.0,0.0,0.0,0.0,0.0,0.0,0.0
2.0,26,0,0.05,81,33.85,0.10575515014000957,0.6125,0.725,0.1125,0.0787896900098895,0.057760507287411465,0.021029182722478036
2.0,26,1,0.05,81,33.85,0.03968898791121906,0.15,0.15,0.0,0.01132447070946345,0.011226272120358543,9.819858910490621e-05
2.0,26,2,0.05,81,33.85,0.017001066635789812,0.05,0.05,0.0,0.003911274227758338,0.003911274227758338,0.0
2.0,26,3,0.05,81,33.85,0.005751427707203231,0.0125,0.0125,0.0,0.0007385459357529935,0.0007385459357529935,0.0
2.0,26,4,0.05,81,33.85,0.056245326723503346,0.2375,0.2375,0.0,0.013317695969154246,0.01279150378401719,0.000526192185137055
2.0,26,5,0.05,81,33.85,0.03630112080452892,0.1625,0.1625,0.0,0.006126518719006775,0.006126518719006775,0.0
2.0,26,6,0.05,81,33.85,0.04704078149699779,0.175,0.175,0.0,0.008875952154162687,0.008727104132227105,0.00014884802193558186
2.0,26,7,0.05,81,33.85,0.036449822084805135,0.1,0.1125,0.0125,0.005141490801205514,0.004850285644323584,0.00029120515688192943
2.0,26,0,0.1,81,33.85,0.13079262898833707,0.7875,0.9,0.1125,0.12397169841804474,0.0814259771164905,0.04254572130155425
2.0,26,1,0.1,81,33.85,0.06145487677702207,0.3125,0.3375,0.025,0.02539284991350403,0.024774744470017648,0.0006181054434863838
2.0,26,2,0.1,81,33.85,0.032094906219904455,0.1125,0.1125,0.0,0.011476992833783842,0.011476992833783842,0.0
2.0,26,3,0.1,81,33.85,0.014818477182231397,0.025,0.025,0.0,0.0026022977876669767,0.0026022977876669767,0.0
2.0,26,4,0.1,81,33.85,0.07965583372296786,0.4375,0.575,0.1375,0.03297535724644516,0.02595500674769595,0.00702035049874921
2.0,26,5,0.1,81,33.85,0.058143354979576956,0.225,0.25,0.025,0.015609748144894202,0.01541363455208355,0.0001961135928106525
2.0,26,6,0.1,81,33.85,0.06982140902563735,0.3125,0.3625,0.05,0.02168434651899854,0.01941808517011602,0.0022662613488825187
2.0,26,7,0.1,81,33.85,0.058392211522015604,0.2375,0.2625,0.025,0.015285461613878889,0.013176815399932323,0.002108646213946566
2.0,26,0,0.2,81,33.85,0.18110512898833706,0.9625,1.0,0.0375,0.23894860617601998,0.13688965496049454,0.10205895121552544
2.0,26,1,0.2,81,33.85,0.11020895603672952,0.5875,0.7625,0.175,0.08273694323005171,0.06577245523133798,0.016964487998713723
2.0,26,2,0.2,81,33.85,0.07330822427309432,0.375,0.4,0.025,0.0411807105904601,0.03993276360399629,0.0012479469864638132
2.0,26,3,0.2,81,33.85,0.04621882840997049,0.1875,0.1875,0.0,0.017555945149344915,0.01708173975395366,0.0004742053953912563
2.0,26,4,0.2,81,33.85,0.1287240735797901,0.8375,0.95,0.1125,0.11987837760383152,0.07061097431144153,0.04926740329238999
2.0,26,5,0.2,81,33.85,0.10620340385663767,0.7,0.8,0.1,0.07143864797381304,0.053668145962909725,0.017770502010903313
2.0,26,6,0.2,81,33.85,0.11896383457253001,0.7125,0.9125,0.2,0.09479314504790519,0.0593844594484394,0.03540868559946579
2.0,26,7,0.2,81,33.85,0.10667779395860184,0.675,0.7875,0.1125,0.07393628287042972,0.05163356317781759,0.022302719692612133
2.0,26,0,0.35,81,33.85,0.25657387898833706,1.0,1.0,0.0,0.41730901976516266,0.22697611027659195,0.1903329094885707
2.0,26,1,0.35,81,33.85,0.1856777060367295,0.9625,1.0,0.0375,0.24975528753115847,0.14822575315501607,0.1015295343761424
2.0,26,2,0.35,81,33.85,0.14759622701779015,0.8875,0.975,0.0875,0.15991350928592526,0.10918652751926025,0.050726981766665014
2.0,26,3,0.35,81,33.85,0.1158201113253442,0.6125,0.825,0.2125,0.09147714313584436,0.06964507523431485,0.021832067901529514
2.0,26,4,0.35,81,33.85,0.20390367528715286,0.975,1.0,0.025,0.29282995636516346,0.1584111149362686,0.13441884142889485
2.0,26,5,0.35,81,33.85,0.18167215385663762,0.975,1.0,0.025,0.2402886944910555,0.13713684833305165,0.10315184615800385
2.0,26,6,0.35,81,33.85,0.19422314516875755,0.9875,1.0,0.0125,0.26995130320502375,0.14604248238582473,0.12390882081919902
2.0,26,7,0.35,81,33.85,0.18208876580515404,0.925,1.0,0.075,0.24127330175489775,0.1351752193315037,0.10609808242339405
2.0,26,0,0.5,81,33.85,0.33203719846898677,1.0,1.0,0.0,0.5956565990397414,0.317394808813023,0.27826179022671843
2.0,26,1,0.5,81,33.85,0.2611464560367295,1.0,1.0,0.0,0.4281157011203016,0.2384554768110876,0.189660224309214
2.0,26,2,0.5,81,33.85,0.22306497701779016,1.0,1.0,0.0,0.33811515986443824,0.197392359338917,0.14072280052552125
2.0,26,3,0.5,81,33.85,0.1912888613253442,0.9875,1.0,0.0125,0.2630165112560744,0.15240906303497345,0.11060744822110094
2.0,26,4,0.5,81,33.85,0.2793724252871529,1.0,1.0,0.0,0.4711903699543058,0.24830313424202138,0.22288723571228442
2.0,26,5,0.5,81,33.85,0.2571409038566376,1.0,1.0,0.0,0.4186491080801988,0.2274035243103108,0.19124558376988798
2.0,26,6,0.5,81,33.85,0.2696918951687576,1.0,1.0,0.0,0.4483117167941666,0.23614017810763402,0.21217153868653257
2.0,26,7,0.5,81,33.85,0.25755751580515407,1.0,1.0,0.0,0.41963371534404076,0.22533881504549533,0.19429490029854543
2.0,27,0,0.0,89,33.199999999999996,0.0,0.0,0.0,0.0,0.0,0.0,0.0
2.0,27,1,0.0,89,33.199999999999996,0.0,0.0,0.0,0.0,0.0,0.0,0.0
2.0,27,2,0.0,89,33.199999999999996,0.0,0.0,0.0,0.0,0.0,0.0,0.0
2.0,27,3,0.0,89,33.199999999999996,0.0,0.0,0.0,0.0,0.0,0.0,0.0
2.0,27,4,0.0,89,33.199999999999996,0.0,0.0,0.0,0.0,0.0,0.0,0.0
2.0,27,5,0.0,89,33.199999999999996,0.0,0.0,0.0,0.0,0.0,0.0,0.0
2.0,27,6,0.0,89,33.199999999999996,0.0,0.0,0.0,0.0,0.0,0.0,0.0
2.0,27,7,0.0,89,33.199999999999996,0.0,0.0,0.0,0.0,0.0,0.0,0.0
2.0,27,0,0.05,89,33.199999999999996,0.04164737839166952,0.1875,0.2,0.0125,0.006992329048192447,0.00635266722256881,0.0006396618256236369
2.0,27,1,0.05,89,33.199999999999996,0.04462246612981602,0.15,0.1625,0.0125,0.01812155421477356,0.018101550701918257,2.000351285530444e-05
2.0,27,2,0.05,89,33.199999999999996,0.05572139874201311,0.2125,0.2375,0.025,0.018907058023692375,0.01869576664029597,0.00021129138339640377
2.0,27,3,0.05,89,33.199999999999996,0.07165908318266727,0.3,0.375,0.075,0.030180220515517456,0.02774358522013267,0.0024366352953847856
2.0,27,4,0.05,89,33.199999999999996,0.06460992392741496,0.3625,0.4,0.0375,0.017261088964518653,0.013906575474467303,0.00335451349005135
2.0,27,5,0.05,89,33.199999999999996,0.08161771367980272,0.5,0.55,0.05,0.05200335823784193,0.04587526777612566,0.006128090461716272
2.0,27,6,0.05,89,33.199999999999996,0.03947925840843759,0.1125,0.1125,0.0,0.008889424167991176,0.008889424167991176,0.0
2.0,27,7,0.05,89,33.199999999999996,0.06836023467406242,0.3625,0.4125,0.05,0.03144010829570742,0.026512711333037137,0.004927396962670281
2.0,27,0,0.1,89,33.199999999999996,0.06169166177198939,0.3375,0.4125,0.075,0.0187910631804761,0.0164434017137415,0.0023476614667345998
2.0,27,1,0.1,89,33.199999999999996,0.06464855186713518,0.2875,0.325,0.0375,0.028601598383851165,0.025930367265353853,0.0026712311184973123
2.0,27,2,0.1,89,33.199999999999996,0.07668318990420157,0.3625,0.45,0.0875,0.03299200088366705,0.030431873367910513,0.002560127515756537
2.0,27,3,0.1,89,33.199999999999996,0.095435922414559,0.575,0.725,0.15,0.05412718962280748,0.0427381895218271,0.01138900010098038
2.0,27,4,0.1,89,33.199999999999996,0.0877553087872462,0.5875,0.6875,0.1,0.04241640011855252,0.03059494601095905,0.011821454107593471
2.0,27,5,0.1,89,33.199999999999996,0.10418162100513273,0.6,0.7,0.1,0.08282787555022766,0.0666427072791724,0.01618516827105526
2.0,27,6,0.1,89,33.199999999999996,0.05975743012364452,0.3125,0.325,0.0125,0.021622344066320784,0.020951176007966546,0.0006711680583542379
2.0,27,7,0.1,89,33.199999999999996,0.09151375566447917,0.4875,0.6,0.1125,0.05610146799803005,0.04390871128985592,0.01219275670817413
2.0,27,0,0.2,89,33.199999999999996,0.10908550706657225,0.725,0.825,0.1,0.0816342697529041,0.05176455306238896,0.029869716690515136
2.0,27,1,0.2,89,33.199999999999996,0.11124059588394195,0.625,0.8125,0.1875,0.08427149169093127,0.059808844474207305,0.02446264721672397
2.0,27,2,0.2,89,33.199999999999996,0.1238322592269415,0.825,0.925,0.1,0.11021960063420001,0.06911006020202265,0.04110954043217736
2.0,27,3,0.2,89,33.199999999999996,0.14420770056008575,0.875,0.9875,0.1125,0.1551067044514206,0.09147583632269154,0.06363086812872906
2.0,27,4,0.2,89,33.199999999999996,0.13607611876056086,0.8375,0.975,0.1375,0.13569064926443283,0.07872310744706747,0.056967541817365366
2.0,27,5,0.2,89,33.199999999999996,0.152403678376681,0.85,0.975,0.125,0.17657126747083626,0.11507715716319965,0.061494110307636615
2.0,27,6,0.2,89,33.199999999999996,0.10707096037999528,0.625,0.8125,0.1875,0.07583815282991817,0.061004711397619274,0.014833441432298894
2.0,27,7,0.2,89,33.199999999999996,0.14026125046990215,0.8125,0.9625,0.15,0.14580988607421394,0.09066233121849912,0.05514755485571482
2.0,27,0,0.35,89,33.199999999999996,0.18268543909704343,0.975,1.0,0.025,0.247434793004479,0.1324273667954856,0.11500742620899337
2.0,27,1,0.35,89,33.199999999999996,0.18549059588394196,0.975,1.0,0.025,0.254194206948811,0.13877880644574841,0.11541540050306259
2.0,27,2,0.35,89,33.199999999999996,0.1977782687068551,0.95,1.0,0.05,0.2838030571244439,0.15248459550167845,0.13131846162276548
2.0,27,3,0.35,89,33.199999999999996,0.21845770056008576,0.9875,1.0,0.0125,0.33363301339719237,0.1773928455228705,0.15624016787432188
2.0,27,4,0.35,89,33.199999999999996,0.21032611876056082,0.9875,1.0,0.0125,0.3140388403863095,0.1631212830844276,0.15091755730188192
2.0,27,5,0.35,89,33.199999999999996,0.22656266563195385,0.975,1.0,0.025,0.3531630497149516,0.198159393684466,0.1550036560304856
2.0,27,6,0.35,89,33.199999999999996,0.1812668636893203,0.975,1.0,0.025,0.24401653901000428,0.13907818330986352,0.10493835570014076
2.0,27,7,0.35,89,33.199999999999996,0.21451125046990213,1.0,1.0,0.0,0.3241234951076192,0.17458539580091942,0.14953809930669976
2.0,27,0,0.5,89,33.199999999999996,0.2569354390970434,1.0,1.0,0.0,0.42635045565472623,0.2195720692836849,0.20677838637104135
2.0,27,1,0.5,89,33.199999999999996,0.25974059588394194,1.0,1.0,0.0,0.4331098695990611,0.22665006127935544,0.20645980831970567
2.0,27,2,0.5,89,33.199999999999996,0.2720282687068551,1.0,1.0,0.0,0.4627187197746925,0.23998219679268287,0.2227365229820096
2.0,27,3,0.5,89,33.199999999999996,0.2927077005600858,1.0,1.0,0.0,0.5125486760474424,0.2652418716575896,0.24730680438985275
2.0,27,4,0.5,89,33.199999999999996,0.2845761187605608,1.0,1.0,0.0,0.49295450303655947,0.2509459253540774,0.24200857768248207
2.0,27,5,0.5,89,33.199999999999996,0.30081266563195386,1.0,1.0,0.0,0.5320787123652009,0.2858048237013177,0.24627388866388317
2.0,27,6,0.5,89,33.199999999999996,0.2555168636893203,1.0,1.0,0.0,0.4229322016602542,0.22689427619914407,0.19603792546111012
2.0,27,7,0.5,89,33.199999999999996,0.2887612504699021,1.0,1.0,0.0,0.5030391577578698,0.26257937170453394,0.24045978605333584
2.0,28,0,0.0,83,33.849999999999994,0.0,0.0,0.0,0.0,0.0,0.0,0.0
2.0,28,1,0.0,83,33.849999999999994,0.0,0.0,0.0,0.0,0.0,0.0,0.0
2.0,28,2,0.0,83,33.849999999999994,0.0,0.0,0.0,0.0,0.0,0.0,0.0
2.0,28,3,0.0,83,33.849999999999994,0.0,0.0,0.0,0.0,0.0,0.0,0.0
2.0,28,4,0.0,83,33.849999999999994,0.0,0.0,0.0,0.0,0.0,0.0,0.0
2.0,28,5,0.0,83,33.849999999999994,0.0,0.0,0.0,0.0,0.0,0.0,0.0
2.0,28,6,0.0,83,33.849999999999994,0.0,0.0,0.0,0.0,0.0,0.0,0.0
2.0,28,7,0.0,83,33.849999999999994,0.0,0.0,0.0,0.0,0.0,0.0,0.0
2.0,28,0,0.05,83,33.849999999999994,0.009935313080642919,0.025,0.025,0.0,0.0015799314595633834,0.0015799314595633834,0.0
2.0,28,1,0.05,83,33.849999999999994,0.016186881013147962,0.05,0.05,0.0,0.0015018223924755322,0.0014485108824904601,5.331150998507208e-05
2.0,28,2,0.05,83,33.849999999999994,0.08142562700655734,0.425,0.45,0.025,0.04725213040719852,0.044914942180404725,0.002337188226793796
2.0,28,3,0.05,83,33.849999999999994,0.02168335125972825,0.075,0.075,0.0,0.0024532790118370665,0.0024532790118370665,0.0
2.0,28,4,0.05,83,33.849999999999994,0.038171075031367595,0.1625,0.1625,0.0,0.01094529822909122,0.010581492246705865,0.0003638059823853554
2.0,28,5,0.05,83,33.849999999999994,0.049235872789691805,0.2375,0.275,0.0375,0.015597511809064513,0.015256703109602929,0.0003408086994615839
2.0,28,6,0.05,83,33.849999999999994,0.02187033603772249,0.0375,0.0375,0.0,0.006413457676190914,0.006413457676190914,0.0
2.0,28,7,0.05,83,33.849999999999994,0.026464358952568108,0.075,0.075,0.0,0.006037026661852339,0.006037026661852339,0.0
2.0,28,0,0.1,83,33.849999999999994,0.02072987926916639,0.075,0.075,0.0,0.005640082305358922,0.005640082305358922,0.0
2.0,28,1,0.1,83,33.849999999999994,0.030251406764462835,0.1125,0.125,0.0125,0.0050654499894155925,0.004423437407195743,0.0006420125822198496
2.0,28,2,0.1,83,33.849999999999994,0.105455953971307,0.6,0.725,0.125,0.07794252338607716,0.06649600416337152,0.011446519222705634
2.0,28,3,0.1,83,33.849999999999994,0.035384660574818774,0.1375,0.1625,0.025,0.008239461117196997,0.0072190489304613725,0.0010204121867356244
2.0,28,4,0.1,83,33.849999999999994,0.057554608728302495,0.1875,0.2,0.0125,0.021543697141784696,0.020356785024275625,0.0011869121175090702
2.0,28,5,0.1,83,33.849999999999994,0.07180884828394962,0.3625,0.3875,0.025,0.03058871974836581,0.027953769380668046,0.002634950367697765
2.0,28,6,0.1,83,33.849999999999994,0.038827496464410756,0.15,0.15,0.0,0.01171091579137006,0.01171091579137006,0.0
2.0,28,7,0.1,83,33.849999999999994,0.045113322844177975,0.1625,0.1625,0.0,0.01438918554839141,0.014360658091400542,2.8527456990867436e-05
2.0,28,0,0.2,83,33.849999999999994,0.05630524585404999,0.275,0.3,0.025,0.02499942078096373,0.02462048127843189,0.0003789395025318408
2.0,28,1,0.2,83,33.849999999999994,0.07160824378481825,0.35,0.4,0.05,0.03210568729833136,0.025316793327517975,0.006788893970813385
2.0,28,2,0.2,83,33.849999999999994,0.15563876395065396,0.8625,0.9875,0.125,0.17879540699057056,0.1174783379082057,0.06131706908236487
2.0,28,3,0.2,83,33.849999999999994,0.07580130651260067,0.475,0.5625,0.0875,0.0336880284236345,0.02714717082130839,0.006540857602326106
2.0,28,4,0.2,83,33.849999999999994,0.10478945248615532,0.65,0.8125,0.1625,0.07452898143164503,0.0561388649501135,0.018390116481531535
2.0,28,5,0.2,83,33.849999999999994,0.12119408433041434,0.7875,0.9125,0.125,0.10436648427784949,0.0705997511360288,0.03376673314182069
2.0,28,6,0.2,83,33.849999999999994,0.08240478399051102,0.5,0.6125,0.1125,0.04162508162018462,0.03702569809974731,0.00459938352043731
2.0,28,7,0.2,83,33.849999999999994,0.08987264892929832,0.475,0.6,0.125,0.05339910247903883,0.04501303316700636,0.008386069312032472
2.0,28,0,0.35,83,33.849999999999994,0.12902576433115037,0.85,0.9375,0.0875,0.11829333205446027,0.08127708307674121,0.03701624897771906
2.0,28,1,0.35,83,33.849999999999994,0.14508819300239922,0.9,0.975,0.075,0.15497348819849005,0.09079683665858793,0.06417665153990212
2.0,28,2,0.35,83,33.849999999999994,0.23110751395065393,1.0,1.0,0.0,0.35712263267451905,0.20562059239173539,0.15150204028278366
2.0,28,3,0.35,83,33.849999999999994,0.15008233437503118,0.9125,1.0,0.0875,0.16563033234838562,0.09172322899665174,0.07390710335173388
2.0,28,4,0.35,83,33.849999999999994,0.1799473605855014,0.975,1.0,0.025,0.23621237361379735,0.13641869353738717,0.09979368007641018
2.0,28,5,0.35,83,33.849999999999994,0.19666283433041432,1.0,1.0,0.0,0.27571718600937817,0.15590257118228398,0.11981461482709418
2.0,28,6,0.35,83,33.849999999999994,0.15551838221146305,0.95,0.975,0.025,0.18019934005024707,0.11180150588658744,0.06839783416365963
2.0,28,7,0.35,83,33.849999999999994,0.16419425768177906,0.9125,1.0,0.0875,0.1989819974751067,0.12293069533865847,0.07605130213644823
2.0,28,0,0.5,83,33.849999999999994,0.20449451433115037,1.0,1.0,0.0,0.2942263263360574,0.16835398784961997,0.12587233848643742
2.0,28,1,0.5,83,33.849999999999994,0.2205569430023992,0.9875,1.0,0.0125,0.33218775303314313,0.17920058337260786,0.15298716966053527
2.0,28,2,0.5,83,33.849999999999994,0.3065762639506539,1.0,1.0,0.0,0.5354830462635436,0.29604378293826417,0.23943926332527943
2.0,28,3,0.5,83,33.849999999999994,0.22555108437503124,1.0,1.0,0.0,0.343990745937405,0.1811038493759639,0.16288689656144106
2.0,28,4,0.5,83,33.849999999999994,0.25541611058550145,1.0,1.0,0.0,0.4145727872028185,0.22594898711499864,0.18862380008781984
2.0,28,5,0.5,83,33.849999999999994,0.27213158433041434,1.0,1.0,0.0,0.4540775995984028,0.2463257617288128,0.20775183786959003
2.0,28,6,0.5,83,33.849999999999994,0.23098713221146308,1.0,1.0,0.0,0.3568381263484912,0.19946387999400952,0.1573742463544817
2.0,28,7,0.5,83,33.849999999999994,0.23966300768177903,1.0,1.0,0.0,0.3773424110641234,0.2113156276451291,0.16602678341899432
2.0,29,0,0.0,73,37.099999999999994,0.0,0.0,0.0,0.0,0.0,0.0,0.0
2.0,29,1,0.0,73,37.099999999999994,0.0,0.0,0.0,0.0,0.0,0.0,0.0
2.0,29,2,0.0,73,37.099999999999994,0.0,0.0,0.0,0.0,0.0,0.0,0.0
2.0,29,3,0.0,73,37.099999999999994,0.0,0.0,0.0,0.0,0.0,0.0,0.0
2.0,29,4,0.0,73,37.099999999999994,0.0,0.0,0.0,0.0,0.0,0.0,0.0
2.0,29,5,0.0,73,37.099999999999994,0.0,0.0,0.0,0.0,0.0,0.0,0.0
2.0,29,6,0.0,73,37.099999999999994,0.0,0.0,0.0,0.0,0.0,0.0,0.0
2.0,29,7,0.0,73,37.099999999999994,0.0,0.0,0.0,0.0,0.0,0.0,0.0
2.0,29,0,0.05,73,37.099999999999994,0.0426561053469051,0.1375,0.15,0.0125,0.01531436081322687,0.01528569944777415,2.8661365452721174e-05
2.0,29,1,0.05,73,37.099999999999994,0.09828748899326507,0.475,0.6,0.125,0.06490947200271072,0.05789026533044711,0.007019206672263606
2.0,29,2,0.05,73,37.099999999999994,0.004196121994134307,0.0125,0.0125,0.0,0.0010841374615124556,0.0010841374615124556,0.0
2.0,29,3,0.05,73,37.099999999999994,0.047533144977317796,0.2125,0.2125,0.0,0.029188946059076196,0.029188946059076196,0.0
2.0,29,4,0.05,73,37.099999999999994,0.025837057758334316,0.0875,0.0875,0.0,0.008289082980151602,0.008289082980151602,0.0
2.0,29,5,0.05,73,37.099999999999994,0.062350968102575365,0.2625,0.275,0.0125,0.027917490683550948,0.02698045178139323,0.0009370389021577177
2.0,29,6,0.05,73,37.099999999999994,0.05228224501288357,0.3,0.3,0.0,0.022571865491162663,0.02162889017536788,0.0009429753157947814
2.0,29,7,0.05,73,37.099999999999994,0.011077624683519652,0.0,0.0,0.0,0.0,0.0,0.0
2.0,29,0,0.1,73,37.099999999999994,0.06626591100683174,0.3375,0.3625,0.025,0.0311977756936734,0.030014842713167594,0.0011829329805058061
2.0,29,1,0.1,73,37.099999999999994,0.12510149896009054,0.625,0.8375,0.2125,0.10358098293491212,0.08245052082417491,0.021130462110737214
2.0,29,2,0.1,73,37.099999999999994,0.011336765470368961,0.025,0.025,0.0,0.002827269833230006,0.002827269833230006,0.0
2.0,29,3,0.1,73,37.099999999999994,0.06917700800144251,0.3,0.3375,0.0375,0.04620069107882437,0.045429733014173974,0.0007709580646503983
2.0,29,4,0.1,73,37.099999999999994,0.0448104008139958,0.175,0.175,0.0,0.02170445902587585,0.02170445902587585,0.0
2.0,29,5,0.1,73,37.099999999999994,0.08863691186614034,0.425,0.4875,0.0625,0.04894424369479971,0.0463428021749334,0.0026014415198663127
2.0,29,6,0.1,73,37.099999999999994,0.07538101962075514,0.4625,0.5125,0.05,0.044400735735978844,0.041070458945780895,0.003330276790197949
2.0,29,7,0.1,73,37.099999999999994,0.023082798988698503,0.0375,0.0375,0.0,0.0017741865365392064,0.0017741865365392064,0.0
2.0,29,0,0.2,73,37.099999999999994,0.11877268613684852,0.7,0.825,0.125,0.09537177324194474,0.07855332799135593,0.0168184452505888
2.0,29,1,0.2,73,37.099999999999994,0.17926011830706973,0.9375,1.0,0.0625,0.21403799095836876,0.1429127599164865,0.07112523104188226
2.0,29,2,0.2,73,37.099999999999994,0.04369397674302773,0.2125,0.2125,0.0,0.018168364815522267,0.018168364815522267,0.0
2.0,29,3,0.2,73,37.099999999999994,0.12031396850623259,0.65,0.8,0.15,0.10305202472606227,0.09237724038838774,0.010674784337674534
2.0,29,4,0.2,73,37.099999999999994,0.09479790440396399,0.4375,0.475,0.0375,0.06502351733181178,0.0616414967530694,0.003382020578742373
2.0,29,5,0.2,73,37.099999999999994,0.1426944275014667,0.825,0.9875,0.1625,0.1352800308392167,0.10242329590448732,0.032856734934729376
2.0,29,6,0.2,73,37.099999999999994,0.1285555362991458,0.6625,0.775,0.1125,0.1162731716870791,0.09307727447058502,0.02319589721649408
2.0,29,7,0.2,73,37.099999999999994,0.061304294272500746,0.275,0.2875,0.0125,0.021061572756624146,0.01994930719036354,0.0011122655662606055
2.0,29,0,0.35,73,37.099999999999994,0.20033518613684853,0.975,1.0,0.025,0.25948288115729096,0.17321965139575562,0.08626322976153533
2.0,29,1,0.35,73,37.099999999999994,0.2608226183070697,1.0,1.0,0.0,0.38991400173974533,0.24346607292318995,0.14644792881655538
2.0,29,2,0.35,73,37.099999999999994,0.11743152090784095,0.6375,0.75,0.1125,0.09560295466396536,0.08675150433779005,0.008851450326175306
2.0,29,3,0.35,73,37.099999999999994,0.2014769473370202,0.95,1.0,0.05,0.26194489991780007,0.18370556648298875,0.07823933343481132
2.0,29,4,0.35,73,37.099999999999994,0.1759167579612182,0.925,0.975,0.05,0.2070093875696091,0.14952611619553846,0.05748327137407064
2.0,29,5,0.35,73,37.099999999999994,0.22425692750146667,0.9875,1.0,0.0125,0.31106615094613516,0.20157494841607018,0.10949120253006497
2.0,29,6,0.35,73,37.099999999999994,0.21011803629914577,0.9875,1.0,0.0125,0.2805779758468507,0.1865235497893725,0.09405442605747819
2.0,29,7,0.35,73,37.099999999999994,0.1390937176582791,0.8,0.975,0.175,0.12793905618536036,0.08666475562911113,0.04127430055624923
2.0,29,0,0.5,73,37.099999999999994,0.2818976861368485,1.0,1.0,0.0,0.4353588919386725,0.27424924235991943,0.16110964957875307
2.0,29,1,0.5,73,37.099999999999994,0.34238511830706975,1.0,1.0,0.0,0.5657900125211278,0.3447585257533787,0.22103148676774914
2.0,29,2,0.5,73,37.099999999999994,0.19853637317716805,0.9625,1.0,0.0375,0.2556040391957508,0.1782091206207762,0.0773949185749746
2.0,29,3,0.5,73,37.099999999999994,0.2830394473370202,1.0,1.0,0.0,0.4378209106991796,0.28418301157883263,0.15363789912034698
2.0,29,4,0.5,73,37.099999999999994,0.2574792579612182,1.0,1.0,0.0,0.38270459937677626,0.24996764291553705,0.1327369564612392
2.0,29,5,0.5,73,37.099999999999994,0.3058194275014667,1.0,1.0,0.0,0.4869421617275177,0.3028557830440436,0.1840863786834741
2.0,29,6,0.5,73,37.099999999999994,0.2916805362991458,1.0,1.0,0.0,0.4564539866282331,0.2877912579016962,0.16866272872653693
2.0,29,7,0.5,73,37.099999999999994,0.22065621765827909,1.0,1.0,0.0,0.3033018170524389,0.18597288568958506,0.11732893136285386
2.0,30,0,0.0,78,35.14999999999999,0.0,0.0,0.0,0.0,0.0,0.0,0.0
2.0,30,1,0.0,78,35.14999999999999,0.0,0.0,0.0,0.0,0.0,0.0,0.0
2.0,30,2,0.0,78,35.14999999999999,0.0,0.0,0.0,0.0,0.0,0.0,0.0
2.0,30,3,0.0,78,35.14999999999999,0.0,0.0,0.0,0.0,0.0,0.0,0.0
2.0,30,4,0.0,78,35.14999999999999,0.0,0.0,0.0,0.0,0.0,0.0,0.0
2.0,30,5,0.0,78,35.14999999999999,0.0,0.0,0.0,0.0,0.0,0.0,0.0
2.0,30,6,0.0,78,35.14999999999999,0.0,0.0,0.0,0.0,0.0,0.0,0.0
2.0,30,7,0.0,78,35.14999999999999,0.0,0.0,0.0,0.0,0.0,0.0,0.0
2.0,30,0,0.05,78,35.14999999999999,0.04841296065392399,0.175,0.175,0.0,0.016515029338233646,0.015113379688674516,0.00140164964955913
2.0,30,1,0.05,78,35.14999999999999,0.10574487293300205,0.675,0.8,0.125,0.07333480104409856,0.0572148700031929,0.016119931040905665
2.0,30,2,0.05,78,35.14999999999999,0.051186902389412356,0.2,0.225,0.025,0.02906642582349347,0.028885754142802426,0.0001806716806910455
2.0,30,3,0.05,78,35.14999999999999,0.02374626855999639,0.05,0.05,0.0,0.005128071618861554,0.005128071618861554,0.0
2.0,30,4,0.05,78,35.14999999999999,0.028941529475990185,0.1125,0.1125,0.0,0.008955821525379729,0.008955821525379729,0.0
2.0,30,5,0.05,78,35.14999999999999,0.10943250845109105,0.6625,0.8625,0.2,0.07232615462688138,0.058544722533589416,0.013781432093291968
2.0,30,6,0.05,78,35.14999999999999,0.0698216726168301,0.375,0.4,0.025,0.03913847779375836,0.037277640704219954,0.0018608370895384085
2.0,30,7,0.05,78,35.14999999999999,0.024947264524350966,0.025,0.025,0.0,0.0025737191433073564,0.0025737191433073564,0.0
2.0,30,0,0.1,78,35.14999999999999,0.06962157841309657,0.35,0.3625,0.0125,0.032329888830376845,0.02945442666112115,0.002875462169255695
2.0,30,1,0.1,78,35.14999999999999,0.13166749465515376,0.8625,0.9375,0.075,0.11987866537281537,0.08321680016757137,0.036661865205244004
2.0,30,2,0.1,78,35.14999999999999,0.07079919796299575,0.3,0.325,0.025,0.045677523242126976,0.04434037524330225,0.0013371479988247281
2.0,30,3,0.1,78,35.14999999999999,0.03829033319235181,0.125,0.125,0.0,0.01014280354005173,0.01014280354005173,0.0
2.0,30,4,0.1,78,35.14999999999999,0.04651068867987708,0.1625,0.1875,0.025,0.019957685531387114,0.019300104798367742,0.0006575807330193723
2.0,30,5,0.1,78,35.14999999999999,0.13540125845109102,0.8625,1.0,0.1375,0.1260910576410754,0.08653721008001042,0.039553847561064975
2.0,30,6,0.1,78,35.14999999999999,0.09463255695692342,0.5,0.6375,0.1375,0.06414375921434771,0.0567623235922231,0.007381435622124614
2.0,30,7,0.1,78,35.14999999999999,0.04270310047261825,0.2,0.2,0.0,0.01048122734005987,0.01047093967818406,1.0287661875810553e-05
2.0,30,0,0.2,78,35.14999999999999,0.11873626241565374,0.6625,0.875,0.2125,0.093619624938945,0.06679768407832508,0.026821940860619925
2.0,30,1,0.2,78,35.14999999999999,0.18360499465515376,0.9625,1.0,0.0375,0.2358008413201747,0.14352064764920344,0.09228019367097126
2.0,30,2,0.2,78,35.14999999999999,0.12001702803765624,0.575,0.7875,0.2125,0.10592533906433622,0.0871113698268781,0.018813969237458122
2.0,30,3,0.2,78,35.14999999999999,0.08008065301288547,0.525,0.6125,0.0875,0.03893122086398716,0.03063263923894598,0.008298581625041181
2.0,30,4,0.2,78,35.14999999999999,0.09284093065337706,0.4875,0.575,0.0875,0.05940312386261809,0.048738365121280304,0.010664758741337786
2.0,30,5,0.2,78,35.14999999999999,0.18733875845109105,1.0,1.0,0.0,0.24429873900650864,0.14811002454354316,0.09618871446296548
2.0,30,6,0.2,78,35.14999999999999,0.1465700569569234,0.7875,0.9625,0.175,0.1527506850803095,0.10743463773274366,0.04531604734756585
2.0,30,7,0.2,78,35.14999999999999,0.08712412524607568,0.5,0.625,0.125,0.047777860893733,0.04175966778478421,0.0060181931089487925
2.0,30,0,0.35,78,35.14999999999999,0.19664251241565373,0.9875,1.0,0.0125,0.2654737124677794,0.1540469598319936,0.1114267526357858
2.0,30,1,0.35,78,35.14999999999999,0.26151124465515374,1.0,1.0,0.0,0.413112363368331,0.23818330991083234,0.17492905345749868
2.0,30,2,0.35,78,35.14999999999999,0.19665935791036643,0.975,1.0,0.025,0.26551205214284523,0.1715672879567017,0.09394476418614353
2.0,30,3,0.35,78,35.14999999999999,0.1575481582882317,0.925,1.0,0.075,0.17649651957474471,0.10542201340570068,0.07107450616904404
2.0,30,4,0.35,78,35.14999999999999,0.17005826844259223,0.9125,1.0,0.0875,0.20496903201709427,0.13129511112165515,0.07367392089543912
2.0,30,5,0.35,78,35.14999999999999,0.265245008451091,1.0,1.0,0.0,0.42161026105466576,0.24312211558194996,0.1784881454727158
2.0,30,6,0.35,78,35.14999999999999,0.22447630695692342,1.0,1.0,0.0,0.32882232024302854,0.19966326657155722,0.12915905367147132
2.0,30,7,0.35,78,35.14999999999999,0.16474065667247287,0.9,1.0,0.1,0.1928663594250809,0.12236146313763174,0.07050489628744916
2.0,30,0,0.5,78,35.14999999999999,0.27454876241565374,1.0,1.0,0.0,0.44278523451593654,0.24904341765218074,0.1937418168637558
2.0,30,1,0.5,78,35.14999999999999,0.33941749465515375,1.0,1.0,0.0,0.5904238854164882,0.33319540094923916,0.257228484467249
2.0,30,2,0.5,78,35.14999999999999,0.27456560791036644,1.0,1.0,0.0,0.4428235741909987,0.2651171487038314,0.1777064254871673
2.0,30,3,0.5,78,35.14999999999999,0.23545440828823166,1.0,1.0,0.0,0.3538080416228989,0.19955723654843893,0.15425080507445998
2.0,30,4,0.5,78,35.14999999999999,0.2479645184425922,1.0,1.0,0.0,0.38228055406524775,0.2248292441105385,0.15745130995470924
2.0,30,5,0.5,78,35.14999999999999,0.34315125845109107,1.0,1.0,0.0,0.598921783102823,0.3381342066203569,0.26078757648246603
2.0,30,6,0.5,78,35.14999999999999,0.3023825569569234,1.0,1.0,0.0,0.5061338422911857,0.2946753576099641,0.21145848468122164
2.0,30,7,0.5,78,35.14999999999999,0.24264690667247288,1.0,1.0,0.0,0.3701778814732347,0.2160279410891656,0.15414994038406912
2.0,31,0,0.0,91,31.899999999999995,0.0,0.0,0.0,0.0,0.0,0.0,0.0
2.0,31,1,0.0,91,31.899999999999995,0.0,0.0,0.0,0.0,0.0,0.0,0.0
2.0,31,2,0.0,91,31.899999999999995,0.0,0.0,0.0,0.0,0.0,0.0,0.0
2.0,31,3,0.0,91,31.899999999999995,0.0,0.0,0.0,0.0,0.0,0.0,0.0
2.0,31,4,0.0,91,31.899999999999995,0.0,0.0,0.0,0.0,0.0,0.0,0.0
2.0,31,5,0.0,91,31.899999999999995,0.0,0.0,0.0,0.0,0.0,0.0,0.0
2.0,31,6,0.0,91,31.899999999999995,0.0,0.0,0.0,0.0,0.0,0.0,0.0
2.0,31,7,0.0,91,31.899999999999995,0.0,0.0,0.0,0.0,0.0,0.0,0.0
2.0,31,0,0.05,91,31.899999999999995,0.03519940824659018,0.1,0.1,0.0,0.01440868298103532,0.014063432398504586,0.0003452505825307338
2.0,31,1,0.05,91,31.899999999999995,0.02171693132090998,0.05,0.05,0.0,0.006783125892273124,0.006783125892273124,0.0
2.0,31,2,0.05,91,31.899999999999995,0.04249437707967925,0.2125,0.25,0.0375,0.009956187175161788,0.009537473701131127,0.0004187134740306613
2.0,31,3,0.05,91,31.899999999999995,0.004852039575798736,0.0125,0.0125,0.0,9.323894662551017e-05,9.323894662551017e-05,0.0
2.0,31,4,0.05,91,31.899999999999995,0.03215173579795426,0.1125,0.1375,0.025,0.0074171417833122704,0.007060909208491738,0.00035623257482053205
2.0,31,5,0.05,91,31.899999999999995,0.051914264577038224,0.225,0.2375,0.0125,0.019559846680298615,0.01947236358947239,8.748309082622432e-05
2.0,31,6,0.05,91,31.899999999999995,0.007579839510178066,0.0125,0.0125,0.0,0.00011845646712222747,0.00011845646712222747,0.0
2.0,31,7,0.05,91,31.899999999999995,0.03853944336022123,0.15,0.15,0.0,0.004801898298629726,0.004801898298629726,0.0
2.0,31,0,0.1,91,31.899999999999995,0.05166046037033065,0.1625,0.1875,0.025,0.022655069938599833,0.0215504940521886,0.0011045758864112326
2.0,31,1,0.1,91,31.899999999999995,0.03534860892203,0.1125,0.1125,0.0,0.01370283002775569,0.01370283002775569,0.0
2.0,31,2,0.1,91,31.899999999999995,0.06542308780630264,0.3625,0.425,0.0625,0.02554206654919503,0.0215992899997748,0.00394277654942023
2.0,31,3,0.1,91,31.899999999999995,0.011341909797256498,0.0125,0.0125,0.0,0.00018911375248936894,0.00018911375248936894,0.0
2.0,31,4,0.1,91,31.899999999999995,0.051050081766737754,0.25,0.2875,0.0375,0.01728990076998296,0.015964715143483587,0.0013251856264993728
2.0,31,5,0.1,91,31.899999999999995,0.07404993999855389,0.4,0.425,0.025,0.03560291053878388,0.033140078500494,0.0024628320382898833
2.0,31,6,0.1,91,31.899999999999995,0.015074037674326083,0.0375,0.0375,0.0,0.0014102359626976086,0.0014102359626976086,0.0
2.0,31,7,0.1,91,31.899999999999995,0.058266060392060184,0.275,0.3125,0.0375,0.012973235453897378,0.011906236148825605,0.0010669993050717724
2.0,31,0,0.2,91,31.899999999999995,0.09426517467611875,0.5125,0.6625,0.15,0.059475626403423174,0.04618670491381151,0.013288921489611666
2.0,31,1,0.2,91,31.899999999999995,0.07256428941227419,0.4125,0.4625,0.05,0.03999009796618231,0.03453424773364568,0.005455850232536627
2.0,31,2,0.2,91,31.899999999999995,0.11309528352599182,0.7125,0.9125,0.2,0.0851805294632911,0.05681718164105262,0.028363347822238483
2.0,31,3,0.2,91,31.899999999999995,0.04020765283015408,0.1375,0.1375,0.0,0.0034399358837773177,0.0032921386651196378,0.00014779721865767993
2.0,31,4,0.2,91,31.899999999999995,0.09505469473818903,0.5625,0.6625,0.1,0.060509509731590645,0.043804381646330076,0.01670512808526057
2.0,31,5,0.2,91,31.899999999999995,0.12174818664167583,0.775,0.95,0.175,0.10804136900643273,0.07127208636333204,0.036769282643100684
2.0,31,6,0.2,91,31.899999999999995,0.04168848151057441,0.1625,0.1875,0.025,0.014214133578170916,0.013665766341351585,0.0005483672368193308
2.0,31,7,0.2,91,31.899999999999995,0.10270099651073976,0.725,0.875,0.15,0.0735159748095659,0.043299171797135313,0.030216803012430585
2.0,31,0,0.35,91,31.899999999999995,0.1660640618802216,0.9625,1.0,0.0375,0.21583463794373028,0.11268659316981455,0.10314804477391573
2.0,31,1,0.35,91,31.899999999999995,0.1399857084933811,0.9,0.9625,0.0625,0.15400489941258577,0.0890884603207234,0.06491643909186237
2.0,31,2,0.35,91,31.899999999999995,0.1849077835259918,0.9875,1.0,0.0125,0.2630916201273858,0.13559740323494027,0.12749421689244553
2.0,31,3,0.35,91,31.899999999999995,0.10702077761995277,0.725,0.8625,0.1375,0.07579137276848454,0.049954908950029416,0.02583646381845512
2.0,31,4,0.35,91,31.899999999999995,0.16641294758243144,0.95,0.9875,0.0375,0.21684955170715758,0.11499607434445724,0.10185347736270034
2.0,31,5,0.35,91,31.899999999999995,0.1935606866416758,1.0,1.0,0.0,0.28479169063690896,0.14977186055220928,0.13501983008469967
2.0,31,6,0.35,91,31.899999999999995,0.10830424622721375,0.6375,0.8125,0.175,0.08138248100149442,0.05757148362389934,0.02381099737759508
2.0,31,7,0.35,91,31.899999999999995,0.17441220457266488,0.95,1.0,0.05,0.23677041899054915,0.11791862798316376,0.1188517910073854
2.0,31,0,0.5,91,31.899999999999995,0.2378765618802216,1.0,1.0,0.0,0.39592868183050045,0.19532302991676487,0.20060565191373558
2.0,31,1,0.5,91,31.899999999999995,0.2116631925287124,0.975,1.0,0.025,0.33018982452278445,0.16677699778283422,0.16341282673995022
2.0,31,2,0.5,91,31.899999999999995,0.2567202835259918,1.0,1.0,0.0,0.4431856640141568,0.21843588296813088,0.22474978104602594
2.0,31,3,0.5,91,31.899999999999995,0.17879855057540153,0.975,1.0,0.025,0.24777065974975154,0.12588224720056512,0.12188841254918642
2.0,31,4,0.5,91,31.899999999999995,0.23822544758243142,1.0,1.0,0.0,0.39680363029999444,0.19676932531371535,0.20003430498627908
2.0,31,5,0.5,91,31.899999999999995,0.2653731866416758,1.0,1.0,0.0,0.46488573452368,0.2326104185459397,0.2322753159777403
2.0,31,6,0.5,91,31.899999999999995,0.18011674622721374,1.0,1.0,0.0,0.25107647956621704,0.13137140884900067,0.11970507071721637
2.0,31,7,0.5,91,31.899999999999995,0.24622470457266488,1.0,1.0,0.0,0.4168644628773182,0.20024718527637017,0.21661727760094804
4.0,0,0,0.0,179,27.999999999999996,0.0,0.0,0.0,0.0,0.0,0.0,0.0
4.0,0,1,0.0,179,27.999999999999996,0.0,0.0,0.0,0.0,0.0,0.0,0.0
4.0,0,2,0.0,179,27.999999999999996,0.0,0.0,0.0,0.0,0.0,0.0,0.0
4.0,0,3,0.0,179,27.999999999999996,0.0,0.0,0.0,0.0,0.0,0.0,0.0
4.0,0,4,0.0,179,27.999999999999996,0.0,0.0,0.0,0.0,0.0,0.0,0.0
4.0,0,5,0.0,179,27.999999999999996,0.0,0.0,0.0,0.0,0.0,0.0,0.0
4.0,0,6,0.0,179,27.999999999999996,0.0,0.0,0.0,0.0,0.0,0.0,0.0
4.0,0,7,0.0,179,27.999999999999996,0.0,0.0,0.0,0.0,0.0,0.0,0.0
4.0,0,0,0.05,179,27.999999999999996,0.08208829807016889,0.55,0.725,0.175,0.025249345523321323,0.014505364988603543,0.01074398053471778
4.0,0,1,0.05,179,27.999999999999996,0.04052009287731786,0.175,0.175,0.0,0.004158082771646377,0.003767402324905592,0.0003906804467407846
4.0,0,2,0.05,179,27.999999999999996,0.012813933616366232,0.0,0.0,0.0,0.0,0.0,0.0
4.0,0,3,0.05,179,27.999999999999996,0.028660846228184378,0.0875,0.0875,0.0,0.00106116275754053,0.000962123833139289,9.903892440124096e-05
4.0,0,4,0.05,179,27.999999999999996,0.025581957079221472,0.0375,0.0375,0.0,0.0008128969996142183,0.0008128969996142183,0.0
4.0,0,5,0.05,179,27.999999999999996,0.03688713998217595,0.075,0.075,0.0,0.0015568653007134875,0.0015568653007134875,0.0
4.0,0,6,0.05,179,27.999999999999996,0.07028781582359052,0.4375,0.525,0.0875,0.018480952162893714,0.01151862154782475,0.006962330615068964
4.0,0,7,0.05,179,27.999999999999996,0.021782139801856476,0.05,0.05,0.0,0.00021899752590793945,0.00019056712765562898,2.8430398252310467e-05
4.0,0,0,0.1,179,27.999999999999996,0.10358829807016887,0.7875,0.9375,0.15,0.06918226081228505,0.029082362242653245,0.04009989856963181
4.0,0,1,0.1,179,27.999999999999996,0.058995603110463056,0.2875,0.35,0.0625,0.011670615980020225,0.0087065239682923,0.0029640920117279257
4.0,0,2,0.1,179,27.999999999999996,0.0245470531563695,0.0375,0.0375,0.0,0.000218195901229421,0.000218195901229421,0.0
4.0,0,3,0.1,179,27.999999999999996,0.04568865225195981,0.175,0.2375,0.0625,0.0041298002549886624,0.0034394491592246623,0.0006903510957640001
4.0,0,4,0.1,179,27.999999999999996,0.04199812042489296,0.125,0.1375,0.0125,0.003300962681769972,0.003067741356817578,0.00023322132495239402
4.0,0,5,0.1,179,27.999999999999996,0.05691562016267755,0.225,0.2625,0.0375,0.004537237473644631,0.0041367055665866015,0.00040053190705802936
4.0,0,6,0.1,179,27.999999999999996,0.09101943170487206,0.5875,0.8,0.2125,0.04783962673864974,0.023138781587437554,0.024700845151212188
4.0,0,7,0.1,179,27.999999999999996,0.03646452209951384,0.1125,0.1125,0.0,0.001501902068037549,0.0013744326109611726,0.00012746945707637638
4.0,0,0,0.2,179,27.999999999999996,0.14658829807016888,0.9875,1.0,0.0125,0.19025228020017174,0.06671179702219161,0.12354048317798012
4.0,0,1,0.2,179,27.999999999999996,0.09954628641277896,0.675,0.8875,0.2125,0.0641359724241393,0.029101401788912545,0.03503457063522676
4.0,0,2,0.2,179,27.999999999999996,0.0578869636811701,0.3125,0.3875,0.075,0.010031252171986683,0.006543028118491406,0.0034882240534952766
4.0,0,3,0.2,179,27.999999999999996,0.08463410658827474,0.5875,0.7375,0.15,0.03451364881321777,0.01882251644196164,0.015691132371256133
4.0,0,4,0.2,179,27.999999999999996,0.08171998714401359,0.4625,0.6375,0.175,0.029966601009369348,0.01634080091758671,0.013625800091782637
4.0,0,5,0.2,179,27.999999999999996,0.09943299596672532,0.7125,0.925,0.2125,0.05934729647361457,0.024247367042941878,0.035099929430672694
4.0,0,6,0.2,179,27.999999999999996,0.13401943170487207,0.875,1.0,0.125,0.1543412334422453,0.05624508781192558,0.09809614563031971
4.0,0,7,0.2,179,27.999999999999996,0.07474246629465472,0.425,0.525,0.1,0.022666617727484527,0.013620562301950544,0.009046055425533984
4.0,0,0,0.35,179,27.999999999999996,0.21108829807016885,1.0,1.0,0.0,0.37453799448558434,0.13108829807016886,0.24344969641541547
4.0,0,1,0.35,179,27.999999999999996,0.1640462864127789,0.9625,1.0,0.0375,0.24013224689326243,0.08441387456666288,0.15571837232659955
4.0,0,2,0.35,179,27.999999999999996,0.11906296725697232,0.8125,0.9875,0.175,0.1121792024348715,0.04463438680630291,0.0675448156285686
4.0,0,3,0.35,179,27.999999999999996,0.14896135682799316,0.975,1.0,0.025,0.19703244807965994,0.06959637980060428,0.12743606827905568
4.0,0,4,0.35,179,27.999999999999996,0.14613385784862373,0.925,1.0,0.075,0.1889538795671888,0.06665189372826821,0.12230198583892057
4.0,0,5,0.35,179,27.999999999999996,0.1639329959667253,1.0,1.0,0.0,0.2398085599045374,0.08393299596672532,0.15587556393781207
4.0,0,6,0.35,179,27.999999999999996,0.19851943170487202,1.0,1.0,0.0,0.33862694772765217,0.11851943170487204,0.22010751602278011
4.0,0,7,0.35,179,27.999999999999996,0.1386354812178762,0.925,1.0,0.075,0.16752994633651927,0.06002302192152716,0.1075069244149921
4.0,0,0,0.5,179,27.999999999999996,0.2755882980701688,1.0,1.0,0.0,0.5588237087709974,0.19558829807016886,0.36323541070082854
4.0,0,1,0.5,179,27.999999999999996,0.2285462864127789,1.0,1.0,0.0,0.4244179611786745,0.14854628641277895,0.2758716747658955
4.0,0,2,0.5,179,27.999999999999996,0.18356296725697233,1.0,1.0,0.0,0.2958941921622943,0.10356296725697232,0.19233122490532195
4.0,0,3,0.5,179,27.999999999999996,0.21346135682799314,1.0,1.0,0.0,0.38131816236507127,0.13346135682799318,0.2478568055370781
4.0,0,4,0.5,179,27.999999999999996,0.21063385784862376,1.0,1.0,0.0,0.3732395938526004,0.13063385784862375,0.24260573600397667
4.0,0,5,0.5,179,27.999999999999996,0.22843299596672534,1.0,1.0,0.0,0.4240942741899504,0.1484329959667253,0.27566127822322506
4.0,0,6,0.5,179,27.999999999999996,0.263019431704872,1.0,1.0,0.0,0.5229126620130652,0.1830194317048721,0.3398932303081931
4.0,0,7,0.5,179,27.999999999999996,0.2031354812178762,1.0,1.0,0.0,0.35181566062192815,0.1231354812178762,0.22868017940405194
4.0,1,0,0.0,166,29.300000000000004,0.0,0.0,0.0,0.0,0.0,0.0,0.0
4.0,1,1,0.0,166,29.300000000000004,0.0,0.0,0.0,0.0,0.0,0.0,0.0
4.0,1,2,0.0,166,29.300000000000004,0.0,0.0,0.0,0.0,0.0,0.0,0.0
4.0,1,3,0.0,166,29.300000000000004,0.0,0.0,0.0,0.0,0.0,0.0,0.0
4.0,1,4,0.0,166,29.300000000000004,0.0,0.0,0.0,0.0,0.0,0.0,0.0
4.0,1,5,0.0,166,29.300000000000004,0.0,0.0,0.0,0.0,0.0,0.0,0.0
4.0,1,6,0.0,166,29.300000000000004,0.0,0.0,0.0,0.0,0.0,0.0,0.0
4.0,1,7,0.0,166,29.300000000000004,0.0,0.0,0.0,0.0,0.0,0.0,0.0
4.0,1,0,0.05,166,29.300000000000004,0.04626208502804399,0.2125,0.225,0.0125,0.008536752757872959,0.007068214748911855,0.0014685380089611037
4.0,1,1,0.05,166,29.300000000000004,0.07172541961698649,0.4875,0.575,0.0875,0.023629123013076448,0.015215127287260195,0.008413995725816253
4.0,1,2,0.05,166,29.300000000000004,0.062198370442933984,0.3,0.35,0.05,0.018789943766979133,0.015180504814400572,0.0036094389525785607
4.0,1,3,0.05,166,29.300000000000004,0.03233574137596233,0.075,0.075,0.0,0.00486336709003814,0.00486336709003814,0.0
4.0,1,4,0.05,166,29.300000000000004,0.05503286566401179,0.275,0.325,0.05,0.01344287148319366,0.01052238731350334,0.00292048416969032
4.0,1,5,0.05,166,29.300000000000004,0.005160381767520644,0.0,0.0,0.0,0.0,0.0,0.0
4.0,1,6,0.05,166,29.300000000000004,0.06415147228001394,0.2875,0.3375,0.05,0.01605749206495811,0.013225673948972155,0.002831818115985957
4.0,1,7,0.05,166,29.300000000000004,0.00027470129810631754,0.0,0.0,0.0,0.0,0.0,0.0
4.0,1,0,0.1,166,29.300000000000004,0.06523442253835722,0.3125,0.35,0.0375,0.02095749675785731,0.016135782415767644,0.004821714342089667
4.0,1,1,0.1,166,29.300000000000004,0.09272903630020898,0.7125,0.7875,0.075,0.0549816262392362,0.03041937957665058,0.024562246662585618
4.0,1,2,0.1,166,29.300000000000004,0.08340728360290592,0.5375,0.7,0.1625,0.04043048510573405,0.02695938733502612,0.01347109777070793
4.0,1,3,0.1,166,29.300000000000004,0.05214741733230007,0.15,0.15,0.0,0.01087503933568461,0.010581129372706975,0.0002939099629776353
4.0,1,4,0.1,166,29.300000000000004,0.07509580689283574,0.4375,0.5125,0.075,0.028223586701073264,0.02003984614310797,0.008183740557965294
4.0,1,5,0.1,166,29.300000000000004,0.011966603078620873,0.0,0.0,0.0,0.0,0.0,0.0
4.0,1,6,0.1,166,29.300000000000004,0.08533550868527863,0.5,0.65,0.15,0.0382039524181582,0.025318316790293185,0.012885635627865016
4.0,1,7,0.1,166,29.300000000000004,0.0018445552412505982,0.0,0.0,0.0,0.0,0.0,0.0
4.0,1,0,0.2,166,29.300000000000004,0.10801244399933208,0.7125,0.8625,0.15,0.08423433515225266,0.04446649667681172,0.03976783847544094
4.0,1,1,0.2,166,29.300000000000004,0.13724295268672076,0.8625,0.975,0.1125,0.15747745468027954,0.06794413261364408,0.08953332206663546
4.0,1,2,0.2,166,29.300000000000004,0.12719432853825802,0.8375,0.975,0.1375,0.13021515053872484,0.061720435291938436,0.06849471524678641
4.0,1,3,0.2,166,29.300000000000004,0.09495984180875272,0.6,0.8625,0.2625,0.050293961037536083,0.03208559332939641,0.018208367708139675
4.0,1,4,0.2,166,29.300000000000004,0.11867246046644857,0.825,0.975,0.15,0.10718306206178922,0.05008051568337962,0.0571025463784096
4.0,1,5,0.2,166,29.300000000000004,0.03871145638872071,0.1,0.125,0.025,0.0019171742775633796,0.0017478459670113183,0.00016932831055206134
4.0,1,6,0.2,166,29.300000000000004,0.1294785465211742,0.8625,0.9875,0.125,0.1355038454214795,0.06146685463975249,0.07403699078172701
4.0,1,7,0.2,166,29.300000000000004,0.013274866669243294,0.0125,0.0125,0.0,1.7329929937717166e-05,1.7329929937717166e-05,0.0
4.0,1,0,0.35,166,29.300000000000004,0.17467610802226596,0.95,1.0,0.05,0.25850131883174543,0.10740926709198069,0.15109205173976475
4.0,1,1,0.35,166,29.300000000000004,0.20418045268672078,1.0,1.0,0.0,0.33905925648200336,0.13604220660843314,0.20301704987357022
4.0,1,2,0.35,166,29.300000000000004,0.19412366510923068,0.9875,1.0,0.0125,0.3116004508097269,0.12906065776949932,0.1825397930402276
4.0,1,3,0.35,166,29.300000000000004,0.1618973418087527,0.9625,1.0,0.0375,0.2236104895798902,0.0956167952437083,0.1279936943361819
4.0,1,4,0.35,166,29.300000000000004,0.1855167485829955,0.9875,1.0,0.0125,0.2881003374275407,0.11582402170716757,0.17227631572037314
4.0,1,5,0.35,166,29.300000000000004,0.10145812566538942,0.6625,0.8625,0.2,0.0643107885294646,0.03210169343337229,0.032209095096092315
4.0,1,6,0.35,166,29.300000000000004,0.19641604652117417,0.9875,1.0,0.0125,0.3178595126853265,0.12970198234433072,0.18815753034099575
4.0,1,7,0.35,166,29.300000000000004,0.059660418982135886,0.325,0.4,0.075,0.009174938702126463,0.006909400082603561,0.0022655386195229027
4.0,1,0,0.5,166,29.300000000000004,0.241613608022266,1.0,1.0,0.0,0.44126582395091685,0.17786500673562974,0.2634008172152871
4.0,1,1,0.5,166,29.300000000000004,0.2711179526867208,1.0,1.0,0.0,0.5218237616011766,0.20719749671082222,0.3146262648903544
4.0,1,2,0.5,166,29.300000000000004,0.26106116510923066,1.0,1.0,0.0,0.49436495592889945,0.19992623388047231,0.29443872204842714
4.0,1,3,0.5,166,29.300000000000004,0.2288348418087527,1.0,1.0,0.0,0.4063749946990632,0.1666594425120983,0.2397155521869649
4.0,1,4,0.5,166,29.300000000000004,0.25245424858299553,1.0,1.0,0.0,0.4708648425467134,0.18678003145174335,0.2840848110949701
4.0,1,5,0.5,166,29.300000000000004,0.16815044242598814,0.9875,1.0,0.0125,0.24068380184533722,0.09590388624053446,0.14477991560480274
4.0,1,6,0.5,166,29.300000000000004,0.26335354652117415,1.0,1.0,0.0,0.5006240178044995,0.20080797044831758,0.29981604735618195
4.0,1,7,0.5,166,29.300000000000004,0.12524983393796052,0.85,0.9875,0.1375,0.1236534945844448,0.05103888390187435,0.07261461068257044
4.0,2,0,0.0,164,27.999999999999996,0.0,0.0,0.0,0.0,0.0,0.0,0.0
4.0,2,1,0.0,164,27.999999999999996,0.0,0.0,0.0,0.0,0.0,0.0,0.0
4.0,2,2,0.0,164,27.999999999999996,0.0,0.0,0.0,0.0,0.0,0.0,0.0
4.0,2,3,0.0,164,27.999999999999996,0.0,0.0,0.0,0.0,0.0,0.0,0.0
4.0,2,4,0.0,164,27.999999999999996,0.0,0.0,0.0,0.0,0.0,0.0,0.0
4.0,2,5,0.0,164,27.999999999999996,0.0,0.0,0.0,0.0,0.0,0.0,0.0
4.0,2,6,0.0,164,27.999999999999996,0.0,0.0,0.0,0.0,0.0,0.0,0.0
4.0,2,7,0.0,164,27.999999999999996,0.0,0.0,0.0,0.0,0.0,0.0,0.0
4.0,2,0,0.05,164,27.999999999999996,0.02626911339624931,0.0375,0.0375,0.0,0.0005381024735268105,0.0005381024735268105,0.0
4.0,2,1,0.05,164,27.999999999999996,0.04923271795623967,0.2,0.2375,0.0375,0.006491984911175309,0.005721448657151348,0.0007705362540239612
4.0,2,2,0.05,164,27.999999999999996,0.020415260578746673,0.0625,0.0625,0.0,0.000888164140897578,0.000888164140897578,0.0
4.0,2,3,0.05,164,27.999999999999996,0.04702705857714588,0.2125,0.25,0.0375,0.010113831776165339,0.00693886313745817,0.003174968638707169
4.0,2,4,0.05,164,27.999999999999996,0.03462640952869269,0.1125,0.125,0.0125,0.001953034566331974,0.0015742160580283911,0.00037881850830358277
4.0,2,5,0.05,164,27.999999999999996,0.04385176616503348,0.1875,0.2,0.0125,0.003844294446887059,0.0033205764846633264,0.0005237179622237325
4.0,2,6,0.05,164,27.999999999999996,0.04744240546026175,0.225,0.2375,0.0125,0.00549500879818051,0.004296605351765197,0.0011984034464153134
4.0,2,7,0.05,164,27.999999999999996,0.014370885349722287,0.025,0.025,0.0,0.0004930477987494603,0.0004930477987494603,0.0
4.0,2,0,0.1,164,27.999999999999996,0.04243634705172411,0.1125,0.15,0.0375,0.002945077411314456,0.0025034559904864033,0.00044162142082805264
4.0,2,1,0.1,164,27.999999999999996,0.06704870668528305,0.375,0.475,0.1,0.016912057919711378,0.011673304655924697,0.0052387532637866805
4.0,2,2,0.1,164,27.999999999999996,0.033691937302964256,0.125,0.15,0.025,0.003467449429709474,0.003089418293206086,0.0003780311365033876
4.0,2,3,0.1,164,27.999999999999996,0.06647298893133921,0.3125,0.4125,0.1,0.02020022193796122,0.012588352881836757,0.007611869056124463
4.0,2,4,0.1,164,27.999999999999996,0.0522951848538753,0.2625,0.2875,0.025,0.007637166294170708,0.0058943876701463655,0.0017427786240243421
4.0,2,5,0.1,164,27.999999999999996,0.062039290513780564,0.3625,0.4,0.0375,0.012935867786848864,0.008773881502424466,0.004161986284424398
4.0,2,6,0.1,164,27.999999999999996,0.06674902110828335,0.3875,0.45,0.0625,0.015550458021918989,0.011127738860441876,0.004422719161477113
4.0,2,7,0.1,164,27.999999999999996,0.025078039372606293,0.1,0.1,0.0,0.002069085035430592,0.0016711605287508125,0.00039792450667977953
4.0,2,0,0.2,164,27.999999999999996,0.08093331123574081,0.5,0.575,0.075,0.029946166651617145,0.01713949791862347,0.012806668732993676
4.0,2,1,0.2,164,27.999999999999996,0.10701111713521771,0.75,0.9375,0.1875,0.084135143079282,0.03708627655427144,0.04704886652501055
4.0,2,2,0.2,164,27.999999999999996,0.07164208933811364,0.3625,0.4375,0.075,0.019250105589686636,0.013371900641671607,0.005878204948015029
4.0,2,3,0.2,164,27.999999999999996,0.10933018703939994,0.7375,0.9625,0.225,0.08539032681789978,0.03487892746386675,0.05051139935403303
4.0,2,4,0.2,164,27.999999999999996,0.09407784519677512,0.675,0.8125,0.1375,0.05212353869116611,0.024287674684240364,0.027835864006925743
4.0,2,5,0.2,164,27.999999999999996,0.10377520065389127,0.7,0.875,0.175,0.07131457719155647,0.032191876526027716,0.039122700665528753
4.0,2,6,0.2,164,27.999999999999996,0.1089217768214488,0.75,0.9625,0.2125,0.08355687440657256,0.034545990282046406,0.04901088412452615
4.0,2,7,0.2,164,27.999999999999996,0.059334424591273235,0.3125,0.3625,0.05,0.012635185950134189,0.008596546517225068,0.00403863943290912
4.0,2,0,0.35,164,27.999999999999996,0.14503202670387697,0.875,1.0,0.125,0.18580579058204325,0.06630277370616716,0.11950301687587608
4.0,2,1,0.35,164,27.999999999999996,0.1712309202972498,0.9625,1.0,0.0375,0.260659772277204,0.09202784968797716,0.16863192258922682
4.0,2,2,0.35,164,27.999999999999996,0.13573886056438425,0.9125,1.0,0.0875,0.1592538873264158,0.05681469976261298,0.10243918756380281
4.0,2,3,0.35,164,27.999999999999996,0.17383018703939992,1.0,1.0,0.0,0.26808624868332537,0.09383018703939994,0.17425606164392543
4.0,2,4,0.35,164,27.999999999999996,0.15840153125549944,0.975,1.0,0.025,0.22400437501515616,0.07865055326820784,0.14535382174694833
4.0,2,5,0.35,164,27.999999999999996,0.16827520065389126,0.9875,1.0,0.0125,0.2522148590104839,0.08838878792742642,0.16382607108305747
4.0,2,6,0.35,164,27.999999999999996,0.17342177682144877,1.0,1.0,0.0,0.26691936234632513,0.09342177682144877,0.17349758552487637
4.0,2,7,0.35,164,27.999999999999996,0.12194147440676557,0.8375,0.975,0.1375,0.12128543912943686,0.04522910563114602,0.07605633349829083
4.0,2,0,0.5,164,27.999999999999996,0.20953202670387694,1.0,1.0,0.0,0.370091504867289,0.12953202670387698,0.240559478163412
4.0,2,1,0.5,164,27.999999999999996,0.2357309202972498,1.0,1.0,0.0,0.4449454865624517,0.1557309202972498,0.2892145662652019
4.0,2,2,0.5,164,27.999999999999996,0.20023886056438425,1.0,1.0,0.0,0.34353960161166236,0.12023886056438428,0.2233007410472781
4.0,2,3,0.5,164,27.999999999999996,0.2383301870393999,1.0,1.0,0.0,0.45237196296857624,0.15833018703939994,0.2940417759291763
4.0,2,4,0.5,164,27.999999999999996,0.22290153125549944,1.0,1.0,0.0,0.4082900893004,0.14290153125549945,0.2653885580449006
4.0,2,5,0.5,164,27.999999999999996,0.2327752006538913,1.0,1.0,0.0,0.43650057329573416,0.15277520065389127,0.2837253726418429
4.0,2,6,0.5,164,27.999999999999996,0.23792177682144877,1.0,1.0,0.0,0.4512050766315758,0.15792177682144876,0.293283299810127
4.0,2,7,0.5,164,27.999999999999996,0.18627647927186142,0.9875,1.0,0.0125,0.3036470836331273,0.10661308717969951,0.19703399645342778
4.0,3,0,0.0,131,30.6,0.0,0.0,0.0,0.0,0.0,0.0,0.0
4.0,3,1,0.0,131,30.6,0.0,0.0,0.0,0.0,0.0,0.0,0.0
4.0,3,2,0.0,131,30.6,0.0,0.0,0.0,0.0,0.0,0.0,0.0
4.0,3,3,0.0,131,30.6,0.0,0.0,0.0,0.0,0.0,0.0,0.0
4.0,3,4,0.0,131,30.6,0.0,0.0,0.0,0.0,0.0,0.0,0.0
4.0,3,5,0.0,131,30.6,0.0,0.0,0.0,0.0,0.0,0.0,0.0
4.0,3,6,0.0,131,30.6,0.0,0.0,0.0,0.0,0.0,0.0,0.0
4.0,3,7,0.0,131,30.6,0.0,0.0,0.0,0.0,0.0,0.0,0.0
4.0,3,0,0.05,131,30.6,0.00907257689429808,0.0125,0.0125,0.0,0.00019654660938482624,0.00019654660938482624,0.0
4.0,3,1,0.05,131,30.6,0.015251409878732391,0.0375,0.0375,0.0,0.0002247687207281907,0.0002247687207281907,0.0
4.0,3,2,0.05,131,30.6,0.03163116858754013,0.05,0.05,0.0,0.007183158063917613,0.007183158063917613,0.0
4.0,3,3,0.05,131,30.6,0.01260438431479785,0.0,0.0,0.0,0.0,0.0,0.0
4.0,3,4,0.05,131,30.6,0.04162162441917735,0.125,0.1375,0.0125,0.015006749828790862,0.014871963426554141,0.00013478640223672095
4.0,3,5,0.05,131,30.6,0.016846509890988064,0.0125,0.0125,0.0,0.004241044642446858,0.004241044642446858,0.0
4.0,3,6,0.05,131,30.6,0.06638073499377953,0.325,0.375,0.05,0.022766769780820297,0.019830587947794166,0.0029361818330261302
4.0,3,7,0.05,131,30.6,0.034116339265052746,0.125,0.125,0.0,0.003543421847384935,0.003543421847384935,0.0
4.0,3,0,0.1,131,30.6,0.017219449824093104,0.05,0.05,0.0,0.00275674840690325,0.00275674840690325,0.0
4.0,3,1,0.1,131,30.6,0.027708393027378188,0.075,0.0875,0.0125,0.00147866074497187,0.001469772842818925,8.88790215294497e-06
4.0,3,2,0.1,131,30.6,0.04970643757414668,0.2,0.2125,0.0125,0.013086246195642496,0.012799924613925288,0.00028632158171720823
4.0,3,3,0.1,131,30.6,0.025177371208750732,0.0625,0.0625,0.0,0.0021144828133992117,0.0020872637468318227,2.7219066567388955e-05
4.0,3,4,0.1,131,30.6,0.06181437376605307,0.2375,0.275,0.0375,0.022545603398240167,0.02184277762909309,0.0007028257691470766
4.0,3,5,0.1,131,30.6,0.030387807872138007,0.05,0.05,0.0,0.006155687644294868,0.006155687644294868,0.0
4.0,3,6,0.1,131,30.6,0.08869241198588883,0.5,0.625,0.125,0.04555300462968444,0.033268989633262476,0.012284014996421962
4.0,3,7,0.1,131,30.6,0.05227224610389405,0.225,0.2625,0.0375,0.01057485522830763,0.010059502488143746,0.0005153527401638852
4.0,3,0,0.2,131,30.6,0.04630727855790878,0.1875,0.1875,0.0,0.014310846515467835,0.013374762335844958,0.0009360841796228776
4.0,3,1,0.2,131,30.6,0.06427753457062649,0.325,0.375,0.05,0.020223279571501745,0.01638428726275562,0.0038389923087461253
4.0,3,2,0.2,131,30.6,0.09300476574380015,0.6,0.7,0.1,0.05210702641645289,0.03665305149381008,0.015453974922642805
4.0,3,3,0.2,131,30.6,0.061588461210531506,0.325,0.4,0.075,0.022413221593679183,0.02059236929904321,0.0018208522946359731
4.0,3,4,0.2,131,30.6,0.10757224587740533,0.6875,0.875,0.1875,0.07644585584679296,0.050842467240113404,0.02560338860667956
4.0,3,5,0.2,131,30.6,0.06766774985482679,0.3375,0.45,0.1125,0.02473082277067273,0.020321258652426864,0.004409564118245866
4.0,3,6,0.2,131,30.6,0.1347159160056897,0.8375,0.975,0.1375,0.14306894436594694,0.07384810660080941,0.06922083776513753
4.0,3,7,0.2,131,30.6,0.09513572336682123,0.6125,0.8,0.1875,0.05795973232915809,0.03649261820287733,0.02146711412628076
4.0,3,0,0.35,131,30.6,0.11017281073745692,0.6875,0.9,0.2125,0.08490641431226295,0.052005339142086604,0.03290107517017635
4.0,3,1,0.35,131,30.6,0.1319928726361851,0.8,0.9875,0.1875,0.13618620305303858,0.06930755777056959,0.066878645282469
4.0,3,2,0.35,131,30.6,0.16237976574380014,0.9875,1.0,0.0125,0.21537193658466036,0.10220453892163436,0.113167397663026
4.0,3,3,0.35,131,30.6,0.12877584523558108,0.85,0.9625,0.1125,0.12953363728740805,0.07240505813319824,0.05712857915420981
4.0,3,4,0.35,131,30.6,0.17694724587740535,0.9875,1.0,0.0125,0.2534568519665649,0.1222465702554944,0.13121028171107052
4.0,3,5,0.35,131,30.6,0.13586495329044082,0.8375,0.9875,0.15,0.14703677387529385,0.07648738734306122,0.07054938653223262
4.0,3,6,0.35,131,30.6,0.20409091600568968,1.0,1.0,0.0,0.3244206954390331,0.14912643968661982,0.1752942557524133
4.0,3,7,0.35,131,30.6,0.1645107233668212,0.9375,1.0,0.0625,0.22094306762521634,0.10207851389679809,0.11886455372841825
4.0,3,0,0.5,131,30.6,0.1792480377497569,0.975,1.0,0.025,0.25947199411647526,0.12089755325095905,0.1385744408655162
4.0,3,1,0.5,131,30.6,0.2013678726361851,1.0,1.0,0.0,0.31730162780634735,0.14352730963573684,0.1737743181706105
4.0,3,2,0.5,131,30.6,0.23175476574380016,1.0,1.0,0.0,0.39674448560386494,0.17936454237215999,0.21737994323170495
4.0,3,3,0.5,131,30.6,0.19803199795530463,0.9875,1.0,0.0125,0.3085803868106241,0.14582185413747747,0.16275853267314663
4.0,3,4,0.5,131,30.6,0.24632224587740534,1.0,1.0,0.0,0.4348294009857696,0.19943836376245477,0.23539103722331484
4.0,3,5,0.5,131,30.6,0.2052399532904408,1.0,1.0,0.0,0.327424714484129,0.15079792545726295,0.17662678902686607
4.0,3,6,0.5,131,30.6,0.2734659160056897,1.0,1.0,0.0,0.5057932444582379,0.2263715377258355,0.2794217067324024
4.0,3,7,0.5,131,30.6,0.23388572336682123,1.0,1.0,0.0,0.40231561664441945,0.17886341426291466,0.2234522023815048
4.0,4,0,0.0,179,29.29999999999999,0.0,0.0,0.0,0.0,0.0,0.0,0.0
4.0,4,1,0.0,179,29.29999999999999,0.0,0.0,0.0,0.0,0.0,0.0,0.0
4.0,4,2,0.0,179,29.29999999999999,0.0,0.0,0.0,0.0,0.0,0.0,0.0
4.0,4,3,0.0,179,29.29999999999999,0.0,0.0,0.0,0.0,0.0,0.0,0.0
4.0,4,4,0.0,179,29.29999999999999,0.0,0.0,0.0,0.0,0.0,0.0,0.0
4.0,4,5,0.0,179,29.29999999999999,0.0,0.0,0.0,0.0,0.0,0.0,0.0
4.0,4,6,0.0,179,29.29999999999999,0.0,0.0,0.0,0.0,0.0,0.0,0.0
4.0,4,7,0.0,179,29.29999999999999,0.0,0.0,0.0,0.0,0.0,0.0,0.0
4.0,4,0,0.05,179,29.29999999999999,0.02330903322078395,0.0375,0.0375,0.0,0.0005884100248937557,0.0005884100248937557,0.0
4.0,4,1,0.05,179,29.29999999999999,0.0814030607415619,0.5125,0.575,0.0625,0.03166664161006077,0.021939039577636696,0.009727602032424072
4.0,4,2,0.05,179,29.29999999999999,0.036642907039710626,0.125,0.125,0.0,0.0037230625353889294,0.003277362339040589,0.0004457001963483406
4.0,4,3,0.05,179,29.29999999999999,0.036255766774749544,0.1125,0.1125,0.0,0.002907954575023004,0.002656390712819605,0.0002515638622033992
4.0,4,4,0.05,179,29.29999999999999,0.056352795830439346,0.275,0.3,0.025,0.01724879629215583,0.015107190987764673,0.0021416053043911577
4.0,4,5,0.05,179,29.29999999999999,0.016268998529785795,0.025,0.025,0.0,0.0018586993461302082,0.0018586993461302082,0.0
4.0,4,6,0.05,179,29.29999999999999,0.033335854959689395,0.1625,0.175,0.0125,0.004712684931015958,0.004409336226690023,0.00030334870432593454
4.0,4,7,0.05,179,29.29999999999999,0.057029771061970644,0.2875,0.325,0.0375,0.011846666628377538,0.00895469518704986,0.0028919714413276777
4.0,4,0,0.1,179,29.29999999999999,0.039497711444713014,0.1375,0.1375,0.0,0.0024901339346597587,0.0024761129315703273,1.40210030894314e-05
4.0,4,1,0.1,179,29.29999999999999,0.10367173605966194,0.6,0.9,0.3,0.06664590550288582,0.03663207345043511,0.030013832052450715
4.0,4,2,0.1,179,29.29999999999999,0.05466219428970007,0.2375,0.2875,0.05,0.009210569779065897,0.007246012134419788,0.0019645576446461087
4.0,4,3,0.1,179,29.29999999999999,0.053727690919551215,0.25,0.3125,0.0625,0.008081477718179795,0.006697851844396211,0.001383625873783584
4.0,4,4,0.1,179,29.29999999999999,0.07812286780173663,0.4,0.5375,0.1375,0.03227683164776136,0.025595573863486796,0.0066812577842745614
4.0,4,5,0.1,179,29.29999999999999,0.029011372366833186,0.1,0.1,0.0,0.004245202386657876,0.004206150955367674,3.9051431290201485e-05
4.0,4,6,0.1,179,29.29999999999999,0.05031948290055108,0.225,0.2625,0.0375,0.011487014980294915,0.01024300179990642,0.0012440131803884945
4.0,4,7,0.1,179,29.29999999999999,0.07785369447563989,0.475,0.6125,0.1375,0.029223060643473336,0.019432493399433683,0.009790567244039653
4.0,4,0,0.2,179,29.29999999999999,0.08054965525365598,0.525,0.675,0.15,0.025535539756601906,0.017079641328164436,0.00845589842843747
4.0,4,1,0.2,179,29.29999999999999,0.14829673605966195,0.9125,1.0,0.0875,0.1864757298554564,0.07680989312855094,0.10966583672690547
4.0,4,2,0.2,179,29.29999999999999,0.09593209487366156,0.6625,0.775,0.1125,0.060654589465681474,0.03132212045472627,0.029332469010955202
4.0,4,3,0.2,179,29.29999999999999,0.09415631630438256,0.6375,0.8125,0.175,0.0522464508613992,0.030946633680095658,0.021299817181303544
4.0,4,4,0.2,179,29.29999999999999,0.12224526164788499,0.8125,0.9875,0.175,0.11646965053128634,0.056263118691359505,0.06020653183992684
4.0,4,5,0.2,179,29.29999999999999,0.06399444409972085,0.4125,0.45,0.0375,0.018038275867560898,0.014863998918249344,0.003174276949311553
4.0,4,6,0.2,179,29.29999999999999,0.09265021766727566,0.5375,0.6875,0.15,0.051053140494503275,0.030640251658439803,0.020412888836063472
4.0,4,7,0.2,179,29.29999999999999,0.12210146775003583,0.775,1.0,0.225,0.11495281296922683,0.05228364383970058,0.06266916912952625
4.0,4,0,0.35,179,29.29999999999999,0.14715872513586345,0.95,1.0,0.05,0.18336853279389054,0.07358004960774825,0.10978848318614229
4.0,4,1,0.35,179,29.29999999999999,0.21523423605966197,1.0,1.0,0.0,0.3692402349746286,0.1475940528264051,0.22164618214822351
4.0,4,2,0.35,179,29.29999999999999,0.16253980207493035,0.95,1.0,0.05,0.2253646473032284,0.09193079571308929,0.1334338515901391
4.0,4,3,0.35,179,29.29999999999999,0.16068472906881143,0.9375,1.0,0.0625,0.22029960155273962,0.08949729079637812,0.1308023107563615
4.0,4,4,0.35,179,29.29999999999999,0.18915673114919235,0.9875,1.0,0.0125,0.2980388563796112,0.12470457868266902,0.17333427769694218
4.0,4,5,0.35,179,29.29999999999999,0.1283316920693899,0.9,0.9875,0.0875,0.13420091499478978,0.05724934576520659,0.07695156922958318
4.0,4,6,0.35,179,29.29999999999999,0.15957562882678603,0.9625,1.0,0.0375,0.21727134150626157,0.08951306003435061,0.12775828147191096
4.0,4,7,0.35,179,29.29999999999999,0.1890389677500358,1.0,1.0,0.0,0.29771731808838575,0.11914231922937646,0.1785749988590093
4.0,4,0,0.5,179,29.29999999999999,0.21409622513586343,1.0,1.0,0.0,0.3661330379130613,0.14389931878973253,0.22223371912332876
4.0,4,1,0.5,179,29.29999999999999,0.28217173605966195,1.0,1.0,0.0,0.5520047400938018,0.21874934292879417,0.3332553971650077
4.0,4,2,0.5,179,29.29999999999999,0.22947730207493036,1.0,1.0,0.0,0.40812915242239917,0.16211748817314064,0.24601166424925852
4.0,4,3,0.5,179,29.29999999999999,0.2276222290688114,1.0,1.0,0.0,0.4030641066719103,0.15962856289735533,0.24343554377455495
4.0,4,4,0.5,179,29.29999999999999,0.25609423114919233,1.0,1.0,0.0,0.4808033614987839,0.1956618595849648,0.2851415019138191
4.0,4,5,0.5,179,29.29999999999999,0.19526919206938992,1.0,1.0,0.0,0.31472816947225773,0.12423874800921292,0.19048942146304482
4.0,4,6,0.5,179,29.29999999999999,0.22651312882678604,1.0,1.0,0.0,0.40003584662543396,0.16035816628561977,0.23967768033981418
4.0,4,7,0.5,179,29.29999999999999,0.2559764677500358,1.0,1.0,0.0,0.4804818232075589,0.19029760933176554,0.29018421387579335
4.0,5,0,0.0,142,29.29999999999999,0.0,0.0,0.0,0.0,0.0,0.0,0.0
4.0,5,1,0.0,142,29.29999999999999,0.0,0.0,0.0,0.0,0.0,0.0,0.0
4.0,5,2,0.0,142,29.29999999999999,0.0,0.0,0.0,0.0,0.0,0.0,0.0
4.0,5,3,0.0,142,29.29999999999999,0.0,0.0,0.0,0.0,0.0,0.0,0.0
4.0,5,4,0.0,142,29.29999999999999,0.0,0.0,0.0,0.0,0.0,0.0,0.0
4.0,5,5,0.0,142,29.29999999999999,0.0,0.0,0.0,0.0,0.0,0.0,0.0
4.0,5,6,0.0,142,29.29999999999999,0.0,0.0,0.0,0.0,0.0,0.0,0.0
4.0,5,7,0.0,142,29.29999999999999,0.0,0.0,0.0,0.0,0.0,0.0,0.0
4.0,5,0,0.05,142,29.29999999999999,0.03312020485438523,0.075,0.075,0.0,0.0046084950971049705,0.004518272321357941,9.022277574702916e-05
4.0,5,1,0.05,142,29.29999999999999,0.02169295215352921,0.025,0.025,0.0,3.453460129646379e-05,3.453460129646379e-05,0.0
4.0,5,2,0.05,142,29.29999999999999,0.03057249245892158,0.05,0.05,0.0,0.0030368465422316204,0.0030368465422316204,0.0
4.0,5,3,0.05,142,29.29999999999999,0.045223619859156405,0.15,0.175,0.025,0.01244675306499485,0.01178207520235543,0.0006646778626394189
4.0,5,4,0.05,142,29.29999999999999,0.024282114729778186,0.0375,0.0375,0.0,0.0014960340283174623,0.0014960340283174623,0.0
4.0,5,5,0.05,142,29.29999999999999,0.009463729357128475,0.025,0.025,0.0,5.221916377499813e-05,5.221916377499813e-05,0.0
4.0,5,6,0.05,142,29.29999999999999,0.03703091299432229,0.0875,0.1125,0.025,0.009033196377712802,0.009010775336593078,2.2421041119723845e-05
4.0,5,7,0.05,142,29.29999999999999,0.0601820694430457,0.3625,0.425,0.0625,0.01964907955793253,0.015120514398422089,0.004528565159510441
4.0,5,0,0.1,142,29.29999999999999,0.052017383856356,0.15,0.1625,0.0125,0.008611612513459651,0.008148486505708055,0.0004631260077515957
4.0,5,1,0.1,142,29.29999999999999,0.03665724837069713,0.1625,0.1625,0.0,0.002831771912844734,0.002831771912844734,0.0
4.0,5,2,0.1,142,29.29999999999999,0.047310285413613505,0.1875,0.2125,0.025,0.007433735702431642,0.006869059757130507,0.0005646759453011348
4.0,5,3,0.1,142,29.29999999999999,0.06439170799674845,0.3375,0.425,0.0875,0.024577508931692853,0.020015240603256976,0.004562268328435877
4.0,5,4,0.1,142,29.29999999999999,0.04091517200092021,0.1125,0.125,0.0125,0.003882488689047545,0.003798765174409519,8.372351463802616e-05
4.0,5,5,0.1,142,29.29999999999999,0.020808450059488802,0.05,0.05,0.0,0.0014533835146720048,0.0014533835146720048,0.0
4.0,5,6,0.1,142,29.29999999999999,0.05638239226121281,0.2375,0.2375,0.0,0.01760701050496976,0.015790424321437586,0.001816586183532174
4.0,5,7,0.1,142,29.29999999999999,0.08063098315737477,0.525,0.6125,0.0875,0.04044628839179568,0.027118026762168682,0.013328261629627
4.0,5,0,0.2,142,29.29999999999999,0.09517882171044047,0.65,0.8,0.15,0.05151350693803316,0.03134722750765606,0.020166279430377097
4.0,5,1,0.2,142,29.29999999999999,0.07468543012435606,0.425,0.55,0.125,0.025851259432870248,0.017643482501180408,0.00820777693168984
4.0,5,2,0.2,142,29.29999999999999,0.08766433968416903,0.5625,0.7125,0.15,0.045053755234095945,0.02627444104917281,0.018779314184923134
4.0,5,3,0.2,142,29.29999999999999,0.10597595418273976,0.7,0.8375,0.1375,0.08194332705185377,0.047944343180268925,0.03399898387158484
4.0,5,4,0.2,142,29.29999999999999,0.08394978690940455,0.55,0.7,0.15,0.030179288999567365,0.0194182445774212,0.010761044422146166
4.0,5,5,0.2,142,29.29999999999999,0.05374159628513968,0.2875,0.325,0.0375,0.01246491537772092,0.011255921362425543,0.0012089940152953775
4.0,5,6,0.2,142,29.29999999999999,0.09951996544858596,0.6375,0.8125,0.175,0.0625888879333784,0.039128000529190146,0.023460887404188252
4.0,5,7,0.2,142,29.29999999999999,0.12455330773653321,0.7375,0.975,0.2375,0.1227535762984248,0.05938185141723591,0.06337172488118889
4.0,5,0,0.35,142,29.29999999999999,0.16211632171044046,0.975,1.0,0.025,0.2242083869222013,0.09423041482941139,0.1299779720927899
4.0,5,1,0.35,142,29.29999999999999,0.14071212753075477,0.9,1.0,0.1,0.1657669011074999,0.06848516456438519,0.0972817365431147
4.0,5,2,0.35,142,29.29999999999999,0.15421836447410173,0.975,1.0,0.025,0.20264399856362955,0.08098983191813852,0.12165416664549103
4.0,5,3,0.35,142,29.29999999999999,0.17269713388532817,0.9375,1.0,0.0625,0.25309797647815835,0.11008784152087517,0.14301013495728318
4.0,5,4,0.35,142,29.29999999999999,0.15088728690940453,1.0,1.0,0.0,0.19354890623683882,0.07902041966442128,0.11452848657241754
4.0,5,5,0.35,142,29.29999999999999,0.11873802004745071,0.75,0.9875,0.2375,0.10631493681756793,0.05344139518559979,0.05287354163196814
4.0,5,6,0.35,142,29.29999999999999,0.16645746544858595,0.9875,1.0,0.0125,0.23606133910824742,0.10177285581292493,0.1342884832953225
4.0,5,7,0.35,142,29.29999999999999,0.19149080773653318,0.9875,1.0,0.0125,0.30441176173728407,0.1259874526518642,0.17842430908541987
4.0,5,0,0.5,142,29.29999999999999,0.22905382171044045,1.0,1.0,0.0,0.40697289204122317,0.16532870169864267,0.2416441903425805
4.0,5,1,0.5,142,29.29999999999999,0.20764962753075475,0.9875,1.0,0.0125,0.3485314062265017,0.13791852843321337,0.21061287779328833
4.0,5,2,0.5,142,29.29999999999999,0.2211558644741017,1.0,1.0,0.0,0.38540850368265067,0.15190762379117229,0.23350087989147839
4.0,5,3,0.5,142,29.29999999999999,0.23963463388532819,1.0,1.0,0.0,0.43586248159717733,0.18045230599922063,0.2554101755979567
4.0,5,4,0.5,142,29.29999999999999,0.2178247869094045,1.0,1.0,0.0,0.3763134113558608,0.15017570976681038,0.22613770158905044
4.0,5,5,0.5,142,29.29999999999999,0.1856755200474507,1.0,1.0,0.0,0.2885338431323191,0.1200286221450597,0.1685052209872594
4.0,5,6,0.5,142,29.29999999999999,0.23339496544858593,1.0,1.0,0.0,0.4188258442272692,0.17286735649902057,0.24595848772824863
4.0,5,7,0.5,142,29.29999999999999,0.2584283077365332,1.0,1.0,0.0,0.4871762668563061,0.19713541452162725,0.29004085233467886
4.0,6,0,0.0,144,29.949999999999996,0.0,0.0,0.0,0.0,0.0,0.0,0.0
4.0,6,1,0.0,144,29.949999999999996,0.0,0.0,0.0,0.0,0.0,0.0,0.0
4.0,6,2,0.0,144,29.949999999999996,0.0,0.0,0.0,0.0,0.0,0.0,0.0
4.0,6,3,0.0,144,29.949999999999996,0.0,0.0,0.0,0.0,0.0,0.0,0.0
4.0,6,4,0.0,144,29.949999999999996,0.0,0.0,0.0,0.0,0.0,0.0,0.0
4.0,6,5,0.0,144,29.949999999999996,0.0,0.0,0.0,0.0,0.0,0.0,0.0
4.0,6,6,0.0,144,29.949999999999996,0.0,0.0,0.0,0.0,0.0,0.0,0.0
4.0,6,7,0.0,144,29.949999999999996,0.0,0.0,0.0,0.0,0.0,0.0,0.0
4.0,6,0,0.05,144,29.949999999999996,0.036619371128108584,0.15,0.15,0.0,0.0024932229732469446,0.002383589386582115,0.0001096335866648296
4.0,6,1,0.05,144,29.949999999999996,0.01351535621342829,0.0125,0.025,0.0125,0.0005667436092131211,0.000520178305816011,4.65653033971101e-05
4.0,6,2,0.05,144,29.949999999999996,0.03154557343740045,0.075,0.075,0.0,0.010056575080380995,0.010056575080380995,0.0
4.0,6,3,0.05,144,29.949999999999996,0.03516208790525248,0.1125,0.1125,0.0,0.00818663549907056,0.008161358600677172,2.527689839338862e-05
4.0,6,4,0.05,144,29.949999999999996,0.0445544121474098,0.1375,0.1625,0.025,0.00871671204197906,0.00835048541370398,0.0003662266282750803
4.0,6,5,0.05,144,29.949999999999996,0.01905544996326441,0.025,0.025,0.0,0.002406935105907209,0.002406935105907209,0.0
4.0,6,6,0.05,144,29.949999999999996,0.06274019975065855,0.275,0.3375,0.0625,0.020862985170802536,0.018229977655148794,0.0026330075156537416
4.0,6,7,0.05,144,29.949999999999996,0.027711980583787686,0.0875,0.0875,0.0,0.0009539947336595652,0.0009539947336595652,0.0
4.0,6,0,0.1,144,29.949999999999996,0.055814771032782214,0.2875,0.375,0.0875,0.012655559071467853,0.00994075181907242,0.0027148072523954323
4.0,6,1,0.1,144,29.949999999999996,0.0251709966163441,0.075,0.075,0.0,0.0021003136066772166,0.0015244084371823824,0.0005759051694948342
4.0,6,2,0.1,144,29.949999999999996,0.049625084567587005,0.2,0.2,0.0,0.015872656640645265,0.01570441516640998,0.000168241474235286
4.0,6,3,0.1,144,29.949999999999996,0.052792902846502676,0.225,0.2375,0.0125,0.014657601470613126,0.014195093530982528,0.0004625079396305982
4.0,6,4,0.1,144,29.949999999999996,0.0643121502340934,0.3125,0.375,0.0625,0.01936090567935731,0.016267814300668433,0.003093091378688878
4.0,6,5,0.1,144,29.949999999999996,0.0339459401366357,0.0875,0.0875,0.0,0.004692197969375167,0.004692197969375167,0.0
4.0,6,6,0.1,144,29.949999999999996,0.0836485490004454,0.475,0.6125,0.1375,0.041491658268599685,0.03077575382684203,0.010715904441757657
4.0,6,7,0.1,144,29.949999999999996,0.044068270094902995,0.2375,0.25,0.0125,0.0033632302865526926,0.0029363573097564663,0.0004268729767962264
4.0,6,0,0.2,144,29.949999999999996,0.09949474691220522,0.65,0.8125,0.1625,0.061339211041371536,0.03391762119190634,0.027421589849465196
4.0,6,1,0.2,144,29.949999999999996,0.06082908936103685,0.3,0.325,0.025,0.014776092904439129,0.011957596943157543,0.0028184959612815863
4.0,6,2,0.2,144,29.949999999999996,0.09235220682616166,0.55,0.7125,0.1625,0.05010681406828941,0.035302037680763045,0.014804776387526364
4.0,6,3,0.2,144,29.949999999999996,0.09532140705059178,0.6375,0.8,0.1625,0.058441753174399494,0.0400893244004304,0.018352428773969094
4.0,6,4,0.2,144,29.949999999999996,0.1088040339375328,0.675,0.925,0.25,0.0807706442797856,0.04529116366596927,0.03547948061381633
4.0,6,5,0.2,144,29.949999999999996,0.07561865955663147,0.4375,0.4875,0.05,0.024102306061076037,0.018804349755408845,0.0052979563056671924
4.0,6,6,0.2,144,29.949999999999996,0.12667503332462865,0.7875,0.9625,0.175,0.12801972661412422,0.06758593003877668,0.060433796575347545
4.0,6,7,0.2,144,29.949999999999996,0.08711351344805729,0.6125,0.75,0.1375,0.03532144727790191,0.021753579506957346,0.013567867770944562
4.0,6,0,0.35,144,29.949999999999996,0.16729387780618088,0.9875,1.0,0.0125,0.23317229464036937,0.10024974164474332,0.13292255299562605
4.0,6,1,0.35,144,29.949999999999996,0.12666746335569304,0.8375,1.0,0.1625,0.1246543261585406,0.06099953275121266,0.06365479340732794
4.0,6,2,0.35,144,29.949999999999996,0.1603284968934003,0.9375,1.0,0.0625,0.21456693660963133,0.09752748397850393,0.1170394526311274
4.0,6,3,0.35,144,29.949999999999996,0.1609300185699631,0.975,1.0,0.025,0.21617367230666465,0.10285787421106982,0.11331579809559483
4.0,6,4,0.35,144,29.949999999999996,0.17679085819916107,0.9875,1.0,0.0125,0.25853985495545656,0.11220277936711,0.14633707558834658
4.0,6,5,0.35,144,29.949999999999996,0.14345676019421527,0.975,1.0,0.025,0.16950052806431415,0.07448182935073028,0.09501869871358387
4.0,6,6,0.35,144,29.949999999999996,0.1948225331415222,0.9625,1.0,0.0375,0.30670459603679695,0.13667856468543138,0.17002603135136557
4.0,6,7,0.35,144,29.949999999999996,0.15526976344805726,0.9875,1.0,0.0125,0.20105445996096785,0.08377193573037767,0.11728252423059018
4.0,6,0,0.5,144,29.949999999999996,0.2354501278061809,1.0,1.0,0.0,0.4152257170105673,0.17381953455242322,0.2414061824581441
4.0,6,1,0.5,144,29.949999999999996,0.19479445280926955,0.975,1.0,0.025,0.30662959014094165,0.13097258625854338,0.17565700388239827
4.0,6,2,0.5,144,29.949999999999996,0.22848474689340031,1.0,1.0,0.0,0.3966203589798303,0.1713653596574504,0.22525499932237988
4.0,6,3,0.5,144,29.949999999999996,0.22908626856996314,0.9875,1.0,0.0125,0.3982270946768324,0.17460347994765163,0.2236236147291808
4.0,6,4,0.5,144,29.949999999999996,0.24494710819916105,1.0,1.0,0.0,0.4405932773256557,0.18611240024940187,0.2544808770762538
4.0,6,5,0.5,144,29.949999999999996,0.2116130101942153,1.0,1.0,0.0,0.351553950434514,0.14857431329988233,0.20297963713463166
4.0,6,6,0.5,144,29.949999999999996,0.2629787831415222,1.0,1.0,0.0,0.48875801840699495,0.21029404292084994,0.278463975486145
4.0,6,7,0.5,144,29.949999999999996,0.22342601344805724,1.0,1.0,0.0,0.3831078823311676,0.15783980003508835,0.22526808229607925
4.0,7,0,0.0,159,27.999999999999993,0.0,0.0,0.0,0.0,0.0,0.0,0.0
4.0,7,1,0.0,159,27.999999999999993,0.0,0.0,0.0,0.0,0.0,0.0,0.0
4.0,7,2,0.0,159,27.999999999999993,0.0,0.0,0.0,0.0,0.0,0.0,0.0
4.0,7,3,0.0,159,27.999999999999993,0.0,0.0,0.0,0.0,0.0,0.0,0.0
4.0,7,4,0.0,159,27.999999999999993,0.0,0.0,0.0,0.0,0.0,0.0,0.0
4.0,7,5,0.0,159,27.999999999999993,0.0,0.0,0.0,0.0,0.0,0.0,0.0
4.0,7,6,0.0,159,27.999999999999993,0.0,0.0,0.0,0.0,0.0,0.0,0.0
4.0,7,7,0.0,159,27.999999999999993,0.0,0.0,0.0,0.0,0.0,0.0,0.0
4.0,7,0,0.05,159,27.999999999999993,0.0767139102667787,0.4625,0.575,0.1125,0.024934584249038022,0.015000965134899935,0.009933619114138087
4.0,7,1,0.05,159,27.999999999999993,0.04891359649083953,0.15,0.1625,0.0125,0.004472311219043254,0.003970170968879292,0.0005021402501639615
4.0,7,2,0.05,159,27.999999999999993,0.022611230213715618,0.025,0.025,0.0,0.0005525071176987569,0.0005525071176987569,0.0
4.0,7,3,0.05,159,27.999999999999993,0.05410569417073848,0.2125,0.25,0.0375,0.007965284646258564,0.005859282409584814,0.0021060022366737492
4.0,7,4,0.05,159,27.999999999999993,0.03275769976378971,0.075,0.075,0.0,0.0012321539748858428,0.0012321539748858428,0.0
4.0,7,5,0.05,159,27.999999999999993,0.04448374403756092,0.1375,0.15,0.0125,0.00408959147265766,0.0036030001455529723,0.0004865913271046873
4.0,7,6,0.05,159,27.999999999999993,0.03630916145887849,0.15,0.15,0.0,0.005764939222875564,0.0034604055200992702,0.0023045337027762934
4.0,7,7,0.05,159,27.999999999999993,0.001190338891737425,0.0,0.0,0.0,0.0,0.0,0.0
4.0,7,0,0.1,159,27.999999999999993,0.0975527151893445,0.65,0.8875,0.2375,0.058998574681193454,0.027640914216382876,0.031357660464810574
4.0,7,1,0.1,159,27.999999999999993,0.06815381159071941,0.325,0.4,0.075,0.013942142321547227,0.009375049715967115,0.004567092605580112
4.0,7,2,0.1,159,27.999999999999993,0.039101548491580033,0.1,0.1125,0.0125,0.0017286283359790062,0.0016938523267904964,3.4776009188509796e-05
4.0,7,3,0.1,159,27.999999999999993,0.07391262922541306,0.475,0.5625,0.0875,0.022801113174331096,0.013784357377852096,0.009016755796479
4.0,7,4,0.1,159,27.999999999999993,0.049997723852837565,0.2125,0.225,0.0125,0.005737278544404875,0.004880405161633274,0.0008568733827716011
4.0,7,5,0.1,159,27.999999999999993,0.06327069728755615,0.375,0.4,0.025,0.011449180347899261,0.008382620843013914,0.003066559504885347
4.0,7,6,0.1,159,27.999999999999993,0.05572157875597935,0.3125,0.3625,0.05,0.011618277234907642,0.0069819174601595466,0.004636359774748095
4.0,7,7,0.1,159,27.999999999999993,0.00335336239599118,0.0,0.0,0.0,0.0,0.0,0.0
4.0,7,0,0.2,159,27.999999999999993,0.1404371994149328,0.9375,1.0,0.0625,0.1726777126138162,0.06212236872847459,0.1105553438853416
4.0,7,1,0.2,159,27.999999999999993,0.10968072912445175,0.7375,0.9375,0.2,0.08752204814689674,0.03630012356331273,0.051221924583584
4.0,7,2,0.2,159,27.999999999999993,0.07960058076717598,0.525,0.6625,0.1375,0.02193010483996022,0.013711018576931688,0.00821908626302853
4.0,7,3,0.2,159,27.999999999999993,0.1163986904219001,0.7625,0.975,0.2125,0.1040639867336502,0.041426028903029294,0.0626379578306209
4.0,7,4,0.2,159,27.999999999999993,0.08924243824409087,0.6125,0.7875,0.175,0.04683572611256164,0.022531700677594666,0.024304025434966976
4.0,7,5,0.2,159,27.999999999999993,0.1046246952355194,0.7125,0.9,0.1875,0.07605844986079824,0.03253589845065721,0.04352255141014103
4.0,7,6,0.2,159,27.999999999999993,0.09839437505728177,0.65,0.8375,0.1875,0.05723387513488945,0.025853018873238723,0.03138085626165073
4.0,7,7,0.2,159,27.999999999999993,0.01484299653480115,0.05,0.05,0.0,0.00040819602310456367,0.00040819602310456367,0.0
4.0,7,0,0.35,159,27.999999999999993,0.2049371994149328,1.0,1.0,0.0,0.3569634268992243,0.12493719941493277,0.23202622748429153
4.0,7,1,0.35,159,27.999999999999993,0.17411310366271723,0.95,1.0,0.05,0.2688945818930389,0.09439959145051853,0.17449499044252037
4.0,7,2,0.35,159,27.999999999999993,0.1436290435101645,0.95,1.0,0.05,0.1817972671716036,0.06456245976842759,0.11723480740317602
4.0,7,3,0.35,159,27.999999999999993,0.18089869042190007,1.0,1.0,0.0,0.2882819726335288,0.10089869042190006,0.18738328221162873
4.0,7,4,0.35,159,27.999999999999993,0.15313906367075908,0.9625,1.0,0.0375,0.2089687533446887,0.07448341097921557,0.13448534236547313
4.0,7,5,0.35,159,27.999999999999993,0.1691222963329431,0.975,1.0,0.025,0.25463513237942115,0.08921013252695947,0.16542499985246167
4.0,7,6,0.35,159,27.999999999999993,0.16289437505728177,1.0,1.0,0.0,0.2368410715918463,0.08289437505728176,0.15394669653456455
4.0,7,7,0.35,159,27.999999999999993,0.058740886526069076,0.2875,0.375,0.0875,0.013572044690333069,0.009303609956925626,0.004268434733407442
4.0,7,0,0.5,159,27.999999999999993,0.2694371994149329,1.0,1.0,0.0,0.5412491411846372,0.18943719941493276,0.35181194176970443
4.0,7,1,0.5,159,27.999999999999993,0.23861310366271726,1.0,1.0,0.0,0.4531802961784511,0.15861310366271722,0.29456719251573393
4.0,7,2,0.5,159,27.999999999999993,0.20812904351016454,1.0,1.0,0.0,0.36608298145701423,0.1281290435101645,0.23795393794684974
4.0,7,3,0.5,159,27.999999999999993,0.24539869042190005,1.0,1.0,0.0,0.4725676869189417,0.16539869042190003,0.30716899649704166
4.0,7,4,0.5,159,27.999999999999993,0.2176390636707591,1.0,1.0,0.0,0.3932544676300972,0.13763906367075904,0.2556154039593381
4.0,7,5,0.5,159,27.999999999999993,0.2336222963329431,1.0,1.0,0.0,0.43892084666483394,0.15362229633294303,0.2852985503318909
4.0,7,6,0.5,159,27.999999999999993,0.2273943750572818,1.0,1.0,0.0,0.42112678587725927,0.1473943750572817,0.27373241081997757
4.0,7,7,0.5,159,27.999999999999993,0.12179330193421338,0.8,0.9875,0.1875,0.11949481563413608,0.045383008685430576,0.0741118069487055
4.0,8,0,0.0,147,28.650000000000006,0.0,0.0,0.0,0.0,0.0,0.0,0.0
4.0,8,1,0.0,147,28.650000000000006,0.0,0.0,0.0,0.0,0.0,0.0,0.0
4.0,8,2,0.0,147,28.650000000000006,0.0,0.0,0.0,0.0,0.0,0.0,0.0
4.0,8,3,0.0,147,28.650000000000006,0.0,0.0,0.0,0.0,0.0,0.0,0.0
4.0,8,4,0.0,147,28.650000000000006,0.0,0.0,0.0,0.0,0.0,0.0,0.0
4.0,8,5,0.0,147,28.650000000000006,0.0,0.0,0.0,0.0,0.0,0.0,0.0
4.0,8,6,0.0,147,28.650000000000006,0.0,0.0,0.0,0.0,0.0,0.0,0.0
4.0,8,7,0.0,147,28.650000000000006,0.0,0.0,0.0,0.0,0.0,0.0,0.0
4.0,8,0,0.05,147,28.650000000000006,0.014814193788941629,0.0625,0.0625,0.0,0.00011486698287010279,0.00010156739671344814,1.329958615665465e-05
4.0,8,1,0.05,147,28.650000000000006,0.01442457657419004,0.075,0.075,0.0,0.0007893229573896556,0.0007893229573896556,0.0
4.0,8,2,0.05,147,28.650000000000006,0.025316195303256874,0.0625,0.0625,0.0,0.0002891542607273557,0.0002891542607273557,0.0
4.0,8,3,0.05,147,28.650000000000006,0.018589104249438024,0.05,0.05,0.0,0.003506541494230293,0.003506541494230293,0.0
4.0,8,4,0.05,147,28.650000000000006,0.022893944525310753,0.05,0.05,0.0,0.005609257372617182,0.005609257372617182,0.0
4.0,8,5,0.05,147,28.650000000000006,0.03015935764016863,0.0375,0.0375,0.0,0.0012143816460174147,0.0012143816460174147,0.0
4.0,8,6,0.05,147,28.650000000000006,0.034215823771808054,0.125,0.1375,0.0125,0.002368738730735503,0.0022762462814691752,9.249244926632771e-05
4.0,8,7,0.05,147,28.650000000000006,0.01231511564826146,0.0,0.0,0.0,0.0,0.0,0.0
4.0,8,0,0.1,147,28.650000000000006,0.027678949942881587,0.075,0.075,0.0,0.0014186189878363088,0.001172964386683804,0.0002456546011525048
4.0,8,1,0.1,147,28.650000000000006,0.025831824642719776,0.1375,0.15,0.0125,0.0021929714954461916,0.001989840589840223,0.0002031309056059684
4.0,8,2,0.1,147,28.650000000000006,0.04165032095654092,0.1875,0.2125,0.025,0.0023537975346980306,0.0021447305524554703,0.00020906698224256023
4.0,8,3,0.1,147,28.650000000000006,0.031906551826059566,0.0875,0.0875,0.0,0.006529130772917428,0.0063980328645108185,0.00013109790840660964
4.0,8,4,0.1,147,28.650000000000006,0.03676411194725523,0.1125,0.1125,0.0,0.008862971338934059,0.008814639168669501,4.833217026455755e-05
4.0,8,5,0.1,147,28.650000000000006,0.04813906326799944,0.2,0.225,0.025,0.004177688829862588,0.003880640460986206,0.000297048368876382
4.0,8,6,0.1,147,28.650000000000006,0.05165606642942912,0.25,0.325,0.075,0.005942251032837931,0.005066582710457885,0.0008756683223800459
4.0,8,7,0.1,147,28.650000000000006,0.02503965965367598,0.0375,0.0375,0.0,0.00025643015796325384,0.00025643015796325384,0.0
4.0,8,0,0.2,147,28.650000000000006,0.06249968266412402,0.3125,0.3875,0.075,0.015130231832512098,0.011467816604755956,0.0036624152277561425
4.0,8,1,0.2,147,28.650000000000006,0.061240334918063924,0.3125,0.35,0.0375,0.012356636639570736,0.009083291358041977,0.003273345281528759
4.0,8,2,0.2,147,28.650000000000006,0.08352083637241277,0.5375,0.6875,0.15,0.03164331405892245,0.0200222408422918,0.01162107321663065
4.0,8,3,0.2,147,28.650000000000006,0.07004773527714431,0.35,0.4375,0.0875,0.024383282846971707,0.01886046858639873,0.005522814260572977
4.0,8,4,0.2,147,28.650000000000006,0.07390312909266451,0.45,0.525,0.075,0.030935055109638055,0.023121958882931726,0.00781309622670633
4.0,8,5,0.2,147,28.650000000000006,0.09055244075893876,0.5625,0.75,0.1875,0.040551037262339516,0.02307343769069399,0.017477599571645526
4.0,8,6,0.2,147,28.650000000000006,0.09312265296616956,0.675,0.8125,0.1375,0.048084471741339396,0.02626891404685045,0.021815557694488945
4.0,8,7,0.2,147,28.650000000000006,0.06027967695665254,0.325,0.35,0.025,0.010203101552007142,0.007621743032064332,0.00258135851994281
4.0,8,0,0.35,147,28.650000000000006,0.12582094616896305,0.825,0.9875,0.1625,0.12835444694997306,0.05440679931030371,0.07394764763966935
4.0,8,1,0.35,147,28.650000000000006,0.12538413633635243,0.8625,1.0,0.1375,0.1267270822652682,0.05107010315304668,0.07565697911222151
4.0,8,2,0.35,147,28.650000000000006,0.14923958637241277,0.9875,1.0,0.0125,0.1933391591546165,0.07376766976025699,0.1195714893943595
4.0,8,3,0.35,147,28.650000000000006,0.13576648527714427,0.925,1.0,0.075,0.15571793445589693,0.06465486551771325,0.09106306893818368
4.0,8,4,0.35,147,28.650000000000006,0.13885307814555173,0.8625,0.9875,0.125,0.1643393104887943,0.07051299145794727,0.09382631903084702
4.0,8,5,0.35,147,28.650000000000006,0.156137379447802,0.975,1.0,0.025,0.21260001241918175,0.08090278843923929,0.13169722397994246
4.0,8,6,0.35,147,28.650000000000006,0.15874490780710343,0.975,1.0,0.025,0.2198810689198292,0.08306594925471993,0.13681511966510929
4.0,8,7,0.35,147,28.650000000000006,0.12458348989103255,0.8625,0.975,0.1125,0.12520646374335,0.05136832553988208,0.07383813820346793
4.0,8,0,0.5,147,28.650000000000006,0.19153969616896308,0.975,1.0,0.025,0.31145464898763164,0.11847756595378878,0.19297708303384287
4.0,8,1,0.5,147,28.650000000000006,0.19110288633635242,1.0,1.0,0.0,0.310234935667946,0.11595792483637585,0.19427701083157017
4.0,8,2,0.5,147,28.650000000000006,0.21495833637241277,1.0,1.0,0.0,0.3768470125573104,0.14164774244416392,0.23519927011314648
4.0,8,3,0.5,147,28.650000000000006,0.20148523527714432,1.0,1.0,0.0,0.3392257878585882,0.13187957357275057,0.20734621428583763
4.0,8,4,0.5,147,28.650000000000006,0.20457182814555175,1.0,1.0,0.0,0.3478445463043866,0.13623052151992143,0.21161402478446517
4.0,8,5,0.5,147,28.650000000000006,0.22185612944780206,1.0,1.0,0.0,0.39610786582187457,0.14850651919710195,0.24760134662477262
4.0,8,6,0.5,147,28.650000000000006,0.22446365780710345,1.0,1.0,0.0,0.4033889223225217,0.15060507765070663,0.2527838446718151
4.0,8,7,0.5,147,28.650000000000006,0.1902894104530098,0.9875,1.0,0.0125,0.30796344978078677,0.11637744889371839,0.1915860008870684
4.0,9,0,0.0,148,29.950000000000003,0.0,0.0,0.0,0.0,0.0,0.0,0.0
4.0,9,1,0.0,148,29.950000000000003,0.0,0.0,0.0,0.0,0.0,0.0,0.0
4.0,9,2,0.0,148,29.950000000000003,0.0,0.0,0.0,0.0,0.0,0.0,0.0
4.0,9,3,0.0,148,29.950000000000003,0.0,0.0,0.0,0.0,0.0,0.0,0.0
4.0,9,4,0.0,148,29.950000000000003,0.0,0.0,0.0,0.0,0.0,0.0,0.0
4.0,9,5,0.0,148,29.950000000000003,0.0,0.0,0.0,0.0,0.0,0.0,0.0
4.0,9,6,0.0,148,29.950000000000003,0.0,0.0,0.0,0.0,0.0,0.0,0.0
4.0,9,7,0.0,148,29.950000000000003,0.0,0.0,0.0,0.0,0.0,0.0,0.0
4.0,9,0,0.05,148,29.950000000000003,0.05097039793332092,0.2375,0.2625,0.025,0.009287855478850068,0.00810432311932062,0.001183532359529449
4.0,9,1,0.05,148,29.950000000000003,0.03770649228211107,0.1,0.1,0.0,0.0057983948045940426,0.005707990002395829,9.040480219821376e-05
4.0,9,2,0.05,148,29.950000000000003,0.046981501051932495,0.1875,0.1875,0.0,0.010254727433254243,0.008289677980152172,0.0019650494531020715
4.0,9,3,0.05,148,29.950000000000003,0.019599842186794676,0.0875,0.0875,0.0,0.0035663522130676565,0.0035663522130676565,0.0
4.0,9,4,0.05,148,29.950000000000003,0.0291517605427765,0.05,0.05,0.0,0.003310014088025662,0.003310014088025662,0.0
4.0,9,5,0.05,148,29.950000000000003,0.030841449424166452,0.1375,0.1375,0.0,0.005409570036593766,0.00490583725914226,0.0005037327774515057
4.0,9,6,0.05,148,29.950000000000003,0.037238096401243335,0.1125,0.15,0.0375,0.003911064112713846,0.003442223065765443,0.00046884104694840285
4.0,9,7,0.05,148,29.950000000000003,0.0030901285942667106,0.0,0.0,0.0,0.0,0.0,0.0
4.0,9,0,0.1,148,29.950000000000003,0.07184720053390839,0.3625,0.475,0.1125,0.023866310419657897,0.019183988337619407,0.00468232208203849
4.0,9,1,0.1,148,29.950000000000003,0.05708048114447565,0.2125,0.275,0.0625,0.013636405353289256,0.011967990796998874,0.0016684145562903818
4.0,9,2,0.1,148,29.950000000000003,0.06817692511986238,0.3125,0.375,0.0625,0.022143485373626537,0.016020603491396543,0.006122881882229994
4.0,9,3,0.1,148,29.950000000000003,0.03397875383162841,0.1125,0.125,0.0125,0.009404211666046264,0.009331697886012933,7.251378003333107e-05
4.0,9,4,0.1,148,29.950000000000003,0.04631034490854441,0.2,0.2,0.0,0.009395026724946989,0.009161770341309513,0.00023325638363747535
4.0,9,5,0.1,148,29.950000000000003,0.04664907026205463,0.2375,0.25,0.0125,0.012560890042497878,0.011290568501915205,0.0012703215405826737
4.0,9,6,0.1,148,29.950000000000003,0.056341074615254054,0.2875,0.3375,0.05,0.012978547380460203,0.009878535904139094,0.003100011476321109
4.0,9,7,0.1,148,29.950000000000003,0.008300569667904321,0.0125,0.0125,0.0,0.0009406169071429723,0.0009406169071429723,0.0
4.0,9,0,0.2,148,29.950000000000003,0.11552771533446114,0.7625,0.9125,0.15,0.09922401907108304,0.05266719449711644,0.0465568245739666
4.0,9,1,0.2,148,29.950000000000003,0.10070417771212488,0.6625,0.8,0.1375,0.06433262511954949,0.03646548466646697,0.027867140453082515
4.0,9,2,0.2,148,29.950000000000003,0.1129725400067808,0.675,0.9,0.225,0.09131559096069987,0.0462567623603948,0.04505882860030507
4.0,9,3,0.2,148,29.950000000000003,0.0721282053964185,0.4,0.4875,0.0875,0.03242684073888416,0.026959191916690634,0.005467648822193527
4.0,9,4,0.2,148,29.950000000000003,0.08738152377449349,0.575,0.6875,0.1125,0.04588481627199651,0.03372141329717589,0.012163402974820624
4.0,9,5,0.2,148,29.950000000000003,0.0852686411195037,0.5,0.5875,0.0875,0.04356881687688389,0.031773862013733556,0.011794954863150332
4.0,9,6,0.2,148,29.950000000000003,0.09905857384521996,0.65,0.7875,0.1375,0.063091625195766,0.03687572166366718,0.026215903532098822
4.0,9,7,0.2,148,29.950000000000003,0.030831872087575457,0.1125,0.1125,0.0,0.004966931886431819,0.004950528476318132,1.6403410113687705e-05
4.0,9,0,0.35,148,29.950000000000003,0.18368164353860772,0.9625,1.0,0.0375,0.2769459593679661,0.12132950483327186,0.15561645453469425
4.0,9,1,0.35,148,29.950000000000003,0.16886042771212487,1.0,1.0,0.0,0.2373567351236814,0.1016315692754273,0.13572516584825411
4.0,9,2,0.35,148,29.950000000000003,0.18097908457992562,0.9875,1.0,0.0125,0.26972710405262634,0.11534400336189783,0.15438310069072853
4.0,9,3,0.35,148,29.950000000000003,0.13849052686448304,0.85,0.975,0.125,0.15679781516300756,0.08005222002242626,0.0767455951405813
4.0,9,4,0.35,148,29.950000000000003,0.15540180562960562,0.95,1.0,0.05,0.20140716027899783,0.09385182046739843,0.1075553398115994
4.0,9,5,0.35,148,29.950000000000003,0.1521757188457202,0.875,1.0,0.125,0.19278990008833433,0.089201632724419,0.10358826736391533
4.0,9,6,0.35,148,29.950000000000003,0.16693233566945828,0.9625,1.0,0.0375,0.23220657273928305,0.10160432078996867,0.13060225194931438
4.0,9,7,0.35,148,29.950000000000003,0.08829868760697457,0.5375,0.7125,0.175,0.04313458330240496,0.02975751805653958,0.01337706524586538
4.0,9,0,0.5,148,29.950000000000003,0.25183789353860775,1.0,1.0,0.0,0.4589993817381652,0.19521225987712607,0.26378712186103914
4.0,9,1,0.5,148,29.950000000000003,0.23701667771212484,1.0,1.0,0.0,0.419410157493882,0.1758978464039749,0.2435123110899071
4.0,9,2,0.5,148,29.950000000000003,0.24913533457992565,1.0,1.0,0.0,0.45178052642282585,0.18932564243266986,0.262454883990156
4.0,9,3,0.5,148,29.950000000000003,0.20664677686448304,1.0,1.0,0.0,0.33828855255882995,0.15115694700166743,0.18713160555716252
4.0,9,4,0.5,148,29.950000000000003,0.2235580556296056,1.0,1.0,0.0,0.38346058264919514,0.16727717957387284,0.2161834030753223
4.0,9,5,0.5,148,29.950000000000003,0.2203319688457202,1.0,1.0,0.0,0.37484332245852564,0.16107229990713318,0.21377102255139246
4.0,9,6,0.5,148,29.950000000000003,0.2350885856694583,1.0,1.0,0.0,0.41425999510948,0.1749417348059639,0.23931826030351608
4.0,9,7,0.5,148,29.950000000000003,0.15537873795661603,0.95,1.0,0.05,0.20134554379019515,0.08953512509606187,0.11181041869413327
4.0,10,0,0.0,173,28.65,0.0,0.0,0.0,0.0,0.0,0.0,0.0
4.0,10,1,0.0,173,28.65,0.0,0.0,0.0,0.0,0.0,0.0,0.0
4.0,10,2,0.0,173,28.65,0.0,0.0,0.0,0.0,0.0,0.0,0.0
4.0,10,3,0.0,173,28.65,0.0,0.0,0.0,0.0,0.0,0.0,0.0
4.0,10,4,0.0,173,28.65,0.0,0.0,0.0,0.0,0.0,0.0,0.0
4.0,10,5,0.0,173,28.65,0.0,0.0,0.0,0.0,0.0,0.0,0.0
4.0,10,6,0.0,173,28.65,0.0,0.0,0.0,0.0,0.0,0.0,0.0
4.0,10,7,0.0,173,28.65,0.0,0.0,0.0,0.0,0.0,0.0,0.0
4.0,10,0,0.05,173,28.65,0.035741427588618806,0.0625,0.075,0.0125,0.006699191282670557,0.0065621203601284326,0.0001370709225421247
4.0,10,1,0.05,173,28.65,0.05342400414523439,0.2,0.2125,0.0125,0.007369995908584046,0.0063580638278319095,0.0010119320807521369
4.0,10,2,0.05,173,28.65,0.06855331193939034,0.35,0.4375,0.0875,0.02483311318058302,0.018451675775937086,0.006381437404645935
4.0,10,3,0.05,173,28.65,0.03984396969734068,0.1125,0.125,0.0125,0.0015683055756770877,0.0015496408719715387,1.866470370554896e-05
4.0,10,4,0.05,173,28.65,0.000648005804495412,0.0,0.0,0.0,0.0,0.0,0.0
4.0,10,5,0.05,173,28.65,0.02820695271581951,0.075,0.075,0.0,0.0014283855505055024,0.0014283855505055024,0.0
4.0,10,6,0.05,173,28.65,0.0010882557727138979,0.0,0.0,0.0,0.0,0.0,0.0
4.0,10,7,0.05,173,28.65,0.013720955925947936,0.025,0.025,0.0,0.0005667962342908383,0.0005667962342908357,2.6020852139652106e-18
4.0,10,0,0.1,173,28.65,0.05405229705066807,0.2,0.2125,0.0125,0.011358057636191604,0.010833563249401247,0.000524494386790357
4.0,10,1,0.1,173,28.65,0.07408776293619794,0.425,0.525,0.1,0.020273706492672773,0.014658440226194468,0.005615266266478305
4.0,10,2,0.1,173,28.65,0.08947790465032424,0.5625,0.7,0.1375,0.04887762406169981,0.029413500240962204,0.01946412382073761
4.0,10,3,0.1,173,28.65,0.05961019137637671,0.2875,0.325,0.0375,0.00788539436582544,0.006991555464470073,0.0008938389013553672
4.0,10,4,0.1,173,28.65,0.002235301533605164,0.0,0.0,0.0,0.0,0.0,0.0
4.0,10,5,0.1,173,28.65,0.04534002945651293,0.2125,0.225,0.0125,0.005708613169065154,0.005574116182944328,0.00013449698612082606
4.0,10,6,0.1,173,28.65,0.0036899606795710456,0.0,0.0,0.0,0.0,0.0,0.0
4.0,10,7,0.1,173,28.65,0.025551196505311215,0.0375,0.0375,0.0,0.0011583777502967407,0.0011583777502967407,0.0
4.0,10,0,0.2,173,28.65,0.0958500978518177,0.65,0.8375,0.1875,0.055721748820987536,0.031625169200674166,0.02409657962031337
4.0,10,1,0.2,173,28.65,0.11743719581020229,0.775,0.975,0.2,0.10515376584036584,0.04504641751510064,0.0601073483252652
4.0,10,2,0.2,173,28.65,0.1328521065118707,0.875,0.975,0.1,0.14805645271935208,0.06399559493008006,0.08406085778927203
4.0,10,3,0.2,173,28.65,0.10276980500757596,0.6625,0.925,0.2625,0.0658976756936592,0.03130715790963889,0.034590517784020315
4.0,10,4,0.2,173,28.65,0.01466093703939686,0.0375,0.0375,0.0,0.00018662024738932268,0.00018662024738932268,0.0
4.0,10,5,0.2,173,28.65,0.08571382331749829,0.575,0.75,0.175,0.037785523789785024,0.023149733777567884,0.01463579001221714
4.0,10,6,0.2,173,28.65,0.019945544551799026,0.0625,0.075,0.0125,0.0010081732485313314,0.0010065532209306179,1.6200276007135184e-06
4.0,10,7,0.2,173,28.65,0.06122352262811372,0.3375,0.3875,0.05,0.01465051193028192,0.011410836289849484,0.003239675640432437
4.0,10,0,0.35,173,28.65,0.16155291338746663,0.975,1.0,0.025,0.22772192219851353,0.0900942653284134,0.13762765687010015
4.0,10,1,0.35,173,28.65,0.18303187563538542,0.9875,1.0,0.0125,0.2876980820529839,0.1094570742415211,0.17824100781146282
4.0,10,2,0.35,173,28.65,0.19857085651187067,1.0,1.0,0.0,0.33108790648988073,0.128884179928994,0.20220372656088673
4.0,10,3,0.35,173,28.65,0.16834983055457353,0.975,1.0,0.025,0.2467010975342003,0.09347558039565702,0.15322551713854327
4.0,10,4,0.35,173,28.65,0.06752939689516294,0.3625,0.4125,0.05,0.014646805497421376,0.011565317447005312,0.003081488050416064
4.0,10,5,0.35,173,28.65,0.15095896042655205,0.95,1.0,0.05,0.19814020363405083,0.07846542249822111,0.11967478113582972
4.0,10,6,0.35,173,28.65,0.0749437953683217,0.45,0.55,0.1,0.023936283131585277,0.017376314815506524,0.006559968316078753
4.0,10,7,0.35,173,28.65,0.12487485262706029,0.85,0.975,0.125,0.12683559965240834,0.053727740848233466,0.07310785880417488
4.0,10,0,0.5,173,28.65,0.22727166338746665,1.0,1.0,0.0,0.4112297756013635,0.1577497057757437,0.25348006982561977
4.0,10,1,0.5,173,28.65,0.24875062563538544,1.0,1.0,0.0,0.47120593545583395,0.17714339618402977,0.29406253927180415
4.0,10,2,0.5,173,28.65,0.26428960651187067,1.0,1.0,0.0,0.5145957598927313,0.19678732129025056,0.31780843860248076
4.0,10,3,0.5,173,28.65,0.23406858055457352,1.0,1.0,0.0,0.43020895093705036,0.16116546285971814,0.26904348807733225
4.0,10,4,0.5,173,28.65,0.13155489187395003,0.9,0.9875,0.0875,0.1447560104001064,0.06001320520747974,0.08474280519262667
4.0,10,5,0.5,173,28.65,0.21667771042655204,1.0,1.0,0.0,0.3816480570368983,0.1453620678003848,0.2362859892365135
4.0,10,6,0.5,173,28.65,0.14049670297274122,0.925,1.0,0.075,0.16892622121507944,0.06802657232431511,0.10089964889076433
4.0,10,7,0.5,173,28.65,0.1903621691632872,0.975,1.0,0.025,0.3081666154641984,0.11819910668820881,0.18996750877598956
4.0,11,0,0.0,167,28.650000000000002,0.0,0.0,0.0,0.0,0.0,0.0,0.0
4.0,11,1,0.0,167,28.650000000000002,0.0,0.0,0.0,0.0,0.0,0.0,0.0
4.0,11,2,0.0,167,28.650000000000002,0.0,0.0,0.0,0.0,0.0,0.0,0.0
4.0,11,3,0.0,167,28.650000000000002,0.0,0.0,0.0,0.0,0.0,0.0,0.0
4.0,11,4,0.0,167,28.650000000000002,0.0,0.0,0.0,0.0,0.0,0.0,0.0
4.0,11,5,0.0,167,28.650000000000002,0.0,0.0,0.0,0.0,0.0,0.0,0.0
4.0,11,6,0.0,167,28.650000000000002,0.0,0.0,0.0,0.0,0.0,0.0,0.0
4.0,11,7,0.0,167,28.650000000000002,0.0,0.0,0.0,0.0,0.0,0.0,0.0
4.0,11,0,0.05,167,28.650000000000002,0.0134612854201264,0.025,0.025,0.0,0.0004002893511324965,0.0004002893511324965,0.0
4.0,11,1,0.05,167,28.650000000000002,0.05923549549452077,0.2625,0.3125,0.05,0.009091338637987617,0.006464980696551849,0.002626357941435768
4.0,11,2,0.05,167,28.650000000000002,0.02450408183029097,0.025,0.0375,0.0125,0.0024241654751548723,0.0023688708343139425,5.5294640840929804e-05
4.0,11,3,0.05,167,28.650000000000002,0.023606944392220157,0.0375,0.0375,0.0,6.958346994213378e-05,6.958346994213378e-05,0.0
4.0,11,4,0.05,167,28.650000000000002,0.05831221202136294,0.2875,0.3375,0.05,0.009291407930483575,0.006714336909500661,0.0025770710209829144
4.0,11,5,0.05,167,28.650000000000002,0.09676419423804752,0.65,0.8375,0.1875,0.05392680164667698,0.030635253465924238,0.02329154818075274
4.0,11,6,0.05,167,28.650000000000002,0.047250380910050536,0.1625,0.1875,0.025,0.004001160166106119,0.003553771358866544,0.0004473888072395746
4.0,11,7,0.05,167,28.650000000000002,0.0353692183473656,0.15,0.1625,0.0125,0.0030143035368975484,0.002631353015957646,0.0003829505209399023
4.0,11,0,0.1,167,28.650000000000002,0.028142841834759975,0.0625,0.075,0.0125,0.0024487655970025,0.002288618856221826,0.00016014674078067368
4.0,11,1,0.1,167,28.650000000000002,0.08019695034175459,0.45,0.6375,0.1875,0.028128595000515955,0.01579941714173704,0.012329177858778916
4.0,11,2,0.1,167,28.650000000000002,0.03993402461413944,0.0875,0.1125,0.025,0.006170506728743126,0.005397857181392308,0.0007726495473508177
4.0,11,3,0.1,167,28.650000000000002,0.04079512408473541,0.125,0.125,0.0,0.0015349162178261246,0.0015204528847330041,1.446333309312051e-05
4.0,11,4,0.1,167,28.650000000000002,0.07916116436962883,0.475,0.6,0.125,0.02703091567368541,0.01611907844911084,0.010911837224574568
4.0,11,5,0.1,167,28.650000000000002,0.11867044423804751,0.8375,0.9875,0.15,0.10820090898881309,0.04788877082166165,0.06031213816715143
4.0,11,6,0.1,167,28.650000000000002,0.06623339763644406,0.35,0.4125,0.0625,0.013690255440561034,0.010618377289020096,0.003071878151540938
4.0,11,7,0.1,167,28.650000000000002,0.05395734036892719,0.275,0.3125,0.0375,0.008680426141021345,0.00649401638544884,0.002186409755572505
4.0,11,0,0.2,167,28.650000000000002,0.06699531223499292,0.3,0.4,0.1,0.01443259971988294,0.01154243273650107,0.0028901669833818703
4.0,11,1,0.2,167,28.650000000000002,0.12392442196500648,0.825,0.9875,0.1625,0.12278929780213144,0.04905506867273388,0.07373422912939756
4.0,11,2,0.2,167,28.650000000000002,0.07849039521820589,0.5375,0.575,0.0375,0.0320751970150284,0.021486131259444395,0.010589065755584007
4.0,11,3,0.2,167,28.650000000000002,0.08212543936357666,0.55,0.675,0.125,0.029449162512633843,0.017598312197975512,0.01185085031465833
4.0,11,4,0.2,167,28.650000000000002,0.12277946597520661,0.825,1.0,0.175,0.11945400621331391,0.04784105214669,0.07161295406662391
4.0,11,5,0.2,167,28.650000000000002,0.16248294423804752,0.9875,1.0,0.0125,0.23031886698197931,0.09025888860257894,0.14005997837940037
4.0,11,6,0.2,167,28.650000000000002,0.1093294287348495,0.8,0.9625,0.1625,0.08435124753884528,0.039082748296099167,0.04526849924274611
4.0,11,7,0.2,167,28.650000000000002,0.09523655265592759,0.6375,0.85,0.2125,0.053391569501841624,0.02385709519736419,0.029534474304477434
4.0,11,0,0.35,167,28.650000000000002,0.13264721154482753,0.9,1.0,0.1,0.14700792054380007,0.05910058546731376,0.08790733507648632
4.0,11,1,0.35,167,28.650000000000002,0.18964317196500646,1.0,1.0,0.0,0.30615894440442165,0.11417127689001653,0.1919876675144051
4.0,11,2,0.35,167,28.650000000000002,0.14325526827571172,0.925,1.0,0.075,0.17662902136298364,0.07224090877696583,0.10438811258601781
4.0,11,3,0.35,167,28.650000000000002,0.14784418936357663,0.975,1.0,0.025,0.18944276262051377,0.07274011149950534,0.11670265112100843
4.0,11,4,0.35,167,28.650000000000002,0.1884982159752066,0.9875,1.0,0.0125,0.3029618596161547,0.11291688774444905,0.19004497187170563
4.0,11,5,0.35,167,28.650000000000002,0.22820169423804754,1.0,1.0,0.0,0.4138267203848297,0.1581156752122452,0.2557110451725845
4.0,11,6,0.35,167,28.650000000000002,0.17504817873484949,0.9875,1.0,0.0125,0.2654050366064954,0.10077811369566807,0.1646269229108273
4.0,11,7,0.35,167,28.650000000000002,0.16012213125971808,0.975,1.0,0.025,0.22372671904947103,0.08324883870128477,0.14047788034818626
4.0,11,0,0.5,167,28.650000000000002,0.19836596154482755,0.9875,1.0,0.0125,0.33051577394664833,0.12615993195151026,0.20435584199513807
4.0,11,1,0.5,167,28.650000000000002,0.25536192196500646,1.0,1.0,0.0,0.4896667978072722,0.18207441825127307,0.3075923795559991
4.0,11,2,0.5,167,28.650000000000002,0.20897401827571174,1.0,1.0,0.0,0.3601368747658272,0.13826855249381684,0.22186832227201034
4.0,11,3,0.5,167,28.650000000000002,0.21356293936357665,1.0,1.0,0.0,0.3729506160233641,0.14054528480423337,0.23240533121913073
4.0,11,4,0.5,167,28.650000000000002,0.2542169659752066,1.0,1.0,0.0,0.4864697130190052,0.18080656519140892,0.3056631478275963
4.0,11,5,0.5,167,28.650000000000002,0.29392044423804753,1.0,1.0,0.0,0.5973345737876802,0.22601881657350176,0.3713157572141784
4.0,11,6,0.5,167,28.650000000000002,0.2407669287348495,1.0,1.0,0.0,0.44891289000934564,0.16856983638018028,0.28034305362916534
4.0,11,7,0.5,167,28.650000000000002,0.22584088125971807,1.0,1.0,0.0,0.4072345724523176,0.14987645508891462,0.25735811736340297
4.0,12,0,0.0,156,27.999999999999996,0.0,0.0,0.0,0.0,0.0,0.0,0.0
4.0,12,1,0.0,156,27.999999999999996,0.0,0.0,0.0,0.0,0.0,0.0,0.0
4.0,12,2,0.0,156,27.999999999999996,0.0,0.0,0.0,0.0,0.0,0.0,0.0
4.0,12,3,0.0,156,27.999999999999996,0.0,0.0,0.0,0.0,0.0,0.0,0.0
4.0,12,4,0.0,156,27.999999999999996,0.0,0.0,0.0,0.0,0.0,0.0,0.0
4.0,12,5,0.0,156,27.999999999999996,0.0,0.0,0.0,0.0,0.0,0.0,0.0
4.0,12,6,0.0,156,27.999999999999996,0.0,0.0,0.0,0.0,0.0,0.0,0.0
4.0,12,7,0.0,156,27.999999999999996,0.0,0.0,0.0,0.0,0.0,0.0,0.0
4.0,12,0,0.05,156,27.999999999999996,0.029169854827559006,0.0375,0.0375,0.0,0.0006084519832286721,0.0006084519832286721,0.0
4.0,12,1,0.05,156,27.999999999999996,0.05260952746667846,0.2375,0.25,0.0125,0.004665756815285418,0.003973574204982262,0.0006921826103031565
4.0,12,2,0.05,156,27.999999999999996,0.00981427622674269,0.0125,0.0125,0.0,0.0001731718241958641,0.0001731718241958641,0.0
4.0,12,3,0.05,156,27.999999999999996,0.032032242482004945,0.1125,0.125,0.0125,0.00223353619508996,0.0020261364726497796,0.00020739972244018063
4.0,12,4,0.05,156,27.999999999999996,0.03310805505846141,0.1125,0.1125,0.0,0.0031988306241856872,0.0030004166120507704,0.00019841401213491682
4.0,12,5,0.05,156,27.999999999999996,0.027626005268832677,0.075,0.075,0.0,0.0005366920298035349,0.0005366920298035349,0.0
4.0,12,6,0.05,156,27.999999999999996,0.030544209370503162,0.1125,0.1125,0.0,0.0012080118089329173,0.0011424083959040627,6.560341302885462e-05
4.0,12,7,0.05,156,27.999999999999996,0.019166486857111233,0.0375,0.0375,0.0,0.0005554547201800888,0.0005554547201800888,0.0
4.0,12,0,0.1,156,27.999999999999996,0.04332247160890097,0.2,0.225,0.025,0.004369275517662125,0.0038004338455121566,0.0005688416721499681
4.0,12,1,0.1,156,27.999999999999996,0.0729744839079065,0.425,0.525,0.1,0.015091360637513554,0.010256617567539377,0.0048347430699741765
4.0,12,2,0.1,156,27.999999999999996,0.019152507692358937,0.025,0.05,0.025,0.0007815262644759388,0.0006742452648388339,0.00010728099963710493
4.0,12,3,0.1,156,27.999999999999996,0.048735864603596434,0.25,0.2875,0.0375,0.008618820019498437,0.0063634714023834025,0.0022553486171150343
4.0,12,4,0.1,156,27.999999999999996,0.049638035172366805,0.175,0.2125,0.0375,0.0078010256065804045,0.006526502979444601,0.0012745226271358035
4.0,12,5,0.1,156,27.999999999999996,0.04418297202986425,0.225,0.25,0.025,0.002633425332304081,0.0022663806456412754,0.00036704468666280557
4.0,12,6,0.1,156,27.999999999999996,0.04738461190538203,0.25,0.275,0.025,0.0057197266735886055,0.004515990741622608,0.0012037359319659975
4.0,12,7,0.1,156,27.999999999999996,0.03270504132026081,0.125,0.1375,0.0125,0.002124442416960542,0.0020565107170630475,6.793169989749437e-05
4.0,12,0,0.2,156,27.999999999999996,0.08035353363843958,0.5375,0.6875,0.15,0.03633549915519677,0.02016121730291183,0.016174281852284943
4.0,12,1,0.2,156,27.999999999999996,0.11494874168222913,0.8625,0.9875,0.125,0.10004773942692079,0.03835601339870496,0.06169172602821583
4.0,12,2,0.2,156,27.999999999999996,0.053354472240023355,0.2,0.225,0.025,0.007662506368635607,0.005504298322104902,0.0021582080465307046
4.0,12,3,0.2,156,27.999999999999996,0.08730945902011829,0.525,0.7375,0.2125,0.04469349520562116,0.0225715431274581,0.02212195207816306
4.0,12,4,0.2,156,27.999999999999996,0.08736795592363927,0.55,0.7125,0.1625,0.043869133279836395,0.023008798431966886,0.02086033484786951
4.0,12,5,0.2,156,27.999999999999996,0.08379516568564722,0.6,0.775,0.175,0.029931744664530458,0.017979049273506395,0.011952695391024063
4.0,12,6,0.2,156,27.999999999999996,0.08801380984404945,0.525,0.725,0.2,0.04176986692011918,0.020834596661762256,0.02093527025835692
4.0,12,7,0.2,156,27.999999999999996,0.07081857318169982,0.4125,0.5125,0.1,0.01908720276022741,0.011942686161254925,0.0071445165989724845
4.0,12,0,0.35,156,27.999999999999996,0.14411979255600943,0.9,1.0,0.1,0.1831994073024302,0.06592980880468186,0.11726959849774835
4.0,12,1,0.35,156,27.999999999999996,0.17940667050188983,0.9875,1.0,0.0125,0.2840190585761147,0.09968648060077774,0.18433257797533698
4.0,12,2,0.35,156,27.999999999999996,0.11483184041251256,0.8375,0.9625,0.125,0.10150832913697976,0.03959890099244282,0.061909428144536933
4.0,12,3,0.35,156,27.999999999999996,0.15075825557106454,0.925,1.0,0.075,0.20216644448825685,0.07292877799043178,0.1292376664978251
4.0,12,4,0.35,156,27.999999999999996,0.15153690692166105,0.925,1.0,0.075,0.2043911626328082,0.07282954960220794,0.13156161303060027
4.0,12,5,0.35,156,27.999999999999996,0.14747655041735114,0.9625,1.0,0.0375,0.192790144049096,0.06894857961097195,0.12384156443812405
4.0,12,6,0.35,156,27.999999999999996,0.15239518368372396,0.9875,1.0,0.0125,0.20684338195297822,0.07279095220131,0.1340524297516682
4.0,12,7,0.35,156,27.999999999999996,0.1351285183644614,0.9375,1.0,0.0625,0.1575100524694967,0.05589695134031516,0.10161310112918154
4.0,12,0,0.5,156,27.999999999999996,0.20861979255600943,1.0,1.0,0.0,0.367485121587674,0.12861979255600944,0.23886532903166455
4.0,12,1,0.5,156,27.999999999999996,0.2439066705018898,1.0,1.0,0.0,0.4683047728613644,0.1639066705018898,0.3043981023594746
4.0,12,2,0.5,156,27.999999999999996,0.1791548165619105,0.9875,1.0,0.0125,0.28329947589046156,0.09950121684991343,0.18379825904054814
4.0,12,3,0.5,156,27.999999999999996,0.21525825557106454,0.9875,1.0,0.0125,0.38645215877349814,0.13529632710730374,0.2511558316661944
4.0,12,4,0.5,156,27.999999999999996,0.21603690692166105,1.0,1.0,0.0,0.38867687691805397,0.1360369069216611,0.2526399699963929
4.0,12,5,0.5,156,27.999999999999996,0.21197655041735114,0.9875,1.0,0.0125,0.3770758583343404,0.13198172131072672,0.24509413702361366
4.0,12,6,0.5,156,27.999999999999996,0.21689518368372393,1.0,1.0,0.0,0.3911290962382275,0.13689518368372397,0.25423391255450356
4.0,12,7,0.5,156,27.999999999999996,0.1996285183644614,1.0,1.0,0.0,0.34179576675474427,0.11962851836446141,0.22216724839028285
4.0,13,0,0.0,151,29.949999999999996,0.0,0.0,0.0,0.0,0.0,0.0,0.0
4.0,13,1,0.0,151,29.949999999999996,0.0,0.0,0.0,0.0,0.0,0.0,0.0
4.0,13,2,0.0,151,29.949999999999996,0.0,0.0,0.0,0.0,0.0,0.0,0.0
4.0,13,3,0.0,151,29.949999999999996,0.0,0.0,0.0,0.0,0.0,0.0,0.0
4.0,13,4,0.0,151,29.949999999999996,0.0,0.0,0.0,0.0,0.0,0.0,0.0
4.0,13,5,0.0,151,29.949999999999996,0.0,0.0,0.0,0.0,0.0,0.0,0.0
4.0,13,6,0.0,151,29.949999999999996,0.0,0.0,0.0,0.0,0.0,0.0,0.0
4.0,13,7,0.0,151,29.949999999999996,0.0,0.0,0.0,0.0,0.0,0.0,0.0
4.0,13,0,0.05,151,29.949999999999996,0.03839501471254152,0.1,0.1,0.0,0.0056827937088678535,0.005625297933259775,5.749577560807892e-05
4.0,13,1,0.05,151,29.949999999999996,0.08693852753587877,0.5625,0.7,0.1375,0.0400465906544611,0.03182460499745992,0.008221985657001184
4.0,13,2,0.05,151,29.949999999999996,0.02392402160951593,0.05,0.0625,0.0125,0.002424014497206847,0.0024045432666096596,1.947123059718725e-05
4.0,13,3,0.05,151,29.949999999999996,0.022027401035041565,0.0375,0.0375,0.0,0.0001300396378608984,0.0001300396378608984,0.0
4.0,13,4,0.05,151,29.949999999999996,0.018451785984550276,0.0625,0.0625,0.0,0.006298678794548815,0.006298678794548813,1.734723475976807e-18
4.0,13,5,0.05,151,29.949999999999996,0.05601052715702341,0.3125,0.35,0.0375,0.011634262062528444,0.009937511207983248,0.0016967508545451954
4.0,13,6,0.05,151,29.949999999999996,0.021443716266939084,0.0875,0.0875,0.0,0.002146972675570077,0.0017072019084329918,0.0004397707671370851
4.0,13,7,0.05,151,29.949999999999996,0.06520646754481177,0.375,0.4,0.025,0.016978350566669728,0.015088828062091749,0.0018895225045779795
4.0,13,0,0.1,151,29.949999999999996,0.05888829780719991,0.275,0.325,0.05,0.011798768185354056,0.010769057371443385,0.0010297108139106712
4.0,13,1,0.1,151,29.949999999999996,0.10954070451144893,0.7,0.975,0.275,0.08016239146058728,0.04806693987425,0.032095451586337274
4.0,13,2,0.1,151,29.949999999999996,0.03951967905151454,0.15,0.1625,0.0125,0.006246472471967008,0.00613724877376903,0.00010922369819797804
4.0,13,3,0.1,151,29.949999999999996,0.03772476636280601,0.15,0.15,0.0,0.003843024459551917,0.003510247889460764,0.000332776570091153
4.0,13,4,0.1,151,29.949999999999996,0.03254139531004765,0.075,0.075,0.0,0.010503009770523427,0.010503009770523427,0.0
4.0,13,5,0.1,151,29.949999999999996,0.07627635907008133,0.4625,0.6,0.1375,0.030242508360237272,0.02208680572989435,0.008155702630342921
4.0,13,6,0.1,151,29.949999999999996,0.03729622843353923,0.125,0.1375,0.0125,0.006061010688733976,0.004951955461302865,0.0011090552274311107
4.0,13,7,0.1,151,29.949999999999996,0.0875704676009206,0.525,0.6625,0.1375,0.037464453370539476,0.027819271861006887,0.009645181509532589
4.0,13,0,0.2,151,29.949999999999996,0.10309355884300513,0.65,0.875,0.225,0.06685955902975482,0.03934225720512862,0.0275173018246262
4.0,13,1,0.2,151,29.949999999999996,0.15497820451144892,0.975,1.0,0.025,0.20027567148273068,0.09235741596351242,0.10791825551921826
4.0,13,2,0.2,151,29.949999999999996,0.07903959555116111,0.45,0.55,0.1,0.02919860456671487,0.023188301091336693,0.006010303475378176
4.0,13,3,0.2,151,29.949999999999996,0.07777055456033038,0.4125,0.55,0.1375,0.029099452588062857,0.021278122802511356,0.0078213297855515
4.0,13,4,0.2,151,29.949999999999996,0.06963272354373279,0.3625,0.5,0.1375,0.027592483592977172,0.024571391664585725,0.003021091928391447
4.0,13,5,0.2,151,29.949999999999996,0.12152075335799498,0.8,0.9625,0.1625,0.1117129829196745,0.05642742110358512,0.05528556181608939
4.0,13,6,0.2,151,29.949999999999996,0.07845420796198892,0.325,0.475,0.15,0.027392397366513097,0.01745777998257535,0.009934617383937746
4.0,13,7,0.2,151,29.949999999999996,0.13299358105909445,0.8875,1.0,0.1125,0.1415521363847042,0.06606683921624824,0.07548529716845596
4.0,13,0,0.35,151,29.949999999999996,0.1709648613297822,0.9625,1.0,0.0375,0.24297792675700758,0.10749843228004087,0.13547949447696672
4.0,13,1,0.35,151,29.949999999999996,0.22313445451144892,1.0,1.0,0.0,0.3823290938530766,0.16638847801164808,0.21594061584142854
4.0,13,2,0.35,151,29.949999999999996,0.14636067491550667,0.925,1.0,0.075,0.17725722848858694,0.07966561411336992,0.09759161437521702
4.0,13,3,0.35,151,29.949999999999996,0.14523434886022923,0.9,0.9875,0.0875,0.17449188463463183,0.07723409053825253,0.0972577940963793
4.0,13,4,0.35,151,29.949999999999996,0.1351793084921002,0.9,0.975,0.075,0.1480917334640255,0.07698717855667432,0.07110455490735117
4.0,13,5,0.35,151,29.949999999999996,0.18967700335799495,1.0,1.0,0.0,0.292960276081035,0.125752278687151,0.16720799739388398
4.0,13,6,0.35,151,29.949999999999996,0.14631640026797973,0.95,1.0,0.05,0.17713896565711837,0.0751552889926748,0.10198367666444356
4.0,13,7,0.35,151,29.949999999999996,0.20114983105909445,1.0,1.0,0.0,0.323605558755047,0.13915204951660007,0.18445350923844692
4.0,13,0,0.5,151,29.949999999999996,0.2391211113297822,1.0,1.0,0.0,0.42503134912735274,0.18132071992921583,0.2437106291981369
4.0,13,1,0.5,151,29.949999999999996,0.2912907045114489,1.0,1.0,0.0,0.5643825162234233,0.2406547551401957,0.3237277610832276
4.0,13,2,0.5,151,29.949999999999996,0.21451692491550664,1.0,1.0,0.0,0.35931065085892894,0.1521010383302579,0.20720961252867104
4.0,13,3,0.5,151,29.949999999999996,0.2133905988602293,0.9875,1.0,0.0125,0.35630210046086186,0.15018441120239234,0.20611768925846952
4.0,13,4,0.5,151,29.949999999999996,0.20297714907854142,0.9875,1.0,0.0125,0.3284865417786205,0.14757486055501448,0.18091168122360604
4.0,13,5,0.5,151,29.949999999999996,0.25783325335799495,1.0,1.0,0.0,0.4750136984513817,0.2000185558156986,0.2749951426356831
4.0,13,6,0.5,151,29.949999999999996,0.21447265026797976,1.0,1.0,0.0,0.35919238802746334,0.14877139524599445,0.2104209927814689
4.0,13,7,0.5,151,29.949999999999996,0.2693060810590945,1.0,1.0,0.0,0.5056589811253935,0.21341832664514768,0.29224065448024583
4.0,14,0,0.0,165,28.65,0.0,0.0,0.0,0.0,0.0,0.0,0.0
4.0,14,1,0.0,165,28.65,0.0,0.0,0.0,0.0,0.0,0.0,0.0
4.0,14,2,0.0,165,28.65,0.0,0.0,0.0,0.0,0.0,0.0,0.0
4.0,14,3,0.0,165,28.65,0.0,0.0,0.0,0.0,0.0,0.0,0.0
4.0,14,4,0.0,165,28.65,0.0,0.0,0.0,0.0,0.0,0.0,0.0
4.0,14,5,0.0,165,28.65,0.0,0.0,0.0,0.0,0.0,0.0,0.0
4.0,14,6,0.0,165,28.65,0.0,0.0,0.0,0.0,0.0,0.0,0.0
4.0,14,7,0.0,165,28.65,0.0,0.0,0.0,0.0,0.0,0.0,0.0
4.0,14,0,0.05,165,28.65,0.055259367855220023,0.2625,0.3125,0.05,0.0069297473777126875,0.005468886319916387,0.0014608610577963007
4.0,14,1,0.05,165,28.65,0.022661929740611524,0.0375,0.0375,0.0,0.00030948087481494444,0.00030948087481494444,0.0
4.0,14,2,0.05,165,28.65,0.024231646098899755,0.0625,0.0625,0.0,0.0010444804905086406,0.0010444804905086406,0.0
4.0,14,3,0.05,165,28.65,0.05871643383199976,0.2375,0.3125,0.075,0.015915023646940064,0.012774612878590748,0.003140410768349316
4.0,14,4,0.05,165,28.65,0.028766959790029904,0.075,0.075,0.0,0.0012677148373546286,0.001236298254751752,3.141658260287657e-05
4.0,14,5,0.05,165,28.65,0.06202671213978509,0.2875,0.4125,0.125,0.011903803593583218,0.00817783916785148,0.003725964425731738
4.0,14,6,0.05,165,28.65,0.019163902754867852,0.05,0.05,0.0,0.0006077755895208449,0.000582900106482296,2.487548303854888e-05
4.0,14,7,0.05,165,28.65,0.044354612832853725,0.125,0.125,0.0,0.009546028268873291,0.009237855103309805,0.00030817316556348666
4.0,14,0,0.1,165,28.65,0.07548687836646033,0.5125,0.6,0.0875,0.021422089082642995,0.013416368261704026,0.008005720820938969
4.0,14,1,0.1,165,28.65,0.0393074147809208,0.125,0.125,0.0,0.0031543700750915277,0.003115393884583995,3.897619050753252e-05
4.0,14,2,0.1,165,28.65,0.0405315391779029,0.125,0.125,0.0,0.0035291008689922582,0.0035291008689922613,-3.0357660829594124e-18
4.0,14,3,0.1,165,28.65,0.08005876515784097,0.4125,0.5625,0.15,0.030762211251698306,0.022029366927138038,0.008732844324560268
4.0,14,4,0.1,165,28.65,0.04585854003638419,0.15,0.1625,0.0125,0.004275296356619014,0.003932392188468212,0.0003429041681508021
4.0,14,5,0.1,165,28.65,0.08293949198184528,0.5125,0.6625,0.15,0.03515245889678266,0.01889091177356492,0.01626154712321774
4.0,14,6,0.1,165,28.65,0.03254832352623828,0.1375,0.1375,0.0,0.0027825803997977754,0.00246144391482578,0.00032113648497199537
4.0,14,7,0.1,165,28.65,0.0647826185958935,0.2875,0.3125,0.025,0.0171893434309833,0.01487711036511246,0.0023122330658708404
4.0,14,0,0.2,165,28.65,0.11815740170055951,0.825,0.9875,0.1625,0.1077345817031045,0.040637764309179085,0.06709681739392542
4.0,14,1,0.2,165,28.65,0.0810299543071276,0.4875,0.6125,0.125,0.026908967102096216,0.018203010728187134,0.008705956373909082
4.0,14,2,0.2,165,28.65,0.07979553582660395,0.4375,0.6125,0.175,0.029057331432197665,0.01966140264560697,0.009395928786590697
4.0,14,3,0.2,165,28.65,0.12376396667228524,0.8625,0.9875,0.125,0.12249980878477168,0.05212730551489635,0.07037250326987533
4.0,14,4,0.2,165,28.65,0.08616481527990442,0.525,0.6625,0.1375,0.037787319512218226,0.02154549684656926,0.016241822665648966
4.0,14,5,0.2,165,28.65,0.12666496675009956,0.825,0.9875,0.1625,0.13042180753932897,0.052123278431293954,0.07829852910803502
4.0,14,6,0.2,165,28.65,0.06773266002734198,0.4,0.5,0.1,0.021987475502311716,0.01580276977825536,0.006184705724056355
4.0,14,7,0.2,165,28.65,0.10773473521034785,0.7125,0.9125,0.2,0.07940388986829454,0.03966453756184818,0.03973935230644636
4.0,14,0,0.35,165,28.65,0.1838761517005595,1.0,1.0,0.0,0.29005557193801657,0.10442338178966469,0.18563219014835186
4.0,14,1,0.35,165,28.65,0.1467487043071276,0.9875,1.0,0.0125,0.18638381656396535,0.07273985450504505,0.1136439620589203
4.0,14,2,0.35,165,28.65,0.1449210066654923,0.875,1.0,0.125,0.1812802978438833,0.07164430014721714,0.10963599769666617
4.0,14,3,0.35,165,28.65,0.18948271667228525,1.0,1.0,0.0,0.3057109017019894,0.1179002946384312,0.18781060706355818
4.0,14,4,0.35,165,28.65,0.15105003386705596,0.9,1.0,0.1,0.19839450992499102,0.07679448645980248,0.12160002346518854
4.0,14,5,0.35,165,28.65,0.19238371675009955,0.9875,1.0,0.0125,0.31381142547944696,0.11714043834678628,0.19667098713266068
4.0,14,6,0.35,165,28.65,0.1329801972901401,0.8625,1.0,0.1375,0.14793772367195443,0.06009871826374594,0.08783900540820849
4.0,14,7,0.35,165,28.65,0.17345348521034784,0.975,1.0,0.025,0.26095214020280266,0.10285253025563067,0.15809960994717198
4.0,14,0,0.5,165,28.65,0.24959490170055956,1.0,1.0,0.0,0.47356342534071066,0.17232652315092126,0.3012369021897894
4.0,14,1,0.5,165,28.65,0.2124674543071276,1.0,1.0,0.0,0.36989166996665923,0.14061107371603818,0.22928059625062105
4.0,14,2,0.5,165,28.65,0.21063975666549234,1.0,1.0,0.0,0.36478815124656944,0.13779027805101035,0.22699787319555909
4.0,14,3,0.5,165,28.65,0.25520146667228527,1.0,1.0,0.0,0.48921875510468343,0.18580343599968777,0.30341531910499564
4.0,14,4,0.5,165,28.65,0.21676878386705595,1.0,1.0,0.0,0.3819023633276789,0.14309806781482404,0.23880429551285487
4.0,14,5,0.5,165,28.65,0.2581024667500996,1.0,1.0,0.0,0.49731927888214106,0.1850408783548883,0.31227840052725275
4.0,14,6,0.5,165,28.65,0.19869894729014015,1.0,1.0,0.0,0.3314455770746392,0.1258313152746994,0.20561426179993977
4.0,14,7,0.5,165,28.65,0.23917223521034786,1.0,1.0,0.0,0.4444599936054964,0.17066612448520704,0.27379386912028936
4.0,15,0,0.0,158,28.649999999999995,0.0,0.0,0.0,0.0,0.0,0.0,0.0
4.0,15,1,0.0,158,28.649999999999995,0.0,0.0,0.0,0.0,0.0,0.0,0.0
4.0,15,2,0.0,158,28.649999999999995,0.0,0.0,0.0,0.0,0.0,0.0,0.0
4.0,15,3,0.0,158,28.649999999999995,0.0,0.0,0.0,0.0,0.0,0.0,0.0
4.0,15,4,0.0,158,28.649999999999995,0.0,0.0,0.0,0.0,0.0,0.0,0.0
4.0,15,5,0.0,158,28.649999999999995,0.0,0.0,0.0,0.0,0.0,0.0,0.0
4.0,15,6,0.0,158,28.649999999999995,0.0,0.0,0.0,0.0,0.0,0.0,0.0
4.0,15,7,0.0,158,28.649999999999995,0.0,0.0,0.0,0.0,0.0,0.0,0.0
4.0,15,0,0.05,158,28.649999999999995,0.028541920206814314,0.05,0.05,0.0,0.003446195882362621,0.003446195882362621,0.0
4.0,15,1,0.05,158,28.649999999999995,0.048243247143393814,0.1875,0.1875,0.0,0.010292407016843308,0.010104320870092689,0.0001880861467506191
4.0,15,2,0.05,158,28.649999999999995,0.05167843822395298,0.1875,0.225,0.0375,0.006912417382787785,0.006101076466343495,0.00081134091644429
4.0,15,3,0.05,158,28.649999999999995,0.0574121591920819,0.2875,0.3375,0.05,0.009304906239846086,0.006578667720186481,0.002726238519659605
4.0,15,4,0.05,158,28.649999999999995,0.004257587437842115,0.0,0.0,0.0,0.0,0.0,0.0
4.0,15,5,0.05,158,28.649999999999995,0.017451623113566857,0.05,0.05,0.0,0.0011566323985965756,0.0011566323985965756,0.0
4.0,15,6,0.05,158,28.649999999999995,0.021698864616844615,0.0375,0.0375,0.0,0.0001649595637002939,0.0001649595637002939,0.0
4.0,15,7,0.05,158,28.649999999999995,0.023891362765638954,0.0625,0.075,0.0125,0.000430630660008842,0.00039802230598078795,3.260835402805405e-05
4.0,15,0,0.1,158,28.649999999999995,0.045752294371442445,0.1625,0.1625,0.0,0.007225022499053885,0.0069917903804917825,0.00023323211856210273
4.0,15,1,0.1,158,28.649999999999995,0.06868049322229672,0.3625,0.4125,0.05,0.021904340168258846,0.017385611835067927,0.004518728333190919
4.0,15,2,0.1,158,28.649999999999995,0.07180285430407429,0.4625,0.5625,0.1,0.019321527731005927,0.012963145148632211,0.006358382582373716
4.0,15,3,0.1,158,28.649999999999995,0.07827387488035524,0.4875,0.575,0.0875,0.0273564011796108,0.016290102700595693,0.011066298479015108
4.0,15,4,0.1,158,28.649999999999995,0.009320314964139887,0.0,0.0,0.0,0.0,0.0,0.0
4.0,15,5,0.1,158,28.649999999999995,0.03165182795782538,0.0625,0.075,0.0125,0.0025335953462223715,0.0025014268045023018,3.21685417200698e-05
4.0,15,6,0.1,158,28.649999999999995,0.03676617627481457,0.1125,0.1125,0.0,0.0016647944309747353,0.0015809112534394623,8.388317753527303e-05
4.0,15,7,0.1,158,28.649999999999995,0.04024018901254664,0.1625,0.175,0.0125,0.00444499530798064,0.0036200835160673174,0.0008249117919133229
4.0,15,0,0.2,158,28.649999999999995,0.08769425495008992,0.55,0.7375,0.1875,0.03762431771894687,0.024779193250720276,0.012845124468226596
4.0,15,1,0.2,158,28.649999999999995,0.11195963313011952,0.7625,0.975,0.2125,0.09073652899207418,0.04494141397317689,0.04579511501889729
4.0,15,2,0.2,158,28.649999999999995,0.11510974079712552,0.7875,0.975,0.1875,0.09957805285519887,0.04058344412696419,0.05899460872823468
4.0,15,3,0.2,158,28.649999999999995,0.12163603381436153,0.8125,0.9875,0.175,0.1163300719385913,0.047774160383301074,0.06855591155529023
4.0,15,4,0.2,158,28.649999999999995,0.036220188023895886,0.125,0.1375,0.0125,0.0031954834988063103,0.0028750697588998016,0.00032041373990650875
4.0,15,5,0.2,158,28.649999999999995,0.0704463440488071,0.4,0.525,0.125,0.019288780438180907,0.0136703401806913,0.005618440257489607
4.0,15,6,0.2,158,28.649999999999995,0.07576969069128302,0.475,0.6,0.125,0.025524812154437394,0.01631780663366186,0.009207005520775535
4.0,15,7,0.2,158,28.649999999999995,0.08054079264160342,0.3875,0.55,0.1625,0.02875754582304699,0.019109467890892348,0.009648077932154643
4.0,15,0,0.35,158,28.649999999999995,0.15341300495008992,0.9875,1.0,0.0125,0.20499268397882894,0.08104754168400899,0.12394514229481995
4.0,15,1,0.35,158,28.649999999999995,0.17759737755715016,0.9875,1.0,0.0125,0.2725232183090331,0.10824976070219226,0.1642734576068408
4.0,15,2,0.35,158,28.649999999999995,0.1808284907971255,0.9875,1.0,0.0125,0.28154552404015126,0.10381268335804938,0.17773284068210188
4.0,15,3,0.35,158,28.649999999999995,0.18735478381436152,1.0,1.0,0.0,0.2997690298474056,0.11263070568993959,0.187138324157466
4.0,15,4,0.35,158,28.649999999999995,0.09638285770147763,0.65,0.8875,0.2375,0.05506966671376137,0.029408424880818292,0.02566124183294308
4.0,15,5,0.35,158,28.649999999999995,0.13346642614077706,0.9125,0.9625,0.05,0.15088086752079202,0.06178317545089167,0.08909769206990036
4.0,15,6,0.35,158,28.649999999999995,0.14033312402412226,0.9125,1.0,0.0875,0.16846945626242696,0.06655620604006866,0.1019132502223583
4.0,15,7,0.35,158,28.649999999999995,0.14625176747278776,0.9375,1.0,0.0625,0.18499620934765965,0.07160239879388532,0.11339381055377433
4.0,15,0,0.5,158,28.649999999999995,0.2191317549500899,1.0,1.0,0.0,0.38850053738152274,0.14888523429002165,0.2396153030915011
4.0,15,1,0.5,158,28.649999999999995,0.24331612755715018,1.0,1.0,0.0,0.45603107171172624,0.17594008537049396,0.2800909863412323
4.0,15,2,0.5,158,28.649999999999995,0.24654724079712556,1.0,1.0,0.0,0.4650533774428449,0.1716271384358897,0.2934262390069552
4.0,15,3,0.5,158,28.649999999999995,0.25307353381436154,1.0,1.0,0.0,0.48327688325009965,0.18053384705119616,0.3027430361989035
4.0,15,4,0.5,158,28.649999999999995,0.16151974485481532,0.975,1.0,0.025,0.22762930500418244,0.08873131874461845,0.13889798625956398
4.0,15,5,0.5,158,28.649999999999995,0.1990275147972691,0.975,1.0,0.025,0.3323630430631297,0.1261810715419159,0.20618197152121379
4.0,15,6,0.5,158,28.649999999999995,0.2060518740241223,1.0,1.0,0.0,0.3519773096651112,0.13239955077071464,0.21957775889439657
4.0,15,7,0.5,158,28.649999999999995,0.21197051747278775,1.0,1.0,0.0,0.3685040627503526,0.13922596538015103,0.22927809737020155
4.0,16,0,0.0,146,27.999999999999996,0.0,0.0,0.0,0.0,0.0,0.0,0.0
4.0,16,1,0.0,146,27.999999999999996,0.0,0.0,0.0,0.0,0.0,0.0,0.0
4.0,16,2,0.0,146,27.999999999999996,0.0,0.0,0.0,0.0,0.0,0.0,0.0
4.0,16,3,0.0,146,27.999999999999996,0.0,0.0,0.0,0.0,0.0,0.0,0.0
4.0,16,4,0.0,146,27.999999999999996,0.0,0.0,0.0,0.0,0.0,0.0,0.0
4.0,16,5,0.0,146,27.999999999999996,0.0,0.0,0.0,0.0,0.0,0.0,0.0
4.0,16,6,0.0,146,27.999999999999996,0.0,0.0,0.0,0.0,0.0,0.0,0.0
4.0,16,7,0.0,146,27.999999999999996,0.0,0.0,0.0,0.0,0.0,0.0,0.0
4.0,16,0,0.05,146,27.999999999999996,0.013870504084002259,0.0,0.0,0.0,0.0,0.0,0.0
4.0,16,1,0.05,146,27.999999999999996,0.015199952861209318,0.025,0.025,0.0,3.377205990131564e-05,3.377205990131564e-05,0.0
4.0,16,2,0.05,146,27.999999999999996,0.029966474512954432,0.05,0.05,0.0,0.00038924156085539963,0.00038924156085539963,0.0
4.0,16,3,0.05,146,27.999999999999996,0.026673358489089565,0.1375,0.1625,0.025,0.002834567028049389,0.0020480462693506086,0.0007865207586987802
4.0,16,4,0.05,146,27.999999999999996,0.009844468693203648,0.0,0.0,0.0,0.0,0.0,0.0
4.0,16,5,0.05,146,27.999999999999996,0.010335264163466423,0.0,0.0,0.0,0.0,0.0,0.0
4.0,16,6,0.05,146,27.999999999999996,0.027160115255925137,0.075,0.075,0.0,0.0015444442797944214,0.0015444442797944214,0.0
4.0,16,7,0.05,146,27.999999999999996,0.042768158902280896,0.2125,0.2125,0.0,0.004952971536460347,0.004181508583736751,0.0007714629527235959
4.0,16,0,0.1,146,27.999999999999996,0.026891663736077903,0.05,0.05,0.0,0.0005417221138435056,0.0005417221138435056,0.0
4.0,16,1,0.1,146,27.999999999999996,0.027626325606205638,0.0625,0.0625,0.0,0.0011615381100015451,0.0011615381100015451,0.0
4.0,16,2,0.1,146,27.999999999999996,0.04619834235996216,0.1875,0.2,0.0125,0.00461134559371286,0.003793083359791873,0.0008182622339209873
4.0,16,3,0.1,146,27.999999999999996,0.04300571466462981,0.2125,0.2125,0.0,0.007608489088762653,0.00507919876016678,0.0025292903285958727
4.0,16,4,0.1,146,27.999999999999996,0.020622061570452384,0.0,0.0,0.0,0.0,0.0,0.0
4.0,16,5,0.1,146,27.999999999999996,0.020388639967405624,0.0125,0.0125,0.0,5.1386902512345205e-05,5.1386902512345205e-05,0.0
4.0,16,6,0.1,146,27.999999999999996,0.043822810401700815,0.175,0.1875,0.0125,0.004133849382947532,0.0039135931316418,0.00022025625130573257
4.0,16,7,0.1,146,27.999999999999996,0.061894094308705405,0.325,0.425,0.1,0.014427989763463324,0.009869068685920116,0.0045589210775432085
4.0,16,0,0.2,146,27.999999999999996,0.0658854176830335,0.3125,0.375,0.0625,0.01181864725643938,0.007976173114397333,0.0038424741420420468
4.0,16,1,0.2,146,27.999999999999996,0.06497005855869029,0.375,0.3875,0.0125,0.012948861930115301,0.008702145877709155,0.0042467160524061465
4.0,16,2,0.2,146,27.999999999999996,0.08585768417164466,0.575,0.7,0.125,0.03520136167148795,0.02025502608357032,0.01494633558791763
4.0,16,3,0.2,146,27.999999999999996,0.08204685297893263,0.525,0.6875,0.1625,0.03300356412858777,0.01792761795290883,0.01507594617567894
4.0,16,4,0.2,146,27.999999999999996,0.05427239043994834,0.3125,0.3375,0.025,0.005742403805275862,0.004855574570361833,0.0008868292349140288
4.0,16,5,0.2,146,27.999999999999996,0.05277429201643265,0.275,0.3125,0.0375,0.008119501097644402,0.00540687726537984,0.0027126238322645628
4.0,16,6,0.2,146,27.999999999999996,0.08363015762924139,0.5625,0.6875,0.125,0.032512594476985866,0.01765618897793356,0.014856405499052306
4.0,16,7,0.2,146,27.999999999999996,0.1019720224338915,0.7,0.9125,0.2125,0.07101336104977943,0.031344427771013324,0.039668933278766104
4.0,16,0,0.35,146,27.999999999999996,0.1301200275198488,0.95,1.0,0.05,0.14320007862779238,0.05078843176603931,0.09241164686175307
4.0,16,1,0.35,146,27.999999999999996,0.12936579813860893,0.9375,1.0,0.0625,0.1410451375385307,0.05008400276899395,0.09096113476953677
4.0,16,2,0.35,146,27.999999999999996,0.14996557879506606,0.975,1.0,0.025,0.19990165369968899,0.07077241762389527,0.1291292360757937
4.0,16,3,0.35,146,27.999999999999996,0.14648801806324002,0.925,1.0,0.075,0.1899657658944965,0.06722450107902249,0.12274126481547402
4.0,16,4,0.35,146,27.999999999999996,0.1167330371421574,0.85,0.9875,0.1375,0.10715295460389061,0.04088441913490187,0.06626853546898874
4.0,16,5,0.35,146,27.999999999999996,0.11532621805731433,0.8125,0.975,0.1625,0.1022545177776528,0.03955594376206263,0.06269857401559017
4.0,16,6,0.35,146,27.999999999999996,0.14794654582935815,0.95,1.0,0.05,0.19413298808339527,0.06875313516715235,0.12537985291624293
4.0,16,7,0.35,146,27.999999999999996,0.16601031022646554,0.9625,1.0,0.0375,0.24574374350357364,0.08719479848200395,0.1585489450215697
4.0,16,0,0.5,146,27.999999999999996,0.1946200275198488,1.0,1.0,0.0,0.32748579291303004,0.11462002751984883,0.2128657653931812
4.0,16,1,0.5,146,27.999999999999996,0.19386579813860894,1.0,1.0,0.0,0.32533085182377863,0.11386579813860898,0.21146505368516966
4.0,16,2,0.5,146,27.999999999999996,0.21446557879506606,1.0,1.0,0.0,0.38418736798493663,0.13446557879506604,0.2497217891898706
4.0,16,3,0.5,146,27.999999999999996,0.21098801806324002,1.0,1.0,0.0,0.37425148017974436,0.13098801806324004,0.24326346211650432
4.0,16,4,0.5,146,27.999999999999996,0.18123303714215738,0.9875,1.0,0.0125,0.2892372489768654,0.10134735135279878,0.18788989762406666
4.0,16,5,0.5,146,27.999999999999996,0.17982621805731433,1.0,1.0,0.0,0.28521776587732345,0.09982621805731433,0.1853915478200091
4.0,16,6,0.5,146,27.999999999999996,0.21244654582935815,1.0,1.0,0.0,0.3784187023686429,0.1324465458293582,0.2459721565392847
4.0,16,7,0.5,146,27.999999999999996,0.23051031022646554,1.0,1.0,0.0,0.43002945778881985,0.1505103102264655,0.27951914756235435
4.0,17,0,0.0,177,28.65,0.0,0.0,0.0,0.0,0.0,0.0,0.0
4.0,17,1,0.0,177,28.65,0.0,0.0,0.0,0.0,0.0,0.0,0.0
4.0,17,2,0.0,177,28.65,0.0,0.0,0.0,0.0,0.0,0.0,0.0
4.0,17,3,0.0,177,28.65,0.0,0.0,0.0,0.0,0.0,0.0,0.0
4.0,17,4,0.0,177,28.65,0.0,0.0,0.0,0.0,0.0,0.0,0.0
4.0,17,5,0.0,177,28.65,0.0,0.0,0.0,0.0,0.0,0.0,0.0
4.0,17,6,0.0,177,28.65,0.0,0.0,0.0,0.0,0.0,0.0,0.0
4.0,17,7,0.0,177,28.65,0.0,0.0,0.0,0.0,0.0,0.0,0.0
4.0,17,0,0.05,177,28.65,0.07305222142913197,0.4375,0.5375,0.1,0.026394384340042976,0.019556940404585922,0.006837443935457054
4.0,17,1,0.05,177,28.65,0.015405980900406424,0.05,0.05,0.0,0.002891580308609565,0.0028414911268529732,5.008918175659167e-05
4.0,17,2,0.05,177,28.65,0.006639685188183614,0.0125,0.0125,0.0,0.00048349115762925623,0.00048349115762925623,0.0
4.0,17,3,0.05,177,28.65,0.02756563683496265,0.075,0.075,0.0,0.0011362153130124292,0.0010347525418885142,0.00010146277112391502
4.0,17,4,0.05,177,28.65,0.015294639070241322,0.025,0.0375,0.0125,0.0007445386379824209,0.0007019390694874073,4.2599568495013587e-05
4.0,17,5,0.05,177,28.65,0.039048643757756726,0.0625,0.0875,0.025,0.003734528060619614,0.0036557931518257456,7.87349087938683e-05
4.0,17,6,0.05,177,28.65,0.03574223449951292,0.1125,0.125,0.0125,0.004872432592810354,0.004806632985943317,6.579960686703672e-05
4.0,17,7,0.05,177,28.65,0.043580558230927574,0.125,0.15,0.025,0.009425228116771624,0.009064375043088874,0.0003608530736827504
4.0,17,0,0.1,177,28.65,0.09362552185988238,0.625,0.8125,0.1875,0.05503828792927956,0.032239360954595425,0.022798926974684136
4.0,17,1,0.1,177,28.65,0.02779383460142378,0.075,0.075,0.0,0.005438530410410078,0.005303040211319682,0.00013549019909039547
4.0,17,2,0.1,177,28.65,0.015406268373605408,0.0375,0.0375,0.0,0.001671263177046597,0.0016406965892132488,3.056658783334829e-05
4.0,17,3,0.1,177,28.65,0.044240503526881914,0.175,0.1875,0.0125,0.004151054343433513,0.0037061457195426448,0.00044490862389086816
4.0,17,4,0.1,177,28.65,0.027195713424760876,0.075,0.075,0.0,0.0023555076820707976,0.0019127515786509478,0.0004427561034198498
4.0,17,5,0.1,177,28.65,0.05801213390222657,0.275,0.3,0.025,0.010344747358236667,0.008891826927523161,0.0014529204307135064
4.0,17,6,0.1,177,28.65,0.05386833034606435,0.275,0.2875,0.0125,0.012229217494313499,0.010855643710568892,0.0013735737837446069
4.0,17,7,0.1,177,28.65,0.06296868495700651,0.25,0.3125,0.0625,0.01724565339415585,0.015091855986652141,0.0021537974075037086
4.0,17,0,0.2,177,28.65,0.13695354397050022,0.875,1.0,0.125,0.1590325835125106,0.0671045438028995,0.0919280397096111
4.0,17,1,0.2,177,28.65,0.062207244314654964,0.3125,0.4125,0.1,0.01711265133277983,0.015671647395228274,0.001441003937551557
4.0,17,2,0.2,177,28.65,0.045173068020333704,0.125,0.1375,0.0125,0.007957806333445132,0.0075048770011604095,0.00045292933228472266
4.0,17,3,0.2,177,28.65,0.08371856648168594,0.55,0.7375,0.1875,0.031955653977777755,0.01750434944938899,0.014451304528388765
4.0,17,4,0.2,177,28.65,0.058315056068009664,0.2875,0.35,0.0625,0.01700647670490937,0.012347429046237368,0.004659047658672002
4.0,17,5,0.2,177,28.65,0.10024443006319202,0.725,0.8875,0.1625,0.06255904678875084,0.03215475777661248,0.030404289012138354
4.0,17,6,0.2,177,28.65,0.09414505572983355,0.5125,0.75,0.2375,0.05254434740905902,0.031307578739751006,0.021236768669308015
4.0,17,7,0.2,177,28.65,0.10485588106112768,0.725,0.8875,0.1625,0.07649489376817561,0.039399027096215476,0.03709586667196014
4.0,17,0,0.35,177,28.65,0.2026722939705002,1.0,1.0,0.0,0.34254043691535146,0.13166992232247776,0.2108705145928737
4.0,17,1,0.35,177,28.65,0.12520395559535738,0.8375,1.0,0.1625,0.12622395977744605,0.058266774985743904,0.06795718479170215
4.0,17,2,0.35,177,28.65,0.1083301551464321,0.775,0.95,0.175,0.08089347303169164,0.03987956300828992,0.041013910023401726
4.0,17,3,0.35,177,28.65,0.14939844136491795,0.95,1.0,0.05,0.19378273330487505,0.07214701340305087,0.12163571990182419
4.0,17,4,0.35,177,28.65,0.12192220406280856,0.75,0.9375,0.1875,0.11827394865879723,0.05153875207945408,0.06673519657934315
4.0,17,5,0.35,177,28.65,0.165963180063192,0.975,1.0,0.025,0.24003680296840205,0.0923791247664563,0.14765767820194575
4.0,17,6,0.35,177,28.65,0.1593801701933858,0.9125,1.0,0.0875,0.22165492549602897,0.08789649320512025,0.13375843229090872
4.0,17,7,0.35,177,28.65,0.17057463106112766,0.975,1.0,0.025,0.2529134549696046,0.09970511407633628,0.15320834089326832
4.0,17,0,0.5,177,28.65,0.2683910439705002,1.0,1.0,0.0,0.526048290318202,0.19957306368373431,0.3264752266344677
4.0,17,1,0.5,177,28.65,0.19092270559535737,1.0,1.0,0.0,0.30973181318027926,0.12115107077633087,0.1885807424039484
4.0,17,2,0.5,177,28.65,0.17404890514643212,0.9875,1.0,0.0125,0.26261474386397915,0.10210802986115561,0.16050671400282354
4.0,17,3,0.5,177,28.65,0.21511719136491797,1.0,1.0,0.0,0.37729058670772425,0.13952789350114655,0.2377626932065777
4.0,17,4,0.5,177,28.65,0.18764095406280853,1.0,1.0,0.0,0.30056810907543696,0.11440106915663247,0.1861670399188045
4.0,17,5,0.5,177,28.65,0.231681930063192,1.0,1.0,0.0,0.42354465637125205,0.1600497834379793,0.2634948729332728
4.0,17,6,0.5,177,28.65,0.2250989201933858,1.0,1.0,0.0,0.405162778898876,0.15448602946449955,0.25067674943437646
4.0,17,7,0.5,177,28.65,0.23629338106112768,1.0,1.0,0.0,0.43642130837245485,0.16745639544163846,0.26896491293081637
4.0,18,0,0.0,171,28.0,0.0,0.0,0.0,0.0,0.0,0.0,0.0
4.0,18,1,0.0,171,28.0,0.0,0.0,0.0,0.0,0.0,0.0,0.0
4.0,18,2,0.0,171,28.0,0.0,0.0,0.0,0.0,0.0,0.0,0.0
4.0,18,3,0.0,171,28.0,0.0,0.0,0.0,0.0,0.0,0.0,0.0
4.0,18,4,0.0,171,28.0,0.0,0.0,0.0,0.0,0.0,0.0,0.0
4.0,18,5,0.0,171,28.0,0.0,0.0,0.0,0.0,0.0,0.0,0.0
4.0,18,6,0.0,171,28.0,0.0,0.0,0.0,0.0,0.0,0.0,0.0
4.0,18,7,0.0,171,28.0,0.0,0.0,0.0,0.0,0.0,0.0,0.0
4.0,18,0,0.05,171,28.0,0.039434255713533956,0.1,0.1,0.0,0.0021859374386896694,0.0018840123852293042,0.00030192505346036524
4.0,18,1,0.05,171,28.0,0.06840964768659205,0.4375,0.4875,0.05,0.013785630844471252,0.009017383961457839,0.004768246883013413
4.0,18,2,0.05,171,28.0,0.011764808753848595,0.0125,0.0125,0.0,9.126950363545219e-05,9.126950363544941e-05,2.778268066994105e-18
4.0,18,3,0.05,171,28.0,0.03962692701826394,0.1375,0.1375,0.0,0.0028409669322508324,0.002698945251960675,0.00014202168029015753
4.0,18,4,0.05,171,28.0,0.013036081758004863,0.025,0.025,0.0,0.00019762318605869023,0.00019762318605869023,0.0
4.0,18,5,0.05,171,28.0,0.019587506267295156,0.025,0.025,0.0,0.00010162455461075613,0.00010162455461075613,0.0
4.0,18,6,0.05,171,28.0,0.026025212285817622,0.05,0.05,0.0,0.00023956268556417213,0.00023956268556417213,0.0
4.0,18,7,0.05,171,28.0,0.017878064692940277,0.025,0.0375,0.0125,0.0005879538979974714,0.0005878267333085369,1.2716468893452133e-07
4.0,18,0,0.1,171,28.0,0.058020836545483664,0.3,0.3625,0.0625,0.007227189202302743,0.005669052243252796,0.001558136959049947
4.0,18,1,0.1,171,28.0,0.08981351189950046,0.625,0.825,0.2,0.04114372105194789,0.01946587276896245,0.02167784828298544
4.0,18,2,0.1,171,28.0,0.020205367608872267,0.025,0.025,0.0,0.0006633853672160572,0.0006633853672160545,2.710505431213761e-18
4.0,18,3,0.1,171,28.0,0.05918993549073701,0.25,0.3375,0.0875,0.009262466298471161,0.006666964740462659,0.0025955015580085023
4.0,18,4,0.1,171,28.0,0.026157251519691716,0.05,0.0625,0.0125,0.0014988655504087622,0.001276198651473878,0.00022266689893488427
4.0,18,5,0.1,171,28.0,0.03398559237114279,0.075,0.075,0.0,0.0014591037048355226,0.001328410002817755,0.00013069370201776757
4.0,18,6,0.1,171,28.0,0.04270476920719593,0.1375,0.1375,0.0,0.001840195825937425,0.00176282207759761,7.737374833981497e-05
4.0,18,7,0.1,171,28.0,0.03143325932133438,0.1,0.1,0.0,0.0028939289979958397,0.0024899295955359536,0.0004039994024598861
4.0,18,0,0.2,171,28.0,0.09960231167122906,0.7,0.95,0.25,0.06047226098552022,0.027842905521806287,0.032629355463713934
4.0,18,1,0.2,171,28.0,0.13281351189950047,0.9125,1.0,0.0875,0.15089574828404276,0.05376524300123431,0.09713050528280845
4.0,18,2,0.2,171,28.0,0.05019560620104987,0.275,0.3125,0.0375,0.008307691970496514,0.006513245943546825,0.001794446026949689
4.0,18,3,0.2,171,28.0,0.10168318470503575,0.7,0.9125,0.2125,0.06645423780313593,0.02785461918140042,0.03859961862173551
4.0,18,4,0.2,171,28.0,0.06459019700701725,0.275,0.3375,0.0625,0.010415007090861487,0.007373025162872144,0.0030419819279893434
4.0,18,5,0.2,171,28.0,0.07252407376796399,0.45,0.525,0.075,0.01962103462417503,0.011804028455243804,0.007817006168931226
4.0,18,6,0.2,171,28.0,0.08267116381552167,0.5375,0.6875,0.15,0.02965907393071589,0.016316085127895463,0.013342988802820428
4.0,18,7,0.2,171,28.0,0.06824844250268254,0.325,0.4125,0.0875,0.016918573853510442,0.011958313343003108,0.004960260510507334
4.0,18,0,0.35,171,28.0,0.16410231167122907,0.9875,1.0,0.0125,0.24029231906026194,0.08428915186170638,0.15600316719855556
4.0,18,1,0.35,171,28.0,0.19731351189950047,1.0,1.0,0.0,0.3351814625694532,0.11731351189950043,0.21786795066995276
4.0,18,2,0.35,171,28.0,0.11186360118793362,0.8375,0.9625,0.125,0.09431767125556102,0.037196149616658056,0.05712152163890297
4.0,18,3,0.35,171,28.0,0.16618318470503574,0.9875,1.0,0.0125,0.24623767058541376,0.08619055745629375,0.16004711312912
4.0,18,4,0.35,171,28.0,0.12894844356908414,0.9625,1.0,0.0375,0.13985269591144234,0.04977699499967221,0.09007570091177013
4.0,18,5,0.35,171,28.0,0.13686589263480475,0.925,1.0,0.075,0.16247397895632096,0.05750219889494727,0.10497178006137368
4.0,18,6,0.35,171,28.0,0.14659019525495123,0.975,1.0,0.025,0.19025770072812373,0.06767779086011232,0.12257990986801141
4.0,18,7,0.35,171,28.0,0.13187625649521734,0.8625,0.9875,0.125,0.14917985500462758,0.053997815805145385,0.09518203919948219
4.0,18,0,0.5,171,28.0,0.22860231167122907,1.0,1.0,0.0,0.42457803334567445,0.148602311671229,0.27597572167444545
4.0,18,1,0.5,171,28.0,0.2618135118995005,1.0,1.0,0.0,0.5194671768548662,0.18181351189950043,0.33765366495536575
4.0,18,2,0.5,171,28.0,0.17636360118793362,0.9875,1.0,0.0125,0.2753245748222176,0.0965077278528504,0.17881684696936723
4.0,18,3,0.5,171,28.0,0.23068318470503577,1.0,1.0,0.0,0.43052338487082675,0.15068318470503575,0.27984020016579103
4.0,18,4,0.5,171,28.0,0.19344844356908414,1.0,1.0,0.0,0.3241384101968533,0.11344844356908412,0.21068996662776918
4.0,18,5,0.5,171,28.0,0.20136589263480476,1.0,1.0,0.0,0.34675969324173234,0.12136589263480475,0.2253938006069276
4.0,18,6,0.5,171,28.0,0.21109019525495124,1.0,1.0,0.0,0.37454341501353394,0.13109019525495122,0.24345321975858272
4.0,18,7,0.5,171,28.0,0.19637625649521734,0.9875,1.0,0.0125,0.33250358998579166,0.11641694784532097,0.21608664214047069
4.0,19,0,0.0,147,29.300000000000004,0.0,0.0,0.0,0.0,0.0,0.0,0.0
4.0,19,1,0.0,147,29.300000000000004,0.0,0.0,0.0,0.0,0.0,0.0,0.0
4.0,19,2,0.0,147,29.300000000000004,0.0,0.0,0.0,0.0,0.0,0.0,0.0
4.0,19,3,0.0,147,29.300000000000004,0.0,0.0,0.0,0.0,0.0,0.0,0.0
4.0,19,4,0.0,147,29.300000000000004,0.0,0.0,0.0,0.0,0.0,0.0,0.0
4.0,19,5,0.0,147,29.300000000000004,0.0,0.0,0.0,0.0,0.0,0.0,0.0
4.0,19,6,0.0,147,29.300000000000004,0.0,0.0,0.0,0.0,0.0,0.0,0.0
4.0,19,7,0.0,147,29.300000000000004,0.0,0.0,0.0,0.0,0.0,0.0,0.0
4.0,19,0,0.05,147,29.300000000000004,0.026387101600545283,0.075,0.075,0.0,0.00460829427452953,0.004571118704303527,3.71755702260031e-05
4.0,19,1,0.05,147,29.300000000000004,0.022053383135925312,0.05,0.05,0.0,0.0025378871969416123,0.0025378871969416123,0.0
4.0,19,2,0.05,147,29.300000000000004,0.04105396842655592,0.175,0.1875,0.0125,0.0030724095403461744,0.0025802095189654413,0.000492200021380733
4.0,19,3,0.05,147,29.300000000000004,0.024185431574026937,0.0625,0.075,0.0125,0.0015854162564269071,0.0013634316304715576,0.00022198462595534956
4.0,19,4,0.05,147,29.300000000000004,0.027907228537793424,0.0625,0.0625,0.0,0.0003370110580357438,0.0003370110580357438,0.0
4.0,19,5,0.05,147,29.300000000000004,0.03553504299589217,0.1375,0.15,0.0125,0.003359619601919083,0.0029186633731019874,0.00044095622881709564
4.0,19,6,0.05,147,29.300000000000004,0.054193962289961164,0.2375,0.25,0.0125,0.014880898880451333,0.013976627024557863,0.0009042718558934706
4.0,19,7,0.05,147,29.300000000000004,0.022837906370842216,0.05,0.05,0.0,0.001015543747043064,0.001015543747043064,0.0
4.0,19,0,0.1,147,29.300000000000004,0.04161904179104107,0.225,0.2375,0.0125,0.010316654381829687,0.009969369456849328,0.00034728492498035946
4.0,19,1,0.1,147,29.300000000000004,0.036300767360965096,0.075,0.075,0.0,0.005595550073223666,0.005484755218941394,0.00011079485428227252
4.0,19,2,0.1,147,29.300000000000004,0.059551951399694374,0.325,0.4,0.075,0.012736888870680276,0.009724048570546534,0.0030128403001337418
4.0,19,3,0.1,147,29.300000000000004,0.041807045083567355,0.1375,0.1625,0.025,0.003799228388323325,0.0030440926370768344,0.0007551357512464905
4.0,19,4,0.1,147,29.300000000000004,0.043128816279076686,0.2,0.2,0.0,0.0033860553060871797,0.0028154514971159934,0.0005706038089711863
4.0,19,5,0.1,147,29.300000000000004,0.052191696239332855,0.3,0.3125,0.0125,0.011824636033167637,0.009659754368001056,0.0021648816651665802
4.0,19,6,0.1,147,29.300000000000004,0.07376990809205126,0.4375,0.5375,0.1,0.027683787628809076,0.022193631081046505,0.005490156547762571
4.0,19,7,0.1,147,29.300000000000004,0.037291431697301876,0.125,0.1375,0.0125,0.003317098967431213,0.0032550970208696543,6.200194656155863e-05
4.0,19,0,0.2,147,29.300000000000004,0.08297318372276616,0.475,0.6,0.125,0.03848129218824613,0.029086245373347145,0.009395046814898982
4.0,19,1,0.2,147,29.300000000000004,0.07477872007734856,0.5,0.6125,0.1125,0.026595968832600576,0.0202710385549495,0.006324930277651075
4.0,19,2,0.2,147,29.300000000000004,0.1025690126852903,0.65,0.8875,0.2375,0.0676139597618885,0.03673879270567676,0.03087516705621174
4.0,19,3,0.2,147,29.300000000000004,0.08425596507120409,0.5125,0.675,0.1625,0.027860651525117075,0.01645962247136324,0.011401029053753835
4.0,19,4,0.2,147,29.300000000000004,0.08124650324512969,0.4875,0.6375,0.15,0.037137023368153665,0.02204587601948768,0.015091147348665984
4.0,19,5,0.2,147,29.300000000000004,0.09175936426962542,0.5625,0.7625,0.2,0.05381303547413647,0.03295759299108716,0.02085544248304931
4.0,19,6,0.2,147,29.300000000000004,0.11728849579078848,0.825,0.9625,0.1375,0.10544989690980214,0.05455358013131658,0.05089631677848556
4.0,19,7,0.2,147,29.300000000000004,0.07677724397400411,0.45,0.575,0.125,0.023926128983828263,0.014875288715742582,0.009050840268085681
4.0,19,0,0.35,147,29.300000000000004,0.1487653577230197,0.9625,1.0,0.0375,0.18775524292934814,0.08363928796866699,0.10411595496068116
4.0,19,1,0.35,147,29.300000000000004,0.1401544340103173,0.9125,1.0,0.0875,0.16424418842372612,0.07291649698863793,0.09132769143508819
4.0,19,2,0.35,147,29.300000000000004,0.16950651268529027,0.975,1.0,0.025,0.24438638275790828,0.0987701571517734,0.14561622560613488
4.0,19,3,0.35,147,29.300000000000004,0.15116441459450275,0.9625,1.0,0.0375,0.19430556885825637,0.0769257618852396,0.11737980697301677
4.0,19,4,0.35,147,29.300000000000004,0.14664169170903876,0.875,1.0,0.125,0.18195683743042557,0.07683520496300464,0.10512163246742093
4.0,19,5,0.35,147,29.300000000000004,0.15869686426962537,0.9375,1.0,0.0625,0.2148719843534397,0.08921301006561132,0.1256589742878284
4.0,19,6,0.35,147,29.300000000000004,0.1841989070432476,0.975,1.0,0.025,0.28450213527102686,0.11937028307966381,0.16513185219136306
4.0,19,7,0.35,147,29.300000000000004,0.1431684645658739,0.925,1.0,0.075,0.17247362338765454,0.06898195566739315,0.10349166772026139
4.0,19,0,0.5,147,29.300000000000004,0.2157028577230197,1.0,1.0,0.0,0.37051974804835924,0.1531238117492793,0.21739593629907994
4.0,19,1,0.5,147,29.300000000000004,0.20709193401031728,1.0,1.0,0.0,0.34700869354273217,0.1412405950345598,0.20576809850817238
4.0,19,2,0.5,147,29.300000000000004,0.23644401268529025,1.0,1.0,0.0,0.4271508878769299,0.16981337985947972,0.25733750801745015
4.0,19,3,0.5,147,29.300000000000004,0.2181019145945028,1.0,1.0,0.0,0.3770700739772772,0.14776285828341448,0.22930721569386273
4.0,19,4,0.5,147,29.300000000000004,0.2135791917090388,1.0,1.0,0.0,0.3647213425494272,0.1452333278626795,0.21948801468674767
4.0,19,5,0.5,147,29.300000000000004,0.22563436426962538,1.0,1.0,0.0,0.3976364894724594,0.15974560682444605,0.23789088264801334
4.0,19,6,0.5,147,29.300000000000004,0.25113640704324763,1.0,1.0,0.0,0.467266640390048,0.19028977125389093,0.27697686913615704
4.0,19,7,0.5,147,29.300000000000004,0.21010596456587394,1.0,1.0,0.0,0.3552381285066677,0.13871457025907916,0.21652355824758854
4.0,20,0,0.0,151,27.999999999999996,0.0,0.0,0.0,0.0,0.0,0.0,0.0
4.0,20,1,0.0,151,27.999999999999996,0.0,0.0,0.0,0.0,0.0,0.0,0.0
4.0,20,2,0.0,151,27.999999999999996,0.0,0.0,0.0,0.0,0.0,0.0,0.0
4.0,20,3,0.0,151,27.999999999999996,0.0,0.0,0.0,0.0,0.0,0.0,0.0
4.0,20,4,0.0,151,27.999999999999996,0.0,0.0,0.0,0.0,0.0,0.0,0.0
4.0,20,5,0.0,151,27.999999999999996,0.0,0.0,0.0,0.0,0.0,0.0,0.0
4.0,20,6,0.0,151,27.999999999999996,0.0,0.0,0.0,0.0,0.0,0.0,0.0
4.0,20,7,0.0,151,27.999999999999996,0.0,0.0,0.0,0.0,0.0,0.0,0.0
4.0,20,0,0.05,151,27.999999999999996,0.011195924362153617,0.0125,0.0125,0.0,0.00021218809861600074,0.00021218809861600074,0.0
4.0,20,1,0.05,151,27.999999999999996,0.01672818793432731,0.0125,0.0125,0.0,4.2458635677589125e-05,4.2458635677589125e-05,0.0
4.0,20,2,0.05,151,27.999999999999996,0.01135362110641602,0.0,0.0,0.0,0.0,0.0,0.0
4.0,20,3,0.05,151,27.999999999999996,0.010266362855331454,0.0125,0.0125,0.0,0.00014393646799047973,0.00014393646799047973,0.0
4.0,20,4,0.05,151,27.999999999999996,0.05446963953526085,0.275,0.275,0.0,0.007062966706201271,0.0045230683878378876,0.002539898318363383
4.0,20,5,0.05,151,27.999999999999996,0.02801569479406536,0.0875,0.0875,0.0,0.0021159879470744555,0.0019377550109247626,0.00017823293614969288
4.0,20,6,0.05,151,27.999999999999996,0.057479553394307215,0.3,0.325,0.025,0.011984447462502427,0.009425935010507355,0.002558512451995072
4.0,20,7,0.05,151,27.999999999999996,0.02283621556643704,0.025,0.025,0.0,0.0007086262469907623,0.0007086262469907623,0.0
4.0,20,0,0.1,151,27.999999999999996,0.021346844764665016,0.05,0.05,0.0,0.0010720706950843367,0.0009634650287515362,0.00010860566633280047
4.0,20,1,0.1,151,27.999999999999996,0.029141978114683408,0.05,0.05,0.0,0.0005291976368193867,0.0005291976368193867,0.0
4.0,20,2,0.1,151,27.999999999999996,0.020281061814624413,0.0625,0.0625,0.0,0.0003982274343428571,0.0003982274343428571,0.0
4.0,20,3,0.1,151,27.999999999999996,0.02224171477734226,0.025,0.025,0.0,0.0004091155013427341,0.0004091155013427341,0.0
4.0,20,4,0.1,151,27.999999999999996,0.0747242402540422,0.4,0.4875,0.0875,0.019266080569931517,0.011359070853631173,0.007907009716300343
4.0,20,5,0.1,151,27.999999999999996,0.04396678607493698,0.2,0.2125,0.0125,0.004238144602248543,0.0038753157609865657,0.0003628288412619771
4.0,20,6,0.1,151,27.999999999999996,0.07739238069588313,0.475,0.5375,0.0625,0.027908154777560406,0.0173036258288203,0.010604528948740106
4.0,20,7,0.1,151,27.999999999999996,0.038474111495472696,0.075,0.075,0.0,0.0019097616718787443,0.0018684636417183585,4.129803016038585e-05
4.0,20,0,0.2,151,27.999999999999996,0.05293457942568798,0.2625,0.2875,0.025,0.007813092474367097,0.006078812879144393,0.0017342795952227036
4.0,20,1,0.2,151,27.999999999999996,0.06438155946446841,0.4125,0.475,0.0625,0.014654984710196684,0.009455142951844662,0.005199841758352022
4.0,20,2,0.2,151,27.999999999999996,0.05218953797911936,0.225,0.25,0.025,0.007170087929533011,0.0068521156319158935,0.0003179722976171173
4.0,20,3,0.2,151,27.999999999999996,0.05932460398242696,0.2375,0.2875,0.05,0.006019402101501499,0.004869117086495942,0.0011502850150055567
4.0,20,4,0.2,151,27.999999999999996,0.11761807486226536,0.8125,0.975,0.1625,0.10784492737839273,0.040864532599699466,0.06698039477869326
4.0,20,5,0.2,151,27.999999999999996,0.0823057112185366,0.6,0.725,0.125,0.033998153362929905,0.018223991585454024,0.01577416177747588
4.0,20,6,0.2,151,27.999999999999996,0.12003306216692482,0.825,0.9875,0.1625,0.11438386093108523,0.04418502316241951,0.07019883776866571
4.0,20,7,0.2,151,27.999999999999996,0.07781307051488666,0.4875,0.6125,0.125,0.02309762135997386,0.01395649406515194,0.00914112729482192
4.0,20,0,0.35,151,27.999999999999996,0.11353913337371621,0.7875,0.95,0.1625,0.0985641421273435,0.03987048761180352,0.058693654515539984
4.0,20,1,0.35,151,27.999999999999996,0.12793708864391523,0.8625,1.0,0.1375,0.13696311041085577,0.050498328926927474,0.08646478148392829
4.0,20,2,0.35,151,27.999999999999996,0.11290874988055859,0.8125,0.9875,0.175,0.094034627360315,0.03953327297611044,0.05450135438420456
4.0,20,3,0.35,151,27.999999999999996,0.12361842650588666,0.9,1.0,0.1,0.12462407573079477,0.044508539674425134,0.08011553605636965
4.0,20,4,0.35,151,27.999999999999996,0.18211807486226536,1.0,1.0,0.0,0.2917659281771671,0.10211807486226536,0.18964785331490175
4.0,20,5,0.35,151,27.999999999999996,0.14637016032493028,0.925,1.0,0.075,0.1896290294993291,0.06755334785693964,0.12207568164238947
4.0,20,6,0.35,151,27.999999999999996,0.18453306216692483,1.0,1.0,0.0,0.2986658919047482,0.1045330621669248,0.19413282973782336
4.0,20,7,0.35,151,27.999999999999996,0.14231307051488665,0.9375,1.0,0.0625,0.17803734432780122,0.06269977048257164,0.11533757384522958
4.0,20,0,0.5,151,27.999999999999996,0.17742537887485596,0.9875,1.0,0.0125,0.2783582253560353,0.09851348194119403,0.1798447434148413
4.0,20,1,0.5,151,27.999999999999996,0.19243708864391523,1.0,1.0,0.0,0.32124882469609267,0.11243708864391526,0.2088117360521774
4.0,20,2,0.5,151,27.999999999999996,0.17740874988055863,1.0,1.0,0.0,0.2783107139437531,0.09740874988055861,0.1809019640631945
4.0,20,3,0.5,151,27.999999999999996,0.18811842650588667,1.0,1.0,0.0,0.30890979001604196,0.10811842650588666,0.2007913635101553
4.0,20,4,0.5,151,27.999999999999996,0.24661807486226534,1.0,1.0,0.0,0.4760516424624178,0.16661807486226532,0.3094335676001525
4.0,20,5,0.5,151,27.999999999999996,0.21087016032493028,1.0,1.0,0.0,0.3739147437845746,0.13087016032493032,0.2430445834596443
4.0,20,6,0.5,151,27.999999999999996,0.24903306216692478,1.0,1.0,0.0,0.4829516061899989,0.16903306216692482,0.31391854402307406
4.0,20,7,0.5,151,27.999999999999996,0.20681307051488665,1.0,1.0,0.0,0.3623230586130505,0.12681307051488663,0.23550998809816384
4.0,21,0,0.0,146,29.300000000000004,0.0,0.0,0.0,0.0,0.0,0.0,0.0
4.0,21,1,0.0,146,29.300000000000004,0.0,0.0,0.0,0.0,0.0,0.0,0.0
4.0,21,2,0.0,146,29.300000000000004,0.0,0.0,0.0,0.0,0.0,0.0,0.0
4.0,21,3,0.0,146,29.300000000000004,0.0,0.0,0.0,0.0,0.0,0.0,0.0
4.0,21,4,0.0,146,29.300000000000004,0.0,0.0,0.0,0.0,0.0,0.0,0.0
4.0,21,5,0.0,146,29.300000000000004,0.0,0.0,0.0,0.0,0.0,0.0,0.0
4.0,21,6,0.0,146,29.300000000000004,0.0,0.0,0.0,0.0,0.0,0.0,0.0
4.0,21,7,0.0,146,29.300000000000004,0.0,0.0,0.0,0.0,0.0,0.0,0.0
4.0,21,0,0.05,146,29.300000000000004,0.0243320567251568,0.05,0.05,0.0,0.003173992410280581,0.003173992410280581,0.0
4.0,21,1,0.05,146,29.300000000000004,0.035720845678154374,0.1,0.1375,0.0375,0.007944995057289276,0.007437375337737508,0.000507619719551768
4.0,21,2,0.05,146,29.300000000000004,0.013436965314753144,0.0125,0.0125,0.0,0.000283599529589307,0.000283599529589307,0.0
4.0,21,3,0.05,146,29.300000000000004,0.05254288793696149,0.2125,0.2375,0.025,0.013843327025786523,0.011754977988215716,0.0020883490375708073
4.0,21,4,0.05,146,29.300000000000004,0.01843351997311256,0.0125,0.0125,0.0,0.0004067248595999254,0.0004067248595999254,0.0
4.0,21,5,0.05,146,29.300000000000004,0.037785578936803246,0.125,0.1375,0.0125,0.0014489984482619661,0.0011496885497339383,0.0002993098985280278
4.0,21,6,0.05,146,29.300000000000004,0.022047615505258234,0.0625,0.0625,0.0,0.0008157946656363226,0.0007621728160790193,5.362184955730331e-05
4.0,21,7,0.05,146,29.300000000000004,0.06916175830615333,0.3,0.375,0.075,0.02418337139477212,0.019805389470678586,0.004377981924093534
4.0,21,0,0.1,146,29.300000000000004,0.04152168446336425,0.1125,0.125,0.0125,0.007116203860784568,0.006926055820840522,0.00019014803994404656
4.0,21,1,0.1,146,29.300000000000004,0.05461771487435463,0.2125,0.25,0.0375,0.015729698789807362,0.013333400818105542,0.00239629797170182
4.0,21,2,0.1,146,29.300000000000004,0.026268166461371596,0.0875,0.0875,0.0,0.000915240657632826,0.000915240657632826,0.0
4.0,21,3,0.1,146,29.300000000000004,0.07273883939716642,0.3875,0.425,0.0375,0.029289934844052703,0.022228580782194148,0.007061354061858555
4.0,21,4,0.1,146,29.300000000000004,0.03296359227144586,0.075,0.075,0.0,0.0011914152728363032,0.001109331597936655,8.208367489964826e-05
4.0,21,5,0.1,146,29.300000000000004,0.05693133246150334,0.35,0.3875,0.0375,0.006203001705339301,0.004342358337323442,0.0018606433680158595
4.0,21,6,0.1,146,29.300000000000004,0.03862461742072136,0.1125,0.125,0.0125,0.0026835803502351357,0.00252797929030222,0.00015560105993291584
4.0,21,7,0.1,146,29.300000000000004,0.09043134264286952,0.4875,0.6625,0.175,0.0454551245808486,0.031568757946147906,0.013886366634700692
4.0,21,0,0.2,146,29.300000000000004,0.08288717462451659,0.5125,0.6625,0.15,0.03319971895522375,0.02527151658391613,0.007928202371307619
4.0,21,1,0.2,146,29.300000000000004,0.09824582189519586,0.7,0.825,0.125,0.056604590658216415,0.036026297013324014,0.0205782936448924
4.0,21,2,0.2,146,29.300000000000004,0.0630847081932386,0.4125,0.475,0.0625,0.014339763136188685,0.0106917260861032,0.003648037050085486
4.0,21,3,0.2,146,29.300000000000004,0.11538960637324529,0.7375,0.9125,0.175,0.10366641385427201,0.052721003234860495,0.05094541061941152
4.0,21,4,0.2,146,29.300000000000004,0.07120371120739395,0.4375,0.55,0.1125,0.01735423178165879,0.011193080244355585,0.0061611515373032055
4.0,21,5,0.2,146,29.300000000000004,0.09987989574012897,0.75,0.9375,0.1875,0.06375986281823862,0.02945331517650969,0.03430654764172893
4.0,21,6,0.2,146,29.300000000000004,0.07984659006661504,0.425,0.625,0.2,0.026740121809880817,0.016108535667245846,0.010631586142634972
4.0,21,7,0.2,146,29.300000000000004,0.13432522249984769,0.875,1.0,0.125,0.14832825255899826,0.0670051692695176,0.08132308328948065
4.0,21,0,0.35,146,29.300000000000004,0.1494396937733296,0.9375,1.0,0.0625,0.18959643351038477,0.08288620085060601,0.10671023265977876
4.0,21,1,0.35,146,29.300000000000004,0.16518332189519583,1.0,1.0,0.0,0.2325824488600832,0.09826805228922182,0.13431439657086136
4.0,21,2,0.35,146,29.300000000000004,0.12921903312729086,0.925,1.0,0.075,0.1343864385725178,0.05669250405214053,0.07769393452037728
4.0,21,3,0.35,146,29.300000000000004,0.18231106155605004,0.975,1.0,0.025,0.27934760834353767,0.11753182259839694,0.16181578574514072
4.0,21,4,0.35,146,29.300000000000004,0.13750446903603047,0.9125,1.0,0.0875,0.15700878917651367,0.06335580456947316,0.09365298460704051
4.0,21,5,0.35,146,29.300000000000004,0.1666771532615346,0.975,1.0,0.025,0.23666116931421743,0.093836214805558,0.14282495450865945
4.0,21,6,0.35,146,29.300000000000004,0.14610477632193603,0.9,1.0,0.1,0.18049085685129568,0.07384666839947797,0.10664418845181771
4.0,21,7,0.35,146,29.300000000000004,0.20126272249984767,1.0,1.0,0.0,0.33109275767800794,0.1354844337183485,0.19560832395965944
4.0,21,0,0.5,146,29.300000000000004,0.21637719377332965,1.0,1.0,0.0,0.37236093862940295,0.1530733937817963,0.21928754484760665
4.0,21,1,0.5,146,29.300000000000004,0.23212082189519587,1.0,1.0,0.0,0.4153469539791052,0.16942334239161091,0.2459236115874943
4.0,21,2,0.5,146,29.300000000000004,0.19615653312729084,1.0,1.0,0.0,0.3171509436915227,0.1261986136384723,0.1909523300530504
4.0,21,3,0.5,146,29.300000000000004,0.24924856155605002,1.0,1.0,0.0,0.46211211346255787,0.18820884500498453,0.27390326845757335
4.0,21,4,0.5,146,29.300000000000004,0.20444196903603049,1.0,1.0,0.0,0.33977329429552827,0.13289494799604437,0.2068783462994839
4.0,21,5,0.5,146,29.300000000000004,0.2336146532615346,1.0,1.0,0.0,0.4194256744332368,0.16430693799572108,0.2551187364375157
4.0,21,6,0.5,146,29.300000000000004,0.21304227632193604,0.9875,1.0,0.0125,0.3632553619703062,0.14356136718106066,0.21969399478924556
4.0,21,7,0.5,146,29.300000000000004,0.2682002224998477,1.0,1.0,0.0,0.5138572627970299,0.2066397238207376,0.30721753897629234
4.0,22,0,0.0,169,28.650000000000006,0.0,0.0,0.0,0.0,0.0,0.0,0.0
4.0,22,1,0.0,169,28.650000000000006,0.0,0.0,0.0,0.0,0.0,0.0,0.0
4.0,22,2,0.0,169,28.650000000000006,0.0,0.0,0.0,0.0,0.0,0.0,0.0
4.0,22,3,0.0,169,28.650000000000006,0.0,0.0,0.0,0.0,0.0,0.0,0.0
4.0,22,4,0.0,169,28.650000000000006,0.0,0.0,0.0,0.0,0.0,0.0,0.0
4.0,22,5,0.0,169,28.650000000000006,0.0,0.0,0.0,0.0,0.0,0.0,0.0
4.0,22,6,0.0,169,28.650000000000006,0.0,0.0,0.0,0.0,0.0,0.0,0.0
4.0,22,7,0.0,169,28.650000000000006,0.0,0.0,0.0,0.0,0.0,0.0,0.0
4.0,22,0,0.05,169,28.650000000000006,0.04518314179064639,0.2,0.2375,0.0375,0.007664544058201606,0.007079249006617787,0.0005852950515838192
4.0,22,1,0.05,169,28.650000000000006,0.07099689751369653,0.325,0.4375,0.1125,0.02133196887576416,0.01575925423151064,0.005572714644253518
4.0,22,2,0.05,169,28.650000000000006,0.03601879650352355,0.125,0.1375,0.0125,0.0021611130933563145,0.0019092951836266762,0.0002518179097296383
4.0,22,3,0.05,169,28.650000000000006,0.02803136864147676,0.075,0.0875,0.0125,0.0011383111568559637,0.0010715239359872215,6.678722086874214e-05
4.0,22,4,0.05,169,28.650000000000006,0.04524139037309535,0.175,0.2,0.025,0.005833471154178853,0.005188613273911023,0.0006448578802678295
4.0,22,5,0.05,169,28.650000000000006,0.03185622200683614,0.075,0.075,0.0,0.003904165283934789,0.0028515728710259004,0.0010525924129088887
4.0,22,6,0.05,169,28.650000000000006,0.03977636293138251,0.125,0.125,0.0,0.0031676121133759998,0.0029107495270605035,0.0002568625863154962
4.0,22,7,0.05,169,28.650000000000006,0.0410814999137356,0.15,0.15,0.0,0.004177273259212391,0.003962667409578553,0.00021460584963383777
4.0,22,0,0.1,169,28.650000000000006,0.06487248665414809,0.325,0.3875,0.0625,0.019096974852611567,0.013902723186514391,0.005194251666097176
4.0,22,1,0.1,169,28.650000000000006,0.09213718495400992,0.575,0.8,0.225,0.04889854381131853,0.02691326636778951,0.02198527744352902
4.0,22,2,0.1,169,28.650000000000006,0.055522817450066556,0.2375,0.275,0.0375,0.008116818098223748,0.0062083447490505605,0.0019084733491731877
4.0,22,3,0.1,169,28.650000000000006,0.044114449038819475,0.15,0.175,0.025,0.004625157184095676,0.0036052774834016955,0.0010198797006939803
4.0,22,4,0.1,169,28.650000000000006,0.06296554988489053,0.3625,0.425,0.0625,0.015303743330618968,0.01195981783525898,0.0033439254953599885
4.0,22,5,0.1,169,28.650000000000006,0.04828123525218774,0.1875,0.2,0.0125,0.009305839572907391,0.007206688167725464,0.0020991514051819276
4.0,22,6,0.1,169,28.650000000000006,0.05868910798420728,0.2875,0.3375,0.05,0.009245861086621454,0.007386011888428159,0.0018598491981932953
4.0,22,7,0.1,169,28.650000000000006,0.059590826421650166,0.25,0.325,0.075,0.010848398947723993,0.009691181785374913,0.0011572171623490807
4.0,22,0,0.2,169,28.650000000000006,0.10688626789077998,0.75,0.925,0.175,0.08006006327939338,0.03853287199754458,0.041527191281848806
4.0,22,1,0.2,169,28.650000000000006,0.13576727514096332,0.9,1.0,0.1,0.15572014000943815,0.062470966331717,0.09324917367772115
4.0,22,2,0.2,169,28.650000000000006,0.09891425192267377,0.65,0.825,0.175,0.05771090672482021,0.02807410528138912,0.02963680144343109
4.0,22,3,0.2,169,28.650000000000006,0.0831406481730487,0.5875,0.6625,0.075,0.03674571060315363,0.02172741939902861,0.015018291204125022
4.0,22,4,0.2,169,28.650000000000006,0.10360733027916438,0.7125,0.85,0.1375,0.07578868683341075,0.03774102380962259,0.03804766302378816
4.0,22,5,0.2,169,28.650000000000006,0.08879549201885432,0.5375,0.725,0.1875,0.047296303598537946,0.026440087907794306,0.02085621569074364
4.0,22,6,0.2,169,28.650000000000006,0.10028089763358307,0.75,0.8875,0.1375,0.06632549929403025,0.031296516808305565,0.03502898248572469
4.0,22,7,0.2,169,28.650000000000006,0.10203169527267682,0.6875,0.8875,0.2,0.06771660519854152,0.03402891702645039,0.033687688172091126
4.0,22,0,0.35,169,28.650000000000006,0.17224226468669593,0.975,1.0,0.025,0.25757002355756764,0.09989629405898458,0.15767372949858305
4.0,22,1,0.35,169,28.650000000000006,0.20148602514096334,1.0,1.0,0.0,0.33922799341228155,0.1283147763424784,0.21091321706980315
4.0,22,2,0.35,169,28.650000000000006,0.16463300192267374,0.9875,1.0,0.0125,0.2363225184573572,0.089005951200818,0.1473165672565392
4.0,22,3,0.35,169,28.650000000000006,0.14839039208080262,0.9125,1.0,0.0875,0.190967936001949,0.07479257642802123,0.11617535957392777
4.0,22,4,0.35,169,28.650000000000006,0.16841836456244405,0.9375,1.0,0.0625,0.24689246649161015,0.09490773922219713,0.15198472726941303
4.0,22,5,0.35,169,28.650000000000006,0.1541414977273348,0.9375,1.0,0.0625,0.20702686974442464,0.08066045351920226,0.12636641622522238
4.0,22,6,0.35,169,28.650000000000006,0.165758046574332,0.95,1.0,0.05,0.23946400439566717,0.09101159809035066,0.14845240630531653
4.0,22,7,0.35,169,28.650000000000006,0.16775044527267682,0.9875,1.0,0.0125,0.24502742135438976,0.09406522910631124,0.15096219224807852
4.0,22,0,0.5,169,28.650000000000006,0.23796101468669595,1.0,1.0,0.0,0.4410778769604161,0.16694752040408786,0.2741303565563282
4.0,22,1,0.5,169,28.650000000000006,0.2672047751409633,1.0,1.0,0.0,0.5227358468151321,0.19621791770373492,0.32651792911139715
4.0,22,2,0.5,169,28.650000000000006,0.23035175192267374,1.0,1.0,0.0,0.41983037186020766,0.15687439721962992,0.26295597464057774
4.0,22,3,0.5,169,28.650000000000006,0.21410914208080262,1.0,1.0,0.0,0.3744757894047957,0.14114162413797424,0.23333416526682146
4.0,22,4,0.5,169,28.650000000000006,0.23409323687769792,0.9875,1.0,0.0125,0.4302777993087777,0.16168097389732833,0.26859682541144936
4.0,22,5,0.5,169,28.650000000000006,0.2198602477273348,1.0,1.0,0.0,0.3905347231472698,0.14761795190883245,0.24291677123843733
4.0,22,6,0.5,169,28.650000000000006,0.23147679657433204,1.0,1.0,0.0,0.4229718577985162,0.15830295551387497,0.26466890228464124
4.0,22,7,0.5,169,28.650000000000006,0.23346919527267684,1.0,1.0,0.0,0.42853527475724024,0.16193442037314001,0.2666008543841002
4.0,23,0,0.0,154,29.949999999999996,0.0,0.0,0.0,0.0,0.0,0.0,0.0
4.0,23,1,0.0,154,29.949999999999996,0.0,0.0,0.0,0.0,0.0,0.0,0.0
4.0,23,2,0.0,154,29.949999999999996,0.0,0.0,0.0,0.0,0.0,0.0,0.0
4.0,23,3,0.0,154,29.949999999999996,0.0,0.0,0.0,0.0,0.0,0.0,0.0
4.0,23,4,0.0,154,29.949999999999996,0.0,0.0,0.0,0.0,0.0,0.0,0.0
4.0,23,5,0.0,154,29.949999999999996,0.0,0.0,0.0,0.0,0.0,0.0,0.0
4.0,23,6,0.0,154,29.949999999999996,0.0,0.0,0.0,0.0,0.0,0.0,0.0
4.0,23,7,0.0,154,29.949999999999996,0.0,0.0,0.0,0.0,0.0,0.0,0.0
4.0,23,0,0.05,154,29.949999999999996,0.04168969583922931,0.1375,0.15,0.0125,0.005296795291432019,0.004928562903022019,0.00036823238840999993
4.0,23,1,0.05,154,29.949999999999996,0.04673211382074922,0.225,0.2375,0.0125,0.010080733625696456,0.009587896430370814,0.0004928371953256423
4.0,23,2,0.05,154,29.949999999999996,0.029933337264059078,0.0375,0.0375,0.0,0.009282210373867917,0.009282210373867917,0.0
4.0,23,3,0.05,154,29.949999999999996,0.04088020162483776,0.1625,0.1875,0.025,0.004404566159696577,0.003320034289396358,0.0010845318703002187
4.0,23,4,0.05,154,29.949999999999996,0.04966886915733845,0.175,0.225,0.05,0.010257092009386019,0.010074295052649531,0.0001827969567364876
4.0,23,5,0.05,154,29.949999999999996,0.07725485016742929,0.4625,0.55,0.0875,0.03580819654490423,0.027398492128025538,0.008409704416878695
4.0,23,6,0.05,154,29.949999999999996,0.017687991642897173,0.025,0.025,0.0,0.00031706582313292695,0.00031706582313292695,0.0
4.0,23,7,0.05,154,29.949999999999996,0.027026770151352585,0.075,0.075,0.0,0.007569771852866965,0.007514420541781799,5.53513110851658e-05
4.0,23,0,0.1,154,29.949999999999996,0.06163607957265401,0.3,0.3625,0.0625,0.015119228673045462,0.013203079262227026,0.0019161494108184355
4.0,23,1,0.1,154,29.949999999999996,0.06773043975742207,0.325,0.3875,0.0625,0.02202451709218467,0.01911046765865457,0.002914049433530099
4.0,23,2,0.1,154,29.949999999999996,0.04791271597479519,0.1125,0.1375,0.025,0.014163012291868851,0.013851772861028708,0.0003112394308401427
4.0,23,3,0.1,154,29.949999999999996,0.06075576137076466,0.275,0.3125,0.0375,0.013245872321152716,0.009271632420551132,0.003974239900601584
4.0,23,4,0.1,154,29.949999999999996,0.07043172678453663,0.425,0.4625,0.0375,0.022322338999428128,0.018619312006187536,0.003703026993240592
4.0,23,5,0.1,154,29.949999999999996,0.09943222683531347,0.625,0.8,0.175,0.06621356289098428,0.042190061195346726,0.02402350169563755
4.0,23,6,0.1,154,29.949999999999996,0.030525511025144204,0.0875,0.0875,0.0,0.001403027949964075,0.0013200807542290212,8.29471957350537e-05
4.0,23,7,0.1,154,29.949999999999996,0.04232079097090468,0.1375,0.1625,0.025,0.015463099729776867,0.014832601537546343,0.0006304981922305233
4.0,23,0,0.2,154,29.949999999999996,0.10493248808774769,0.6625,0.925,0.2625,0.07310022654770348,0.042071981045638925,0.03102824550206456
4.0,23,1,0.2,154,29.949999999999996,0.11223801621438702,0.75,0.9,0.15,0.0892149633407091,0.04925974164942425,0.03995522169128484
4.0,23,2,0.2,154,29.949999999999996,0.09070247301140354,0.575,0.675,0.1,0.05013695924104158,0.0355856808549574,0.01455127838608418
4.0,23,3,0.2,154,29.949999999999996,0.10527947354170863,0.6625,0.9,0.2375,0.07385365924431421,0.037022421104323786,0.036831238139990424
4.0,23,4,0.2,154,29.949999999999996,0.1151603646449123,0.8125,0.975,0.1625,0.0950417749388473,0.05153203724959393,0.04350973768925337
4.0,23,5,0.2,154,29.949999999999996,0.14471548782501995,0.9,1.0,0.1,0.17286273876443536,0.08161823301289264,0.09124450575154272
4.0,23,6,0.2,154,29.949999999999996,0.07027161444579397,0.4,0.4875,0.0875,0.022106465460558323,0.01621040125267317,0.005896064207885153
4.0,23,7,0.2,154,29.949999999999996,0.08191697258792283,0.4375,0.5375,0.1,0.04475546633861928,0.034386543136919884,0.010368923201699395
4.0,23,0,0.35,154,29.949999999999996,0.17308873808774772,0.9875,1.0,0.0125,0.2486510533225122,0.10830885774752944,0.14034219557498276
4.0,23,1,0.35,154,29.949999999999996,0.18033465076701333,0.975,1.0,0.025,0.268005744953249,0.1185847867378925,0.14942095821535653
4.0,23,2,0.35,154,29.949999999999996,0.15809627899614015,0.9625,1.0,0.0375,0.20860441801946414,0.09898825883758092,0.10961615918188322
4.0,23,3,0.35,154,29.949999999999996,0.17343572354170864,0.9875,1.0,0.0125,0.24957789259852292,0.10453552180039978,0.14504237079812315
4.0,23,4,0.35,154,29.949999999999996,0.18331661464491233,1.0,1.0,0.0,0.27597092392591965,0.12078794965807396,0.1551829742678457
4.0,23,5,0.35,154,29.949999999999996,0.21287173782501995,1.0,1.0,0.0,0.35491616113477353,0.1541498725829659,0.20076628855180764
4.0,23,6,0.35,154,29.949999999999996,0.13811637646112557,0.925,1.0,0.075,0.1552357301129749,0.06961445151522533,0.08562127859774957
4.0,23,7,0.35,154,29.949999999999996,0.14949262481959577,0.9375,0.9875,0.05,0.18611023192674542,0.08999125338052116,0.09611897854622425
4.0,23,0,0.5,154,29.949999999999996,0.2412449880877477,1.0,1.0,0.0,0.4307044756928581,0.18232273657074302,0.24838173912211506
4.0,23,1,0.5,154,29.949999999999996,0.24849090076701336,1.0,1.0,0.0,0.4500591673235951,0.1926736364597159,0.25738553086387916
4.0,23,2,0.5,154,29.949999999999996,0.22625252899614012,1.0,1.0,0.0,0.3906578403898076,0.17201204871202372,0.2186457916777839
4.0,23,3,0.5,154,29.949999999999996,0.24159197354170864,1.0,1.0,0.0,0.43163131496886925,0.17872154918443353,0.2529097657844357
4.0,23,4,0.5,154,29.949999999999996,0.2514728646449123,1.0,1.0,0.0,0.45802434629626626,0.19505422678662157,0.26297011950964466
4.0,23,5,0.5,154,29.949999999999996,0.28102798782502,1.0,1.0,0.0,0.5369695835051201,0.22841614971151347,0.30855343379360667
4.0,23,6,0.5,154,29.949999999999996,0.20627262646112565,1.0,1.0,0.0,0.337289152483319,0.14289269453021772,0.19439645795310126
4.0,23,7,0.5,154,29.949999999999996,0.2176488748195958,0.9875,1.0,0.0125,0.36767646028555145,0.16331635506295977,0.20436010522259168
4.0,24,0,0.0,169,28.64999999999999,0.0,0.0,0.0,0.0,0.0,0.0,0.0
4.0,24,1,0.0,169,28.64999999999999,0.0,0.0,0.0,0.0,0.0,0.0,0.0
4.0,24,2,0.0,169,28.64999999999999,0.0,0.0,0.0,0.0,0.0,0.0,0.0
4.0,24,3,0.0,169,28.64999999999999,0.0,0.0,0.0,0.0,0.0,0.0,0.0
4.0,24,4,0.0,169,28.64999999999999,0.0,0.0,0.0,0.0,0.0,0.0,0.0
4.0,24,5,0.0,169,28.64999999999999,0.0,0.0,0.0,0.0,0.0,0.0,0.0
4.0,24,6,0.0,169,28.64999999999999,0.0,0.0,0.0,0.0,0.0,0.0,0.0
4.0,24,7,0.0,169,28.64999999999999,0.0,0.0,0.0,0.0,0.0,0.0,0.0
4.0,24,0,0.05,169,28.64999999999999,0.07238211610919047,0.4625,0.525,0.0625,0.021012726843417148,0.014960799331057338,0.0060519275123598094
4.0,24,1,0.05,169,28.64999999999999,0.032584688854834246,0.0875,0.0875,0.0,0.009128971336952358,0.009128971336952358,0.0
4.0,24,2,0.05,169,28.64999999999999,0.0098348119937249,0.0125,0.0125,0.0,0.0012139733574925528,0.0012139733574925528,0.0
4.0,24,3,0.05,169,28.64999999999999,0.012669740051170957,0.0375,0.0375,0.0,0.0006760503064114941,0.0006760503064114941,0.0
4.0,24,4,0.05,169,28.64999999999999,0.02127789643405349,0.025,0.025,0.0,0.00012135990534868781,0.00012135990534868781,0.0
4.0,24,5,0.05,169,28.64999999999999,0.00793192794568384,0.0125,0.0125,0.0,7.2015000830282e-05,7.2015000830282e-05,0.0
4.0,24,6,0.05,169,28.64999999999999,0.017895555808378875,0.0125,0.0125,0.0,0.00020618542030083236,0.00020618542030083236,0.0
4.0,24,7,0.05,169,28.64999999999999,0.03999115207819015,0.15,0.1625,0.0125,0.0034873245657026904,0.003190359919280239,0.0002969646464224514
4.0,24,0,0.1,169,28.64999999999999,0.09412562687191223,0.6375,0.8125,0.175,0.05108479301038079,0.028056126771460972,0.023028666238919818
4.0,24,1,0.1,169,28.64999999999999,0.04988064827227653,0.1875,0.2,0.0125,0.013661589965549416,0.013594664496635628,6.692546891378867e-05
4.0,24,2,0.1,169,28.64999999999999,0.018937484402692897,0.05,0.05,0.0,0.0038213468639096697,0.0038213468639096697,0.0
4.0,24,3,0.1,169,28.64999999999999,0.02500446213648083,0.0625,0.0625,0.0,0.0031215209050174967,0.0031215209050174967,0.0
4.0,24,4,0.1,169,28.64999999999999,0.03729853439767252,0.125,0.125,0.0,0.0016103634036348502,0.0013814237478902399,0.00022893965574461036
4.0,24,5,0.1,169,28.64999999999999,0.015381693495841179,0.05,0.05,0.0,0.0005518437662230123,0.0005518437662230123,0.0
4.0,24,6,0.1,169,28.64999999999999,0.03179340986882919,0.075,0.0875,0.0125,0.002844849166206206,0.002677573724478464,0.00016727544172774177
4.0,24,7,0.1,169,28.64999999999999,0.05935187886965265,0.2875,0.3375,0.05,0.011379289515638744,0.008717028492632211,0.0026622610230065333
4.0,24,0,0.2,169,28.64999999999999,0.1378953093568429,0.8875,1.0,0.1125,0.16166229488797101,0.06354065088992626,0.09812164399804475
4.0,24,1,0.2,169,28.64999999999999,0.09159612148100953,0.5625,0.725,0.1625,0.045843103574633864,0.03268278399036062,0.013160319584273245
4.0,24,2,0.2,169,28.64999999999999,0.0527442728455804,0.2125,0.2375,0.025,0.01186953569277473,0.011583714085796145,0.0002858216069785858
4.0,24,3,0.2,169,28.64999999999999,0.06070407726169206,0.2875,0.3,0.0125,0.01599690373699961,0.012902987344149554,0.0030939163928500567
4.0,24,4,0.2,169,28.64999999999999,0.0775837980742518,0.425,0.525,0.1,0.02395951158852011,0.015444996573758186,0.008514515014761925
4.0,24,5,0.2,169,28.64999999999999,0.04292759209762683,0.1875,0.225,0.0375,0.005008717871039888,0.004255893281069466,0.0007528245899704224
4.0,24,6,0.2,169,28.64999999999999,0.07162831607675867,0.45,0.4875,0.0375,0.020891365786897736,0.015219911530298755,0.005671454256598981
4.0,24,7,0.2,169,28.64999999999999,0.10194317873426299,0.6875,0.925,0.2375,0.0679015772587986,0.032602697545612416,0.03529887971318618
4.0,24,0,0.35,169,28.64999999999999,0.2036140593568429,1.0,1.0,0.0,0.3451701482908187,0.13042052937718096,0.21474961891363775
4.0,24,1,0.35,169,28.64999999999999,0.15722764335315562,0.9625,1.0,0.0375,0.21564437934531577,0.08863430213472895,0.12701007721058682
4.0,24,2,0.35,169,28.64999999999999,0.11722138231151438,0.825,0.9875,0.1625,0.10418244597506275,0.04783581044160519,0.05634663553345756
4.0,24,3,0.35,169,28.64999999999999,0.1248917896838907,0.85,0.9625,0.1125,0.12670169680704546,0.054767844761324576,0.07193385204572089
4.0,24,4,0.35,169,28.64999999999999,0.14306852065354397,0.95,1.0,0.05,0.1761075620340564,0.06786735195800109,0.1082402100760553
4.0,24,5,0.35,169,28.64999999999999,0.1051211837978563,0.7,0.9,0.2,0.07462102442609748,0.03441202435250463,0.040209000073592856
4.0,24,6,0.35,169,28.64999999999999,0.13703098884292234,0.95,1.0,0.05,0.15924883446516302,0.06374951922202926,0.09549931524313376
4.0,24,7,0.35,169,28.64999999999999,0.16766192873426297,0.9875,1.0,0.0125,0.244780254754979,0.09368874436262568,0.1510915103923533
4.0,24,0,0.5,169,28.64999999999999,0.2693328093568429,1.0,1.0,0.0,0.5286780016936693,0.1983236707384375,0.3303543309552318
4.0,24,1,0.5,169,28.64999999999999,0.22294639335315564,1.0,1.0,0.0,0.39915223274816575,0.15629358078389227,0.24285865196427348
4.0,24,2,0.5,169,28.64999999999999,0.1829401323115144,1.0,1.0,0.0,0.2874419052324097,0.11241992752433884,0.17502197770807087
4.0,24,3,0.5,169,28.64999999999999,0.19061053968389072,1.0,1.0,0.0,0.3088601457137037,0.11951701047388734,0.18934313523981633
4.0,24,4,0.5,169,28.64999999999999,0.20878727065354394,1.0,1.0,0.0,0.35961541543690534,0.13510049070212823,0.2245149247347771
4.0,24,5,0.5,169,28.64999999999999,0.17080156598230342,0.9625,1.0,0.0375,0.2535471301421598,0.09540001459214209,0.1581471155500177
4.0,24,6,0.5,169,28.64999999999999,0.20274973884292233,1.0,1.0,0.0,0.3427566878680111,0.13085398376266397,0.21190270410534714
4.0,24,7,0.5,169,28.64999999999999,0.23338067873426296,1.0,1.0,0.0,0.42828810815782925,0.16142807544154378,0.26686003271628544
4.0,25,0,0.0,136,29.95,0.0,0.0,0.0,0.0,0.0,0.0,0.0
4.0,25,1,0.0,136,29.95,0.0,0.0,0.0,0.0,0.0,0.0,0.0
4.0,25,2,0.0,136,29.95,0.0,0.0,0.0,0.0,0.0,0.0,0.0
4.0,25,3,0.0,136,29.95,0.0,0.0,0.0,0.0,0.0,0.0,0.0
4.0,25,4,0.0,136,29.95,0.0,0.0,0.0,0.0,0.0,0.0,0.0
4.0,25,5,0.0,136,29.95,0.0,0.0,0.0,0.0,0.0,0.0,0.0
4.0,25,6,0.0,136,29.95,0.0,0.0,0.0,0.0,0.0,0.0,0.0
4.0,25,7,0.0,136,29.95,0.0,0.0,0.0,0.0,0.0,0.0,0.0
4.0,25,0,0.05,136,29.95,0.036406592031630956,0.1,0.1125,0.0125,0.00709307475596526,0.0070905505490303075,2.524206934952089e-06
4.0,25,1,0.05,136,29.95,0.018021610200368486,0.0375,0.0375,0.0,0.0013898087755818077,0.0013898087755818077,0.0
4.0,25,2,0.05,136,29.95,0.03207947304465315,0.1,0.1,0.0,0.004331420692369932,0.004331420692369932,0.0
4.0,25,3,0.05,136,29.95,0.011196750061393448,0.0375,0.0375,0.0,0.0010366379825580525,0.0010366379825580525,0.0
4.0,25,4,0.05,136,29.95,0.026101494202170377,0.075,0.075,0.0,0.002966050081739001,0.002966050081739001,0.0
4.0,25,5,0.05,136,29.95,0.08305706622840991,0.45,0.55,0.1,0.04350886584139316,0.034113198402459334,0.009395667438933823
4.0,25,6,0.05,136,29.95,0.02840554571927173,0.0875,0.0875,0.0,0.009327828845592424,0.009327828845592424,0.0
4.0,25,7,0.05,136,29.95,0.012226930610717193,0.0,0.0,0.0,0.0,0.0,0.0
4.0,25,0,0.1,136,29.95,0.05541958038680701,0.2625,0.2875,0.025,0.013802121666225338,0.013410332582330549,0.0003917890838947887
4.0,25,1,0.1,136,29.95,0.030835553398713224,0.075,0.075,0.0,0.005089697709043465,0.005089697709043465,0.0
4.0,25,2,0.1,136,29.95,0.05074369456664285,0.2,0.225,0.025,0.01089092309926477,0.010120916773064856,0.0007700063261999145
4.0,25,3,0.1,136,29.95,0.019972772072357564,0.075,0.075,0.0,0.0037820301977277374,0.0037820301977277374,0.0
4.0,25,4,0.1,136,29.95,0.04390783131855895,0.175,0.1875,0.0125,0.009536198864373012,0.008750373959412746,0.0007858249049602656
4.0,25,5,0.1,136,29.95,0.1048512143167248,0.6625,0.825,0.1625,0.07860603351769371,0.050846351544595464,0.02775968197309825
4.0,25,6,0.1,136,29.95,0.04455401652769114,0.1875,0.2,0.0125,0.015251637552335608,0.014665699956475198,0.0005859375958604095
4.0,25,7,0.1,136,29.95,0.02414868373839914,0.0125,0.0125,0.0,0.0003676667054111505,0.0003676667054111505,0.0
4.0,25,0,0.2,136,29.95,0.09839293979039201,0.6625,0.825,0.1625,0.06158616402683269,0.03914686334400332,0.022439300682829365
4.0,25,1,0.2,136,29.95,0.06772857701852433,0.375,0.4125,0.0375,0.024391990974798994,0.020673260939815828,0.0037187300349831656
4.0,25,2,0.2,136,29.95,0.09297398544750694,0.625,0.8125,0.1875,0.052542595946530095,0.03353531246593417,0.019007283480595924
4.0,25,3,0.2,136,29.95,0.052067368512688963,0.2625,0.2875,0.025,0.014287649714552571,0.013126736446399,0.0011609132681535718
4.0,25,4,0.2,136,29.95,0.08627632288792635,0.5125,0.625,0.1125,0.03992984238386072,0.030376342882002198,0.009553499501858524
4.0,25,5,0.2,136,29.95,0.14985673496288832,0.925,1.0,0.075,0.1865956192662441,0.09216822102964133,0.09442739823660277
4.0,25,6,0.2,136,29.95,0.08490920426268336,0.55,0.6,0.05,0.04240364646418626,0.03264662852129889,0.009757017942887372
4.0,25,7,0.2,136,29.95,0.06153065665205086,0.3375,0.3875,0.05,0.009672321806731197,0.008103113502994247,0.0015692083037369495
4.0,25,0,0.35,136,29.95,0.16647839953451057,0.975,1.0,0.025,0.2309940555175709,0.10363365547235016,0.12736040004522076
4.0,25,1,0.35,136,29.95,0.13310156989220762,0.8375,0.975,0.1375,0.14208748328779916,0.07188505187230834,0.07020243141549082
4.0,25,2,0.35,136,29.95,0.16111466219664167,0.9625,1.0,0.0375,0.21666687731961043,0.09723229425072942,0.11943458306888101
4.0,25,3,0.35,136,29.95,0.11763206019930553,0.8375,0.9625,0.125,0.10247778390530538,0.05464909272194422,0.04782869118336115
4.0,25,4,0.35,136,29.95,0.15376772227697438,0.9625,1.0,0.0375,0.19704232995492518,0.09164077244081943,0.10540155751410575
4.0,25,5,0.35,136,29.95,0.21801298496288832,1.0,1.0,0.0,0.36864904163658224,0.16388259044888964,0.2047664511876926
4.0,25,6,0.35,136,29.95,0.15228216364068364,0.9125,1.0,0.0875,0.19307422675282238,0.09140521515751762,0.10166901159530475
4.0,25,7,0.35,136,29.95,0.12825585526964567,0.8625,0.975,0.1125,0.1302994551057654,0.05915241124145969,0.07114704386430572
4.0,25,0,0.5,136,29.95,0.23463464953451058,1.0,1.0,0.0,0.4130474778879161,0.17737402462103904,0.23567345326687708
4.0,25,1,0.5,136,29.95,0.20125781989220765,1.0,1.0,0.0,0.32389400972831034,0.14186210002143093,0.1820319097068794
4.0,25,2,0.5,136,29.95,0.22927091219664164,1.0,1.0,0.0,0.39872029968995554,0.1709063521811222,0.22781394750883333
4.0,25,3,0.5,136,29.95,0.18578831019930553,1.0,1.0,0.0,0.2825731157239569,0.124204756231486,0.15836835949247088
4.0,25,4,0.5,136,29.95,0.22192397227697444,1.0,1.0,0.0,0.37909575232526893,0.1647734931517423,0.21432225917352662
4.0,25,5,0.5,136,29.95,0.2861692349628883,1.0,1.0,0.0,0.5507024640069288,0.23814886757743725,0.31255359642949154
4.0,25,6,0.5,136,29.95,0.22043841364068362,1.0,1.0,0.0,0.37512764912316493,0.16408652576070912,0.2110411233624558
4.0,25,7,0.5,136,29.95,0.1964121052696457,0.9875,1.0,0.0125,0.3109505316046112,0.1311624507207199,0.17978808088389134
4.0,26,0,0.0,163,28.0,0.0,0.0,0.0,0.0,0.0,0.0,0.0
4.0,26,1,0.0,163,28.0,0.0,0.0,0.0,0.0,0.0,0.0,0.0
4.0,26,2,0.0,163,28.0,0.0,0.0,0.0,0.0,0.0,0.0,0.0
4.0,26,3,0.0,163,28.0,0.0,0.0,0.0,0.0,0.0,0.0,0.0
4.0,26,4,0.0,163,28.0,0.0,0.0,0.0,0.0,0.0,0.0,0.0
4.0,26,5,0.0,163,28.0,0.0,0.0,0.0,0.0,0.0,0.0,0.0
4.0,26,6,0.0,163,28.0,0.0,0.0,0.0,0.0,0.0,0.0,0.0
4.0,26,7,0.0,163,28.0,0.0,0.0,0.0,0.0,0.0,0.0,0.0
4.0,26,0,0.05,163,28.0,0.0870366555181894,0.575,0.75,0.175,0.038314772269219914,0.02112863519082464,0.017186137078395274
4.0,26,1,0.05,163,28.0,0.03704655710640225,0.0875,0.0875,0.0,0.0015716053031976606,0.0015716053031976606,0.0
4.0,26,2,0.05,163,28.0,0.014271272997477638,0.0,0.0,0.0,0.0,0.0,0.0
4.0,26,3,0.05,163,28.0,0.004126885728116265,0.0,0.0,0.0,0.0,0.0,0.0
4.0,26,4,0.05,163,28.0,0.048572780048922154,0.2,0.2375,0.0375,0.003847745610547521,0.0029736918222227934,0.0008740537883247276
4.0,26,5,0.05,163,28.0,0.033883339068441945,0.125,0.125,0.0,0.003454578035266383,0.0025860763808559853,0.0008685016544103977
4.0,26,6,0.05,163,28.0,0.03857045687416148,0.1375,0.1375,0.0,0.0028296997063745016,0.0024403867478792187,0.0003893129584952829
4.0,26,7,0.05,163,28.0,0.028400593576861994,0.075,0.075,0.0,0.0010968388230797764,0.0010968388230797764,0.0
4.0,26,0,0.1,163,28.0,0.10848704625919035,0.775,0.95,0.175,0.083900856862558,0.034519563431837395,0.0493812934307206
4.0,26,1,0.1,163,28.0,0.05535599077701286,0.2375,0.25,0.0125,0.005974251550147839,0.005182179236504802,0.0007920723136430365
4.0,26,2,0.1,163,28.0,0.028006875249564477,0.0375,0.0375,0.0,0.00029951435472699985,0.0002995143547269971,2.7647155398380363e-18
4.0,26,3,0.1,163,28.0,0.011226587643656603,0.0,0.0,0.0,0.0,0.0,0.0
4.0,26,4,0.1,163,28.0,0.06924699717421787,0.4,0.5,0.1,0.014631243512700105,0.009542684870043389,0.005088558642656716
4.0,26,5,0.1,163,28.0,0.05199691996685304,0.175,0.2,0.025,0.007882457032664108,0.005702810205432527,0.0021796468272315813
4.0,26,6,0.1,163,28.0,0.057491575455159226,0.275,0.325,0.05,0.009177730650329483,0.0071859650951998245,0.0019917655551296588
4.0,26,7,0.1,163,28.0,0.04645493624227418,0.1875,0.2125,0.025,0.003724806930690163,0.0032811056737606,0.00044370125692956303
4.0,26,0,0.2,163,28.0,0.15148704625919032,0.95,1.0,0.05,0.20424870359735342,0.07176456205099487,0.13248414154635857
4.0,26,1,0.2,163,28.0,0.09666926297193873,0.575,0.825,0.25,0.054273138737764556,0.025752668648480418,0.02852047008928414
4.0,26,2,0.2,163,28.0,0.0646461929380956,0.3375,0.4375,0.1,0.011289940586194092,0.007690690243935518,0.003599250342258574
4.0,26,3,0.2,163,28.0,0.03411652443053413,0.125,0.125,0.0,0.0016200042235446752,0.0015225982070189265,9.740601652574862e-05
4.0,26,4,0.2,163,28.0,0.11117665110968958,0.7875,0.9625,0.175,0.0925205270018593,0.03487617399737446,0.05764435300448484
4.0,26,5,0.2,163,28.0,0.09177936475679671,0.65,0.8,0.15,0.05191772790848752,0.02241842276018215,0.029499305148305368
4.0,26,6,0.2,163,28.0,0.09886238212444831,0.6625,0.9125,0.25,0.05992835753953883,0.027162647917733516,0.03276570962180532
4.0,26,7,0.2,163,28.0,0.08723003710517424,0.6125,0.7375,0.125,0.034117543161789526,0.017436221346571218,0.01668132181521831
4.0,26,0,0.35,163,28.0,0.21598704625919027,1.0,1.0,0.0,0.38853441788276566,0.13598704625919034,0.2525473716235753
4.0,26,1,0.35,163,28.0,0.1611692629719387,0.9625,1.0,0.0375,0.23191217991944665,0.08152830047977723,0.1503838794396694
4.0,26,2,0.35,163,28.0,0.1278096346733425,0.8875,1.0,0.1125,0.13659895620933676,0.05029737608993658,0.08630158011940019
4.0,26,3,0.35,163,28.0,0.09182752955273525,0.6,0.7875,0.1875,0.04790508139896158,0.02448174459271374,0.023423336806247842
4.0,26,4,0.35,163,28.0,0.17548538111930412,0.975,1.0,0.025,0.27281537462613825,0.0959116960153371,0.17690367861080114
4.0,26,5,0.35,163,28.0,0.1562793647567967,0.975,1.0,0.025,0.21794104216192106,0.07669074613258021,0.14125029602934086
4.0,26,6,0.35,163,28.0,0.16306019689026843,0.9875,1.0,0.0125,0.23731484825752328,0.08362795007104687,0.1536868981864764
4.0,26,7,0.35,163,28.0,0.1516904550974806,0.925,1.0,0.075,0.20482987170675324,0.0719386210525322,0.13289125065422103
4.0,26,0,0.5,163,28.0,0.2804708861717415,1.0,1.0,0.0,0.5727739604897535,0.20047088617174147,0.372303074318012
4.0,26,1,0.5,163,28.0,0.2256692629719387,1.0,1.0,0.0,0.4161978942048587,0.14566926297193872,0.27052863123292
4.0,26,2,0.5,163,28.0,0.1923096346733425,1.0,1.0,0.0,0.3208846704947397,0.11230963467334251,0.20857503582139716
4.0,26,3,0.5,163,28.0,0.15632752955273524,0.9875,1.0,0.0125,0.21807865586460143,0.07636733087045956,0.14171132499414185
4.0,26,4,0.5,163,28.0,0.2399853811193041,1.0,1.0,0.0,0.45710108891155016,0.1599853811193041,0.29711570779224605
4.0,26,5,0.5,163,28.0,0.22077936475679674,1.0,1.0,0.0,0.40222675644733297,0.1407793647567967,0.26144739169053627
4.0,26,6,0.5,163,28.0,0.22756019689026843,1.0,1.0,0.0,0.42160056254293476,0.14756019689026845,0.2740403656526663
4.0,26,7,0.5,163,28.0,0.21619045509748067,1.0,1.0,0.0,0.3891155859921657,0.13619045509748065,0.25292513089468505
4.0,27,0,0.0,154,28.65,0.0,0.0,0.0,0.0,0.0,0.0,0.0
4.0,27,1,0.0,154,28.65,0.0,0.0,0.0,0.0,0.0,0.0,0.0
4.0,27,2,0.0,154,28.65,0.0,0.0,0.0,0.0,0.0,0.0,0.0
4.0,27,3,0.0,154,28.65,0.0,0.0,0.0,0.0,0.0,0.0,0.0
4.0,27,4,0.0,154,28.65,0.0,0.0,0.0,0.0,0.0,0.0,0.0
4.0,27,5,0.0,154,28.65,0.0,0.0,0.0,0.0,0.0,0.0,0.0
4.0,27,6,0.0,154,28.65,0.0,0.0,0.0,0.0,0.0,0.0,0.0
4.0,27,7,0.0,154,28.65,0.0,0.0,0.0,0.0,0.0,0.0,0.0
4.0,27,0,0.05,154,28.65,0.04458436791875018,0.15,0.2,0.05,0.009780087402773353,0.008602618973018887,0.0011774684297544656
4.0,27,1,0.05,154,28.65,0.03830781527040111,0.1625,0.175,0.0125,0.010194766991890264,0.0082203283612545,0.0019744386306357643
4.0,27,2,0.05,154,28.65,0.0516461643059838,0.2125,0.225,0.0125,0.005296479745159078,0.0044085544779104355,0.0008879252672486428
4.0,27,3,0.05,154,28.65,0.057712445784732266,0.2625,0.3125,0.05,0.009134969629258761,0.006137627713423111,0.00299734191583565
4.0,27,4,0.05,154,28.65,0.05704885149999093,0.325,0.3625,0.0375,0.012381738934517448,0.010156911118550832,0.002224827815966616
4.0,27,5,0.05,154,28.65,0.06541990393780914,0.475,0.5,0.025,0.020886271318861834,0.016308212159050147,0.004578059159811687
4.0,27,6,0.05,154,28.65,0.033498096487913395,0.075,0.0875,0.0125,0.003445185700672503,0.003190693051724294,0.0002544926489482088
4.0,27,7,0.05,154,28.65,0.058530193423693144,0.3375,0.3875,0.05,0.011923513452041654,0.0085350185382587,0.0033884949137829544
4.0,27,0,0.1,154,28.65,0.06286472388424905,0.2875,0.325,0.0375,0.020369321047254394,0.01553518977191037,0.004834131275344024
4.0,27,1,0.1,154,28.65,0.05573438023499814,0.2625,0.3,0.0375,0.018613622594675767,0.014470355590324762,0.004143267004351005
4.0,27,2,0.1,154,28.65,0.07107449428266881,0.3625,0.5125,0.15,0.021358908413365837,0.013093235936564562,0.008265672476801275
4.0,27,3,0.1,154,28.65,0.07860615427582163,0.5875,0.675,0.0875,0.02749239210124792,0.014835024049201928,0.012657368052045993
4.0,27,4,0.1,154,28.65,0.07726784707875219,0.5125,0.6125,0.1,0.028963028449116166,0.019640585219790813,0.009322443229325354
4.0,27,5,0.1,154,28.65,0.08544416345967958,0.575,0.7,0.125,0.04145899010825991,0.027418541543520657,0.014040448564739252
4.0,27,6,0.1,154,28.65,0.051878753001671954,0.25,0.2625,0.0125,0.009981902406398058,0.008329309174178692,0.001652593232219366
4.0,27,7,0.1,154,28.65,0.07925835641905717,0.4625,0.5625,0.1,0.03082561466165579,0.019323385172256815,0.011502229489398975
4.0,27,0,0.2,154,28.65,0.10560267926709044,0.675,0.8875,0.2125,0.07499022105027581,0.039948259634891334,0.03504196141538447
4.0,27,1,0.2,154,28.65,0.09725281335783911,0.5875,0.75,0.1625,0.06253224876698812,0.03447432393208599,0.02805792483490213
4.0,27,2,0.2,154,28.65,0.11277724532805541,0.8,0.925,0.125,0.09731941588742285,0.04340324259095525,0.0539161732964676
4.0,27,3,0.2,154,28.65,0.1213911554042939,0.8375,0.9875,0.15,0.11707364471378295,0.047738984126498574,0.06933466058728438
4.0,27,4,0.2,154,28.65,0.11970099677916432,0.8125,0.975,0.1625,0.11126152097435867,0.05004693561702714,0.06121458535733153
4.0,27,5,0.2,154,28.65,0.12790328612764462,0.85,0.975,0.125,0.13521887543618938,0.05919495642580484,0.07602391901038454
4.0,27,6,0.2,154,28.65,0.0938753582957225,0.6125,0.7625,0.15,0.04996388020906087,0.028827959347003693,0.021135920862057175
4.0,27,7,0.2,154,28.65,0.1228807748443043,0.8,0.975,0.175,0.1199859084911981,0.0501457652477207,0.0698401432434774
4.0,27,0,0.35,154,28.65,0.17091536955007575,0.975,1.0,0.025,0.25386490624743124,0.09914990732825094,0.1547149989191803
4.0,27,1,0.35,154,28.65,0.1629715633578391,0.975,1.0,0.025,0.2316832484681146,0.09058478965820911,0.1410984588099055
4.0,27,2,0.35,154,28.65,0.17788472860165477,0.95,1.0,0.05,0.27332559469855766,0.10441792028988826,0.16890767440866938
4.0,27,3,0.35,154,28.65,0.18710990540429387,0.9875,1.0,0.0125,0.29908525069189273,0.11163515164654532,0.18745009904534743
4.0,27,4,0.35,154,28.65,0.1854197467791643,0.9875,1.0,0.0125,0.2943657850720079,0.11290591623768045,0.18145986883432744
4.0,27,5,0.35,154,28.65,0.19351835502373574,0.975,1.0,0.025,0.316979699891003,0.12195296742536609,0.1950267324656369
4.0,27,6,0.35,154,28.65,0.15946387639075837,0.975,1.0,0.025,0.22188866007838473,0.08710182539515676,0.13478683468322797
4.0,27,7,0.35,154,28.65,0.18859952484430428,1.0,1.0,0.0,0.30324474651041566,0.11445445419035688,0.18879029232005878
4.0,27,0,0.5,154,28.65,0.2366341195500757,1.0,1.0,0.0,0.437372759650123,0.1665055376008191,0.2708672220493039
4.0,27,1,0.5,154,28.65,0.22869031335783913,1.0,1.0,0.0,0.41519110187080827,0.15839201335543038,0.2567990885153779
4.0,27,2,0.5,154,28.65,0.24360347860165477,1.0,1.0,0.0,0.4568334481012468,0.17126862675558988,0.28556482134565697
4.0,27,3,0.5,154,28.65,0.2528286554042939,1.0,1.0,0.0,0.4825931040945859,0.17930515520393148,0.3032879488906544
4.0,27,4,0.5,154,28.65,0.2511384967791643,1.0,1.0,0.0,0.47787363847470116,0.1806337012880796,0.29723993718662156
4.0,27,5,0.5,154,28.65,0.25923710502373576,1.0,1.0,0.0,0.5004875532936952,0.18941242635493794,0.3110751269387573
4.0,27,6,0.5,154,28.65,0.22518262639075837,1.0,1.0,0.0,0.405396513481077,0.1545643477572474,0.2508321657238296
4.0,27,7,0.5,154,28.65,0.25431827484430425,1.0,1.0,0.0,0.48675259991310976,0.18235759555161343,0.30439500436149636
4.0,28,0,0.0,164,27.999999999999996,0.0,0.0,0.0,0.0,0.0,0.0,0.0
4.0,28,1,0.0,164,27.999999999999996,0.0,0.0,0.0,0.0,0.0,0.0,0.0
4.0,28,2,0.0,164,27.999999999999996,0.0,0.0,0.0,0.0,0.0,0.0,0.0
4.0,28,3,0.0,164,27.999999999999996,0.0,0.0,0.0,0.0,0.0,0.0,0.0
4.0,28,4,0.0,164,27.999999999999996,0.0,0.0,0.0,0.0,0.0,0.0,0.0
4.0,28,5,0.0,164,27.999999999999996,0.0,0.0,0.0,0.0,0.0,0.0,0.0
4.0,28,6,0.0,164,27.999999999999996,0.0,0.0,0.0,0.0,0.0,0.0,0.0
4.0,28,7,0.0,164,27.999999999999996,0.0,0.0,0.0,0.0,0.0,0.0,0.0
4.0,28,0,0.05,164,27.999999999999996,0.008418523076649632,0.0,0.0,0.0,0.0,0.0,0.0
4.0,28,1,0.05,164,27.999999999999996,0.013616240294391999,0.05,0.05,0.0,0.0012891622905653957,0.0012891622905653957,0.0
4.0,28,2,0.05,164,27.999999999999996,0.06409207870369707,0.375,0.45,0.075,0.013215676607350086,0.01028023539486174,0.002935441212488347
4.0,28,3,0.05,164,27.999999999999996,0.019836758880974942,0.05,0.0625,0.0125,0.0015353332978756387,0.0014585539338404915,7.67793640351472e-05
4.0,28,4,0.05,164,27.999999999999996,0.03215658066191865,0.1125,0.1125,0.0,0.002643363626473342,0.002462331096718252,0.0001810325297550903
4.0,28,5,0.05,164,27.999999999999996,0.04565657715129632,0.2125,0.2125,0.0,0.004449363142073011,0.003789641945768636,0.0006597211963043749
4.0,28,6,0.05,164,27.999999999999996,0.019118155144897155,0.025,0.025,0.0,0.0001244887259503523,0.0001244887259503523,0.0
4.0,28,7,0.05,164,27.999999999999996,0.019399849753085223,0.0375,0.0375,0.0,0.00014154851504484536,0.00014154851504484536,0.0
4.0,28,0,0.1,164,27.999999999999996,0.017668685706699706,0.0375,0.0375,0.0,3.508975239677157e-05,3.508975239677157e-05,0.0
4.0,28,1,0.1,164,27.999999999999996,0.02574068532759032,0.075,0.075,0.0,0.002531478807095674,0.002531478807095674,0.0
4.0,28,2,0.1,164,27.999999999999996,0.08404838042184506,0.5625,0.7375,0.175,0.03490595740371497,0.020017640876393298,0.014888316527321675
4.0,28,3,0.1,164,27.999999999999996,0.03230469983877364,0.1125,0.1125,0.0,0.003600784854350365,0.0033492321043843486,0.0002515527499660163
4.0,28,4,0.1,164,27.999999999999996,0.05040474901598911,0.15,0.1625,0.0125,0.006140133579612686,0.005200670181240036,0.0009394633983726497
4.0,28,5,0.1,164,27.999999999999996,0.06505099689254629,0.3125,0.4125,0.1,0.013187704376230309,0.00964694197872787,0.0035407623975024383
4.0,28,6,0.1,164,27.999999999999996,0.03378105422640402,0.125,0.125,0.0,0.0010990062752855795,0.001061127518705183,3.787875658039651e-05
4.0,28,7,0.1,164,27.999999999999996,0.032760773488336004,0.1,0.1,0.0,0.001986735456718573,0.0019355121004103269,5.1223356308246126e-05
4.0,28,0,0.2,164,27.999999999999996,0.04862482764992362,0.2375,0.2625,0.025,0.005664089440000252,0.004736945657120248,0.0009271437828800039
4.0,28,1,0.2,164,27.999999999999996,0.06036641654207,0.3,0.3875,0.0875,0.009548475729283539,0.00797981524310669,0.0015686604861768483
4.0,28,2,0.2,164,27.999999999999996,0.12656300278622643,0.8625,1.0,0.1375,0.133037150817585,0.050748957634264416,0.08228819318332058
4.0,28,3,0.2,164,27.999999999999996,0.06806193116993556,0.4375,0.475,0.0375,0.01876640620838712,0.013349345149909974,0.005417061058477146
4.0,28,4,0.2,164,27.999999999999996,0.09189783279727212,0.5875,0.775,0.1875,0.045239817158329775,0.021396909500280302,0.023842907658049473
4.0,28,5,0.2,164,27.999999999999996,0.10745761354443925,0.75,0.95,0.2,0.07987880530839575,0.033084570534695816,0.046794234773699935
4.0,28,6,0.2,164,27.999999999999996,0.07178745538466252,0.4375,0.5625,0.125,0.01825525873513019,0.011092121389207111,0.007163137345923078
4.0,28,7,0.2,164,27.999999999999996,0.06876506942822513,0.45,0.55,0.1,0.017847572825599928,0.011944074844321795,0.005903497981278132
4.0,28,0,0.35,164,27.999999999999996,0.11050078144629713,0.825,0.95,0.125,0.08908268127633419,0.035571339779391725,0.05351134149694246
4.0,28,1,0.35,164,27.999999999999996,0.12317807065132076,0.9,0.9875,0.0875,0.12424873606067373,0.046161206538108214,0.07808752952256551
4.0,28,2,0.35,164,27.999999999999996,0.1910630027862264,1.0,1.0,0.0,0.31732286510298524,0.11106300278622641,0.20625986231675883
4.0,28,3,0.35,164,27.999999999999996,0.13144270263943528,0.875,1.0,0.125,0.14697915039815493,0.05385983399821282,0.09311931639994211
4.0,28,4,0.35,164,27.999999999999996,0.15627202253809225,0.975,1.0,0.025,0.2179200643941941,0.07670666819274093,0.14121339620145318
4.0,28,5,0.35,164,27.999999999999996,0.17195761354443923,1.0,1.0,0.0,0.2627360386979683,0.09195761354443927,0.17077842515352903
4.0,28,6,0.35,164,27.999999999999996,0.13457346493571926,0.95,1.0,0.05,0.15592418553038395,0.05705010107688658,0.09887408445349738
4.0,28,7,0.35,164,27.999999999999996,0.13223148360522644,0.9125,1.0,0.0875,0.14923281030041025,0.054680934604331995,0.09455187569607826
4.0,28,0,0.5,164,27.999999999999996,0.17500078144629713,1.0,1.0,0.0,0.2714308041318338,0.09500078144629719,0.1764300226855366
4.0,28,1,0.5,164,27.999999999999996,0.18767807065132078,0.9875,1.0,0.0125,0.3076516304318425,0.10784023755912413,0.19981139287271837
4.0,28,2,0.5,164,27.999999999999996,0.25556300278622646,1.0,1.0,0.0,0.5016085793883982,0.1755630027862264,0.3260455766021718
4.0,28,3,0.5,164,27.999999999999996,0.1959427026394353,1.0,1.0,0.0,0.33126486468355926,0.1159427026394353,0.21532216204412397
4.0,28,4,0.5,164,27.999999999999996,0.22077202253809225,1.0,1.0,0.0,0.402205778679606,0.14077202253809226,0.26143375614151376
4.0,28,5,0.5,164,27.999999999999996,0.23645761354443923,1.0,1.0,0.0,0.4470217529833813,0.15645761354443924,0.2905641394389421
4.0,28,6,0.5,164,27.999999999999996,0.19907346493571926,1.0,1.0,0.0,0.3402098998157845,0.11907346493571926,0.22113643488006524
4.0,28,7,0.5,164,27.999999999999996,0.19673148360522644,1.0,1.0,0.0,0.333518524585816,0.11673148360522644,0.21678704098058954
4.0,29,0,0.0,179,28.650000000000002,0.0,0.0,0.0,0.0,0.0,0.0,0.0
4.0,29,1,0.0,179,28.650000000000002,0.0,0.0,0.0,0.0,0.0,0.0,0.0
4.0,29,2,0.0,179,28.650000000000002,0.0,0.0,0.0,0.0,0.0,0.0,0.0
4.0,29,3,0.0,179,28.650000000000002,0.0,0.0,0.0,0.0,0.0,0.0,0.0
4.0,29,4,0.0,179,28.650000000000002,0.0,0.0,0.0,0.0,0.0,0.0,0.0
4.0,29,5,0.0,179,28.650000000000002,0.0,0.0,0.0,0.0,0.0,0.0,0.0
4.0,29,6,0.0,179,28.650000000000002,0.0,0.0,0.0,0.0,0.0,0.0,0.0
4.0,29,7,0.0,179,28.650000000000002,0.0,0.0,0.0,0.0,0.0,0.0,0.0
4.0,29,0,0.05,179,28.650000000000002,0.034183500040866364,0.0625,0.0875,0.025,0.0012595312804429433,0.0011811449512350099,7.838632920793343e-05
4.0,29,1,0.05,179,28.650000000000002,0.07604938823582859,0.4,0.525,0.125,0.027270332302282173,0.017448650183871442,0.00982168211841073
4.0,29,2,0.05,179,28.650000000000002,0.0027549038463567472,0.0,0.0,0.0,0.0,0.0,0.0
4.0,29,3,0.05,179,28.650000000000002,0.03392370274352678,0.15,0.15,0.0,0.008914825534307969,0.008893738539799113,2.1086994508855497e-05
4.0,29,4,0.05,179,28.650000000000002,0.014387960976663974,0.0125,0.0125,0.0,0.0003260422527264004,0.0003260422527264004,0.0
4.0,29,5,0.05,179,28.650000000000002,0.05208437592888406,0.1875,0.2,0.0125,0.008035289702177357,0.006815946609806623,0.0012193430923707338
4.0,29,6,0.05,179,28.650000000000002,0.04434610052350465,0.2,0.2125,0.0125,0.004773665151265302,0.00414321335166212,0.000630451799603182
4.0,29,7,0.05,179,28.650000000000002,0.010032129835312655,0.0,0.0,0.0,0.0,0.0,0.0
4.0,29,0,0.1,179,28.650000000000002,0.05299302695779016,0.275,0.3,0.025,0.006971618471742666,0.005823761321749006,0.0011478571499936602
4.0,29,1,0.1,179,28.650000000000002,0.09746724152260995,0.5875,0.8,0.2125,0.05694761408318095,0.029613779300614658,0.02733383478256629
4.0,29,2,0.1,179,28.650000000000002,0.00814370102750787,0.0,0.0,0.0,0.0,0.0,0.0
4.0,29,3,0.1,179,28.650000000000002,0.05088475728587614,0.225,0.2875,0.0625,0.01458813422268504,0.013146912079367926,0.001441222143317114
4.0,29,4,0.1,179,28.650000000000002,0.02745700419257423,0.075,0.075,0.0,0.0009253582780920388,0.0009253582780920388,0.0
4.0,29,5,0.1,179,28.650000000000002,0.07354971299267428,0.3375,0.5375,0.2,0.02139107768417352,0.013328345162204979,0.008062732521968543
4.0,29,6,0.1,179,28.650000000000002,0.06297290393568145,0.4,0.4375,0.0375,0.015309401486293998,0.011228449975057536,0.004080951511236462
4.0,29,7,0.1,179,28.650000000000002,0.019471315295717932,0.0,0.0,0.0,0.0,0.0,0.0
4.0,29,0,0.2,179,28.650000000000002,0.09578011849305068,0.6625,0.85,0.1875,0.050373901574894187,0.027287792636718624,0.023086108938175563
4.0,29,1,0.2,179,28.650000000000002,0.14122095047161254,0.9125,1.0,0.0875,0.1709485528000517,0.06535394285624468,0.10559460994380701
4.0,29,2,0.2,179,28.650000000000002,0.031691011491673984,0.0875,0.1,0.0125,0.001384754555327846,0.0013475231832469924,3.7231372080853524e-05
4.0,29,3,0.2,179,28.650000000000002,0.09183169846327954,0.6,0.7375,0.1375,0.05163397671246647,0.03278964293671445,0.018844333775752023
4.0,29,4,0.2,179,28.650000000000002,0.06473407046789022,0.3875,0.45,0.0625,0.013451264876985657,0.009913634115266226,0.0035376307617194305
4.0,29,5,0.2,179,28.650000000000002,0.117138857218738,0.8125,0.9875,0.175,0.10402687199224016,0.041810751622105326,0.06221612037013483
4.0,29,6,0.2,179,28.650000000000002,0.10598083269434241,0.6375,0.9375,0.3,0.07447136575885822,0.03711832318232809,0.03735304257653013
4.0,29,7,0.2,179,28.650000000000002,0.05123448537971811,0.225,0.25,0.025,0.006224708501217384,0.005050454382457287,0.0011742541187600968
4.0,29,0,0.35,179,28.650000000000002,0.16149886849305067,0.975,1.0,0.025,0.22757101149856512,0.08658011879046133,0.14099089270810378
4.0,29,1,0.35,179,28.650000000000002,0.20693970047161256,1.0,1.0,0.0,0.35445640620289537,0.13179109159069236,0.222665314612203
4.0,29,2,0.35,179,28.650000000000002,0.08948532626530117,0.625,0.8,0.175,0.04447402162191493,0.027167438773850576,0.017306582848064356
4.0,29,3,0.35,179,28.650000000000002,0.15744905621531918,0.95,1.0,0.05,0.21626263515589028,0.08740160969397957,0.1288610254619107
4.0,29,4,0.35,179,28.650000000000002,0.12904968728020022,0.925,0.9875,0.0625,0.13702878382490263,0.05586069077570763,0.081168093049195
4.0,29,5,0.35,179,28.650000000000002,0.18285760721873798,0.9875,1.0,0.0125,0.2872114686731615,0.10738345517191747,0.17982801350124403
4.0,29,6,0.35,179,28.650000000000002,0.17169958269434238,0.9875,1.0,0.0125,0.2560546811705367,0.09631199663254493,0.15974268453799179
4.0,29,7,0.35,179,28.650000000000002,0.11594697948762636,0.75,0.95,0.2,0.10096777786311535,0.04205867762031775,0.0589091002427976
4.0,29,0,0.5,179,28.650000000000002,0.22721761849305064,1.0,1.0,0.0,0.4110788649014156,0.15442573346663327,0.2566531314347823
4.0,29,1,0.5,179,28.650000000000002,0.2726584504716125,1.0,1.0,0.0,0.537964259605746,0.19969423295194894,0.3382700266537971
4.0,29,2,0.5,179,28.650000000000002,0.15484989766643184,0.9625,1.0,0.0375,0.20900494985359,0.08145672605107104,0.12754822380251896
4.0,29,3,0.5,179,28.650000000000002,0.2231678062153192,1.0,1.0,0.0,0.3997704885587394,0.15483895190307964,0.24493153665565978
4.0,29,4,0.5,179,28.650000000000002,0.19476843728020027,1.0,1.0,0.0,0.32047033097387906,0.12087192643336395,0.1995984045405151
4.0,29,5,0.5,179,28.650000000000002,0.248576357218738,1.0,1.0,0.0,0.4707193220760121,0.17527434199555567,0.2954449800804564
4.0,29,6,0.5,179,28.650000000000002,0.23741833269434237,1.0,1.0,0.0,0.43956253457338723,0.16417814436137174,0.2753843902120155
4.0,29,7,0.5,179,28.650000000000002,0.18166572948762635,1.0,1.0,0.0,0.2838833633157882,0.10658523157722759,0.17729813173856057
4.0,30,0,0.0,169,28.65,0.0,0.0,0.0,0.0,0.0,0.0,0.0
4.0,30,1,0.0,169,28.65,0.0,0.0,0.0,0.0,0.0,0.0,0.0
4.0,30,2,0.0,169,28.65,0.0,0.0,0.0,0.0,0.0,0.0,0.0
4.0,30,3,0.0,169,28.65,0.0,0.0,0.0,0.0,0.0,0.0,0.0
4.0,30,4,0.0,169,28.65,0.0,0.0,0.0,0.0,0.0,0.0,0.0
4.0,30,5,0.0,169,28.65,0.0,0.0,0.0,0.0,0.0,0.0,0.0
4.0,30,6,0.0,169,28.65,0.0,0.0,0.0,0.0,0.0,0.0,0.0
4.0,30,7,0.0,169,28.65,0.0,0.0,0.0,0.0,0.0,0.0,0.0
4.0,30,0,0.05,169,28.65,0.03809267182983316,0.1125,0.1375,0.025,0.0033472553906277896,0.0030319901151501755,0.00031526527547761415
4.0,30,1,0.05,169,28.65,0.09673156919271235,0.6375,0.825,0.1875,0.0570366182083837,0.030927617465799164,0.02610900074258454
4.0,30,2,0.05,169,28.65,0.031147314934678216,0.15,0.1625,0.0125,0.006267598544927846,0.005896456891628236,0.0003711416532996099
4.0,30,3,0.05,169,28.65,0.02186682225026236,0.0375,0.0375,0.0,7.916354338943341e-05,7.916354338943341e-05,0.0
4.0,30,4,0.05,169,28.65,0.024888019653283473,0.05,0.05,0.0,0.0006670799155747165,0.0006670799155747165,0.0
4.0,30,5,0.05,169,28.65,0.09107550637180842,0.625,0.7625,0.1375,0.04256024919796344,0.02270625839999573,0.019853990797967708
4.0,30,6,0.05,169,28.65,0.06228646692616828,0.2875,0.325,0.0375,0.02035769695931815,0.01622732959697695,0.0041303673623412016
4.0,30,7,0.05,169,28.65,0.020884534187886182,0.0,0.0,0.0,0.0,0.0,0.0
4.0,30,0,0.1,169,28.65,0.05614556047580044,0.2875,0.3,0.0125,0.009498264154657862,0.007578548746678546,0.001919715407979316
4.0,30,1,0.1,169,28.65,0.1185378103526227,0.8375,0.9875,0.15,0.10823739642193447,0.04857159234542425,0.059665804076510225
4.0,30,2,0.1,169,28.65,0.04634655513068357,0.25,0.275,0.025,0.012458902921540237,0.010936558556576267,0.0015223443649639706
4.0,30,3,0.1,169,28.65,0.03481734726796056,0.1,0.1125,0.0125,0.001641966591224521,0.0014786267480378327,0.00016333984318668841
4.0,30,4,0.1,169,28.65,0.03989727315469452,0.1,0.1375,0.0375,0.0027633219542693996,0.0023723235868690863,0.00039099836740031334
4.0,30,5,0.1,169,28.65,0.1129817563718084,0.8125,1.0,0.1875,0.09209565479025991,0.03883476805785947,0.05326088673240044
4.0,30,6,0.1,169,28.65,0.08322800734733182,0.4875,0.65,0.1625,0.03824009179213871,0.025390937576940477,0.012849154215198236
4.0,30,7,0.1,169,28.65,0.03479440178927723,0.125,0.125,0.0,0.0015336089258653218,0.0014983973611182376,3.521156474708422e-05
4.0,30,0,0.2,169,28.65,0.09777948768380494,0.65,0.85,0.2,0.058588828606568666,0.028753714453247408,0.029835114153321258
4.0,30,1,0.2,169,28.65,0.16235031035262268,0.95,1.0,0.05,0.22994851058288823,0.09027775417324638,0.13967075640964186
4.0,30,2,0.2,169,28.65,0.0873151969620701,0.5375,0.675,0.1375,0.04421163537627057,0.028585697185186967,0.015625938191083603
4.0,30,3,0.2,169,28.65,0.07185120776772416,0.475,0.5125,0.0375,0.020121141254551604,0.013943590804691246,0.006177550449860358
4.0,30,4,0.2,169,28.65,0.07904910439413251,0.4625,0.575,0.1125,0.027259656762507363,0.015884864419914588,0.011374792342592775
4.0,30,5,0.2,169,28.65,0.1567942563718084,1.0,1.0,0.0,0.21443422372548235,0.08117631243610603,0.1332579112893763
4.0,30,6,0.2,169,28.65,0.12704050734733183,0.775,1.0,0.225,0.13135220201679781,0.057488640586632146,0.07386356143016568
4.0,30,7,0.2,169,28.65,0.07164239521358054,0.4375,0.625,0.1875,0.021542927160562185,0.012493202140257577,0.009049725020304608
4.0,30,0,0.35,169,28.65,0.16349823768380495,0.975,1.0,0.025,0.23315389231043168,0.08707706604087204,0.14607682626955965
4.0,30,1,0.35,169,28.65,0.2280690603526227,1.0,1.0,0.0,0.4134563639857375,0.1576392170644762,0.2558171469212613
4.0,30,2,0.35,169,28.65,0.1518123094810108,0.975,1.0,0.025,0.20052302821892687,0.08106789339773657,0.1194551348211903
4.0,30,3,0.35,169,28.65,0.1373577307958247,0.8875,1.0,0.1125,0.16016120292002944,0.06111750717145886,0.09904369574857058
4.0,30,4,0.35,169,28.65,0.1440773382044464,0.9125,1.0,0.0875,0.17892450458456108,0.06728723287085399,0.11163727171370709
4.0,30,5,0.35,169,28.65,0.22251300637180843,1.0,1.0,0.0,0.3979420771283329,0.1490794537973626,0.2488626233309703
4.0,30,6,0.35,169,28.65,0.1927592573473318,1.0,1.0,0.0,0.31486005541963863,0.12201294249878773,0.19284711292085088
4.0,30,7,0.35,169,28.65,0.13724138897794586,0.9,1.0,0.1,0.15983633920518286,0.06016808439671841,0.09966825480846445
4.0,30,0,0.5,169,28.65,0.22921698768380497,1.0,1.0,0.0,0.4166617457132819,0.1548583165996342,0.26180342911364773
4.0,30,1,0.5,169,28.65,0.2937878103526227,1.0,1.0,0.0,0.596964217388588,0.22554235842573273,0.37142185896285523
4.0,30,2,0.5,169,28.65,0.21753105948101084,1.0,1.0,0.0,0.384030881621773,0.14720831915445987,0.23682256246731315
4.0,30,3,0.5,169,28.65,0.20307648079582466,1.0,1.0,0.0,0.34366905632287703,0.12792735533024277,0.21574170099263426
4.0,30,4,0.5,169,28.65,0.20979608820444642,1.0,1.0,0.0,0.3624323579874077,0.13370627314299008,0.22872608484441762
4.0,30,5,0.5,169,28.65,0.2882317563718085,1.0,1.0,0.0,0.5814499305311835,0.21698259515861915,0.36446733537256437
4.0,30,6,0.5,169,28.65,0.25847800734733184,1.0,1.0,0.0,0.4983679088224892,0.18991608386004427,0.30845182496244494
4.0,30,7,0.5,169,28.65,0.20296013897794585,1.0,1.0,0.0,0.3433441926080308,0.12704345843206194,0.21630073417596885
4.0,31,0,0.0,154,29.300000000000004,0.0,0.0,0.0,0.0,0.0,0.0,0.0
4.0,31,1,0.0,154,29.300000000000004,0.0,0.0,0.0,0.0,0.0,0.0,0.0
4.0,31,2,0.0,154,29.300000000000004,0.0,0.0,0.0,0.0,0.0,0.0,0.0
4.0,31,3,0.0,154,29.300000000000004,0.0,0.0,0.0,0.0,0.0,0.0,0.0
4.0,31,4,0.0,154,29.300000000000004,0.0,0.0,0.0,0.0,0.0,0.0,0.0
4.0,31,5,0.0,154,29.300000000000004,0.0,0.0,0.0,0.0,0.0,0.0,0.0
4.0,31,6,0.0,154,29.300000000000004,0.0,0.0,0.0,0.0,0.0,0.0,0.0
4.0,31,7,0.0,154,29.300000000000004,0.0,0.0,0.0,0.0,0.0,0.0,0.0
4.0,31,0,0.05,154,29.300000000000004,0.027573830741731465,0.0875,0.1,0.0125,0.0018834716064028074,0.0017968869182614943,8.658468814131304e-05
4.0,31,1,0.05,154,29.300000000000004,0.019387399833779125,0.0125,0.0125,0.0,0.00012595670502519378,0.00012595670502519378,0.0
4.0,31,2,0.05,154,29.300000000000004,0.04312198486066932,0.175,0.1875,0.0125,0.00852118756956739,0.008382086792631433,0.00013910077693595618
4.0,31,3,0.05,154,29.300000000000004,0.004454573466198733,0.0125,0.0125,0.0,0.0002648048208995458,0.0002648048208995458,0.0
4.0,31,4,0.05,154,29.300000000000004,0.03191059253921851,0.1,0.1,0.0,0.0056886715879476074,0.005633559590586335,5.511199736127261e-05
4.0,31,5,0.05,154,29.300000000000004,0.047107404378663224,0.225,0.2375,0.0125,0.00518906188773886,0.004930458803861184,0.0002586030838776761
4.0,31,6,0.05,154,29.300000000000004,0.006389969012229053,0.0125,0.0125,0.0,0.0001481254933411227,0.0001481254933411227,0.0
4.0,31,7,0.05,154,29.300000000000004,0.040937425435293405,0.125,0.1375,0.0125,0.009808049852104001,0.009454751694573382,0.0003532981575306189
4.0,31,0,0.1,154,29.300000000000004,0.0429303464921419,0.175,0.225,0.05,0.007056846305523711,0.006216096607417612,0.000840749698106099
4.0,31,1,0.1,154,29.300000000000004,0.033442400870321194,0.075,0.075,0.0,0.0012524723354200495,0.0012524723354200495,0.0
4.0,31,2,0.1,154,29.300000000000004,0.06445556589977439,0.3125,0.3625,0.05,0.017867621187818056,0.016173040029929427,0.0016945811578886298
4.0,31,3,0.1,154,29.300000000000004,0.01105684246677796,0.0125,0.0125,0.0,0.000537095657662511,0.000537095657662511,0.0
4.0,31,4,0.1,154,29.300000000000004,0.049665870434136034,0.2125,0.275,0.0625,0.011075136408709847,0.010535725545594015,0.0005394108631158311
4.0,31,5,0.1,154,29.300000000000004,0.06794002088304982,0.4,0.475,0.075,0.01864312447537743,0.01459455808786257,0.004048566387514859
4.0,31,6,0.1,154,29.300000000000004,0.013583713235914554,0.025,0.025,0.0,0.00042565059286625356,0.00042565059286625356,0.0
4.0,31,7,0.1,154,29.300000000000004,0.060566963917772,0.2625,0.3,0.0375,0.01881511475336051,0.01646381577758359,0.0023512989757769193
4.0,31,0,0.2,154,29.300000000000004,0.08302499875999682,0.5125,0.6375,0.125,0.03778327930616898,0.024148242169143172,0.01363503713702581
4.0,31,1,0.2,154,29.300000000000004,0.07178499028898001,0.4375,0.4875,0.05,0.02199119155613835,0.015197986316040172,0.006793205240098179
4.0,31,2,0.2,154,29.300000000000004,0.10860865246933092,0.7125,0.95,0.2375,0.07995984956585891,0.04291635230006033,0.037043497265798586
4.0,31,3,0.2,154,29.300000000000004,0.04072879891701676,0.125,0.125,0.0,0.003038761929539715,0.0029678917383493698,7.087019119034503e-05
4.0,31,4,0.2,154,29.300000000000004,0.091127055825658,0.55,0.725,0.175,0.047180215565166425,0.03213251218960446,0.015047703375561966
4.0,31,5,0.2,154,29.300000000000004,0.1123255783367648,0.775,0.9875,0.2125,0.08887930676537995,0.04348501383022793,0.045394292935152014
4.0,31,6,0.2,154,29.300000000000004,0.04115252813956963,0.1375,0.15,0.0125,0.004407344020561839,0.003931202705256859,0.0004761413153049803
4.0,31,7,0.2,154,29.300000000000004,0.10303765610332545,0.675,0.8375,0.1625,0.07323048712429217,0.041471270059086636,0.031759217065205535
4.0,31,0,0.35,154,29.300000000000004,0.14992781859794954,0.95,1.0,0.05,0.1909291975366291,0.07864867181111274,0.11228052572551636
4.0,31,1,0.35,154,29.300000000000004,0.13643927450093302,0.8875,0.975,0.0875,0.15488495499815116,0.06687112622182742,0.08801382877632374
4.0,31,2,0.35,154,29.300000000000004,0.1755461524693309,0.9875,1.0,0.0125,0.26087686680987454,0.10964899188084029,0.15122787492903425
4.0,31,3,0.35,154,29.300000000000004,0.1027751109306287,0.7125,0.8875,0.175,0.06716668431307662,0.03217998693203659,0.03498669738104004
4.0,31,4,0.35,154,29.300000000000004,0.15765539632099426,0.95,1.0,0.05,0.21202838585890169,0.0910188841143308,0.12100950174457088
4.0,31,5,0.35,154,29.300000000000004,0.17926307833676478,1.0,1.0,0.0,0.2710254698608534,0.11070285562097666,0.16032261423987676
4.0,31,6,0.35,154,29.300000000000004,0.10399715432951018,0.6125,0.875,0.2625,0.06921435332925344,0.038508769578032606,0.03070558375122083
4.0,31,7,0.35,154,29.300000000000004,0.169546268898025,0.95,1.0,0.05,0.2444949321442387,0.10510282308500313,0.13939210905923557
4.0,31,0,0.5,154,29.300000000000004,0.21686531859794952,1.0,1.0,0.0,0.37369370265564894,0.14925015924528662,0.22444354341036232
4.0,31,1,0.5,154,29.300000000000004,0.20331675413476166,0.9625,1.0,0.0375,0.33670103517945643,0.13507671470349333,0.2016243204759631
4.0,31,2,0.5,154,29.300000000000004,0.24248365246933087,1.0,1.0,0.0,0.4436413719288966,0.18080412594789838,0.2628372459809982
4.0,31,3,0.5,154,29.300000000000004,0.16969354649276017,0.975,1.0,0.025,0.2448970552697631,0.09713097062967099,0.1477660846400921
4.0,31,4,0.5,154,29.300000000000004,0.22459289632099427,1.0,1.0,0.0,0.3947928909779202,0.16126263783517827,0.23353025314274192
4.0,31,5,0.5,154,29.300000000000004,0.2462005783367648,1.0,1.0,0.0,0.45378997497987544,0.18185814572336573,0.2719318292565097
4.0,31,6,0.5,154,29.300000000000004,0.1709346543295102,1.0,1.0,0.0,0.24828574560901653,0.1016270364985708,0.14665870911044573
4.0,31,7,0.5,154,29.300000000000004,0.23648376889802503,1.0,1.0,0.0,0.4272594372632572,0.17534347850769336,0.25191595875556383
8.0,0,0,0.0,349,28.0,0.0,0.0,0.0,0.0,0.0,0.0,0.0
8.0,0,1,0.0,349,28.0,0.0,0.0,0.0,0.0,0.0,0.0,0.0
8.0,0,2,0.0,349,28.0,0.0,0.0,0.0,0.0,0.0,0.0,0.0
8.0,0,3,0.0,349,28.0,0.0,0.0,0.0,0.0,0.0,0.0,0.0
8.0,0,4,0.0,349,28.0,0.0,0.0,0.0,0.0,0.0,0.0,0.0
8.0,0,5,0.0,349,28.0,0.0,0.0,0.0,0.0,0.0,0.0,0.0
8.0,0,6,0.0,349,28.0,0.0,0.0,0.0,0.0,0.0,0.0,0.0
8.0,0,7,0.0,349,28.0,0.0,0.0,0.0,0.0,0.0,0.0,0.0
8.0,0,0,0.05,349,28.0,0.08203579278705707,0.55,0.725,0.175,0.023942083333970344,0.014202400393034017,0.009739682940936327
8.0,0,1,0.05,349,28.0,0.04268787819575333,0.175,0.175,0.0,0.004707989652553697,0.003795131470852566,0.000912858181701131
8.0,0,2,0.05,349,28.0,0.013623680231909685,0.0,0.0,0.0,0.0,0.0,0.0
8.0,0,3,0.05,349,28.0,0.032138388742961044,0.0875,0.0875,0.0,0.0019938454348423064,0.0019507551605597653,4.309027428254109e-05
8.0,0,4,0.05,349,28.0,0.023434685744086293,0.0375,0.0375,0.0,0.0006832429740648017,0.0006832429740648017,0.0
8.0,0,5,0.05,349,28.0,0.03706635329763642,0.075,0.075,0.0,0.00137593550250828,0.001273882481793265,0.00010205302071501494
8.0,0,6,0.05,349,28.0,0.06936600827280462,0.4375,0.5125,0.075,0.017850108478534615,0.011461456924022766,0.006388651554511848
8.0,0,7,0.05,349,28.0,0.02137714778461162,0.05,0.05,0.0,0.00013802662887210939,0.0001330283402180249,4.998288654084476e-06
8.0,0,0,0.1,349,28.0,0.10353579278705707,0.7875,0.9375,0.15,0.0682168829211509,0.028307678583863013,0.03990920433728788
8.0,0,1,0.1,349,28.0,0.06140879849530565,0.2875,0.3375,0.05,0.012091621752494147,0.008910503864037963,0.0031811178884561843
8.0,0,2,0.1,349,28.0,0.02557177047990773,0.0375,0.0375,0.0,0.00044779467424205515,0.00044779467424205515,0.0
8.0,0,3,0.1,349,28.0,0.04959461994775095,0.175,0.2125,0.0375,0.006368212976148043,0.0051299587854711426,0.0012382541906769007
8.0,0,4,0.1,349,28.0,0.03909566210249709,0.125,0.125,0.0,0.0028777020582404947,0.0024326008006047306,0.0004451012576357641
8.0,0,5,0.1,349,28.0,0.056962421213535105,0.225,0.25,0.025,0.005130174359199155,0.003958406103500615,0.0011717682556985406
8.0,0,6,0.1,349,28.0,0.08995292219450435,0.5875,0.8125,0.225,0.043276478242888085,0.022685855968134706,0.02059062227475338
8.0,0,7,0.1,349,28.0,0.03631806045891276,0.1125,0.1125,0.0,0.0014111466040780992,0.001375304028287573,3.5842575790526274e-05
8.0,0,0,0.2,349,28.0,0.14653579278705706,0.9875,1.0,0.0125,0.19010226510556702,0.06674346419751283,0.12335880090805419
8.0,0,1,0.2,349,28.0,0.10243225569842877,0.675,0.925,0.25,0.06795491352279112,0.03096336965973438,0.03699154386305674
8.0,0,2,0.2,349,28.0,0.05853254714433145,0.3125,0.3875,0.075,0.00945808510304078,0.007306274617024007,0.0021518104860167734
8.0,0,3,0.2,349,28.0,0.08984429876383301,0.5875,0.8,0.2125,0.041631415314724265,0.022077660148021556,0.01955375516670271
8.0,0,4,0.2,349,28.0,0.07824588282294291,0.4625,0.6625,0.2,0.02410289532659011,0.014557164918213057,0.009545730408377051
8.0,0,5,0.2,349,28.0,0.09938827587519714,0.7125,0.9375,0.225,0.05805391804971035,0.024524460593283844,0.033529457456426506
8.0,0,6,0.2,349,28.0,0.13295292219450433,0.875,1.0,0.125,0.15129406341262883,0.05523648860542755,0.09605757480720128
8.0,0,7,0.2,349,28.0,0.0750594599796925,0.425,0.55,0.125,0.020361439278744935,0.013246725684937241,0.007114713593807694
8.0,0,0,0.35,349,28.0,0.21103579278705703,1.0,1.0,0.0,0.3743879793909794,0.13103579278705704,0.24335218660392235
8.0,0,1,0.35,349,28.0,0.16693225569842876,0.9625,1.0,0.0375,0.24837787342367676,0.08720882390660013,0.1611690495170766
8.0,0,2,0.35,349,28.0,0.1200363625642424,0.8125,1.0,0.1875,0.11438960732624041,0.04551967382635106,0.06886993349988935
8.0,0,3,0.35,349,28.0,0.15411245053979467,0.975,1.0,0.025,0.21174985868478283,0.0746973912901469,0.13705246739463595
8.0,0,4,0.35,349,28.0,0.14258808413467627,0.925,1.0,0.075,0.17882309752735595,0.0633120773255869,0.11551102020176905
8.0,0,5,0.35,349,28.0,0.1638882758751971,1.0,1.0,0.0,0.239680788214457,0.08388827587519711,0.1557925123392599
8.0,0,6,0.35,349,28.0,0.19745292219450433,1.0,1.0,0.0,0.33557977769803504,0.11745292219450432,0.21812685550353073
8.0,0,7,0.35,349,28.0,0.13903614414015583,0.925,1.0,0.075,0.16867469754302974,0.06019794036659303,0.1084767571764367
8.0,0,0,0.5,349,28.0,0.2755357927870571,1.0,1.0,0.0,0.5586736936763924,0.19553579278705707,0.36313790088933534
8.0,0,1,0.5,349,28.0,0.2314322556984288,1.0,1.0,0.0,0.4326635877090891,0.15143225569842875,0.2812313320106603
8.0,0,2,0.5,349,28.0,0.1845363625642424,1.0,1.0,0.0,0.2986753216116328,0.1045363625642424,0.1941389590473904
8.0,0,3,0.5,349,28.0,0.2186124505397947,1.0,1.0,0.0,0.3960355729701943,0.13861245053979468,0.25742312243039966
8.0,0,4,0.5,349,28.0,0.20708808413467628,1.0,1.0,0.0,0.36310881181276716,0.1270880841346763,0.23602072767809087
8.0,0,5,0.5,349,28.0,0.2283882758751971,1.0,1.0,0.0,0.42396650249986995,0.1483882758751971,0.27557822662467285
8.0,0,6,0.5,349,28.0,0.2619529221945044,1.0,1.0,0.0,0.5198654919834481,0.18195292219450435,0.3379125697889438
8.0,0,7,0.5,349,28.0,0.2035361441401558,1.0,1.0,0.0,0.35296041182843946,0.12353614414015583,0.2294242676882836
8.0,1,0,0.0,338,28.0,0.0,0.0,0.0,0.0,0.0,0.0,0.0
8.0,1,1,0.0,338,28.0,0.0,0.0,0.0,0.0,0.0,0.0,0.0
8.0,1,2,0.0,338,28.0,0.0,0.0,0.0,0.0,0.0,0.0,0.0
8.0,1,3,0.0,338,28.0,0.0,0.0,0.0,0.0,0.0,0.0,0.0
8.0,1,4,0.0,338,28.0,0.0,0.0,0.0,0.0,0.0,0.0,0.0
8.0,1,5,0.0,338,28.0,0.0,0.0,0.0,0.0,0.0,0.0,0.0
8.0,1,6,0.0,338,28.0,0.0,0.0,0.0,0.0,0.0,0.0,0.0
8.0,1,7,0.0,338,28.0,0.0,0.0,0.0,0.0,0.0,0.0,0.0
8.0,1,0,0.05,338,28.0,0.041230394335776244,0.2,0.2125,0.0125,0.00404950094322315,0.0037318076107868566,0.0003176933324362933
8.0,1,1,0.05,338,28.0,0.07462235197579861,0.4625,0.6,0.1375,0.02005631628196675,0.011988161564403984,0.008068154717562765
8.0,1,2,0.05,338,28.0,0.059915593641543564,0.2875,0.3875,0.1,0.008997958611201614,0.0063738366724310986,0.0026241219387705154
8.0,1,3,0.05,338,28.0,0.027906004492134286,0.05,0.05,0.0,0.0003539574129457226,0.00035395741294571984,2.7647155398380363e-18
8.0,1,4,0.05,338,28.0,0.05130698366418747,0.2625,0.325,0.0625,0.007299602252360625,0.0060377752679270395,0.0012618269844335856
8.0,1,5,0.05,338,28.0,0.003078809721591556,0.0,0.0,0.0,0.0,0.0,0.0
8.0,1,6,0.05,338,28.0,0.05847763691190603,0.275,0.325,0.05,0.008539680090016603,0.006667670057143311,0.001872010032873292
8.0,1,7,0.05,338,28.0,0.0005745025107076785,0.0,0.0,0.0,0.0,0.0,0.0
8.0,1,0,0.1,338,28.0,0.059838427941684015,0.3,0.325,0.025,0.011186680185936307,0.008893868758877255,0.002292811427059052
8.0,1,1,0.1,338,28.0,0.09529330556308706,0.7,0.825,0.125,0.05444970102311137,0.025319625355424837,0.029130075667686533
8.0,1,2,0.1,338,28.0,0.08034320021740417,0.525,0.7125,0.1875,0.028847532620410073,0.015579182337778011,0.013268350282632062
8.0,1,3,0.1,338,28.0,0.046048980016224,0.1375,0.1625,0.025,0.0027134524512561708,0.0023979127883270147,0.0003155396629291561
8.0,1,4,0.1,338,28.0,0.07068297037789327,0.4375,0.5125,0.075,0.019704579930283468,0.013763893865753909,0.005940686064529559
8.0,1,5,0.1,338,28.0,0.00815443380375865,0.0,0.0,0.0,0.0,0.0,0.0
8.0,1,6,0.1,338,28.0,0.07818091281960073,0.4875,0.675,0.1875,0.024921779709208607,0.014692250364961823,0.010229529344246783
8.0,1,7,0.1,338,28.0,0.001953667296724172,0.0,0.0,0.0,0.0,0.0,0.0
8.0,1,0,0.2,338,28.0,0.10069860278371984,0.7125,0.9125,0.2,0.06454344050914776,0.02943760003757136,0.0351058404715764
8.0,1,1,0.2,338,28.0,0.13819213821244622,0.8625,1.0,0.1375,0.16626325203529596,0.06042069530179478,0.10584255673350118
8.0,1,2,0.2,338,28.0,0.12277194247088061,0.8375,0.9875,0.15,0.12295563178715696,0.04651082901197488,0.07644480277518208
8.0,1,3,0.2,338,28.0,0.08683990566473275,0.6,0.8125,0.2125,0.033600054404713794,0.01716508273901608,0.016434971665697715
8.0,1,4,0.2,338,28.0,0.11237112321544951,0.8125,0.9625,0.15,0.09439088035837748,0.03866929652844518,0.055721583829932295
8.0,1,5,0.2,338,28.0,0.032890735712703296,0.1,0.1125,0.0125,0.0011344814152329276,0.001053310073028036,8.117134220489148e-05
8.0,1,6,0.2,338,28.0,0.12047522522864954,0.8625,0.9625,0.1,0.11611033732975641,0.04496597858289871,0.0711443587468577
8.0,1,7,0.2,338,28.0,0.013462291752545406,0.0125,0.0125,0.0,7.645371567220337e-05,7.645371567220337e-05,0.0
8.0,1,0,0.35,338,28.0,0.1649816245593943,0.95,1.0,0.05,0.24280464159787454,0.085786172251281,0.15701846934659353
8.0,1,1,0.35,338,28.0,0.20269213821244622,1.0,1.0,0.0,0.3505489663207018,0.1226921382124462,0.2278568281082556
8.0,1,2,0.35,338,28.0,0.1872664802339154,0.9875,1.0,0.0125,0.3064756578106863,0.10746933115035702,0.1990063266603293
8.0,1,3,0.35,338,28.0,0.1513399056647327,0.9625,1.0,0.0375,0.20382830189890347,0.07147194322171212,0.13235635867719137
8.0,1,4,0.35,338,28.0,0.17667769660909813,0.9875,1.0,0.0125,0.27622199031125844,0.09711042860924803,0.17911156170201042
8.0,1,5,0.35,338,28.0,0.09295883158830387,0.6375,0.875,0.2375,0.04453722311442692,0.021690728665865595,0.022846494448561325
8.0,1,6,0.35,338,28.0,0.1849752252286495,0.9875,1.0,0.0125,0.2999292149385084,0.10503762760840406,0.1948915873301043
8.0,1,7,0.35,338,28.0,0.0606211968315171,0.325,0.3875,0.0625,0.00894243086733938,0.0068056434294347865,0.002136787437904594
8.0,1,0,0.5,338,28.0,0.2294816245593943,1.0,1.0,0.0,0.4270903558832856,0.14948162455939437,0.2776087313238912
8.0,1,1,0.5,338,28.0,0.2671921382124462,1.0,1.0,0.0,0.5348346806061147,0.1871921382124462,0.34764254239366854
8.0,1,2,0.5,338,28.0,0.25176648023391535,1.0,1.0,0.0,0.49076137209609877,0.17176648023391541,0.3189948918621833
8.0,1,3,0.5,338,28.0,0.21583990566473274,1.0,1.0,0.0,0.3881140161843161,0.13583990566473275,0.25227411051958337
8.0,1,4,0.5,338,28.0,0.2411776966090981,1.0,1.0,0.0,0.4605077045966703,0.16117769660909811,0.29933000798757214
8.0,1,5,0.5,338,28.0,0.15704371934661188,0.9875,1.0,0.0125,0.22012491241853313,0.07768847243247604,0.1424364399860571
8.0,1,6,0.5,338,28.0,0.24947522522864948,1.0,1.0,0.0,0.48421492922392123,0.16947522522864952,0.31473970399527174
8.0,1,7,0.5,338,28.0,0.12387249612786351,0.825,1.0,0.175,0.12534998893656,0.04678757880130174,0.07856241013525825
8.0,2,0,0.0,316,28.0,0.0,0.0,0.0,0.0,0.0,0.0,0.0
8.0,2,1,0.0,316,28.0,0.0,0.0,0.0,0.0,0.0,0.0,0.0
8.0,2,2,0.0,316,28.0,0.0,0.0,0.0,0.0,0.0,0.0,0.0
8.0,2,3,0.0,316,28.0,0.0,0.0,0.0,0.0,0.0,0.0,0.0
8.0,2,4,0.0,316,28.0,0.0,0.0,0.0,0.0,0.0,0.0,0.0
8.0,2,5,0.0,316,28.0,0.0,0.0,0.0,0.0,0.0,0.0,0.0
8.0,2,6,0.0,316,28.0,0.0,0.0,0.0,0.0,0.0,0.0,0.0
8.0,2,7,0.0,316,28.0,0.0,0.0,0.0,0.0,0.0,0.0,0.0
8.0,2,0,0.05,316,28.0,0.020753817757343772,0.0375,0.0375,0.0,0.00039135789174289535,0.00039135789174289264,2.710505431213761e-18
8.0,2,1,0.05,316,28.0,0.05319067448981808,0.2,0.25,0.05,0.008785670915999038,0.006432535451938131,0.002353135464060907
8.0,2,2,0.05,316,28.0,0.01758573273554525,0.0625,0.0625,0.0,0.0005071978128317946,0.0005071978128317918,2.8189256484623115e-18
8.0,2,3,0.05,316,28.0,0.04679478706124528,0.2125,0.2375,0.025,0.007801966252685853,0.006847698089405661,0.0009542681632801918
8.0,2,4,0.05,316,28.0,0.037066874311350105,0.1125,0.125,0.0125,0.0015895298648184503,0.0014580119235315262,0.0001315179412869241
8.0,2,5,0.05,316,28.0,0.04309462346028774,0.1875,0.1875,0.0,0.0029812280128400336,0.002742248793535203,0.00023897921930483065
8.0,2,6,0.05,316,28.0,0.04804317754486004,0.225,0.25,0.025,0.0037431218341269262,0.003052983840355041,0.000690137993771885
8.0,2,7,0.05,316,28.0,0.013755463013158645,0.025,0.025,0.0,0.00036696222274584377,0.00036696222274584377,0.0
8.0,2,0,0.1,316,28.0,0.03506562712189713,0.1125,0.1125,0.0,0.002027806249976115,0.001959181876628005,6.862437334811001e-05
8.0,2,1,0.1,316,28.0,0.07189887170613034,0.375,0.4875,0.1125,0.02267825587068709,0.013210570481188316,0.009467685389498774
8.0,2,2,0.1,316,28.0,0.030615335442513526,0.125,0.125,0.0,0.0023194968729284356,0.0020245240073884954,0.0002949728655399402
8.0,2,3,0.1,316,28.0,0.06607448636426426,0.3125,0.4,0.0875,0.017095266340027875,0.012140119838184351,0.004955146501843524
8.0,2,4,0.1,316,28.0,0.054808766706440935,0.2625,0.275,0.0125,0.007533423428725404,0.005938244178152834,0.00159517925057257
8.0,2,5,0.1,316,28.0,0.06064843453350147,0.3625,0.4,0.0375,0.009871223784129595,0.008194571309130433,0.0016766524749991622
8.0,2,6,0.1,316,28.0,0.06705632937227517,0.3875,0.475,0.0875,0.014760431253450104,0.010433593915871401,0.004326837337578703
8.0,2,7,0.1,316,28.0,0.024596631241835993,0.1,0.1,0.0,0.0018342870439310031,0.0016656701178091701,0.000168616926121833
8.0,2,0,0.2,316,28.0,0.0708969234694942,0.5,0.575,0.075,0.020532050702488765,0.013613518026672924,0.006918532675815841
8.0,2,1,0.2,316,28.0,0.11278074298636007,0.75,0.9375,0.1875,0.09624797364093432,0.04041892396340905,0.05582904967752527
8.0,2,2,0.2,316,28.0,0.06864000553701945,0.3625,0.475,0.1125,0.017098098382924455,0.011271806976347177,0.005826291406577278
8.0,2,3,0.2,316,28.0,0.10885304448965771,0.7375,1.0,0.2625,0.08243726997027978,0.03492472376381978,0.04751254620646
8.0,2,4,0.2,316,28.0,0.09623016867189776,0.675,0.8875,0.2125,0.05201417555608789,0.02605602879783747,0.025958146758250415
8.0,2,5,0.2,316,28.0,0.10159131172412623,0.7,0.8875,0.1875,0.06732846144052827,0.031550834019039686,0.035777627421488586
8.0,2,6,0.2,316,28.0,0.10899127357565748,0.75,0.9625,0.2125,0.08365617571173549,0.035396719184096044,0.048259456527639445
8.0,2,7,0.2,316,28.0,0.05811624816780629,0.3125,0.3375,0.025,0.010986404850406984,0.008388085689029592,0.0025983191613773923
8.0,2,0,0.35,316,28.0,0.13406460563396275,0.875,1.0,0.125,0.1544703018109496,0.057195397524305615,0.09727490428664398
8.0,2,1,0.35,316,28.0,0.177155455989011,0.9625,1.0,0.0375,0.2775870171107634,0.09759467727072198,0.17999233984004143
8.0,2,2,0.35,316,28.0,0.13293480801690066,0.9125,1.0,0.0875,0.15124230861933904,0.05378475623490915,0.0974575523844299
8.0,2,3,0.35,316,28.0,0.1733530444896577,1.0,1.0,0.0,0.26672298425549384,0.09335304448965769,0.17336993976583615
8.0,2,4,0.35,316,28.0,0.15985348859295404,0.975,1.0,0.025,0.22815282455072788,0.08102758561930253,0.14712523893142537
8.0,2,5,0.35,316,28.0,0.16609131172412622,0.9875,1.0,0.0125,0.24597517635402813,0.08622139025005972,0.1597537861039684
8.0,2,6,0.35,316,28.0,0.17349127357565744,1.0,1.0,0.0,0.26711792450120647,0.09349127357565744,0.17362665092554902
8.0,2,7,0.35,316,28.0,0.12091511188694004,0.8375,0.9875,0.15,0.11690994705737626,0.04439016152323816,0.0725197855341381
8.0,2,0,0.5,316,28.0,0.19856460563396278,1.0,1.0,0.0,0.3387560160961843,0.11856460563396275,0.22019141046222152
8.0,2,1,0.5,316,28.0,0.241655455989011,1.0,1.0,0.0,0.4618727313960124,0.16165545598901102,0.3002172754070014
8.0,2,2,0.5,316,28.0,0.1974348080169007,1.0,1.0,0.0,0.33552802290458655,0.11743480801690069,0.21809321488768585
8.0,2,3,0.5,316,28.0,0.2378530444896577,1.0,1.0,0.0,0.4510086985407446,0.1578530444896577,0.2931556540510869
8.0,2,4,0.5,316,28.0,0.22435348859295404,1.0,1.0,0.0,0.41243853883597403,0.14435348859295402,0.26808505024302
8.0,2,5,0.5,316,28.0,0.23059131172412622,1.0,1.0,0.0,0.43026089063927836,0.15059131172412624,0.2796695789151521
8.0,2,6,0.5,316,28.0,0.23799127357565744,1.0,1.0,0.0,0.45140363878645723,0.15799127357565743,0.29341236521079983
8.0,2,7,0.5,316,28.0,0.185302210775802,0.9875,1.0,0.0125,0.3008634593586783,0.10553254124484798,0.19533091811383033
8.0,3,0,0.0,328,27.999999999999996,0.0,0.0,0.0,0.0,0.0,0.0,0.0
8.0,3,1,0.0,328,27.999999999999996,0.0,0.0,0.0,0.0,0.0,0.0,0.0
8.0,3,2,0.0,328,27.999999999999996,0.0,0.0,0.0,0.0,0.0,0.0,0.0
8.0,3,3,0.0,328,27.999999999999996,0.0,0.0,0.0,0.0,0.0,0.0,0.0
8.0,3,4,0.0,328,27.999999999999996,0.0,0.0,0.0,0.0,0.0,0.0,0.0
8.0,3,5,0.0,328,27.999999999999996,0.0,0.0,0.0,0.0,0.0,0.0,0.0
8.0,3,6,0.0,328,27.999999999999996,0.0,0.0,0.0,0.0,0.0,0.0,0.0
8.0,3,7,0.0,328,27.999999999999996,0.0,0.0,0.0,0.0,0.0,0.0,0.0
8.0,3,0,0.05,328,27.999999999999996,0.00681251992099074,0.0,0.0,0.0,0.0,0.0,0.0
8.0,3,1,0.05,328,27.999999999999996,0.015335136323430846,0.0375,0.0375,0.0,0.0002549646338190589,0.0002172700059685242,3.769462785053473e-05
8.0,3,2,0.05,328,27.999999999999996,0.030507718843907506,0.0375,0.0375,0.0,0.0010050514669216622,0.0010050514669216622,0.0
8.0,3,3,0.05,328,27.999999999999996,0.012807629585430965,0.0,0.0,0.0,0.0,0.0,0.0
8.0,3,4,0.05,328,27.999999999999996,0.03735964047480659,0.125,0.125,0.0,0.002672544432377041,0.0026366094405793996,3.593499179764146e-05
8.0,3,5,0.05,328,27.999999999999996,0.015509171366282538,0.0125,0.0125,0.0,6.244527272589448e-05,6.244527272589727e-05,-2.791820594150174e-18
8.0,3,6,0.05,328,27.999999999999996,0.06190690454943559,0.3,0.3375,0.0375,0.011260843963253928,0.009093024764518126,0.0021678191987358018
8.0,3,7,0.05,328,27.999999999999996,0.032073228789411753,0.1125,0.1125,0.0,0.0026260378813355383,0.002504572947528729,0.00012146493380680917
8.0,3,0,0.1,328,27.999999999999996,0.013915883575629256,0.025,0.025,0.0,1.0981354550453069e-05,1.0981354550453069e-05,0.0
8.0,3,1,0.1,328,27.999999999999996,0.026561211564852798,0.075,0.075,0.0,0.001888879913127002,0.0016976638089811658,0.00019121610414583618
8.0,3,2,0.1,328,27.999999999999996,0.0479847194351717,0.175,0.1875,0.0125,0.0037990720509581467,0.0033392937359666463,0.00045977831499150043
8.0,3,3,0.1,328,27.999999999999996,0.024839620652458608,0.0375,0.0375,0.0,0.00035985503468416875,0.0003553698911005446,4.485143583624139e-06
8.0,3,4,0.1,328,27.999999999999996,0.05636998839288339,0.225,0.3,0.075,0.007535441278678813,0.006025284456801183,0.0015101568218776297
8.0,3,5,0.1,328,27.999999999999996,0.028099022006857304,0.05,0.05,0.0,0.0008874671871232932,0.0008469807192378648,4.048646788542838e-05
8.0,3,6,0.1,328,27.999999999999996,0.08229704012975599,0.4875,0.6625,0.175,0.029250785355097172,0.01745235811019314,0.011798427244904031
8.0,3,7,0.1,328,27.999999999999996,0.04884296769915688,0.2,0.2375,0.0375,0.006314200772860902,0.005602582882534439,0.000711617890326463
8.0,3,0,0.2,328,27.999999999999996,0.03984476886657818,0.1875,0.225,0.0375,0.0037830385805961353,0.003160258224657496,0.0006227803559386391
8.0,3,1,0.2,328,27.999999999999996,0.058960617490799214,0.2875,0.35,0.0625,0.012545380583451858,0.009845324705010025,0.002700055878441833
8.0,3,2,0.2,328,27.999999999999996,0.0893144630794664,0.6,0.775,0.175,0.038530568238401015,0.020269903989045008,0.018260664249356007
8.0,3,3,0.2,328,27.999999999999996,0.059004208110508216,0.2875,0.3625,0.075,0.008217247186588091,0.006293369313508851,0.00192387787307924
8.0,3,4,0.2,328,27.999999999999996,0.09860177697996904,0.675,0.9125,0.2375,0.05593361257940727,0.02532361338215743,0.030609999197249844
8.0,3,5,0.2,328,27.999999999999996,0.062301675314820316,0.3,0.375,0.075,0.012311007155333398,0.00889562912852784,0.003415378026805558
8.0,3,6,0.2,328,27.999999999999996,0.12493755812462534,0.8375,1.0,0.1625,0.12839302321301607,0.04800298704627747,0.0803900361667386
8.0,3,7,0.2,328,27.999999999999996,0.08756169136462508,0.5875,0.8,0.2125,0.038311330824925945,0.021810487751546967,0.016500843073378978
8.0,3,0,0.35,328,27.999999999999996,0.09902192358700608,0.6875,0.9125,0.225,0.05948627412166132,0.02909560738034573,0.03039066674131559
8.0,3,1,0.35,328,27.999999999999996,0.12153672514862932,0.8,1.0,0.2,0.1186763575673334,0.04550181663555338,0.07317454093178002
8.0,3,2,0.35,328,27.999999999999996,0.15381446307946636,0.9875,1.0,0.0125,0.2108984659409877,0.07383799618744288,0.13706046975354483
8.0,3,3,0.35,328,27.999999999999996,0.12106797791884168,0.85,0.975,0.125,0.11769593696175253,0.04536799115183422,0.0723279458099183
8.0,3,4,0.35,328,27.999999999999996,0.16310177697996903,0.9875,1.0,0.0125,0.23743364851380935,0.08326215675301132,0.15417149176079803
8.0,3,5,0.35,328,27.999999999999996,0.12543334253047816,0.8375,1.0,0.1625,0.12980955008687817,0.04887357291918443,0.08093597716769374
8.0,3,6,0.35,328,27.999999999999996,0.18943755812462534,1.0,1.0,0.0,0.31267873749841824,0.10943755812462533,0.2032411793737929
8.0,3,7,0.35,328,27.999999999999996,0.15206169136462505,0.9375,1.0,0.0625,0.2058905467557367,0.07273401544855386,0.13315653130718286
8.0,3,0,0.5,328,27.999999999999996,0.16310258222597981,0.975,1.0,0.025,0.23743594921669886,0.08385747354987891,0.15357847566681995
8.0,3,1,0.5,328,27.999999999999996,0.18603672514862932,1.0,1.0,0.0,0.30296207185273133,0.10603672514862933,0.196925346704102
8.0,3,2,0.5,328,27.999999999999996,0.2183144630794664,1.0,1.0,0.0,0.39518418022640067,0.1383144630794664,0.2568697171469343
8.0,3,3,0.5,328,27.999999999999996,0.18541033060455564,0.9875,1.0,0.0125,0.3011723731553817,0.10578671279488774,0.19538566036049396
8.0,3,4,0.5,328,27.999999999999996,0.22760177697996903,1.0,1.0,0.0,0.42171936279922195,0.147601776979969,0.27411758581925294
8.0,3,5,0.5,328,27.999999999999996,0.1899333425304782,1.0,1.0,0.0,0.3140952643722813,0.10993334253047819,0.2041619218418031
8.0,3,6,0.5,328,27.999999999999996,0.2539375581246253,1.0,1.0,0.0,0.4969644517838313,0.17393755812462533,0.323026893659206
8.0,3,7,0.5,328,27.999999999999996,0.21656169136462505,1.0,1.0,0.0,0.39017626104114794,0.13656169136462507,0.25361456967652285
8.0,4,0,0.0,324,27.999999999999993,0.0,0.0,0.0,0.0,0.0,0.0,0.0
8.0,4,1,0.0,324,27.999999999999993,0.0,0.0,0.0,0.0,0.0,0.0,0.0
8.0,4,2,0.0,324,27.999999999999993,0.0,0.0,0.0,0.0,0.0,0.0,0.0
8.0,4,3,0.0,324,27.999999999999993,0.0,0.0,0.0,0.0,0.0,0.0,0.0
8.0,4,4,0.0,324,27.999999999999993,0.0,0.0,0.0,0.0,0.0,0.0,0.0
8.0,4,5,0.0,324,27.999999999999993,0.0,0.0,0.0,0.0,0.0,0.0,0.0
8.0,4,6,0.0,324,27.999999999999993,0.0,0.0,0.0,0.0,0.0,0.0,0.0
8.0,4,7,0.0,324,27.999999999999993,0.0,0.0,0.0,0.0,0.0,0.0,0.0
8.0,4,0,0.05,324,27.999999999999993,0.023623423355283325,0.0375,0.0375,0.0,0.0005407718387802062,0.0005245476993325145,1.6224139447691688e-05
8.0,4,1,0.05,324,27.999999999999993,0.07665843120639435,0.5,0.5375,0.0375,0.023708475276952808,0.015624891930850543,0.008083583346102265
8.0,4,2,0.05,324,27.999999999999993,0.03564800626978896,0.125,0.1375,0.0125,0.0029114856159805085,0.0024972284458668757,0.0004142571701136327
8.0,4,3,0.05,324,27.999999999999993,0.03691772337086864,0.1125,0.125,0.0125,0.003163222338797853,0.0028065760153054573,0.0003566463234923956
8.0,4,4,0.05,324,27.999999999999993,0.049436216195572605,0.2625,0.3,0.0375,0.007181161775221992,0.0058388985137900135,0.0013422632614319783
8.0,4,5,0.05,324,27.999999999999993,0.018508233919813454,0.0125,0.0125,0.0,0.0003554841722265278,0.0003554841722265278,0.0
8.0,4,6,0.05,324,27.999999999999993,0.025795170035739966,0.15,0.15,0.0,0.0025706377889691432,0.00231729749000991,0.00025334029895923314
8.0,4,7,0.05,324,27.999999999999993,0.05324160600923718,0.275,0.325,0.05,0.007655702165585276,0.006229177707461129,0.0014265244581241465
8.0,4,0,0.1,324,27.999999999999993,0.039458007432778434,0.1375,0.1375,0.0,0.0024681327551263604,0.00225957811345418,0.00020855464167218035
8.0,4,1,0.1,324,27.999999999999993,0.09795566265835359,0.5875,0.8625,0.275,0.05558484642687968,0.027145144533533647,0.02843970189334603
8.0,4,2,0.1,324,27.999999999999993,0.05288614384274767,0.225,0.25,0.025,0.007509812392996313,0.006132349225802243,0.00137746316719407
8.0,4,3,0.1,324,27.999999999999993,0.05423933875945025,0.2375,0.3,0.0625,0.008220133989064059,0.006602518558521068,0.0016176154305429912
8.0,4,4,0.1,324,27.999999999999993,0.07030565121425154,0.4,0.5,0.1,0.016838269490178394,0.012261251738084178,0.004577017752094216
8.0,4,5,0.1,324,27.999999999999993,0.031887267043944276,0.0875,0.0875,0.0,0.0015935941612839335,0.0014978677837006644,9.572637758326909e-05
8.0,4,6,0.1,324,27.999999999999993,0.041217826794789206,0.2125,0.2125,0.0,0.006057684933836715,0.00525688779387418,0.0008007971399625353
8.0,4,7,0.1,324,27.999999999999993,0.07347817619114824,0.45,0.575,0.125,0.021813728150872357,0.013984918963875638,0.00782880918699672
8.0,4,0,0.2,324,27.999999999999993,0.07942106140892995,0.5125,0.65,0.1375,0.024670335785092944,0.015056366863200138,0.009613968921892806
8.0,4,1,0.2,324,27.999999999999993,0.1409556626583536,0.9125,1.0,0.0875,0.1741590361664419,0.06175076921843324,0.11240826694800866
8.0,4,2,0.2,324,27.999999999999993,0.09240145033394206,0.65,0.775,0.125,0.048815460759716,0.024571271534033646,0.024244189225682358
8.0,4,3,0.2,324,27.999999999999993,0.09380346339714725,0.6125,0.7875,0.175,0.05021232597245075,0.025998888263654735,0.024213437708796012
8.0,4,4,0.2,324,27.999999999999993,0.11260470576507116,0.8125,0.9875,0.175,0.09430141802908783,0.03605029739312413,0.058251120635963695
8.0,4,5,0.2,324,27.999999999999993,0.06756898454016523,0.4125,0.4625,0.05,0.01647136001929874,0.011362505852448362,0.0051088541668503785
8.0,4,6,0.2,324,27.999999999999993,0.08211476974195567,0.525,0.65,0.125,0.02828785894475307,0.017797983622355136,0.010489875322397934
8.0,4,7,0.2,324,27.999999999999993,0.11617507491698276,0.775,1.0,0.225,0.10335735690551406,0.04023702664066453,0.06312033026484953
8.0,4,0,0.35,324,27.999999999999993,0.1435979477758563,0.95,1.0,0.05,0.18170842221643765,0.0644381077696029,0.11727031444683475
8.0,4,1,0.35,324,27.999999999999993,0.20545566265835355,1.0,1.0,0.0,0.3584447504518528,0.1254556626583536,0.23298908779349922
8.0,4,2,0.35,324,27.999999999999993,0.15664458682658125,0.95,1.0,0.05,0.2189845337898762,0.07744899373464095,0.14153554005523525
8.0,4,3,0.35,324,27.999999999999993,0.1579207315863425,0.9375,1.0,0.0625,0.22263066167490272,0.07884565853568543,0.1437850031392173
8.0,4,4,0.35,324,27.999999999999993,0.17706840306670846,0.9875,1.0,0.0125,0.2773382944758572,0.09735737214791523,0.179980922327942
8.0,4,5,0.35,324,27.999999999999993,0.13093470955020234,0.9,1.0,0.1,0.14552774157177611,0.05326237726964394,0.09226536430213217
8.0,4,6,0.35,324,27.999999999999993,0.1465719524710811,0.9625,1.0,0.0375,0.19020557848849315,0.06688861349609374,0.12331696499239941
8.0,4,7,0.35,324,27.999999999999993,0.1806750749169827,1.0,1.0,0.0,0.28764307119090904,0.10067507491698274,0.1869679962739263
8.0,4,0,0.5,324,27.999999999999993,0.2080979477758563,1.0,1.0,0.0,0.36599413650184837,0.12809794777585634,0.23789618872599202
8.0,4,1,0.5,324,27.999999999999993,0.2699556626583536,1.0,1.0,0.0,0.5427304647372658,0.18995566265835365,0.3527748020789122
8.0,4,2,0.5,324,27.999999999999993,0.22114458682658125,1.0,1.0,0.0,0.4032702480752872,0.1411445868265813,0.26212566124870595
8.0,4,3,0.5,324,27.999999999999993,0.2224207315863425,1.0,1.0,0.0,0.40691637596031344,0.14242073158634255,0.2644956443739709
8.0,4,4,0.5,324,27.999999999999993,0.24156840306670846,1.0,1.0,0.0,0.4616240087612696,0.1615684030667085,0.3000556056945611
8.0,4,5,0.5,324,27.999999999999993,0.19543470955020234,0.9875,1.0,0.0125,0.3298134558571821,0.11551308076614898,0.2143003750910331
8.0,4,6,0.5,324,27.999999999999993,0.21107195247108107,1.0,1.0,0.0,0.37449129277390525,0.1310719524710811,0.24341934030282414
8.0,4,7,0.5,324,27.999999999999993,0.2451750749169827,1.0,1.0,0.0,0.471928785476322,0.16517507491698277,0.3067537105593392
8.0,5,0,0.0,307,28.0,0.0,0.0,0.0,0.0,0.0,0.0,0.0
8.0,5,1,0.0,307,28.0,0.0,0.0,0.0,0.0,0.0,0.0,0.0
8.0,5,2,0.0,307,28.0,0.0,0.0,0.0,0.0,0.0,0.0,0.0
8.0,5,3,0.0,307,28.0,0.0,0.0,0.0,0.0,0.0,0.0,0.0
8.0,5,4,0.0,307,28.0,0.0,0.0,0.0,0.0,0.0,0.0,0.0
8.0,5,5,0.0,307,28.0,0.0,0.0,0.0,0.0,0.0,0.0,0.0
8.0,5,6,0.0,307,28.0,0.0,0.0,0.0,0.0,0.0,0.0,0.0
8.0,5,7,0.0,307,28.0,0.0,0.0,0.0,0.0,0.0,0.0,0.0
8.0,5,0,0.05,307,28.0,0.031742103694480675,0.0625,0.0625,0.0,0.0007808961175537276,0.0007808961175537276,0.0
8.0,5,1,0.05,307,28.0,0.021224681542372215,0.025,0.025,0.0,5.271821829570533e-05,5.271821829570533e-05,0.0
8.0,5,2,0.05,307,28.0,0.0292037409920617,0.0375,0.0375,0.0,0.0010625758708397127,0.001062575870839707,5.637851296924623e-18
8.0,5,3,0.05,307,28.0,0.0404563800834824,0.1375,0.1375,0.0,0.0017690561622925646,0.0017055909558344375,6.346520645812703e-05
8.0,5,4,0.05,307,28.0,0.024267129153129244,0.025,0.0375,0.0125,0.0005674641966053509,0.0005589005384124352,8.563658192915703e-06
8.0,5,5,0.05,307,28.0,0.01095089435212515,0.025,0.025,0.0,0.00020098078101505595,0.00020098078101505595,0.0
8.0,5,6,0.05,307,28.0,0.034137198541459135,0.075,0.075,0.0,0.0014961861801047224,0.001464040325445004,3.214585465971835e-05
8.0,5,7,0.05,307,28.0,0.06271020469315333,0.3375,0.4375,0.1,0.013282641793950964,0.00900144298002977,0.004281198813921194
8.0,5,0,0.1,307,28.0,0.04969996005575804,0.15,0.15,0.0,0.003375405403622432,0.003043513377074183,0.00033189202654824914
8.0,5,1,0.1,307,28.0,0.035211875872914314,0.15,0.15,0.0,0.002241006096284926,0.0020168125436563302,0.0002241935526285958
8.0,5,2,0.1,307,28.0,0.04507065109404947,0.1875,0.2,0.0125,0.004280906435306523,0.003602459108715033,0.0006784473265914895
8.0,5,3,0.1,307,28.0,0.05882715556880145,0.3375,0.3875,0.05,0.008425203200387744,0.00631051003619705,0.002114693164190694
8.0,5,4,0.1,307,28.0,0.04037816329634592,0.1,0.1,0.0,0.001715573761285377,0.0016053997496233844,0.00011017401166199254
8.0,5,5,0.1,307,28.0,0.02121356394954149,0.0375,0.05,0.0125,0.0010791957416136197,0.0010468394420708748,3.235629954274487e-05
8.0,5,6,0.1,307,28.0,0.052317372000777504,0.225,0.275,0.05,0.0054161740418787055,0.00484135228728823,0.0005748217545904757
8.0,5,7,0.1,307,28.0,0.08235469831640954,0.525,0.65,0.125,0.03579165516988037,0.019820847126509725,0.015970808043370647
8.0,5,0,0.2,307,28.0,0.09115095983075942,0.6375,0.8125,0.175,0.041382902624154935,0.02027806373944139,0.021104838884713546
8.0,5,1,0.2,307,28.0,0.07199416690857019,0.425,0.5125,0.0875,0.0211788180897231,0.013563608950764552,0.007615209138958547
8.0,5,2,0.2,307,28.0,0.08365830783553599,0.5625,0.6875,0.125,0.03287645485514036,0.019837021911982666,0.013039432943157694
8.0,5,3,0.2,307,28.0,0.09906177388909296,0.7,0.8875,0.1875,0.06312818989220177,0.02888340402354581,0.034244785868655966
8.0,5,4,0.2,307,28.0,0.08187972957494014,0.55,0.7,0.15,0.02397747578698969,0.014528893117437717,0.009448582669551973
8.0,5,5,0.2,307,28.0,0.051661050674121946,0.275,0.325,0.05,0.007656165464468441,0.005993502601643538,0.0016626628628249023
8.0,5,6,0.2,307,28.0,0.09341219267656178,0.6375,0.8875,0.25,0.047962525341025186,0.022964609739434073,0.024997915601591113
8.0,5,7,0.2,307,28.0,0.12451878243816346,0.7375,1.0,0.2625,0.1271965212516159,0.049349368249808685,0.07784715300180722
8.0,5,0,0.35,307,28.0,0.15565095983075944,0.975,1.0,0.025,0.21614559951591225,0.07577916229355176,0.14036643722236047
8.0,5,1,0.35,307,28.0,0.13553770073642699,0.8875,1.0,0.1125,0.1586791449608629,0.057669753410403486,0.10100939155045943
8.0,5,2,0.35,307,28.0,0.14796914505982633,0.9625,1.0,0.0375,0.19419755731330346,0.0685998349586859,0.12559772235461755
8.0,5,3,0.35,307,28.0,0.16338718186598233,0.9375,1.0,0.0625,0.23824909104506733,0.08412654404221764,0.1541225470028497
8.0,5,4,0.35,307,28.0,0.14637972957494014,1.0,1.0,0.0,0.18965637021363752,0.06637972957494011,0.12327664063869741
8.0,5,5,0.35,307,28.0,0.11421781392138844,0.75,0.9875,0.2375,0.09798523033140458,0.03935315436933846,0.05863207596206612
8.0,5,6,0.35,307,28.0,0.15791219267656179,0.9875,1.0,0.0125,0.22260626478961676,0.07798224026710843,0.14462402452250833
8.0,5,7,0.35,307,28.0,0.18901878243816345,0.9875,1.0,0.0125,0.3114822355368263,0.10903226719184829,0.20244996834497803
8.0,5,0,0.5,307,28.0,0.22015095983075944,1.0,1.0,0.0,0.4004313138011625,0.14015095983075945,0.26028035397040306
8.0,5,1,0.5,307,28.0,0.200037700736427,0.9875,1.0,0.0125,0.34296485924607184,0.12011731122094946,0.22284754802512238
8.0,5,2,0.5,307,28.0,0.2124691450598264,1.0,1.0,0.0,0.3784832715985518,0.13246914505982635,0.24601412653872543
8.0,5,3,0.5,307,28.0,0.22788718186598236,1.0,1.0,0.0,0.4225348053303152,0.14788718186598235,0.2746476234643328
8.0,5,4,0.5,307,28.0,0.2108797295749401,1.0,1.0,0.0,0.3739420844988883,0.13087972957494012,0.2430623549239482
8.0,5,5,0.5,307,28.0,0.17871781392138844,1.0,1.0,0.0,0.2820508969175431,0.09871781392138841,0.1833330829961547
8.0,5,6,0.5,307,28.0,0.2224121926765618,1.0,1.0,0.0,0.40689197907486724,0.14241219267656177,0.2644797863983055
8.0,5,7,0.5,307,28.0,0.25351878243816345,1.0,1.0,0.0,0.49576794982207695,0.17351878243816346,0.3222491673839135
8.0,6,0,0.0,300,27.999999999999996,0.0,0.0,0.0,0.0,0.0,0.0,0.0
8.0,6,1,0.0,300,27.999999999999996,0.0,0.0,0.0,0.0,0.0,0.0,0.0
8.0,6,2,0.0,300,27.999999999999996,0.0,0.0,0.0,0.0,0.0,0.0,0.0
8.0,6,3,0.0,300,27.999999999999996,0.0,0.0,0.0,0.0,0.0,0.0,0.0
8.0,6,4,0.0,300,27.999999999999996,0.0,0.0,0.0,0.0,0.0,0.0,0.0
8.0,6,5,0.0,300,27.999999999999996,0.0,0.0,0.0,0.0,0.0,0.0,0.0
8.0,6,6,0.0,300,27.999999999999996,0.0,0.0,0.0,0.0,0.0,0.0,0.0
8.0,6,7,0.0,300,27.999999999999996,0.0,0.0,0.0,0.0,0.0,0.0,0.0
8.0,6,0,0.05,300,27.999999999999996,0.03720618882390929,0.125,0.1375,0.0125,0.002530198842241126,0.002290726581605161,0.00023947226063596476
8.0,6,1,0.05,300,27.999999999999996,0.012517182259088233,0.0125,0.0125,0.0,0.0004593635777636191,0.0004593635777636191,0.0
8.0,6,2,0.05,300,27.999999999999996,0.027747323118398955,0.075,0.075,0.0,0.0012072542505578363,0.0009448087172469214,0.0002624455333109149
8.0,6,3,0.05,300,27.999999999999996,0.035913405748642255,0.1,0.1125,0.0125,0.001525558352259332,0.0014495544565649014,7.600389569443057e-05
8.0,6,4,0.05,300,27.999999999999996,0.042245481758175045,0.1125,0.1125,0.0,0.0036409852385544464,0.0033406551434986415,0.00030033009505580494
8.0,6,5,0.05,300,27.999999999999996,0.018050150807912484,0.0125,0.0125,0.0,0.00010818677888250755,0.00010818677888250755,0.0
8.0,6,6,0.05,300,27.999999999999996,0.058649684694085304,0.25,0.3,0.05,0.009155251797416395,0.007036863342518142,0.0021183884548982524
8.0,6,7,0.05,300,27.999999999999996,0.03349877784980085,0.0875,0.0875,0.0,0.001884702475252757,0.0018789112055140028,5.791269738754335e-06
8.0,6,0,0.1,300,27.999999999999996,0.055205199235723,0.2625,0.3,0.0375,0.007687659059586527,0.006429447807774894,0.0012582112518116327
8.0,6,1,0.1,300,27.999999999999996,0.02376484875695658,0.075,0.075,0.0,0.0012864258966996723,0.0012675228035844103,1.8903093115262047e-05
8.0,6,2,0.1,300,27.999999999999996,0.04430420452041037,0.2,0.2,0.0,0.004406899869096011,0.0036770810663225464,0.0007298188027734646
8.0,6,3,0.1,300,27.999999999999996,0.05420924986252081,0.225,0.25,0.025,0.0060633024728490754,0.004821097814061167,0.0012422046587879081
8.0,6,4,0.1,300,27.999999999999996,0.061249789708897516,0.3,0.375,0.075,0.010732230930486837,0.007870237386302126,0.0028619935441847114
8.0,6,5,0.1,300,27.999999999999996,0.031887214129007746,0.0875,0.0875,0.0,0.0010026817605935658,0.0009678172014299672,3.486455916359868e-05
8.0,6,6,0.1,300,27.999999999999996,0.07837931145812974,0.475,0.625,0.15,0.02599338694326723,0.01494312031357804,0.01105026662968919
8.0,6,7,0.1,300,27.999999999999996,0.05018987175036984,0.2375,0.2625,0.025,0.005870450409855961,0.00490867946848056,0.0009617709413754011
8.0,6,0,0.2,300,27.999999999999996,0.09630511528279968,0.6375,0.8875,0.25,0.05386621868812286,0.026346147500606914,0.027520071187515944
8.0,6,1,0.2,300,27.999999999999996,0.05764711446624895,0.2625,0.35,0.0875,0.009852596955424061,0.007449682860735929,0.0024029140946881323
8.0,6,2,0.2,300,27.999999999999996,0.08391101513188501,0.55,0.7125,0.1625,0.031733097945214866,0.01833938855041023,0.013393709394804637
8.0,6,3,0.2,300,27.999999999999996,0.09631379169269405,0.625,0.825,0.2,0.05198383946649054,0.02457844014544557,0.02740539932104497
8.0,6,4,0.2,300,27.999999999999996,0.10324253811620357,0.6625,0.9125,0.25,0.06986238146482357,0.030415609008543416,0.03944677245628016
8.0,6,5,0.2,300,27.999999999999996,0.07121932875706097,0.425,0.5,0.075,0.015333861505238354,0.010415540141733655,0.004918321363504698
8.0,6,6,0.2,300,27.999999999999996,0.11984357203536952,0.7875,0.9875,0.2,0.11452290774832269,0.04507438594694742,0.06944852180137527
8.0,6,7,0.2,300,27.999999999999996,0.09148950080185343,0.5875,0.775,0.1875,0.04359050657398599,0.023438455023619967,0.020152051550366024
8.0,6,0,0.35,300,27.999999999999996,0.16063104884069676,0.9875,1.0,0.0125,0.23037442525855556,0.08099417040768844,0.14938025485086712
8.0,6,1,0.35,300,27.999999999999996,0.11825766965719933,0.8375,0.975,0.1375,0.11167427044591928,0.044346472263221116,0.06732779818269816
8.0,6,2,0.35,300,27.999999999999996,0.14769958936649247,0.925,1.0,0.075,0.19342739818949817,0.06930413552109622,0.12412326266840194
8.0,6,3,0.35,300,27.999999999999996,0.16065806520907924,0.975,1.0,0.025,0.23045161488250707,0.08087838709874566,0.14957322778376142
8.0,6,4,0.35,300,27.999999999999996,0.16758050263621424,0.9875,1.0,0.0125,0.25023000753141267,0.08794535684691633,0.16228465068449632
8.0,6,5,0.35,300,27.999999999999996,0.13538002506721664,0.9625,1.0,0.0375,0.15822864304879591,0.05611959614030054,0.10210904690849537
8.0,6,6,0.35,300,27.999999999999996,0.18433834208201544,0.9625,1.0,0.0375,0.29810954880501006,0.1047159657860072,0.19339358301900286
8.0,6,7,0.35,300,27.999999999999996,0.15598950080185342,0.9875,1.0,0.0125,0.21711285943332131,0.0761266495903003,0.14098620984302102
8.0,6,0,0.5,300,27.999999999999996,0.2251310488406968,1.0,1.0,0.0,0.41466013954380493,0.1451310488406968,0.26952909070310815
8.0,6,1,0.5,300,27.999999999999996,0.1825707019304055,0.975,1.0,0.025,0.2930591483718524,0.10319836041063943,0.18986078796121295
8.0,6,2,0.5,300,27.999999999999996,0.21219958936649247,1.0,1.0,0.0,0.37771311247474265,0.13219958936649248,0.24551352310825017
8.0,6,3,0.5,300,27.999999999999996,0.22515806520907927,0.9875,1.0,0.0125,0.41473732916775474,0.1451905787873214,0.26954675038043335
8.0,6,4,0.5,300,27.999999999999996,0.23208050263621427,1.0,1.0,0.0,0.4345157218166621,0.15208050263621428,0.2824352191804478
8.0,6,5,0.5,300,27.999999999999996,0.19988002506721664,1.0,1.0,0.0,0.34251435733404306,0.11988002506721664,0.22263433226682644
8.0,6,6,0.5,300,27.999999999999996,0.24883834208201544,1.0,1.0,0.0,0.48239526309025926,0.16883834208201548,0.3135569210082438
8.0,6,7,0.5,300,27.999999999999996,0.2204895008018534,1.0,1.0,0.0,0.40139857371857146,0.1404895008018534,0.26090907291671805
8.0,7,0,0.0,315,27.999999999999996,0.0,0.0,0.0,0.0,0.0,0.0,0.0
8.0,7,1,0.0,315,27.999999999999996,0.0,0.0,0.0,0.0,0.0,0.0,0.0
8.0,7,2,0.0,315,27.999999999999996,0.0,0.0,0.0,0.0,0.0,0.0,0.0
8.0,7,3,0.0,315,27.999999999999996,0.0,0.0,0.0,0.0,0.0,0.0,0.0
8.0,7,4,0.0,315,27.999999999999996,0.0,0.0,0.0,0.0,0.0,0.0,0.0
8.0,7,5,0.0,315,27.999999999999996,0.0,0.0,0.0,0.0,0.0,0.0,0.0
8.0,7,6,0.0,315,27.999999999999996,0.0,0.0,0.0,0.0,0.0,0.0,0.0
8.0,7,7,0.0,315,27.999999999999996,0.0,0.0,0.0,0.0,0.0,0.0,0.0
8.0,7,0,0.05,315,27.999999999999996,0.07376395468960639,0.4625,0.6,0.1375,0.01883937477740009,0.01224618477716984,0.006593190000230252
8.0,7,1,0.05,315,27.999999999999996,0.047243784713789407,0.15,0.1625,0.0125,0.005115539307126383,0.004243692558631826,0.000871846748494557
8.0,7,2,0.05,315,27.999999999999996,0.023456899156568557,0.025,0.025,0.0,0.00043296653182627336,0.0004329665318262761,-2.7647155398380363e-18
8.0,7,3,0.05,315,27.999999999999996,0.05314054875251324,0.2125,0.2625,0.05,0.007024006678742755,0.005909641728220567,0.0011143649505221875
8.0,7,4,0.05,315,27.999999999999996,0.032397115297554055,0.075,0.1,0.025,0.0012615717821787104,0.0010730581331730002,0.00018851364900571025
8.0,7,5,0.05,315,27.999999999999996,0.044709849036739316,0.1375,0.1375,0.0,0.0036431319958822187,0.0033530195668429233,0.00029011242903929533
8.0,7,6,0.05,315,27.999999999999996,0.04165379293118967,0.15,0.15,0.0,0.004320633976061723,0.004067668647256434,0.0002529653288052885
8.0,7,7,0.05,315,27.999999999999996,0.0015080550380259352,0.0,0.0,0.0,0.0,0.0,0.0
8.0,7,0,0.1,315,27.999999999999996,0.09499285888029965,0.65,0.875,0.225,0.04969448680852996,0.0246168742940981,0.02507761251443186
8.0,7,1,0.1,315,27.999999999999996,0.06632844720338921,0.325,0.4,0.075,0.01255717878268864,0.009270537097580278,0.0032866416851083623
8.0,7,2,0.1,315,27.999999999999996,0.03984509585749907,0.1,0.1,0.0,0.001842725047364546,0.001842725047364546,0.0
8.0,7,3,0.1,315,27.999999999999996,0.07335309564788303,0.475,0.5375,0.0625,0.01986520701023551,0.013245426185255725,0.006619780824979785
8.0,7,4,0.1,315,27.999999999999996,0.05036104270604258,0.2125,0.225,0.0125,0.005536191739681444,0.004441432341613401,0.0010947593980680428
8.0,7,5,0.1,315,27.999999999999996,0.06344836691920923,0.375,0.45,0.075,0.011510832874685562,0.008374501005495664,0.003136331869189898
8.0,7,6,0.1,315,27.999999999999996,0.061055843470181184,0.3125,0.3875,0.075,0.011542331662536822,0.008732392874563871,0.0028099387879729504
8.0,7,7,0.1,315,27.999999999999996,0.003893591270297713,0.0,0.0,0.0,0.0,0.0,0.0
8.0,7,0,0.2,315,27.999999999999996,0.13795658729922958,0.9375,1.0,0.0625,0.1655902494261033,0.0590928901804792,0.10649735924562409
8.0,7,1,0.2,315,27.999999999999996,0.10748953137101036,0.7375,0.925,0.1875,0.08216319763113479,0.03459157023576094,0.04757162739537385
8.0,7,2,0.2,315,27.999999999999996,0.08020342529290299,0.525,0.65,0.125,0.023311586449420333,0.01452703677167606,0.008784549677744273
8.0,7,3,0.2,315,27.999999999999996,0.11564082450285107,0.7625,1.0,0.2375,0.10183092715086177,0.04014217021334027,0.0616887569375215
8.0,7,4,0.2,315,27.999999999999996,0.09058905041761059,0.6125,0.7875,0.175,0.04418458255045433,0.021740376822167822,0.022444205728286506
8.0,7,5,0.2,315,27.999999999999996,0.10489993126079092,0.7125,0.9375,0.225,0.07391671998747792,0.03272062480741483,0.04119609518006309
8.0,7,6,0.2,315,27.999999999999996,0.10388482600098106,0.65,0.95,0.3,0.06876779434770851,0.030649875592962905,0.0381179187547456
8.0,7,7,0.2,315,27.999999999999996,0.01554261333077181,0.05,0.05,0.0,0.0005946823893603667,0.0005946823893603667,0.0
8.0,7,0,0.35,315,27.999999999999996,0.20245658729922952,1.0,1.0,0.0,0.3498759637115124,0.12245658729922959,0.22741937641228283
8.0,7,1,0.35,315,27.999999999999996,0.17194646237847402,0.95,1.0,0.05,0.2627041782237826,0.0922210299636133,0.1704831482601693
8.0,7,2,0.35,315,27.999999999999996,0.1443369419222072,0.95,1.0,0.05,0.1838198340631513,0.06516307937847152,0.11865675468467979
8.0,7,3,0.35,315,27.999999999999996,0.18014082450285107,1.0,1.0,0.0,0.2861166414362495,0.10014082450285111,0.18597581693339837
8.0,7,4,0.35,315,27.999999999999996,0.1548884508513261,0.9625,1.0,0.0375,0.21396700243201205,0.07554669391074738,0.1384203085212647
8.0,7,5,0.35,315,27.999999999999996,0.1693020608646389,0.975,1.0,0.025,0.2551487453271232,0.0895801798552225,0.16556856547190074
8.0,7,6,0.35,315,27.999999999999996,0.16838482600098104,1.0,1.0,0.0,0.25252807428810436,0.08838482600098106,0.1641432482871233
8.0,7,7,0.35,315,27.999999999999996,0.05734917019399797,0.2875,0.375,0.0875,0.013165431812818366,0.010172622595953262,0.002992809216865105
8.0,7,0,0.5,315,27.999999999999996,0.26695658729922955,1.0,1.0,0.0,0.5341616779969253,0.1869565872992296,0.3472050906976957
8.0,7,1,0.5,315,27.999999999999996,0.23644646237847403,1.0,1.0,0.0,0.44698989250919496,0.15644646237847407,0.2905434301307209
8.0,7,2,0.5,315,27.999999999999996,0.20883694192220723,1.0,1.0,0.0,0.3681055483485616,0.1288369419222072,0.23926860642635436
8.0,7,3,0.5,315,27.999999999999996,0.24464082450285102,1.0,1.0,0.0,0.4704023557216625,0.1646408245028511,0.3057615312188114
8.0,7,4,0.5,315,27.999999999999996,0.2193884508513261,1.0,1.0,0.0,0.3982527167174234,0.13938845085132612,0.2588642658660973
8.0,7,5,0.5,315,27.999999999999996,0.2338020608646389,1.0,1.0,0.0,0.43943445961253547,0.1538020608646389,0.2856323987478966
8.0,7,6,0.5,315,27.999999999999996,0.23288482600098104,1.0,1.0,0.0,0.43681378857351727,0.15288482600098108,0.2839289625725362
8.0,7,7,0.5,315,27.999999999999996,0.11964572237616758,0.8,1.0,0.2,0.11327349250316555,0.04455329941028518,0.06872019309288038
8.0,8,0,0.0,347,28.000000000000004,0.0,0.0,0.0,0.0,0.0,0.0,0.0
8.0,8,1,0.0,347,28.000000000000004,0.0,0.0,0.0,0.0,0.0,0.0,0.0
8.0,8,2,0.0,347,28.000000000000004,0.0,0.0,0.0,0.0,0.0,0.0,0.0
8.0,8,3,0.0,347,28.000000000000004,0.0,0.0,0.0,0.0,0.0,0.0,0.0
8.0,8,4,0.0,347,28.000000000000004,0.0,0.0,0.0,0.0,0.0,0.0,0.0
8.0,8,5,0.0,347,28.000000000000004,0.0,0.0,0.0,0.0,0.0,0.0,0.0
8.0,8,6,0.0,347,28.000000000000004,0.0,0.0,0.0,0.0,0.0,0.0,0.0
8.0,8,7,0.0,347,28.000000000000004,0.0,0.0,0.0,0.0,0.0,0.0,0.0
8.0,8,0,0.05,347,28.000000000000004,0.015161424107183375,0.0625,0.0625,0.0,0.00018744805486419142,0.0001863852921214763,1.0627627427151228e-06
8.0,8,1,0.05,347,28.000000000000004,0.01740735853127187,0.075,0.075,0.0,0.0010064871259649398,0.0009748569165565888,3.163020940835095e-05
8.0,8,2,0.05,347,28.000000000000004,0.028998341979620736,0.0625,0.0625,0.0,0.0006331343613120036,0.0006262160280529004,6.918333259103219e-06
8.0,8,3,0.05,347,28.000000000000004,0.018574629681731545,0.0375,0.0375,0.0,0.00025142220790023154,0.00025142220790023154,0.0
8.0,8,4,0.05,347,28.000000000000004,0.022822694977014602,0.05,0.05,0.0,0.0005676974630777665,0.0005676974630777665,0.0
8.0,8,5,0.05,347,28.000000000000004,0.029826589687059136,0.0375,0.05,0.0125,0.0014890710510226419,0.0013943972895359479,9.467376148669399e-05
8.0,8,6,0.05,347,28.000000000000004,0.03796401897013733,0.125,0.1375,0.0125,0.003098986176661727,0.0029343679665851073,0.00016461821007661978
8.0,8,7,0.05,347,28.000000000000004,0.012270614312572271,0.0,0.0,0.0,0.0,0.0,0.0
8.0,8,0,0.1,347,28.000000000000004,0.026899254133807105,0.075,0.075,0.0,0.001471682925354612,0.0014325046599022275,3.917826545238442e-05
8.0,8,1,0.1,347,28.000000000000004,0.029264135324197978,0.1375,0.1375,0.0,0.00324895505752885,0.0029802869547043884,0.00026866810282446174
8.0,8,2,0.1,347,28.000000000000004,0.04583979683420459,0.1875,0.2125,0.025,0.003578205253650845,0.003117305230878918,0.0004609000227719269
8.0,8,3,0.1,347,28.000000000000004,0.03156388331042931,0.0875,0.0875,0.0,0.0016870258522294105,0.001581727891493188,0.00010529796073622242
8.0,8,4,0.1,347,28.000000000000004,0.036941014755769754,0.1125,0.125,0.0125,0.0026959225737369836,0.002388503296059793,0.00030741927767719045
8.0,8,5,0.1,347,28.000000000000004,0.046908712366522984,0.1875,0.2,0.0125,0.004803244179298676,0.0040872316079357774,0.0007160125713628982
8.0,8,6,0.1,347,28.000000000000004,0.055047795928632404,0.25,0.325,0.075,0.008345877153955152,0.006930116536495523,0.0014157606174596288
8.0,8,7,0.1,347,28.000000000000004,0.024655950319236848,0.0375,0.0375,0.0,0.00024997575789269944,0.00024997575789269944,0.0
8.0,8,0,0.2,347,28.000000000000004,0.05915982622223055,0.3,0.3625,0.0625,0.012485081809133169,0.009278664628241126,0.0032064171808920423
8.0,8,1,0.2,347,28.000000000000004,0.0634579263619798,0.3,0.375,0.075,0.015119275116576042,0.012038190308930732,0.0030810848076453096
8.0,8,2,0.2,347,28.000000000000004,0.08691799540834359,0.525,0.7375,0.2125,0.0349658012577087,0.019643575543172503,0.015322225714536196
8.0,8,3,0.2,347,28.000000000000004,0.06848985605513884,0.35,0.4625,0.1125,0.015630136180280575,0.011913949183156797,0.0037161869971237774
8.0,8,4,0.2,347,28.000000000000004,0.07411100044773367,0.45,0.55,0.1,0.022259406470320722,0.014706738829431711,0.007552667640889011
8.0,8,5,0.2,347,28.000000000000004,0.08828439825366284,0.55,0.775,0.225,0.036994975013126076,0.020031413394534826,0.01696356161859125
8.0,8,6,0.2,347,28.000000000000004,0.09617159729345266,0.6625,0.85,0.1875,0.05252402567424085,0.027042578637473252,0.0254814470367676
8.0,8,7,0.2,347,28.000000000000004,0.05981335453225285,0.3125,0.3125,0.0,0.00796106644733191,0.006128494337374672,0.001832572109957238
8.0,8,0,0.35,347,28.000000000000004,0.120463575834974,0.825,0.975,0.15,0.1162454234457969,0.0460383861079471,0.0702070373378498
8.0,8,1,0.35,347,28.000000000000004,0.12617075329621522,0.8625,1.0,0.1375,0.13191643798887862,0.04958787042047189,0.08232856756840673
8.0,8,2,0.35,347,28.000000000000004,0.1514179954083436,0.9875,1.0,0.0125,0.20405141545189712,0.07146867087454882,0.1325827445773483
8.0,8,3,0.35,347,28.000000000000004,0.1329898560551388,0.925,1.0,0.075,0.15139958872858986,0.05368626256728099,0.09771332616130887
8.0,8,4,0.35,347,28.000000000000004,0.13794758732870518,0.8625,1.0,0.1375,0.16556453522446288,0.05987737182037579,0.1056871634040871
8.0,8,5,0.35,347,28.000000000000004,0.15257202525652686,0.975,1.0,0.025,0.20734864358955682,0.07303046133862255,0.13431818225093428
8.0,8,6,0.35,347,28.000000000000004,0.16061930558363485,0.975,1.0,0.025,0.23034087309552112,0.08087914111236054,0.1494617319831606
8.0,8,7,0.35,347,28.000000000000004,0.1224723244301674,0.8625,0.9875,0.125,0.12175602708908585,0.04570900379611494,0.07604702329297092
8.0,8,0,0.5,347,28.000000000000004,0.184963575834974,0.975,1.0,0.025,0.2998959309563149,0.1051534083266177,0.1947425226296972
8.0,8,1,0.5,347,28.000000000000004,0.19067075329621522,1.0,1.0,0.0,0.31620215227410514,0.11067075329621517,0.20553139897788997
8.0,8,2,0.5,347,28.000000000000004,0.2159179954083436,1.0,1.0,0.0,0.3883371297371476,0.13591799540834357,0.25241913432880403
8.0,8,3,0.5,347,28.000000000000004,0.19748985605513886,1.0,1.0,0.0,0.3356853030138379,0.11748985605513881,0.2181954469586991
8.0,8,4,0.5,347,28.000000000000004,0.2024475873287052,1.0,1.0,0.0,0.34985024950970606,0.12244758732870516,0.22740266218100091
8.0,8,5,0.5,347,28.000000000000004,0.21707202525652686,1.0,1.0,0.0,0.39163435787480577,0.1370720252565268,0.254562332618279
8.0,8,6,0.5,347,28.000000000000004,0.22511930558363485,1.0,1.0,0.0,0.4146265873807708,0.14511930558363484,0.26950728179713596
8.0,8,7,0.5,347,28.000000000000004,0.18694478112232452,0.9875,1.0,0.0125,0.30555651749158813,0.10722622498080703,0.1983302925107811
8.0,9,0,0.0,319,28.0,0.0,0.0,0.0,0.0,0.0,0.0,0.0
8.0,9,1,0.0,319,28.0,0.0,0.0,0.0,0.0,0.0,0.0,0.0
8.0,9,2,0.0,319,28.0,0.0,0.0,0.0,0.0,0.0,0.0,0.0
8.0,9,3,0.0,319,28.0,0.0,0.0,0.0,0.0,0.0,0.0,0.0
8.0,9,4,0.0,319,28.0,0.0,0.0,0.0,0.0,0.0,0.0,0.0
8.0,9,5,0.0,319,28.0,0.0,0.0,0.0,0.0,0.0,0.0,0.0
8.0,9,6,0.0,319,28.0,0.0,0.0,0.0,0.0,0.0,0.0,0.0
8.0,9,7,0.0,319,28.0,0.0,0.0,0.0,0.0,0.0,0.0,0.0
8.0,9,0,0.05,319,28.0,0.04602099550249981,0.2,0.225,0.025,0.004794231298711351,0.00403167107770363,0.0007625602210077215
8.0,9,1,0.05,319,28.0,0.034377009772729845,0.1,0.1,0.0,0.0017143716863022584,0.0016500572573069237,6.431442899533469e-05
8.0,9,2,0.05,319,28.0,0.038792366135533114,0.175,0.175,0.0,0.0037534290121322283,0.003002527897600475,0.0007509011145317534
8.0,9,3,0.05,319,28.0,0.02088932547423845,0.0625,0.0625,0.0,0.001972347674639717,0.001955692433203461,1.665524143625594e-05
8.0,9,4,0.05,319,28.0,0.03003812135840586,0.025,0.025,0.0,0.0005219163271200809,0.0005219163271200809,0.0
8.0,9,5,0.05,319,28.0,0.02769417107978343,0.1125,0.1125,0.0,0.0020069844788272715,0.0016600167588772898,0.0003469677199499817
8.0,9,6,0.05,319,28.0,0.03398365963760309,0.1,0.1125,0.0125,0.0024818901038851414,0.002250474382479791,0.0002314157214053504
8.0,9,7,0.05,319,28.0,0.0021555713266371863,0.0,0.0,0.0,0.0,0.0,0.0
8.0,9,0,0.1,319,28.0,0.0651877941651575,0.3375,0.425,0.0875,0.013393540777243473,0.009770162641361404,0.0036233781358820695
8.0,9,1,0.1,319,28.0,0.05304621352086974,0.2,0.2375,0.0375,0.006216839150008571,0.005291262072814958,0.000925577077193613
8.0,9,2,0.1,319,28.0,0.0577329246891385,0.2875,0.3125,0.025,0.010289138122018033,0.007804613604375163,0.0024845245176428696
8.0,9,3,0.1,319,28.0,0.03517300318136838,0.075,0.075,0.0,0.0037486953208928264,0.0036860119076435644,6.268341324926208e-05
8.0,9,4,0.1,319,28.0,0.046851938441501643,0.175,0.175,0.0,0.00253575031796873,0.002340762929141194,0.00019498738882753634
8.0,9,5,0.1,319,28.0,0.04160279820510188,0.225,0.225,0.0,0.006049697420941576,0.004912624418942769,0.0011370730019988062
8.0,9,6,0.1,319,28.0,0.05205245075974087,0.2625,0.3,0.0375,0.006456382698791258,0.005347736878399575,0.0011086458203916827
8.0,9,7,0.1,319,28.0,0.006186344636928947,0.0,0.0,0.0,0.0,0.0,0.0
8.0,9,0,0.2,319,28.0,0.10519561447741277,0.7625,0.925,0.1625,0.07840049527250713,0.03371956738067245,0.04468092789183468
8.0,9,1,0.2,319,28.0,0.09514562664033521,0.6625,0.8875,0.225,0.04898251920513436,0.02342996528204322,0.025552553923091144
8.0,9,2,0.2,319,28.0,0.09965219565947038,0.65,0.9125,0.2625,0.06050449656336513,0.027377601280566828,0.0331268952827983
8.0,9,3,0.2,319,28.0,0.0710466998436093,0.4,0.5375,0.1375,0.019005996355493642,0.013288904895311423,0.005717091460182219
8.0,9,4,0.2,319,28.0,0.08627531523574956,0.575,0.775,0.2,0.0364278214909753,0.01988842302668098,0.016539398464294322
8.0,9,5,0.2,319,28.0,0.07712846775634659,0.5,0.625,0.125,0.03251104868489999,0.019300750345585014,0.013210298339314978
8.0,9,6,0.2,319,28.0,0.09289142476029344,0.6375,0.825,0.1875,0.0471450221661986,0.02308390672389257,0.02406111544230603
8.0,9,7,0.2,319,28.0,0.027038786732442345,0.1125,0.1125,0.0,0.0004662132767224109,0.00044507190959994843,2.1141367122462496e-05
8.0,9,0,0.35,319,28.0,0.1696867920283305,0.9625,1.0,0.0375,0.2562479772231604,0.09057010872267071,0.16567786850048968
8.0,9,1,0.35,319,28.0,0.1596456266403352,0.9875,1.0,0.0125,0.22755893325752852,0.07971796283199785,0.14784097042553068
8.0,9,2,0.35,319,28.0,0.1640248814472445,0.9875,1.0,0.0125,0.2400710898486673,0.08428380473082465,0.15578728511784262
8.0,9,3,0.35,319,28.0,0.13398653969469726,0.85,1.0,0.15,0.15424725627019373,0.05702026885429783,0.09722698741589589
8.0,9,4,0.35,319,28.0,0.15066047298436405,0.95,1.0,0.05,0.2018870656691063,0.0712982780832118,0.13058878758589448
8.0,9,5,0.35,319,28.0,0.14046549857798193,0.875,1.0,0.125,0.17275856736524156,0.06338862317102022,0.10936994419422134
8.0,9,6,0.35,319,28.0,0.15723037477273447,0.9625,1.0,0.0375,0.22065821363583168,0.07785955323261175,0.14279866040321992
8.0,9,7,0.35,319,28.0,0.08093948186696993,0.525,0.6625,0.1375,0.030647359824931577,0.018039444428367767,0.01260791539656381
8.0,9,0,0.5,319,28.0,0.23418679202833048,1.0,1.0,0.0,0.44053369150840765,0.15418679202833058,0.2863468994800771
8.0,9,1,0.5,319,28.0,0.2241456266403352,1.0,1.0,0.0,0.41184464754277894,0.1441456266403352,0.26769902090244374
8.0,9,2,0.5,319,28.0,0.22852488144724448,1.0,1.0,0.0,0.424356804133917,0.14852488144724457,0.27583192268667245
8.0,9,3,0.5,319,28.0,0.19848653969469723,1.0,1.0,0.0,0.3385329705554264,0.11848653969469732,0.22004643086072911
8.0,9,4,0.5,319,28.0,0.21516047298436405,1.0,1.0,0.0,0.3861727799543546,0.1351604729843641,0.25101230696999055
8.0,9,5,0.5,319,28.0,0.2049654985779819,1.0,1.0,0.0,0.35704428165047897,0.12496549857798198,0.232078783072497
8.0,9,6,0.5,319,28.0,0.22173037477273447,1.0,1.0,0.0,0.4049439279210799,0.1417303747727345,0.2632135531483454
8.0,9,7,0.5,319,28.0,0.1442484898228741,0.9375,1.0,0.0625,0.1835671137791861,0.06618230258114034,0.11738481119804577
8.0,10,0,0.0,335,27.999999999999993,0.0,0.0,0.0,0.0,0.0,0.0,0.0
8.0,10,1,0.0,335,27.999999999999993,0.0,0.0,0.0,0.0,0.0,0.0,0.0
8.0,10,2,0.0,335,27.999999999999993,0.0,0.0,0.0,0.0,0.0,0.0,0.0
8.0,10,3,0.0,335,27.999999999999993,0.0,0.0,0.0,0.0,0.0,0.0,0.0
8.0,10,4,0.0,335,27.999999999999993,0.0,0.0,0.0,0.0,0.0,0.0,0.0
8.0,10,5,0.0,335,27.999999999999993,0.0,0.0,0.0,0.0,0.0,0.0,0.0
8.0,10,6,0.0,335,27.999999999999993,0.0,0.0,0.0,0.0,0.0,0.0,0.0
8.0,10,7,0.0,335,27.999999999999993,0.0,0.0,0.0,0.0,0.0,0.0,0.0
8.0,10,0,0.05,335,27.999999999999993,0.03607346191682668,0.0625,0.0625,0.0,0.0025403255035674065,0.0025230071507525804,1.7318352814826073e-05
8.0,10,1,0.05,335,27.999999999999993,0.05183913403012057,0.1875,0.2375,0.05,0.006253905003560338,0.005371753169337627,0.0008821518342227112
8.0,10,2,0.05,335,27.999999999999993,0.0680588053939368,0.35,0.4625,0.1125,0.017256031263023927,0.011915644758647087,0.00534038650437684
8.0,10,3,0.05,335,27.999999999999993,0.03596420116612285,0.1125,0.125,0.0125,0.0017352588638470696,0.0016892377947892447,4.602106905782482e-05
8.0,10,4,0.05,335,27.999999999999993,0.0010823244356404486,0.0,0.0,0.0,0.0,0.0,0.0
8.0,10,5,0.05,335,27.999999999999993,0.02974326787772378,0.0625,0.0625,0.0,0.0005291390387326845,0.0004808030596862384,4.8335979046446064e-05
8.0,10,6,0.05,335,27.999999999999993,0.00125573279574338,0.0,0.0,0.0,0.0,0.0,0.0
8.0,10,7,0.05,335,27.999999999999993,0.013649070733554156,0.025,0.025,0.0,0.0003314475569087636,0.0003314475569087636,0.0
8.0,10,0,0.1,335,27.999999999999993,0.05392728889309464,0.2,0.2375,0.0375,0.007235109832167249,0.005886249426591138,0.0013488604055761112
8.0,10,1,0.1,335,27.999999999999993,0.07188026007160345,0.4125,0.5375,0.125,0.017843841120818438,0.012226272215773132,0.005617568905045306
8.0,10,2,0.1,335,27.999999999999993,0.08870115275197306,0.5625,0.7625,0.2,0.04096033857123794,0.021514355996454734,0.019445982574783204
8.0,10,3,0.1,335,27.999999999999993,0.05434885004263908,0.275,0.3125,0.0375,0.006756894829069707,0.005531987110486764,0.001224907718582943
8.0,10,4,0.1,335,27.999999999999993,0.002839563535353291,0.0,0.0,0.0,0.0,0.0,0.0
8.0,10,5,0.1,335,27.999999999999993,0.04634536159445578,0.2,0.225,0.025,0.0051683357519025815,0.0038185899636771323,0.0013497457882254492
8.0,10,6,0.1,335,27.999999999999993,0.0038108680291730375,0.0,0.0,0.0,0.0,0.0,0.0
8.0,10,7,0.1,335,27.999999999999993,0.024987837145474166,0.025,0.025,0.0,0.0006630384024476118,0.0006630384024476118,0.0
8.0,10,0,0.2,335,27.999999999999993,0.09489243823603569,0.65,0.825,0.175,0.051312735895465145,0.024842883777510538,0.026469852117954606
8.0,10,1,0.2,335,27.999999999999993,0.11437550660054714,0.775,0.975,0.2,0.09900789353916162,0.038767039682585325,0.06024085385657629
8.0,10,2,0.2,335,27.999999999999993,0.13120789022370843,0.875,1.0,0.125,0.14630825778179493,0.05414638041845652,0.09216187736333842
8.0,10,3,0.2,335,27.999999999999993,0.09625094470681875,0.6625,0.8625,0.2,0.05167966641310815,0.024578719024673908,0.027100947388434243
8.0,10,4,0.2,335,27.999999999999993,0.014582306269371926,0.0375,0.0375,0.0,0.00033154318443122946,0.00033154318443122946,0.0
8.0,10,5,0.2,335,27.999999999999993,0.0858240265244559,0.575,0.75,0.175,0.037927562860227006,0.019793221181964787,0.01813434167826222
8.0,10,6,0.2,335,27.999999999999993,0.01906684902746661,0.05,0.05,0.0,0.00019115870821265072,0.00019115870821265072,0.0
8.0,10,7,0.2,335,27.999999999999993,0.05975416368284381,0.325,0.3625,0.0375,0.00959998376208004,0.007455580811786834,0.002144402950293207
8.0,10,0,0.35,335,27.999999999999993,0.15938512744885086,0.975,1.0,0.025,0.22681464985348915,0.0795052182224355,0.14730943163105364
8.0,10,1,0.35,335,27.999999999999993,0.17871992688402313,0.9875,1.0,0.0125,0.2820569339538913,0.09899812254529623,0.1830588114085951
8.0,10,2,0.35,335,27.999999999999993,0.19570789022370838,1.0,1.0,0.0,0.3305939720671977,0.1157078902237084,0.21488608184348928
8.0,10,3,0.35,335,27.999999999999993,0.16036160891279128,0.975,1.0,0.025,0.22960459689331558,0.08096478121218893,0.14863981568112666
8.0,10,4,0.35,335,27.999999999999993,0.06438177432368755,0.3625,0.4625,0.1,0.011455928869535701,0.007857749179268647,0.0035981796902670535
8.0,10,5,0.35,335,27.999999999999993,0.14997787877289642,0.95,1.0,0.05,0.19993679649366508,0.07074896822621846,0.12918782826744662
8.0,10,6,0.35,335,27.999999999999993,0.07322505871577842,0.45,0.5375,0.0875,0.01675198093024426,0.011506443660934316,0.005245537269309944
8.0,10,7,0.35,335,27.999999999999993,0.12226193469760423,0.85,0.975,0.125,0.1215563223329169,0.04563563703748366,0.07592068529543324
8.0,10,0,0.5,335,27.999999999999993,0.22388512744885086,1.0,1.0,0.0,0.41110036413890183,0.1438851274488509,0.26721523669005093
8.0,10,1,0.5,335,27.999999999999993,0.24321992688402316,1.0,1.0,0.0,0.46634264823930366,0.16321992688402312,0.3031227213552805
8.0,10,2,0.5,335,27.999999999999993,0.2602078902237084,1.0,1.0,0.0,0.5148796863526107,0.18020789022370842,0.3346717961289023
8.0,10,3,0.5,335,27.999999999999993,0.22486160891279133,1.0,1.0,0.0,0.413890311178727,0.14486160891279132,0.26902870226593567
8.0,10,4,0.5,335,27.999999999999993,0.12705879505830203,0.9,1.0,0.1,0.1344537001663733,0.05080676849664565,0.08364693166972767
8.0,10,5,0.5,335,27.999999999999993,0.21447787877289642,1.0,1.0,0.0,0.38422251077907593,0.13447787877289644,0.2497446320061795
8.0,10,6,0.5,335,27.999999999999993,0.13756080316129307,0.925,1.0,0.075,0.16445943760342838,0.058672857643511725,0.10578657995991665
8.0,10,7,0.5,335,27.999999999999993,0.1865055648735913,0.975,1.0,0.025,0.30430161392405036,0.10701863502558033,0.19728297889847002
8.0,11,0,0.0,338,28.0,0.0,0.0,0.0,0.0,0.0,0.0,0.0
8.0,11,1,0.0,338,28.0,0.0,0.0,0.0,0.0,0.0,0.0,0.0
8.0,11,2,0.0,338,28.0,0.0,0.0,0.0,0.0,0.0,0.0,0.0
8.0,11,3,0.0,338,28.0,0.0,0.0,0.0,0.0,0.0,0.0,0.0
8.0,11,4,0.0,338,28.0,0.0,0.0,0.0,0.0,0.0,0.0,0.0
8.0,11,5,0.0,338,28.0,0.0,0.0,0.0,0.0,0.0,0.0,0.0
8.0,11,6,0.0,338,28.0,0.0,0.0,0.0,0.0,0.0,0.0,0.0
8.0,11,7,0.0,338,28.0,0.0,0.0,0.0,0.0,0.0,0.0,0.0
8.0,11,0,0.05,338,28.0,0.013850725639470051,0.025,0.025,0.0,0.0003754840752522331,0.0003754840752522331,0.0
8.0,11,1,0.05,338,28.0,0.053172640668634405,0.2625,0.275,0.0125,0.006651701386310742,0.005863130382198402,0.0007885710041123407
8.0,11,2,0.05,338,28.0,0.020695297456451423,0.0125,0.0125,0.0,0.0005862809803128116,0.0005862809803128116,0.0
8.0,11,3,0.05,338,28.0,0.02324047732323213,0.0375,0.0375,0.0,0.00024785241168876756,0.00024785241168876756,0.0
8.0,11,4,0.05,338,28.0,0.05786061635506882,0.2875,0.3375,0.05,0.006969213145269247,0.005506194039662816,0.001463019105606431
8.0,11,5,0.05,338,28.0,0.09293582858854375,0.65,0.8625,0.2125,0.045029864092357555,0.022522098752542675,0.02250776533981488
8.0,11,6,0.05,338,28.0,0.04418536824191368,0.15,0.1625,0.0125,0.003293611579847941,0.002858560237763686,0.0004350513420842551
8.0,11,7,0.05,338,28.0,0.03804503531383647,0.15,0.1625,0.0125,0.0033886453575766007,0.0031503187826072317,0.00023832657496936907
8.0,11,0,0.1,338,28.0,0.02715217999609947,0.05,0.0625,0.0125,0.0011294866309213489,0.0010940484609472405,3.5438169974108405e-05
8.0,11,1,0.1,338,28.0,0.0732801766976921,0.4375,0.6125,0.175,0.019165469928490952,0.012516287640056887,0.006649182288434065
8.0,11,2,0.1,338,28.0,0.03522294677374408,0.075,0.1,0.025,0.001471108259637783,0.0013644041071002033,0.00010670415253757957
8.0,11,3,0.1,338,28.0,0.039583306026977974,0.1125,0.125,0.0125,0.0017040253180349407,0.0015976415924967983,0.00010638372553814241
8.0,11,4,0.1,338,28.0,0.07820098108514713,0.4625,0.625,0.1625,0.02253851909773568,0.014200844831905967,0.008337674265829714
8.0,11,5,0.1,338,28.0,0.11443582858854376,0.8375,1.0,0.1625,0.09838808168141645,0.03814000621268576,0.06024807546873069
8.0,11,6,0.1,338,28.0,0.06274984006565318,0.3375,0.375,0.0375,0.010019563586567592,0.007624851143206347,0.0023947124433612446
8.0,11,7,0.1,338,28.0,0.057320332689396195,0.275,0.275,0.0,0.00980120534287482,0.008035815933824833,0.0017653894090499857
8.0,11,0,0.2,338,28.0,0.0643826032227105,0.3,0.4,0.1,0.010367461860852798,0.007657111568772329,0.0027103502920804694
8.0,11,1,0.2,338,28.0,0.11613048168690247,0.825,1.0,0.175,0.1032299476767068,0.040108777486121294,0.06312117019058551
8.0,11,2,0.2,338,28.0,0.07275653411262892,0.5375,0.6125,0.075,0.02162930422826171,0.012588660731572334,0.009040643496689376
8.0,11,3,0.2,338,28.0,0.07974095893220087,0.5375,0.625,0.0875,0.02377447676765464,0.014141739147204837,0.009632737620449803
8.0,11,4,0.2,338,28.0,0.12071182619070124,0.825,1.0,0.175,0.11631950340183182,0.043972547411456994,0.07234695599037483
8.0,11,5,0.2,338,28.0,0.15743582858854377,0.9875,1.0,0.0125,0.22124522453833498,0.07752158238903016,0.14372364214930483
8.0,11,6,0.2,338,28.0,0.10502770027161257,0.8,0.9375,0.1375,0.0744674404326124,0.03146563948080776,0.04300180095180464
8.0,11,7,0.2,338,28.0,0.09872880473344117,0.6375,0.925,0.2875,0.05886171635850153,0.026640022247060795,0.032221694111440734
8.0,11,0,0.35,338,28.0,0.12802356491489275,0.9,1.0,0.1,0.13721018547090583,0.04983693552551265,0.08737324994539317
8.0,11,1,0.35,338,28.0,0.1806304816869025,1.0,1.0,0.0,0.2875156619621083,0.10063048168690249,0.18688518027520584
8.0,11,2,0.35,338,28.0,0.13647923480695973,0.925,1.0,0.075,0.16136924230534017,0.05809742460369943,0.10327181770164073
8.0,11,3,0.35,338,28.0,0.14424095893220085,0.975,1.0,0.025,0.18354559694884548,0.06434571414567866,0.11919988280316682
8.0,11,4,0.35,338,28.0,0.1852118261907012,0.9875,1.0,0.0125,0.30060521768722637,0.10523608007889514,0.19536913760833124
8.0,11,5,0.35,338,28.0,0.22193582858854377,1.0,1.0,0.0,0.40553093882374763,0.14193582858854373,0.2635951102352039
8.0,11,6,0.35,338,28.0,0.16952770027161254,0.9875,1.0,0.0125,0.25579342934704646,0.08962967647024007,0.1661637528768064
8.0,11,7,0.35,338,28.0,0.16262768236614025,0.975,1.0,0.025,0.23607909247430264,0.08355238654039868,0.15252670593390397
8.0,11,0,0.5,338,28.0,0.19252356491489273,0.9875,1.0,0.0125,0.3214958997563109,0.1125759892435066,0.20891991051280429
8.0,11,1,0.5,338,28.0,0.24513048168690252,1.0,1.0,0.0,0.4718013762475214,0.16513048168690245,0.3066708945606189
8.0,11,2,0.5,338,28.0,0.20097923480695973,1.0,1.0,0.0,0.34565495659074824,0.12097923480695971,0.22467572178378853
8.0,11,3,0.5,338,28.0,0.2087409589322009,1.0,1.0,0.0,0.3678313112342582,0.12874095893220086,0.23909035230205736
8.0,11,4,0.5,338,28.0,0.24971182619070126,1.0,1.0,0.0,0.48489093197263927,0.16971182619070121,0.3151791057819381
8.0,11,5,0.5,338,28.0,0.2864358285885437,1.0,1.0,0.0,0.5898166531091606,0.20643582858854373,0.38338082452061695
8.0,11,6,0.5,338,28.0,0.23402770027161254,1.0,1.0,0.0,0.44007914363245915,0.15402770027161256,0.2860514433608466
8.0,11,7,0.5,338,28.0,0.22712768236614025,1.0,1.0,0.0,0.4203648067597133,0.1471276823661402,0.2732371243935731
8.0,12,0,0.0,345,28.000000000000004,0.0,0.0,0.0,0.0,0.0,0.0,0.0
8.0,12,1,0.0,345,28.000000000000004,0.0,0.0,0.0,0.0,0.0,0.0,0.0
8.0,12,2,0.0,345,28.000000000000004,0.0,0.0,0.0,0.0,0.0,0.0,0.0
8.0,12,3,0.0,345,28.000000000000004,0.0,0.0,0.0,0.0,0.0,0.0,0.0
8.0,12,4,0.0,345,28.000000000000004,0.0,0.0,0.0,0.0,0.0,0.0,0.0
8.0,12,5,0.0,345,28.000000000000004,0.0,0.0,0.0,0.0,0.0,0.0,0.0
8.0,12,6,0.0,345,28.000000000000004,0.0,0.0,0.0,0.0,0.0,0.0,0.0
8.0,12,7,0.0,345,28.000000000000004,0.0,0.0,0.0,0.0,0.0,0.0,0.0
8.0,12,0,0.05,345,28.000000000000004,0.02706963954843126,0.0375,0.0375,0.0,0.0003714851456933461,0.0003714851456933461,0.0
8.0,12,1,0.05,345,28.000000000000004,0.04985010426342196,0.2375,0.2625,0.025,0.004143393260208096,0.0035594267331169323,0.0005839665270911637
8.0,12,2,0.05,345,28.000000000000004,0.009832225146113123,0.0125,0.0125,0.0,8.489578539499078e-05,8.489578539499078e-05,0.0
8.0,12,3,0.05,345,28.000000000000004,0.030925502418325507,0.1125,0.1375,0.025,0.0024979064036902577,0.002256787568339038,0.00024111883535121986
8.0,12,4,0.05,345,28.000000000000004,0.03039283158103657,0.1125,0.1125,0.0,0.003048010063285865,0.002744405410965355,0.00030360465232050996
8.0,12,5,0.05,345,28.000000000000004,0.029775112941022346,0.075,0.075,0.0,0.0007967645738209154,0.0007532918515517905,4.3472722269124954e-05
8.0,12,6,0.05,345,28.000000000000004,0.032216611338934095,0.1125,0.1125,0.0,0.0020052934052623007,0.0016877228019861646,0.00031757060327613617
8.0,12,7,0.05,345,28.000000000000004,0.020605464704213833,0.0375,0.0375,0.0,0.0005159293897251377,0.0005159293897251405,-2.8189256484623115e-18
8.0,12,0,0.1,345,28.000000000000004,0.04123069696275583,0.2,0.2375,0.0375,0.003213250171385118,0.0028251535634257747,0.0003880966079593431
8.0,12,1,0.1,345,28.000000000000004,0.06959292820490685,0.425,0.4875,0.0625,0.01343138436722058,0.0096020175639053,0.0038293668033152796
8.0,12,2,0.1,345,28.000000000000004,0.019074376370256253,0.025,0.025,0.0,0.0003468816630155496,0.00034688166301555094,-1.3552527156068805e-18
8.0,12,3,0.1,345,28.000000000000004,0.047379780071586164,0.25,0.2625,0.0125,0.007481033271106244,0.006373361192431772,0.001107672078674472
8.0,12,4,0.1,345,28.000000000000004,0.047123569766984605,0.175,0.2,0.025,0.006393376330172479,0.005701629806818868,0.0006917465233536105
8.0,12,5,0.1,345,28.000000000000004,0.045908866898212886,0.225,0.25,0.025,0.0039057019939575696,0.0031417622121376484,0.0007639397818199212
8.0,12,6,0.1,345,28.000000000000004,0.04842913268641622,0.25,0.3,0.05,0.007884938098455436,0.005704397776278891,0.002180540322176545
8.0,12,7,0.1,345,28.000000000000004,0.03545781297320028,0.125,0.125,0.0,0.0023711986292825316,0.0022259799210105255,0.00014521870827200606
8.0,12,0,0.2,345,28.000000000000004,0.07861609952101567,0.5375,0.65,0.1125,0.02927318239057083,0.018124169103093536,0.011149013287477295
8.0,12,1,0.2,345,28.000000000000004,0.11125522509646167,0.8625,0.9875,0.125,0.09167390272560705,0.03641525568826922,0.05525864703733783
8.0,12,2,0.2,345,28.000000000000004,0.05190370024778123,0.2,0.2625,0.0625,0.006371567980200035,0.0053680692734987285,0.0010034987067013062
8.0,12,3,0.2,345,28.000000000000004,0.08548461535721713,0.525,0.7625,0.2375,0.038209966751798406,0.021750593208491348,0.01645937354330706
8.0,12,4,0.2,345,28.000000000000004,0.08531966297129076,0.55,0.675,0.125,0.038458535666491704,0.02089756335511522,0.017560972311376485
8.0,12,5,0.2,345,28.000000000000004,0.08489593347089265,0.6,0.75,0.15,0.0363441156957836,0.02004836054511696,0.01629575515066664
8.0,12,6,0.2,345,28.000000000000004,0.08911478581003518,0.525,0.775,0.25,0.04289111082047978,0.022639761133480027,0.02025134968699975
8.0,12,7,0.2,345,28.000000000000004,0.07498555765915282,0.4125,0.525,0.1125,0.020173342297613396,0.013069189835689507,0.007104152461923889
8.0,12,0,0.35,345,28.000000000000004,0.14252904896733168,0.9,1.0,0.1,0.1786544256205049,0.0639394450062815,0.1147149806142234
8.0,12,1,0.35,345,28.000000000000004,0.17568976887126414,0.9875,1.0,0.0125,0.2733993396314972,0.09612510994554928,0.17727422968594791
8.0,12,2,0.35,345,28.000000000000004,0.11330015967221156,0.8375,0.975,0.1375,0.09594816994874908,0.03855943099779579,0.05738873895095329
8.0,12,3,0.35,345,28.000000000000004,0.14838172261889085,0.925,1.0,0.075,0.1953763503392131,0.07137834220599197,0.12399800813322114
8.0,12,4,0.35,345,28.000000000000004,0.1496026373704971,0.925,1.0,0.075,0.19886467820092443,0.07074439973417446,0.12812027846674998
8.0,12,5,0.35,345,28.000000000000004,0.14836201148158787,0.9625,1.0,0.0375,0.19532003280405352,0.07014429003812535,0.1251757427659282
8.0,12,6,0.35,345,28.000000000000004,0.15350702092550533,0.9875,1.0,0.0125,0.21002005978663127,0.07386655332949758,0.1361535064571337
8.0,12,7,0.35,345,28.000000000000004,0.1393621276430241,0.9375,1.0,0.0625,0.16960607897964408,0.059849784527914514,0.10975629445172957
8.0,12,0,0.5,345,28.000000000000004,0.20702904896733165,1.0,1.0,0.0,0.3629401399057491,0.12702904896733172,0.23591109093841736
8.0,12,1,0.5,345,28.000000000000004,0.24018976887126414,1.0,1.0,0.0,0.45768505391674624,0.16018976887126413,0.2974952850454821
8.0,12,2,0.5,345,28.000000000000004,0.1776904974667241,0.9875,1.0,0.0125,0.2791157070470819,0.0979050844810428,0.1812106225660391
8.0,12,3,0.5,345,28.000000000000004,0.21288172261889088,0.9875,1.0,0.0125,0.3796620646244477,0.13294095601880004,0.24672110860564764
8.0,12,4,0.5,345,28.000000000000004,0.21410263737049706,1.0,1.0,0.0,0.3831503924861707,0.13410263737049707,0.24904775511567365
8.0,12,5,0.5,345,28.000000000000004,0.21286201148158787,0.9875,1.0,0.0125,0.37960574708929623,0.132868542388807,0.24673720470048924
8.0,12,6,0.5,345,28.000000000000004,0.21800702092550536,1.0,1.0,0.0,0.39430577407188055,0.1380070209255054,0.2562987531463752
8.0,12,7,0.5,345,28.000000000000004,0.2038621276430241,1.0,1.0,0.0,0.3538917932648929,0.1238621276430241,0.2300296656218688
8.0,13,0,0.0,319,28.0,0.0,0.0,0.0,0.0,0.0,0.0,0.0
8.0,13,1,0.0,319,28.0,0.0,0.0,0.0,0.0,0.0,0.0,0.0
8.0,13,2,0.0,319,28.0,0.0,0.0,0.0,0.0,0.0,0.0,0.0
8.0,13,3,0.0,319,28.0,0.0,0.0,0.0,0.0,0.0,0.0,0.0
8.0,13,4,0.0,319,28.0,0.0,0.0,0.0,0.0,0.0,0.0,0.0
8.0,13,5,0.0,319,28.0,0.0,0.0,0.0,0.0,0.0,0.0,0.0
8.0,13,6,0.0,319,28.0,0.0,0.0,0.0,0.0,0.0,0.0,0.0
8.0,13,7,0.0,319,28.0,0.0,0.0,0.0,0.0,0.0,0.0,0.0
8.0,13,0,0.05,319,28.0,0.033604502916977724,0.1,0.1,0.0,0.0013058401093019852,0.0012904019154816855,1.543819382029965e-05
8.0,13,1,0.05,319,28.0,0.08611663625611878,0.55,0.6875,0.1375,0.03319625682693304,0.019774942935488295,0.013421313891444749
8.0,13,2,0.05,319,28.0,0.024148067121649578,0.0375,0.0375,0.0,0.0007714669745113769,0.0007714669745113769,0.0
8.0,13,3,0.05,319,28.0,0.01833287884323183,0.0375,0.0375,0.0,0.00013541383098186898,0.00013541383098186898,0.0
8.0,13,4,0.05,319,28.0,0.015358580780650189,0.0375,0.0375,0.0,5.6798059555096546e-05,5.6798059555096546e-05,0.0
8.0,13,5,0.05,319,28.0,0.0580707678383016,0.275,0.3125,0.0375,0.010327438516756427,0.008101683230529644,0.002225755286226783
8.0,13,6,0.05,319,28.0,0.020731424034912023,0.0875,0.0875,0.0,0.0023705107090324132,0.002251635964260781,0.0001188747447716321
8.0,13,7,0.05,319,28.0,0.05819537188722772,0.3375,0.3625,0.025,0.01001470333682457,0.007669380482805742,0.0023453228540188274
8.0,13,0,0.1,319,28.0,0.052210091521439475,0.25,0.275,0.025,0.005472296405833068,0.004415241334688567,0.0010570550711445012
8.0,13,1,0.1,319,28.0,0.10748862679967797,0.7,0.9875,0.2875,0.07871266709923978,0.032520454390976276,0.04619221270826351
8.0,13,2,0.1,319,28.0,0.03907739913226706,0.1375,0.1375,0.0,0.002891662701616254,0.002739818586655168,0.00015184411496108616
8.0,13,3,0.1,319,28.0,0.03224472606740225,0.125,0.125,0.0,0.0017963796637834827,0.0015899485463236921,0.00020643111745979057
8.0,13,4,0.1,319,28.0,0.02906030221871454,0.075,0.075,0.0,0.0010684641327033985,0.0010006573470950602,6.780678560833826e-05
8.0,13,5,0.1,319,28.0,0.07797844056000953,0.425,0.6125,0.1875,0.0277494560458473,0.01643110392655295,0.011318352119294349
8.0,13,6,0.1,319,28.0,0.03500959537263959,0.1125,0.1125,0.0,0.004965409060561963,0.004535000146956918,0.0004304089136050451
8.0,13,7,0.1,319,28.0,0.07922509257972823,0.5,0.6875,0.1875,0.0250714469528725,0.015697463416250026,0.009373983536622475
8.0,13,0,0.2,319,28.0,0.09338074424190412,0.6375,0.875,0.2375,0.046679573117520544,0.022203049208150583,0.02447652390936996
8.0,13,1,0.2,319,28.0,0.15048862679967795,0.975,1.0,0.025,0.20139607657017985,0.07076353819545175,0.1306325383747281
8.0,13,2,0.2,319,28.0,0.0770904844816572,0.4375,0.575,0.1375,0.02543859719660965,0.01605574647092837,0.00938285072568128
8.0,13,3,0.2,319,28.0,0.0687450237525152,0.4,0.5,0.1,0.016649180479826987,0.011145898555642648,0.005503281924184339
8.0,13,4,0.2,319,28.0,0.06615732579728194,0.3625,0.4125,0.05,0.0115771365507673,0.008897800933618364,0.002679335617148936
8.0,13,5,0.2,319,28.0,0.12078144156685236,0.8,1.0,0.2,0.11651840447654346,0.04446826128466733,0.07205014319187614
8.0,13,6,0.2,319,28.0,0.07269463681111359,0.325,0.525,0.2,0.020515202399824923,0.013897748135164966,0.006617454264659957
8.0,13,7,0.2,319,28.0,0.12221996358206524,0.8875,1.0,0.1125,0.1206284673771388,0.044333309990511785,0.07629515738662701
8.0,13,0,0.35,319,28.0,0.15732641165716446,0.9625,1.0,0.0375,0.22093260473439685,0.07821965505837923,0.1427129496760176
8.0,13,1,0.35,319,28.0,0.21498862679967795,1.0,1.0,0.0,0.3856817908555921,0.134988626799678,0.25069316405591413
8.0,13,2,0.35,319,28.0,0.14108187967832708,0.925,1.0,0.075,0.1745196562235105,0.06251092011960706,0.11200873610390345
8.0,13,3,0.35,319,28.0,0.13225867493853202,0.8875,1.0,0.1125,0.1493104998241422,0.05462489318186451,0.09468560664227771
8.0,13,4,0.35,319,28.0,0.12850873110833996,0.9,0.9875,0.0875,0.13876981189530077,0.05162200007881538,0.0871478118164854
8.0,13,5,0.35,319,28.0,0.18528144156685236,1.0,1.0,0.0,0.3008041187619435,0.10528144156685237,0.19552267719509114
8.0,13,6,0.35,319,28.0,0.13683306798416747,0.95,1.0,0.05,0.1623801942402157,0.057660659179991844,0.10471953506022384
8.0,13,7,0.35,319,28.0,0.18671996358206522,1.0,1.0,0.0,0.30491418166254486,0.10671996358206523,0.19819421808047963
8.0,13,0,0.5,319,28.0,0.22182641165716452,1.0,1.0,0.0,0.40521831901980737,0.1418264116571645,0.26339190736264284
8.0,13,1,0.5,319,28.0,0.279488626799678,1.0,1.0,0.0,0.569967505141005,0.199488626799678,0.37047887834132703
8.0,13,2,0.5,319,28.0,0.20558187967832714,1.0,1.0,0.0,0.3588053705089193,0.1255818796783271,0.2332234908305922
8.0,13,3,0.5,319,28.0,0.19675867493853208,0.9875,1.0,0.0125,0.3335962141095465,0.11693227586905815,0.21666393824048835
8.0,13,4,0.5,319,28.0,0.19261942918953678,0.9875,1.0,0.0125,0.32176979768386654,0.11334172231403691,0.20842807536982963
8.0,13,5,0.5,319,28.0,0.24978144156685236,1.0,1.0,0.0,0.4850898330473564,0.16978144156685238,0.31530839148050405
8.0,13,6,0.5,319,28.0,0.20133306798416747,1.0,1.0,0.0,0.34666590852562595,0.12133306798416746,0.2253328405414585
8.0,13,7,0.5,319,28.0,0.2512199635820652,1.0,1.0,0.0,0.4891998959479579,0.17121996358206523,0.3179799323658926
8.0,14,0,0.0,320,27.999999999999996,0.0,0.0,0.0,0.0,0.0,0.0,0.0
8.0,14,1,0.0,320,27.999999999999996,0.0,0.0,0.0,0.0,0.0,0.0,0.0
8.0,14,2,0.0,320,27.999999999999996,0.0,0.0,0.0,0.0,0.0,0.0,0.0
8.0,14,3,0.0,320,27.999999999999996,0.0,0.0,0.0,0.0,0.0,0.0,0.0
8.0,14,4,0.0,320,27.999999999999996,0.0,0.0,0.0,0.0,0.0,0.0,0.0
8.0,14,5,0.0,320,27.999999999999996,0.0,0.0,0.0,0.0,0.0,0.0,0.0
8.0,14,6,0.0,320,27.999999999999996,0.0,0.0,0.0,0.0,0.0,0.0,0.0
8.0,14,7,0.0,320,27.999999999999996,0.0,0.0,0.0,0.0,0.0,0.0,0.0
8.0,14,0,0.05,320,27.999999999999996,0.05616041527348707,0.2625,0.3375,0.075,0.00622308300424856,0.00504227417015836,0.0011808088340901999
8.0,14,1,0.05,320,27.999999999999996,0.024259487547408243,0.025,0.025,0.0,0.0005607202063413615,0.0005607202063413559,5.637851296924623e-18
8.0,14,2,0.05,320,27.999999999999996,0.02210865189918343,0.0625,0.0625,0.0,0.0007283256738283395,0.0007092634234125886,1.906225041575088e-05
8.0,14,3,0.05,320,27.999999999999996,0.05518497274893597,0.2375,0.325,0.0875,0.007967606329115319,0.006528666694890483,0.001438939634224836
8.0,14,4,0.05,320,27.999999999999996,0.025468187813837705,0.075,0.075,0.0,0.0010070343167836366,0.0009836492907739068,2.338502600972986e-05
8.0,14,5,0.05,320,27.999999999999996,0.05949839677176836,0.2875,0.375,0.0875,0.011551167661347818,0.008835843493666312,0.0027153241676815057
8.0,14,6,0.05,320,27.999999999999996,0.018931179011385656,0.05,0.05,0.0,0.0006401597079563824,0.0006117473921842046,2.8412315772177732e-05
8.0,14,7,0.05,320,27.999999999999996,0.0393284812344135,0.125,0.1375,0.0125,0.003023945852473691,0.0029003167848600563,0.00012362906761363484
8.0,14,0,0.1,320,27.999999999999996,0.07573381920954073,0.5125,0.65,0.1375,0.022071962411605108,0.013457332830306095,0.008614629581299013
8.0,14,1,0.1,320,27.999999999999996,0.04128862206055404,0.1125,0.1125,0.0,0.002173325192268812,0.002110696628882617,6.26285633861948e-05
8.0,14,2,0.1,320,27.999999999999996,0.03708218748670103,0.1125,0.1125,0.0,0.0029651202909993027,0.0026992486988578045,0.00026587159214149815
8.0,14,3,0.1,320,27.999999999999996,0.07587712514626486,0.4125,0.55,0.1375,0.021781692856262126,0.014055684823003557,0.007726008033258569
8.0,14,4,0.1,320,27.999999999999996,0.041327592776061836,0.15,0.15,0.0,0.0034553477329876967,0.003238151659475144,0.0002171960735125526
8.0,14,5,0.1,320,27.999999999999996,0.07980053691739537,0.5,0.7,0.2,0.029558148443610814,0.017140461339862183,0.012417687103748631
8.0,14,6,0.1,320,27.999999999999996,0.03255462116119852,0.125,0.1375,0.0125,0.0026273772291733172,0.002428379570609399,0.00019899765856391805
8.0,14,7,0.1,320,27.999999999999996,0.05852133112483082,0.2875,0.325,0.0375,0.007727237793862566,0.006422087636764197,0.0013051501570983687
8.0,14,0,0.2,320,27.999999999999996,0.11787461751430192,0.825,1.0,0.175,0.1082131928977723,0.04286215218934335,0.06535104070842895
8.0,14,1,0.2,320,27.999999999999996,0.08165678587662935,0.4875,0.6375,0.15,0.025795503026280177,0.014781609576563335,0.011013893449716842
8.0,14,2,0.2,320,27.999999999999996,0.0737853457567493,0.4375,0.5875,0.15,0.0210260164141778,0.014203833503108528,0.006822182911069273
8.0,14,3,0.2,320,27.999999999999996,0.11825743471380487,0.8625,1.0,0.1375,0.10930695632490973,0.041102744403368266,0.06820421192154147
8.0,14,4,0.2,320,27.999999999999996,0.08031212740963775,0.5125,0.6375,0.125,0.02669675262906776,0.016564912869308036,0.010131839759759724
8.0,14,5,0.2,320,27.999999999999996,0.12248903478594482,0.825,1.0,0.175,0.12139724224526938,0.046178836199644836,0.07521840604562455
8.0,14,6,0.2,320,27.999999999999996,0.06747215381189797,0.3875,0.5,0.1125,0.01737886157651354,0.01170003546746719,0.0056788261090463515
8.0,14,7,0.2,320,27.999999999999996,0.1000205345312237,0.7125,0.9125,0.2,0.06058037492219988,0.02718764827555861,0.033392726646641266
8.0,14,0,0.35,320,27.999999999999996,0.18237461751430192,1.0,1.0,0.0,0.29249890718298405,0.10237461751430192,0.1901242896686821
8.0,14,1,0.35,320,27.999999999999996,0.14615678587662934,0.9875,1.0,0.0125,0.18901938821846628,0.06637904844936467,0.12264033976910162
8.0,14,2,0.35,320,27.999999999999996,0.13711887597335184,0.875,1.0,0.125,0.16319678849489133,0.059935864085128195,0.10326092440976314
8.0,14,3,0.35,320,27.999999999999996,0.18275743471380484,1.0,1.0,0.0,0.29359267061013244,0.10275743471380484,0.19083523589632762
8.0,14,4,0.35,320,27.999999999999996,0.14377009337031438,0.9,1.0,0.1,0.18220026677187676,0.06569382054106472,0.11650644623081204
8.0,14,5,0.35,320,27.999999999999996,0.1869890347859448,0.9875,1.0,0.0125,0.305682956530502,0.10700233230747679,0.19868062422302518
8.0,14,6,0.35,320,27.999999999999996,0.13148008448723628,0.8625,1.0,0.1375,0.14708595567745567,0.05344618649843945,0.09363976917901622
8.0,14,7,0.35,320,27.999999999999996,0.16452053453122367,0.975,1.0,0.025,0.2414872415171752,0.08469747173635116,0.15678976978082404
8.0,14,0,0.5,320,27.999999999999996,0.24687461751430195,1.0,1.0,0.0,0.47678462146823486,0.16687461751430196,0.30991000395393287
8.0,14,1,0.5,320,27.999999999999996,0.21065678587662934,1.0,1.0,0.0,0.3733051025037162,0.13065678587662935,0.24264831662708683
8.0,14,2,0.5,320,27.999999999999996,0.20161887597335185,1.0,1.0,0.0,0.3474825027801312,0.12161887597335184,0.22586362680677935
8.0,14,3,0.5,320,27.999999999999996,0.24725743471380485,1.0,1.0,0.0,0.47787838489538326,0.16725743471380486,0.3106209501815784
8.0,14,4,0.5,320,27.999999999999996,0.20827009337031438,1.0,1.0,0.0,0.3664859810571192,0.1282700933703144,0.23821588768680482
8.0,14,5,0.5,320,27.999999999999996,0.2514890347859448,1.0,1.0,0.0,0.48996867081575274,0.17148903478594482,0.3184796360298079
8.0,14,6,0.5,320,27.999999999999996,0.1959800844872363,1.0,1.0,0.0,0.33137166996269873,0.1159800844872363,0.21539158547546244
8.0,14,7,0.5,320,27.999999999999996,0.22902053453122367,1.0,1.0,0.0,0.42577295580242536,0.14902053453122371,0.27675242127120164
8.0,15,0,0.0,295,27.999999999999993,0.0,0.0,0.0,0.0,0.0,0.0,0.0
8.0,15,1,0.0,295,27.999999999999993,0.0,0.0,0.0,0.0,0.0,0.0,0.0
8.0,15,2,0.0,295,27.999999999999993,0.0,0.0,0.0,0.0,0.0,0.0,0.0
8.0,15,3,0.0,295,27.999999999999993,0.0,0.0,0.0,0.0,0.0,0.0,0.0
8.0,15,4,0.0,295,27.999999999999993,0.0,0.0,0.0,0.0,0.0,0.0,0.0
8.0,15,5,0.0,295,27.999999999999993,0.0,0.0,0.0,0.0,0.0,0.0,0.0
8.0,15,6,0.0,295,27.999999999999993,0.0,0.0,0.0,0.0,0.0,0.0,0.0
8.0,15,7,0.0,295,27.999999999999993,0.0,0.0,0.0,0.0,0.0,0.0,0.0
8.0,15,0,0.05,295,27.999999999999993,0.026637275369777287,0.0375,0.0375,0.0,0.0007740178589256991,0.0007740178589256991,0.0
8.0,15,1,0.05,295,27.999999999999993,0.04321230634588419,0.1875,0.1875,0.0,0.002583790647392664,0.0024192931756631493,0.00016449747172951482
8.0,15,2,0.05,295,27.999999999999993,0.05184182437281,0.1875,0.2625,0.075,0.006795070631064555,0.0054965621076827785,0.0012985085233817766
8.0,15,3,0.05,295,27.999999999999993,0.052391752885295295,0.275,0.3125,0.0375,0.007556489946885069,0.005503626172035844,0.002052863774849225
8.0,15,4,0.05,295,27.999999999999993,0.004563761665764364,0.0,0.0,0.0,0.0,0.0,0.0
8.0,15,5,0.05,295,27.999999999999993,0.01758728316403757,0.05,0.05,0.0,0.000950769853528022,0.0009430690495302251,7.700803997796857e-06
8.0,15,6,0.05,295,27.999999999999993,0.023216670600038757,0.0375,0.0375,0.0,0.00011417988539224324,0.00011417988539224324,0.0
8.0,15,7,0.05,295,27.999999999999993,0.020752066059465654,0.0625,0.0625,0.0,0.0008210017278555791,0.0006742789171665363,0.00014672281068904276
8.0,15,0,0.1,295,27.999999999999993,0.043852641719757626,0.1625,0.175,0.0125,0.003216056305797395,0.0029910667391542965,0.00022498956664309842
8.0,15,1,0.1,295,27.999999999999993,0.06357169201170461,0.3625,0.4125,0.05,0.009778925764486615,0.007498551780940001,0.0022803739835466144
8.0,15,2,0.1,295,27.999999999999993,0.0718468813345869,0.4625,0.55,0.0875,0.019399935575044977,0.011958554078505794,0.007441381496539183
8.0,15,3,0.1,295,27.999999999999993,0.07250711379462264,0.475,0.525,0.05,0.021875060335893988,0.013448902529612144,0.008426157806281843
8.0,15,4,0.1,295,27.999999999999993,0.010757809788343882,0.0,0.0,0.0,0.0,0.0,0.0
8.0,15,5,0.1,295,27.999999999999993,0.03190500635073585,0.0625,0.0875,0.025,0.002204238621686606,0.0020783628622798866,0.00012587575940671948
8.0,15,6,0.1,295,27.999999999999993,0.03858489171043899,0.1125,0.125,0.0125,0.0020079577434654315,0.0019180813555914676,8.987638787396387e-05
8.0,15,7,0.1,295,27.999999999999993,0.035173316660549035,0.15,0.1625,0.0125,0.003601457343316791,0.0027225974867373824,0.0008788598565794086
8.0,15,0,0.2,295,27.999999999999993,0.08502805469361292,0.55,0.7875,0.2375,0.030998216218419312,0.017034574657630537,0.013963641560788775
8.0,15,1,0.2,295,27.999999999999993,0.10604902802720322,0.7625,0.975,0.2125,0.075368532795209,0.03032006175022998,0.04504847104497901
8.0,15,2,0.2,295,27.999999999999993,0.11438524004109078,0.775,0.9875,0.2125,0.09856459580236979,0.03866636146822172,0.059898234334148065
8.0,15,3,0.2,295,27.999999999999993,0.1150602624809948,0.8125,1.0,0.1875,0.10017217851689858,0.03941184530112213,0.06076033321577645
8.0,15,4,0.2,295,27.999999999999993,0.03757423735300466,0.1125,0.125,0.0125,0.0021288822048855017,0.0019306506772984757,0.00019823152758702603
8.0,15,5,0.2,295,27.999999999999993,0.07041073411435082,0.3875,0.4875,0.1,0.015437908039233495,0.010272564058518743,0.005165343980714752
8.0,15,6,0.2,295,27.999999999999993,0.076119174993538,0.4625,0.6125,0.15,0.02381380888909988,0.014786706860145302,0.009027102028954577
8.0,15,7,0.2,295,27.999999999999993,0.0732137017777322,0.3875,0.55,0.1625,0.02135111536396991,0.013461987009166013,0.007889128354803897
8.0,15,0,0.35,295,27.999999999999993,0.1495280546936129,0.9875,1.0,0.0125,0.19865158483839476,0.06963699831626949,0.12901458652212527
8.0,15,1,0.35,295,27.999999999999993,0.17045248978917354,0.9875,1.0,0.0125,0.25843568511127535,0.09071200137703675,0.1677236837342386
8.0,15,2,0.35,295,27.999999999999993,0.17888524004109077,0.9875,1.0,0.0125,0.2825292572595489,0.09895006497451667,0.18357919228503225
8.0,15,3,0.35,295,27.999999999999993,0.1795602624809948,1.0,1.0,0.0,0.28445789280212674,0.09956026248099484,0.1848976303211319
8.0,15,4,0.35,295,27.999999999999993,0.09815780726432974,0.65,0.8625,0.2125,0.0582414645049454,0.025468679081087187,0.03277278542385821
8.0,15,5,0.35,295,27.999999999999993,0.13238299648244226,0.9125,1.0,0.0875,0.14966570423520995,0.05605471001591069,0.09361099421929925
8.0,15,6,0.35,295,27.999999999999993,0.13968802074194472,0.9125,1.0,0.0875,0.17053720211942194,0.061807983044187866,0.10872921907523408
8.0,15,7,0.35,295,27.999999999999993,0.13770183859508617,0.9375,1.0,0.0625,0.16486239598554722,0.058041652589072915,0.10682074339647431
8.0,15,0,0.5,295,27.999999999999993,0.21402805469361286,1.0,1.0,0.0,0.38293729912364516,0.13402805469361292,0.24890924443003223
8.0,15,1,0.5,295,27.999999999999993,0.2349524897891735,1.0,1.0,0.0,0.4427213993965251,0.15495248978917356,0.2877689096073516
8.0,15,2,0.5,295,27.999999999999993,0.24338524004109074,1.0,1.0,0.0,0.46681497154479945,0.1633852400410908,0.30342973150370867
8.0,15,3,0.5,295,27.999999999999993,0.2440602624809948,1.0,1.0,0.0,0.46874360708737756,0.1640602624809948,0.30468334460638274
8.0,15,4,0.5,295,27.999999999999993,0.16229105095354351,0.975,1.0,0.025,0.23511728843810728,0.08302682175096207,0.1520904666871452
8.0,15,5,0.5,295,27.999999999999993,0.19662651320803268,0.975,1.0,0.025,0.3332186091649717,0.11716426291378372,0.21605434625118797
8.0,15,6,0.5,295,27.999999999999993,0.20418802074194473,1.0,1.0,0.0,0.3548229164046639,0.12418802074194477,0.23063489566271914
8.0,15,7,0.5,295,27.999999999999993,0.2022018385950862,1.0,1.0,0.0,0.34914811027079673,0.12220183859508622,0.22694627167571052
8.0,16,0,0.0,291,28.65,0.0,0.0,0.0,0.0,0.0,0.0,0.0
8.0,16,1,0.0,291,28.65,0.0,0.0,0.0,0.0,0.0,0.0,0.0
8.0,16,2,0.0,291,28.65,0.0,0.0,0.0,0.0,0.0,0.0,0.0
8.0,16,3,0.0,291,28.65,0.0,0.0,0.0,0.0,0.0,0.0,0.0
8.0,16,4,0.0,291,28.65,0.0,0.0,0.0,0.0,0.0,0.0,0.0
8.0,16,5,0.0,291,28.65,0.0,0.0,0.0,0.0,0.0,0.0,0.0
8.0,16,6,0.0,291,28.65,0.0,0.0,0.0,0.0,0.0,0.0,0.0
8.0,16,7,0.0,291,28.65,0.0,0.0,0.0,0.0,0.0,0.0,0.0
8.0,16,0,0.05,291,28.65,0.014400402422738328,0.0,0.0,0.0,0.0,0.0,0.0
8.0,16,1,0.05,291,28.65,0.015620958080818214,0.025,0.025,0.0,4.601476936051604e-05,4.601476936051604e-05,0.0
8.0,16,2,0.05,291,28.65,0.02935840810514906,0.0625,0.075,0.0125,0.002059459167243174,0.0020360745566858364,2.3384610557337752e-05
8.0,16,3,0.05,291,28.65,0.0313162422237861,0.15,0.15,0.0,0.004085653091298964,0.004008836141361103,7.681694993786053e-05
8.0,16,4,0.05,291,28.65,0.01169338573488301,0.0125,0.0125,0.0,0.000603161171391557,0.000603161171391557,0.0
8.0,16,5,0.05,291,28.65,0.011344130857250511,0.0,0.0,0.0,0.0,0.0,0.0
8.0,16,6,0.05,291,28.65,0.028412101639420272,0.075,0.075,0.0,0.007453658061799146,0.007453658061799146,0.0
8.0,16,7,0.05,291,28.65,0.041316417066657896,0.2125,0.225,0.0125,0.004498442647424775,0.0036849768411600084,0.000813465806264767
8.0,16,0,0.1,291,28.65,0.02773453651638333,0.0625,0.0625,0.0,0.0011393021782716806,0.0010638201853755032,7.548199289617746e-05
8.0,16,1,0.1,291,28.65,0.029282616528226134,0.075,0.075,0.0,0.002662865647636983,0.002589601043764592,7.326460387239086e-05
8.0,16,2,0.1,291,28.65,0.04619417351967466,0.2,0.2,0.0,0.007211006562119658,0.00673991569332721,0.0004710908687924481
8.0,16,3,0.1,291,28.65,0.048500104452991286,0.225,0.2375,0.0125,0.009875115399203363,0.00918224336012503,0.0006928720390783332
8.0,16,4,0.1,291,28.65,0.024297577109674173,0.0125,0.0125,0.0,0.0024879779253182566,0.0024879779253182566,0.0
8.0,16,5,0.1,291,28.65,0.021579761679605593,0.0125,0.025,0.0125,0.00027795021153739167,0.00024488948500048913,3.306072653690254e-05
8.0,16,6,0.1,291,28.65,0.04565962349573176,0.175,0.175,0.0,0.011349447344059408,0.011178733420371805,0.00017071392368760326
8.0,16,7,0.1,291,28.65,0.06113202869219754,0.325,0.375,0.05,0.011607009424369964,0.00855897547413466,0.003048033950235304
8.0,16,0,0.2,291,28.65,0.06708163889864772,0.3125,0.375,0.0625,0.014847929483334835,0.012345315363874254,0.0025026141194605805
8.0,16,1,0.2,291,28.65,0.0677956394789285,0.375,0.4125,0.0375,0.016193151096377388,0.013408348498640983,0.002784802597736405
8.0,16,2,0.2,291,28.65,0.0873689908360398,0.575,0.75,0.175,0.037540150940643634,0.025124028124753804,0.01241612281588983
8.0,16,3,0.2,291,28.65,0.08838535067293607,0.525,0.725,0.2,0.04377354740037152,0.027126281783046966,0.01664726561732455
8.0,16,4,0.2,291,28.65,0.05966200964322965,0.3125,0.325,0.0125,0.01218101399484267,0.010715388416123604,0.0014656255787190656
8.0,16,5,0.2,291,28.65,0.05444384720592044,0.2875,0.3125,0.025,0.008519448199155212,0.006849733159404802,0.00166971503975041
8.0,16,6,0.2,291,28.65,0.086529432483642,0.5625,0.725,0.1625,0.03912442119905336,0.027308922672626794,0.011815498526426563
8.0,16,7,0.2,291,28.65,0.10248964317739304,0.7125,0.9125,0.2,0.06861950247873914,0.03200508122828341,0.036614421250455734
8.0,16,0,0.35,291,28.65,0.132383067543947,0.95,1.0,0.05,0.14627034567211356,0.058551218169802535,0.08771912750231102
8.0,16,1,0.35,291,28.65,0.13336083343909086,0.9375,1.0,0.0625,0.14900058202853134,0.06018807807782377,0.08881250395070757
8.0,16,2,0.35,291,28.65,0.1529799550107554,0.975,1.0,0.025,0.2037834694885408,0.07987372673386087,0.12390974275467995
8.0,16,3,0.35,291,28.65,0.1540399202988863,0.925,1.0,0.075,0.20674323294579502,0.08158090019675777,0.12516233274903726
8.0,16,4,0.35,291,28.65,0.12412750748168551,0.85,0.9875,0.1375,0.12338751867968795,0.05369249324494301,0.06969502543474493
8.0,16,5,0.35,291,28.65,0.11886114362395009,0.8125,1.0,0.1875,0.1085127919689081,0.04576301672087124,0.06274977524803686
8.0,16,6,0.35,291,28.65,0.15209857750313965,0.95,1.0,0.05,0.2013223804620601,0.0827286384208254,0.11859374204123471
8.0,16,7,0.35,291,28.65,0.16794594114715689,0.9625,1.0,0.0375,0.24557330861276058,0.09259191340438004,0.15298139520838056
8.0,16,0,0.5,291,28.65,0.198101817543947,1.0,1.0,0.0,0.32977819907480377,0.12564494689789166,0.2041332521769121
8.0,16,1,0.5,291,28.65,0.19907958343909088,1.0,1.0,0.0,0.3325084354312221,0.12727151988398414,0.20523691554723797
8.0,16,2,0.5,291,28.65,0.2186987050107554,1.0,1.0,0.0,0.38729132289123386,0.14753280318895562,0.23975851970227824
8.0,16,3,0.5,291,28.65,0.2197586702988863,1.0,1.0,0.0,0.3902510863484858,0.14865597933474556,0.24159510701374026
8.0,16,4,0.5,291,28.65,0.1898462574816855,0.9875,1.0,0.0125,0.30672602438094265,0.11884532220781817,0.18788070217312447
8.0,16,5,0.5,291,28.65,0.18457989362395005,1.0,1.0,0.0,0.29202064537158223,0.11006356503895105,0.1819570803326312
8.0,16,6,0.5,291,28.65,0.21781732750313965,1.0,1.0,0.0,0.3848302338647513,0.14990497134349284,0.23492526252125845
8.0,16,7,0.5,291,28.65,0.23366469114715688,1.0,1.0,0.0,0.4290811620154516,0.1597372713934927,0.2693438906219589
8.0,17,0,0.0,295,28.0,0.0,0.0,0.0,0.0,0.0,0.0,0.0
8.0,17,1,0.0,295,28.0,0.0,0.0,0.0,0.0,0.0,0.0,0.0
8.0,17,2,0.0,295,28.0,0.0,0.0,0.0,0.0,0.0,0.0,0.0
8.0,17,3,0.0,295,28.0,0.0,0.0,0.0,0.0,0.0,0.0,0.0
8.0,17,4,0.0,295,28.0,0.0,0.0,0.0,0.0,0.0,0.0,0.0
8.0,17,5,0.0,295,28.0,0.0,0.0,0.0,0.0,0.0,0.0,0.0
8.0,17,6,0.0,295,28.0,0.0,0.0,0.0,0.0,0.0,0.0,0.0
8.0,17,7,0.0,295,28.0,0.0,0.0,0.0,0.0,0.0,0.0,0.0
8.0,17,0,0.05,295,28.0,0.07068076192714975,0.4375,0.5375,0.1,0.019363529662028027,0.012418107418720525,0.006945422243307502
8.0,17,1,0.05,295,28.0,0.015228841863275222,0.0375,0.05,0.0125,0.0005798700484942847,0.0005513921717484521,2.847787674583257e-05
8.0,17,2,0.05,295,28.0,0.0060834290464681215,0.0125,0.0125,0.0,0.00010624985389348361,0.00010624985389348361,0.0
8.0,17,3,0.05,295,28.0,0.026477823022307157,0.075,0.075,0.0,0.0011618934489783191,0.0011424808898992122,1.9412559079106913e-05
8.0,17,4,0.05,295,28.0,0.015044657643623949,0.025,0.025,0.0,0.0008654734513437597,0.0007968177679513357,6.865568339242407e-05
8.0,17,5,0.05,295,28.0,0.03857666431743867,0.05,0.0875,0.0375,0.0014318060153668264,0.001008464417790613,0.0004233415975762134
8.0,17,6,0.05,295,28.0,0.029971241496431267,0.1,0.125,0.025,0.0023642887272820917,0.002347789724063273,1.6499003218818555e-05
8.0,17,7,0.05,295,28.0,0.038802109321416936,0.125,0.125,0.0,0.003328483454477425,0.0028370361489381993,0.0004914473055392258
8.0,17,0,0.1,295,28.0,0.09078368580591586,0.625,0.8,0.175,0.04878162683801195,0.024022684338625692,0.02475894249938626
8.0,17,1,0.1,295,28.0,0.027081863151629117,0.075,0.075,0.0,0.0018937690840992645,0.0016766276006383522,0.00021714148346091227
8.0,17,2,0.1,295,28.0,0.013845298221719668,0.025,0.025,0.0,0.0004694479136289855,0.0004694479136289855,0.0
8.0,17,3,0.1,295,28.0,0.04341004603766361,0.175,0.175,0.0,0.003863344385387093,0.003551714044657852,0.00031163034072924064
8.0,17,4,0.1,295,28.0,0.025983112503111007,0.075,0.075,0.0,0.002048821837078091,0.0018293255122570882,0.0002194963248210028
8.0,17,5,0.1,295,28.0,0.05799589451414866,0.2625,0.2625,0.0,0.006430587030771171,0.004346252267658796,0.0020843347631123747
8.0,17,6,0.1,295,28.0,0.0463265058225066,0.275,0.275,0.0,0.0072054037589074785,0.006102936357498713,0.0011024674014087658
8.0,17,7,0.1,295,28.0,0.057603961905792575,0.25,0.3125,0.0625,0.009281959814782541,0.006846325406602282,0.0024356344081802594
8.0,17,0,0.2,295,28.0,0.13335471568269766,0.875,1.0,0.125,0.15244204480746973,0.05685177658244318,0.09559026822502656
8.0,17,1,0.2,295,28.0,0.061273354343470074,0.3125,0.3875,0.075,0.01247256000544312,0.009353986417618004,0.003118573587825116
8.0,17,2,0.2,295,28.0,0.04297249939444011,0.125,0.1375,0.0125,0.003183632521459708,0.0029562877568145743,0.00022734476464513365
8.0,17,3,0.2,295,28.0,0.08250973736703092,0.5375,0.7375,0.2,0.029238170928237828,0.016891434222476534,0.012346736705761294
8.0,17,4,0.2,295,28.0,0.05686372281754224,0.275,0.3,0.025,0.012320018812779835,0.009527921204326075,0.00279209760845376
8.0,17,5,0.2,295,28.0,0.09975872767484813,0.725,0.875,0.15,0.06091866078524022,0.025641286214616858,0.03527737457062336
8.0,17,6,0.2,295,28.0,0.08446494665604362,0.5125,0.7125,0.2,0.03705217396970861,0.02091238600607831,0.016139787963630303
8.0,17,7,0.2,295,28.0,0.0983848984618155,0.725,0.9125,0.1875,0.0592272263879963,0.02680073035636426,0.03242649603163204
8.0,17,0,0.35,295,28.0,0.19785471568269763,1.0,1.0,0.0,0.3367277590928713,0.11785471568269763,0.21887304341017366
8.0,17,1,0.35,295,28.0,0.12299032397249902,0.8375,1.0,0.1625,0.12282949706410638,0.04791827449072673,0.07491122257337965
8.0,17,2,0.35,295,28.0,0.10485582168819732,0.775,0.975,0.2,0.07254212311522078,0.030310603746878956,0.042231519368341824
8.0,17,3,0.35,295,28.0,0.14695967266254684,0.95,1.0,0.05,0.19131335046410852,0.06766253157659131,0.12365081888751721
8.0,17,4,0.35,295,28.0,0.11921299624469114,0.75,0.9875,0.2375,0.11241330389142154,0.04405646070447178,0.06835684318694976
8.0,17,5,0.35,295,28.0,0.16425872767484812,0.975,1.0,0.025,0.24073922192774436,0.08444167347590195,0.1562975484518424
8.0,17,6,0.35,295,28.0,0.1479611636783429,0.9125,1.0,0.0875,0.19417475336638249,0.0702793287474888,0.12389542461889369
8.0,17,7,0.35,295,28.0,0.1628848984618155,0.975,1.0,0.025,0.23681399560480038,0.08306345803463103,0.15375053757016935
8.0,17,0,0.5,295,28.0,0.26235471568269764,1.0,1.0,0.0,0.5210134733782842,0.18235471568269762,0.33865875769558657
8.0,17,1,0.5,295,28.0,0.18749032397249904,1.0,1.0,0.0,0.30711521134949515,0.10749032397249904,0.19962488737699613
8.0,17,2,0.5,295,28.0,0.16935582168819732,0.9875,1.0,0.0125,0.25530234768014654,0.08942245490749921,0.1658798927726473
8.0,17,3,0.5,295,28.0,0.21145967266254684,1.0,1.0,0.0,0.37559906474951976,0.13145967266254682,0.24413939208697294
8.0,17,4,0.5,295,28.0,0.18371299624469117,1.0,1.0,0.0,0.29632284641291884,0.10371299624469114,0.19260985016822768
8.0,17,5,0.5,295,28.0,0.22875872767484812,1.0,1.0,0.0,0.4250249362131569,0.1487587276748481,0.2762662085383088
8.0,17,6,0.5,295,28.0,0.21246116367834283,1.0,1.0,0.0,0.37846046765178937,0.13246116367834287,0.2459993039734465
8.0,17,7,0.5,295,28.0,0.2273848984618155,1.0,1.0,0.0,0.4210997098902129,0.1473848984618155,0.2737148114283974
8.0,18,0,0.0,350,28.0,0.0,0.0,0.0,0.0,0.0,0.0,0.0
8.0,18,1,0.0,350,28.0,0.0,0.0,0.0,0.0,0.0,0.0,0.0
8.0,18,2,0.0,350,28.0,0.0,0.0,0.0,0.0,0.0,0.0,0.0
8.0,18,3,0.0,350,28.0,0.0,0.0,0.0,0.0,0.0,0.0,0.0
8.0,18,4,0.0,350,28.0,0.0,0.0,0.0,0.0,0.0,0.0,0.0
8.0,18,5,0.0,350,28.0,0.0,0.0,0.0,0.0,0.0,0.0,0.0
8.0,18,6,0.0,350,28.0,0.0,0.0,0.0,0.0,0.0,0.0,0.0
8.0,18,7,0.0,350,28.0,0.0,0.0,0.0,0.0,0.0,0.0,0.0
8.0,18,0,0.05,350,28.0,0.041185052141362546,0.1,0.1125,0.0125,0.001411081601781364,0.0013241619331040319,8.691966867733201e-05
8.0,18,1,0.05,350,28.0,0.07018038427253499,0.4375,0.4875,0.05,0.014774072159505876,0.009265911191052658,0.0055081609684532185
8.0,18,2,0.05,350,28.0,0.010860124629747355,0.0125,0.0125,0.0,7.243788008037268e-05,7.243788008037268e-05,0.0
8.0,18,3,0.05,350,28.0,0.039427172151873933,0.1375,0.1375,0.0,0.0033769202535086583,0.002938672639640442,0.00043824761386821636
8.0,18,4,0.05,350,28.0,0.013020895529793788,0.025,0.025,0.0,0.00010452959835156457,0.00010452959835156457,0.0
8.0,18,5,0.05,350,28.0,0.019210414029238638,0.025,0.025,0.0,0.0001665572471119689,0.0001665572471119689,0.0
8.0,18,6,0.05,350,28.0,0.024327152824524002,0.05,0.05,0.0,0.0003023385299620727,0.0003023385299620727,0.0
8.0,18,7,0.05,350,28.0,0.015612619764308588,0.025,0.0375,0.0125,0.0008086008473185551,0.0007439073692272839,6.469347809127121e-05
8.0,18,0,0.1,350,28.0,0.060006477488306495,0.3,0.3875,0.0875,0.007554150915974824,0.005614024799511155,0.001940126116463669
8.0,18,1,0.1,350,28.0,0.09148945839942273,0.625,0.8125,0.1875,0.04245417511658827,0.020440719302118358,0.022013455814469913
8.0,18,2,0.1,350,28.0,0.019300176681257435,0.025,0.025,0.0,0.0005639749468183188,0.0005639749468183215,-2.710505431213761e-18
8.0,18,3,0.1,350,28.0,0.05904587261557141,0.25,0.3,0.05,0.00899483613845131,0.00708395060829433,0.0019108855301569801
8.0,18,4,0.1,350,28.0,0.02479195455201117,0.05,0.05,0.0,0.0012612340550748004,0.0012247052505913983,3.652880448340207e-05
8.0,18,5,0.1,350,28.0,0.0330205637992681,0.075,0.1125,0.0375,0.0015137894044881027,0.0013682228853941114,0.00014556651909399128
8.0,18,6,0.1,350,28.0,0.04044580751485762,0.1375,0.1375,0.0,0.0019714129524768015,0.0018969975999072225,7.441535256957899e-05
8.0,18,7,0.1,350,28.0,0.02800391263296228,0.1,0.1,0.0,0.0026375497249053184,0.0023973705837539885,0.00024017914115132986
8.0,18,0,0.2,350,28.0,0.10239628178578022,0.7,0.9625,0.2625,0.06567247414384,0.029504350236131138,0.03616812390770886
8.0,18,1,0.2,350,28.0,0.13448945839942272,0.9125,1.0,0.0875,0.1556841668552417,0.05557866905936891,0.10010549779587279
8.0,18,2,0.2,350,28.0,0.05112265847473304,0.275,0.325,0.05,0.007550371972874463,0.005789708915649447,0.0017606630572250155
8.0,18,3,0.2,350,28.0,0.10153537119687886,0.7,0.95,0.25,0.06303913273729365,0.027628041348344838,0.035411091388948816
8.0,18,4,0.2,350,28.0,0.062565191236465,0.275,0.325,0.05,0.009718805897003805,0.007612692342046373,0.002106113554957432
8.0,18,5,0.2,350,28.0,0.0708156804647164,0.45,0.55,0.1,0.017680694007502502,0.011807390594336787,0.005873303413165715
8.0,18,6,0.2,350,28.0,0.08087517710570702,0.5375,0.675,0.1375,0.025172072902610112,0.015163565833723584,0.010008507068886528
8.0,18,7,0.2,350,28.0,0.06354063589466871,0.325,0.375,0.05,0.01282995984736554,0.010175426140969807,0.002654533706395734
8.0,18,0,0.35,350,28.0,0.1668962817857802,0.9875,1.0,0.0125,0.24827509081610902,0.08695207242329721,0.16132301839281182
8.0,18,1,0.35,350,28.0,0.1989894583994227,1.0,1.0,0.0,0.33996988114065185,0.11898945839942272,0.22098042274122914
8.0,18,2,0.35,350,28.0,0.11355904977070352,0.8375,0.9625,0.125,0.09747784447971204,0.037282671116705454,0.06019517336300659
8.0,18,3,0.35,350,28.0,0.16603537119687886,0.9875,1.0,0.0125,0.2458153462763948,0.08604497525797077,0.15977037101842406
8.0,18,4,0.35,350,28.0,0.1269478851578571,0.9625,1.0,0.0375,0.1341368147365172,0.04773885830805707,0.08639795642846013
8.0,18,5,0.35,350,28.0,0.13490673392557845,0.925,1.0,0.075,0.15687638264425616,0.056036279610405706,0.10084010303385045
8.0,18,6,0.35,350,28.0,0.1452410293771075,0.975,1.0,0.025,0.18640294107714617,0.06555767555449696,0.12084526552264921
8.0,18,7,0.35,350,28.0,0.12691085892600157,0.8625,1.0,0.1375,0.13403102550265814,0.04950408233895017,0.08452694316370796
8.0,18,0,0.5,350,28.0,0.2313962817857802,1.0,1.0,0.0,0.43256080510152195,0.15139628178578018,0.28116452331574177
8.0,18,1,0.5,350,28.0,0.2634894583994227,1.0,1.0,0.0,0.5242555954260648,0.1834894583994227,0.3407661370266421
8.0,18,2,0.5,350,28.0,0.17805904977070353,0.9875,1.0,0.0125,0.2801687136301236,0.09815242678602439,0.1820162868440992
8.0,18,3,0.5,350,28.0,0.2305353711968789,1.0,1.0,0.0,0.43010106056180775,0.15053537119687888,0.27956568936492887
8.0,18,4,0.5,350,28.0,0.1914478851578571,1.0,1.0,0.0,0.3184225290219282,0.1114478851578571,0.2069746438640711
8.0,18,5,0.5,350,28.0,0.19940673392557845,1.0,1.0,0.0,0.3411620969296663,0.11940673392557846,0.22175536300408785
8.0,18,6,0.5,350,28.0,0.2097410293771075,1.0,1.0,0.0,0.3706886553625582,0.1297410293771075,0.2409476259854507
8.0,18,7,0.5,350,28.0,0.19141085892600157,0.9875,1.0,0.0125,0.3183167397880556,0.11146658749233807,0.20685015229571752
8.0,19,0,0.0,307,27.999999999999996,0.0,0.0,0.0,0.0,0.0,0.0,0.0
8.0,19,1,0.0,307,27.999999999999996,0.0,0.0,0.0,0.0,0.0,0.0,0.0
8.0,19,2,0.0,307,27.999999999999996,0.0,0.0,0.0,0.0,0.0,0.0,0.0
8.0,19,3,0.0,307,27.999999999999996,0.0,0.0,0.0,0.0,0.0,0.0,0.0
8.0,19,4,0.0,307,27.999999999999996,0.0,0.0,0.0,0.0,0.0,0.0,0.0
8.0,19,5,0.0,307,27.999999999999996,0.0,0.0,0.0,0.0,0.0,0.0,0.0
8.0,19,6,0.0,307,27.999999999999996,0.0,0.0,0.0,0.0,0.0,0.0,0.0
8.0,19,7,0.0,307,27.999999999999996,0.0,0.0,0.0,0.0,0.0,0.0,0.0
8.0,19,0,0.05,307,27.999999999999996,0.028568974421533094,0.0625,0.0625,0.0,0.00186524206645777,0.00186524206645777,0.0
8.0,19,1,0.05,307,27.999999999999996,0.021010873851901278,0.0375,0.0375,0.0,0.00038597209634461116,0.0003821031412488199,3.868955095791271e-06
8.0,19,2,0.05,307,27.999999999999996,0.042205541262916736,0.175,0.1875,0.0125,0.0037835133180305755,0.003655202741437895,0.00012831057659268025
8.0,19,3,0.05,307,27.999999999999996,0.028234466037743378,0.0625,0.0625,0.0,0.0025321423691411398,0.0024288295451711257,0.00010331282397001412
8.0,19,4,0.05,307,27.999999999999996,0.02464169358157066,0.0625,0.0625,0.0,0.0004296615405089904,0.0003795273179440985,5.013422256489188e-05
8.0,19,5,0.05,307,27.999999999999996,0.034524844927534284,0.125,0.15,0.025,0.004320941188140568,0.0039589420628097,0.0003619991253308681
8.0,19,6,0.05,307,27.999999999999996,0.05572972330498179,0.2375,0.3,0.0625,0.008854894368714429,0.006732174024564089,0.00212272034415034
8.0,19,7,0.05,307,27.999999999999996,0.023106276091703955,0.05,0.05,0.0,0.0010635612944716684,0.0010100051391641386,5.355615530752982e-05
8.0,19,0,0.1,307,27.999999999999996,0.04297600205114788,0.2125,0.2125,0.0,0.005994482717906201,0.004661172499806875,0.0013333102180993267
8.0,19,1,0.1,307,27.999999999999996,0.035099336046736665,0.0625,0.0625,0.0,0.0012869553880307401,0.0012548263135738482,3.212907445689192e-05
8.0,19,2,0.1,307,27.999999999999996,0.06018968907780568,0.3,0.375,0.075,0.011930458346419615,0.008700350143015586,0.0032301082034040286
8.0,19,3,0.1,307,27.999999999999996,0.04537193425085322,0.1375,0.175,0.0375,0.005353598890117311,0.005012881356285097,0.0003407175338322136
8.0,19,4,0.1,307,27.999999999999996,0.03905936767613384,0.1875,0.2,0.0125,0.0024810079477040597,0.002041795397853176,0.0004392125498508836
8.0,19,5,0.1,307,27.999999999999996,0.05120571883480933,0.275,0.2875,0.0125,0.010763494630128498,0.008630435699660795,0.002133058930467703
8.0,19,6,0.1,307,27.999999999999996,0.07533764857077659,0.425,0.5125,0.0875,0.020815804150027335,0.013885796397341204,0.006930007752686131
8.0,19,7,0.1,307,27.999999999999996,0.03776769129386591,0.125,0.1375,0.0125,0.003479337503571189,0.003070691532025578,0.0004086459715456109
8.0,19,0,0.2,307,27.999999999999996,0.08272156292216004,0.475,0.5875,0.1125,0.03279399954813119,0.020017863933336728,0.012776135614794463
8.0,19,1,0.2,307,27.999999999999996,0.07225023660748373,0.4875,0.55,0.0625,0.01942282657248815,0.012954732541695454,0.006468094030792697
8.0,19,2,0.2,307,27.999999999999996,0.10139110052465572,0.65,0.875,0.225,0.06691728884668283,0.030392514051609854,0.036524774795072976
8.0,19,3,0.2,307,27.999999999999996,0.08605404901435776,0.5,0.75,0.25,0.03408205118045329,0.01882767486831787,0.015254376312135422
8.0,19,4,0.2,307,27.999999999999996,0.07569735033396108,0.475,0.625,0.15,0.025255633957654507,0.015717573470482644,0.009538060487171863
8.0,19,5,0.2,307,27.999999999999996,0.09084557917877453,0.55,0.7375,0.1875,0.046165127764030534,0.02449201151484921,0.021673116249181324
8.0,19,6,0.2,307,27.999999999999996,0.11722542448337636,0.8125,0.975,0.1625,0.10668151639573117,0.042321525457294985,0.0643599909384362
8.0,19,7,0.2,307,27.999999999999996,0.0762665650350151,0.4375,0.575,0.1375,0.024430907113784636,0.014914314956585694,0.009516592157198942
8.0,19,0,0.35,307,27.999999999999996,0.14677653008398195,0.9625,1.0,0.0375,0.1907900859537585,0.06777981782900619,0.1230102681247523
8.0,19,1,0.35,307,27.999999999999996,0.13627030434769213,0.9125,1.0,0.0875,0.16077229813586638,0.057897319310016064,0.10287497882585031
8.0,19,2,0.35,307,27.999999999999996,0.16589110052465567,0.975,1.0,0.025,0.2454031443555424,0.08603610009504736,0.15936704426049503
8.0,19,3,0.35,307,27.999999999999996,0.15050396754740225,0.9625,1.0,0.0375,0.20143990727778752,0.0710548129577335,0.13038509432005402
8.0,19,4,0.35,307,27.999999999999996,0.1389937901764558,0.875,1.0,0.125,0.16855368621803912,0.061572806442865245,0.10698087977517387
8.0,19,5,0.35,307,27.999999999999996,0.1553455791787745,0.9375,1.0,0.0625,0.21527308336738735,0.07578607557436841,0.13948700779301892
8.0,19,6,0.35,307,27.999999999999996,0.181693850354588,0.975,1.0,0.025,0.2905538581552359,0.1019689082291385,0.18858494992609737
8.0,19,7,0.35,307,27.999999999999996,0.1403129833132787,0.925,1.0,0.075,0.17232280946608358,0.06157959744575165,0.11074321202033194
8.0,19,0,0.5,307,27.999999999999996,0.21127653008398198,1.0,1.0,0.0,0.37507580023900494,0.13127653008398196,0.24379927015502298
8.0,19,1,0.5,307,27.999999999999996,0.20077030434769214,1.0,1.0,0.0,0.3450580124211096,0.12077030434769216,0.22428770807341747
8.0,19,2,0.5,307,27.999999999999996,0.23039110052465567,1.0,1.0,0.0,0.42968885864079254,0.15039110052465574,0.2792977581161368
8.0,19,3,0.5,307,27.999999999999996,0.21500396754740225,1.0,1.0,0.0,0.3857256215630361,0.13500396754740224,0.25072165401563384
8.0,19,4,0.5,307,27.999999999999996,0.2034937901764558,1.0,1.0,0.0,0.3528394005032719,0.12349379017645581,0.22934561032681608
8.0,19,5,0.5,307,27.999999999999996,0.2198455791787745,1.0,1.0,0.0,0.3995587976526364,0.13984557917877455,0.25971321847386186
8.0,19,6,0.5,307,27.999999999999996,0.24619385035458796,1.0,1.0,0.0,0.4748395724404855,0.166193850354588,0.3086457220858975
8.0,19,7,0.5,307,27.999999999999996,0.2048129833132787,1.0,1.0,0.0,0.3566085237513279,0.12481298331327874,0.23179554043804917
8.0,20,0,0.0,338,28.0,0.0,0.0,0.0,0.0,0.0,0.0,0.0
8.0,20,1,0.0,338,28.0,0.0,0.0,0.0,0.0,0.0,0.0,0.0
8.0,20,2,0.0,338,28.0,0.0,0.0,0.0,0.0,0.0,0.0,0.0
8.0,20,3,0.0,338,28.0,0.0,0.0,0.0,0.0,0.0,0.0,0.0
8.0,20,4,0.0,338,28.0,0.0,0.0,0.0,0.0,0.0,0.0,0.0
8.0,20,5,0.0,338,28.0,0.0,0.0,0.0,0.0,0.0,0.0,0.0
8.0,20,6,0.0,338,28.0,0.0,0.0,0.0,0.0,0.0,0.0,0.0
8.0,20,7,0.0,338,28.0,0.0,0.0,0.0,0.0,0.0,0.0,0.0
8.0,20,0,0.05,338,28.0,0.010037950343942479,0.0125,0.0125,0.0,0.00014614834979718443,0.00014614834979718443,0.0
8.0,20,1,0.05,338,28.0,0.017414104107522324,0.0125,0.0125,0.0,6.662832858709e-05,6.662832858709e-05,0.0
8.0,20,2,0.05,338,28.0,0.01119505279361627,0.0,0.0,0.0,0.0,0.0,0.0
8.0,20,3,0.05,338,28.0,0.009581401215748927,0.0125,0.0125,0.0,5.526884904506896e-05,5.526884904506896e-05,0.0
8.0,20,4,0.05,338,28.0,0.05454221842520609,0.275,0.275,0.0,0.006987881458258567,0.0061675264947499125,0.0008203549635086545
8.0,20,5,0.05,338,28.0,0.029217403577547468,0.0875,0.0875,0.0,0.001967848324569401,0.001967848324569401,0.0
8.0,20,6,0.05,338,28.0,0.0575702372530331,0.3,0.325,0.025,0.01205292857698256,0.009121718014130904,0.002931210562851656
8.0,20,7,0.05,338,28.0,0.0218690215457372,0.025,0.025,0.0,0.0008399026587149974,0.0007896116734442629,5.02909852707345e-05
8.0,20,0,0.1,338,28.0,0.020052807454519535,0.05,0.05,0.0,0.0008226378454778728,0.0008226378454778701,2.710505431213761e-18
8.0,20,1,0.1,338,28.0,0.03048737075923308,0.05,0.05,0.0,0.0007211990984078986,0.0007132026609965064,7.996437411392286e-06
8.0,20,2,0.1,338,28.0,0.020889175894842977,0.0625,0.0625,0.0,0.0005684583504391277,0.0005684583504391277,0.0
8.0,20,3,0.1,338,28.0,0.02093388394654707,0.025,0.025,0.0,0.00021015068963815416,0.00021015068963815416,0.0
8.0,20,4,0.1,338,28.0,0.07464312776177348,0.4,0.55,0.15,0.01741335230299831,0.01241300411428171,0.005000348188716601
8.0,20,5,0.1,338,28.0,0.04525474388682767,0.2,0.225,0.025,0.005080257370939494,0.0045383166422431846,0.0005419407286963093
8.0,20,6,0.1,338,28.0,0.07762982287247468,0.475,0.5875,0.1125,0.026645121619971145,0.017104332198282335,0.00954078942168881
8.0,20,7,0.1,338,28.0,0.03694757167251688,0.075,0.075,0.0,0.001968692966379271,0.001879090657736396,8.960230864287497e-05
8.0,20,0,0.2,338,28.0,0.051161890168610814,0.2625,0.2875,0.025,0.006460539077665464,0.005434589597172835,0.0010259494804926291
8.0,20,1,0.2,338,28.0,0.06648326460747385,0.4125,0.5125,0.1,0.014604129173915391,0.010001509505774475,0.004602619668140916
8.0,20,2,0.2,338,28.0,0.05420428506882628,0.225,0.275,0.05,0.007597973313134116,0.006552021866174031,0.001045951446960085
8.0,20,3,0.2,338,28.0,0.05690296034280566,0.2375,0.275,0.0375,0.005032232905527176,0.004133359336180792,0.000898873569346384
8.0,20,4,0.2,338,28.0,0.11753030780982185,0.8125,1.0,0.1875,0.10722945088495768,0.041377371532973384,0.0658520793519843
8.0,20,5,0.2,338,28.0,0.083574970238521,0.6,0.7625,0.1625,0.0340726336160399,0.01960713121640915,0.014465502399630747
8.0,20,6,0.2,338,28.0,0.12011176374537261,0.825,1.0,0.175,0.11460503927222963,0.04401563288151313,0.07058940639071651
8.0,20,7,0.2,338,28.0,0.07539743030066677,0.4875,0.6375,0.15,0.021045863841456663,0.0130734327526151,0.007972431088841563
8.0,20,0,0.35,338,28.0,0.11252452587259051,0.7875,0.975,0.1875,0.09426499445263865,0.03816155548390367,0.05610343896873499
8.0,20,1,0.35,338,28.0,0.1298549441409294,0.8625,1.0,0.1375,0.14244269754516675,0.052528672118195376,0.08991402542697138
8.0,20,2,0.35,338,28.0,0.11582504087946341,0.8125,0.9875,0.175,0.10269979037123675,0.04103405666851702,0.06166573370271973
8.0,20,3,0.35,338,28.0,0.1209755286415283,0.9,1.0,0.1,0.1170729389755069,0.042494262551911084,0.07457867642359581
8.0,20,4,0.35,338,28.0,0.18203030780982185,1.0,1.0,0.0,0.2915151651701862,0.10203030780982182,0.1894848573603644
8.0,20,5,0.35,338,28.0,0.14734432641310033,0.925,1.0,0.075,0.1924123611798104,0.06890346275530786,0.12350889842450254
8.0,20,6,0.35,338,28.0,0.18461176374537258,1.0,1.0,0.0,0.29889075355745537,0.10461176374537255,0.1942789898120828
8.0,20,7,0.35,338,28.0,0.13989743030066676,0.9375,1.0,0.0625,0.17113551514433303,0.06026683079899881,0.11086868434533423
8.0,20,0,0.5,338,28.0,0.1767356217818667,0.9875,1.0,0.0125,0.27638749080464003,0.09724780935454921,0.17913968145009082
8.0,20,1,0.5,338,28.0,0.1943549441409294,1.0,1.0,0.0,0.326728411830405,0.11435494414092941,0.21237346768947563
8.0,20,2,0.5,338,28.0,0.18032504087946344,1.0,1.0,0.0,0.28664297394060295,0.1003250408794634,0.18631793306113956
8.0,20,3,0.5,338,28.0,0.18547552864152833,1.0,1.0,0.0,0.3013586532607514,0.10547552864152829,0.1958831246192231
8.0,20,4,0.5,338,28.0,0.24653030780982185,1.0,1.0,0.0,0.475800879455437,0.16653030780982186,0.3092705716456151
8.0,20,5,0.5,338,28.0,0.21184432641310033,1.0,1.0,0.0,0.37669807546505346,0.13184432641310034,0.24485374905195312
8.0,20,6,0.5,338,28.0,0.24911176374537253,1.0,1.0,0.0,0.48317646784270624,0.16911176374537257,0.31406470409733367
8.0,20,7,0.5,338,28.0,0.20439743030066676,1.0,1.0,0.0,0.3554212294295824,0.12439743030066674,0.23102379912891563
8.0,21,0,0.0,319,28.0,0.0,0.0,0.0,0.0,0.0,0.0,0.0
8.0,21,1,0.0,319,28.0,0.0,0.0,0.0,0.0,0.0,0.0,0.0
8.0,21,2,0.0,319,28.0,0.0,0.0,0.0,0.0,0.0,0.0,0.0
8.0,21,3,0.0,319,28.0,0.0,0.0,0.0,0.0,0.0,0.0,0.0
8.0,21,4,0.0,319,28.0,0.0,0.0,0.0,0.0,0.0,0.0,0.0
8.0,21,5,0.0,319,28.0,0.0,0.0,0.0,0.0,0.0,0.0,0.0
8.0,21,6,0.0,319,28.0,0.0,0.0,0.0,0.0,0.0,0.0,0.0
8.0,21,7,0.0,319,28.0,0.0,0.0,0.0,0.0,0.0,0.0,0.0
8.0,21,0,0.05,319,28.0,0.02300265993563568,0.0375,0.0375,0.0,0.0009513689507426841,0.0009513689507426841,0.0
8.0,21,1,0.05,319,28.0,0.03863731370909636,0.1,0.1,0.0,0.004025609951986528,0.003732806552359232,0.000292803399627296
8.0,21,2,0.05,319,28.0,0.017754672962750583,0.0125,0.0125,0.0,0.0003863318733984626,0.0003863318733984654,-2.7647155398380363e-18
8.0,21,3,0.05,319,28.0,0.04592138016006554,0.2,0.2125,0.0125,0.0035898115522026964,0.0029882754100163636,0.0006015361421863328
8.0,21,4,0.05,319,28.0,0.017481662678671718,0.0125,0.0125,0.0,0.00028209306004382963,0.0002820930600438282,1.4094628242311558e-18
8.0,21,5,0.05,319,28.0,0.04391196454629205,0.125,0.125,0.0,0.0026211650488726186,0.0025935042034901665,2.7660845382452073e-05
8.0,21,6,0.05,319,28.0,0.021432670709188653,0.0625,0.0625,0.0,0.0007412253882569205,0.000725774035215454,1.545135304146649e-05
8.0,21,7,0.05,319,28.0,0.06209695472269183,0.2875,0.4,0.1125,0.014662213760136164,0.011730313956768742,0.002931899803367423
8.0,21,0,0.1,319,28.0,0.03867372734178951,0.1,0.1,0.0,0.002204693033027595,0.0020325496564710293,0.0001721433765565659
8.0,21,1,0.1,319,28.0,0.05809793342142618,0.2,0.2375,0.0375,0.008892537791041944,0.0072836928160823185,0.001608844974959626
8.0,21,2,0.1,319,28.0,0.03117129617539017,0.075,0.075,0.0,0.0013866564793951024,0.0012997892155757235,8.686726381937891e-05
8.0,21,3,0.1,319,28.0,0.06513027409975429,0.3875,0.4375,0.05,0.013443308561796513,0.009226893012366455,0.004216415549430058
8.0,21,4,0.1,319,28.0,0.03135076604334803,0.075,0.075,0.0,0.0008149629387806459,0.0008034650487247733,1.1497890055872607e-05
8.0,21,5,0.1,319,28.0,0.06283687537572617,0.35,0.45,0.1,0.009792270132681514,0.007395497453111857,0.0023967726795696568
8.0,21,6,0.1,319,28.0,0.03632547436377763,0.1125,0.1125,0.0,0.003085950810204602,0.002713681088727093,0.00037226972147750897
8.0,21,7,0.1,319,28.0,0.08273045521653617,0.4875,0.65,0.1625,0.03232281247160259,0.01975747856085761,0.012565333910744981
8.0,21,0,0.2,319,28.0,0.07729837085579634,0.5125,0.625,0.1125,0.022561439919434153,0.014396169381698897,0.008165270537735256
8.0,21,1,0.2,319,28.0,0.10064219195107167,0.7,0.9125,0.2125,0.06051215325314546,0.026162713187130916,0.03434944006601455
8.0,21,2,0.2,319,28.0,0.06768264712065472,0.4,0.4875,0.0875,0.015695202841690854,0.01047306957067981,0.005222133271011044
8.0,21,3,0.2,319,28.0,0.10630043707047146,0.7375,0.925,0.1875,0.07950550000381451,0.03370107711174302,0.04580442289207149
8.0,21,4,0.2,319,28.0,0.06895895880097425,0.425,0.5125,0.0875,0.01461993965070234,0.009829489889798256,0.004790449760904083
8.0,21,5,0.2,319,28.0,0.10470618230122593,0.725,0.9375,0.2125,0.07346480978976304,0.031445154359034076,0.04201965543072896
8.0,21,6,0.2,319,28.0,0.07330314179164363,0.4,0.5625,0.1625,0.0217554868581769,0.013553688780486442,0.008201798077690456
8.0,21,7,0.2,319,28.0,0.12510010311882758,0.875,1.0,0.125,0.12885743748216413,0.04782532788900666,0.08103210959315747
8.0,21,0,0.35,319,28.0,0.1407908251077646,0.9375,1.0,0.0625,0.17368807173619163,0.06279471653747007,0.11089335519872157
8.0,21,1,0.35,319,28.0,0.16514219195107166,1.0,1.0,0.0,0.24326340557409262,0.08514219195107162,0.158121213623021
8.0,21,2,0.35,319,28.0,0.13141883853466704,0.9125,1.0,0.0875,0.14691096724167152,0.053296521609203014,0.09361444563246851
8.0,21,3,0.35,319,28.0,0.17073225938366043,0.975,1.0,0.025,0.2592350268100357,0.09119982008734517,0.1680352067226905
8.0,21,4,0.35,319,28.0,0.13291968207609517,0.9,1.0,0.1,0.15119909164574322,0.05433243615361497,0.09686665549212825
8.0,21,5,0.35,319,28.0,0.16915569040777756,0.975,1.0,0.025,0.2547305440218058,0.08947070730508802,0.16525983671671776
8.0,21,6,0.35,319,28.0,0.13581956456011737,0.9,1.0,0.1,0.15948447017152925,0.05949647888908565,0.0999879912824436
8.0,21,7,0.35,319,28.0,0.18960010311882755,1.0,1.0,0.0,0.3131431517675668,0.10960010311882758,0.20354304864873923
8.0,21,0,0.5,319,28.0,0.2052908251077646,1.0,1.0,0.0,0.3579737860215993,0.1252908251077646,0.2326829609138347
8.0,21,1,0.5,319,28.0,0.2296421919510716,1.0,1.0,0.0,0.42754911985950567,0.1496421919510716,0.2779069279084341
8.0,21,2,0.5,319,28.0,0.19591883853466707,1.0,1.0,0.0,0.3311966815270786,0.11591883853466703,0.21527784299241157
8.0,21,3,0.5,319,28.0,0.23523225938366044,1.0,1.0,0.0,0.44352074109544753,0.15523225938366042,0.2882884817117871
8.0,21,4,0.5,319,28.0,0.1974196820760952,1.0,1.0,0.0,0.335484805931152,0.11741968207609517,0.21806512385505683
8.0,21,5,0.5,319,28.0,0.2336556904077775,1.0,1.0,0.0,0.439016258307218,0.15365569040777752,0.28536056789944053
8.0,21,6,0.5,319,28.0,0.20031956456011737,0.9875,1.0,0.0125,0.34377018445691665,0.12054628625578372,0.22322389820113292
8.0,21,7,0.5,319,28.0,0.2541001031188276,1.0,1.0,0.0,0.49742886605297976,0.1741001031188276,0.32332876293415214
8.0,22,0,0.0,312,28.0,0.0,0.0,0.0,0.0,0.0,0.0,0.0
8.0,22,1,0.0,312,28.0,0.0,0.0,0.0,0.0,0.0,0.0,0.0
8.0,22,2,0.0,312,28.0,0.0,0.0,0.0,0.0,0.0,0.0,0.0
8.0,22,3,0.0,312,28.0,0.0,0.0,0.0,0.0,0.0,0.0,0.0
8.0,22,4,0.0,312,28.0,0.0,0.0,0.0,0.0,0.0,0.0,0.0
8.0,22,5,0.0,312,28.0,0.0,0.0,0.0,0.0,0.0,0.0,0.0
8.0,22,6,0.0,312,28.0,0.0,0.0,0.0,0.0,0.0,0.0,0.0
8.0,22,7,0.0,312,28.0,0.0,0.0,0.0,0.0,0.0,0.0,0.0
8.0,22,0,0.05,312,28.0,0.04537342705785269,0.1875,0.1875,0.0,0.006623753216566367,0.005569641294500279,0.0010541119220660875
8.0,22,1,0.05,312,28.0,0.06874024252637292,0.3125,0.4125,0.1,0.01417350403248756,0.009857051617501894,0.004316452414985666
8.0,22,2,0.05,312,28.0,0.033679475468173584,0.125,0.125,0.0,0.0015120948799141332,0.0013792860660501117,0.00013280881386402142
8.0,22,3,0.05,312,28.0,0.026201982522637536,0.075,0.075,0.0,0.0011545185489892362,0.0010610191288055416,9.349942018369462e-05
8.0,22,4,0.05,312,28.0,0.042526671210517134,0.175,0.1875,0.0125,0.005728342031377837,0.004861308244502843,0.0008670337868749937
8.0,22,5,0.05,312,28.0,0.029902232315698864,0.075,0.075,0.0,0.0016811495855011283,0.0015692764911950205,0.00011187309430610781
8.0,22,6,0.05,312,28.0,0.042781558002693953,0.125,0.125,0.0,0.003930038985642059,0.003649276591353932,0.0002807623942881268
8.0,22,7,0.05,312,28.0,0.03888237234106049,0.1375,0.1375,0.0,0.003107441485541989,0.0030937779542083077,1.3663531333681176e-05
8.0,22,0,0.1,312,28.0,0.06437796619555464,0.325,0.375,0.05,0.014913989184662817,0.01097002835039357,0.003943960834269247
8.0,22,1,0.1,312,28.0,0.0897373565888748,0.575,0.8125,0.2375,0.04019141120813104,0.019822345383109185,0.02036906582502186
8.0,22,2,0.1,312,28.0,0.052932886755951494,0.225,0.225,0.0,0.0057095375617667215,0.004577421202344721,0.0011321163594220007
8.0,22,3,0.1,312,28.0,0.04128231011714434,0.1375,0.1625,0.025,0.0038625213825799337,0.003351248283705099,0.0005112730988748346
8.0,22,4,0.1,312,28.0,0.05973095723290557,0.35,0.4125,0.0625,0.013791178703034031,0.009861459493356626,0.003929719209677406
8.0,22,5,0.1,312,28.0,0.04635199516070636,0.175,0.1875,0.0125,0.004172187801206499,0.003914616001850173,0.00025757179935632576
8.0,22,6,0.1,312,28.0,0.062036011300520374,0.275,0.3375,0.0625,0.009076497394659072,0.007692623096688936,0.0013838742979701358
8.0,22,7,0.1,312,28.0,0.05625966604846531,0.2375,0.3,0.0625,0.008132180513962969,0.006917799998086389,0.0012143805158765794
8.0,22,0,0.2,312,28.0,0.10599577132547884,0.75,0.9375,0.1875,0.07747666632332988,0.0332487751574883,0.044227891165841575
8.0,22,1,0.2,312,28.0,0.1326644873965426,0.9,1.0,0.1,0.1504699639898806,0.05425058121405172,0.0962193827758289
8.0,22,2,0.2,312,28.0,0.09563590897059507,0.6375,0.8875,0.25,0.04778942904342208,0.02233707945835666,0.02545234958506542
8.0,22,3,0.2,312,28.0,0.07787211857122282,0.575,0.675,0.1,0.03168684011225209,0.017104800831756348,0.014582039280495743
8.0,22,4,0.2,312,28.0,0.09968307633352136,0.7125,0.8125,0.1,0.06455752008879305,0.031399277621906904,0.033158242466886145
8.0,22,5,0.2,312,28.0,0.08575567607180654,0.5375,0.7125,0.175,0.03515843683004387,0.020043878482715105,0.015114558347328763
8.0,22,6,0.2,312,28.0,0.10307893850564276,0.75,0.9375,0.1875,0.0693583405778245,0.030209688183772097,0.03914865239405241
8.0,22,7,0.2,312,28.0,0.09730337459705672,0.6875,0.8375,0.15,0.05657698533124659,0.027368585710149884,0.029208399621096705
8.0,22,0,0.35,312,28.0,0.17025447638784935,0.975,1.0,0.025,0.25786993253629226,0.09081874998618034,0.16705118255011192
8.0,22,1,0.35,312,28.0,0.19716448739654263,1.0,1.0,0.0,0.3347556782752886,0.11716448739654257,0.21759119087874607
8.0,22,2,0.35,312,28.0,0.16013590897059501,0.9875,1.0,0.0125,0.22895973991561153,0.08015982039154441,0.14879991952406713
8.0,22,3,0.35,312,28.0,0.14173091045910013,0.9125,1.0,0.0875,0.1763740298828607,0.06393466888064521,0.11243936100221548
8.0,22,4,0.35,312,28.0,0.16362703331718884,0.9375,1.0,0.0625,0.2389343809058674,0.08471688949316622,0.1542174914127012
8.0,22,5,0.35,312,28.0,0.1496686873350238,0.9375,1.0,0.0625,0.1990533923854601,0.07097681695870857,0.12807657542675155
8.0,22,6,0.35,312,28.0,0.16727738965845035,0.95,1.0,0.05,0.24936397045230954,0.088029309268739,0.16133466118357054
8.0,22,7,0.35,312,28.0,0.1618033745970567,0.9875,1.0,0.0125,0.23372392741978,0.08184875459681121,0.15187517282296878
8.0,22,0,0.5,312,28.0,0.23475447638784938,1.0,1.0,0.0,0.44215564682170383,0.15475447638784937,0.2874011704338545
8.0,22,1,0.5,312,28.0,0.26166448739654263,1.0,1.0,0.0,0.5190413925607016,0.1816644873965426,0.33737690516415897
8.0,22,2,0.5,312,28.0,0.22463590897059507,1.0,1.0,0.0,0.4132454542010245,0.14463590897059506,0.26860954523042946
8.0,22,3,0.5,312,28.0,0.20623091045910016,1.0,1.0,0.0,0.3606597441682679,0.12623091045910012,0.23442883370916778
8.0,22,4,0.5,312,28.0,0.22810242721574178,0.9875,1.0,0.0125,0.4231497920442848,0.1482475108298911,0.27490228121439375
8.0,22,5,0.5,312,28.0,0.21416868733502384,1.0,1.0,0.0,0.3833391066708698,0.1341686873350238,0.249170419335846
8.0,22,6,0.5,312,28.0,0.23177738965845035,1.0,1.0,0.0,0.4336496847377206,0.15177738965845036,0.28187229507927025
8.0,22,7,0.5,312,28.0,0.2263033745970567,1.0,1.0,0.0,0.4180096417051929,0.14630337459705672,0.27170626710813617
8.0,23,0,0.0,320,27.999999999999996,0.0,0.0,0.0,0.0,0.0,0.0,0.0
8.0,23,1,0.0,320,27.999999999999996,0.0,0.0,0.0,0.0,0.0,0.0,0.0
8.0,23,2,0.0,320,27.999999999999996,0.0,0.0,0.0,0.0,0.0,0.0,0.0
8.0,23,3,0.0,320,27.999999999999996,0.0,0.0,0.0,0.0,0.0,0.0,0.0
8.0,23,4,0.0,320,27.999999999999996,0.0,0.0,0.0,0.0,0.0,0.0,0.0
8.0,23,5,0.0,320,27.999999999999996,0.0,0.0,0.0,0.0,0.0,0.0,0.0
8.0,23,6,0.0,320,27.999999999999996,0.0,0.0,0.0,0.0,0.0,0.0,0.0
8.0,23,7,0.0,320,27.999999999999996,0.0,0.0,0.0,0.0,0.0,0.0,0.0
8.0,23,0,0.05,320,27.999999999999996,0.03482000526771415,0.125,0.1375,0.0125,0.0027852209052061246,0.0025175000953810115,0.00026772080982511316
8.0,23,1,0.05,320,27.999999999999996,0.04266596082953258,0.1875,0.2125,0.025,0.0043511165710088204,0.003865650255672656,0.00048546631533616423
8.0,23,2,0.05,320,27.999999999999996,0.026690852013552046,0.025,0.025,0.0,0.0010405016881149976,0.0010174248233677798,2.3076864747217755e-05
8.0,23,3,0.05,320,27.999999999999996,0.037991676342575983,0.1625,0.1625,0.0,0.0035087590153294736,0.0032322371037480906,0.0002765219115813829
8.0,23,4,0.05,320,27.999999999999996,0.050559712469005355,0.15,0.225,0.075,0.004856290223992715,0.0037862361166933474,0.0010700541072993677
8.0,23,5,0.05,320,27.999999999999996,0.07138775144003777,0.45,0.5625,0.1125,0.022991578137657655,0.01389385247050827,0.009097725667149385
8.0,23,6,0.05,320,27.999999999999996,0.015578638354392044,0.025,0.025,0.0,0.0002644660613578903,0.0002644660613578931,-2.7647155398380363e-18
8.0,23,7,0.05,320,27.999999999999996,0.020982074491967255,0.075,0.075,0.0,0.0013722684622361012,0.0013722684622360997,1.5178830414797062e-18
8.0,23,0,0.1,320,27.999999999999996,0.054083690133199205,0.2625,0.2875,0.025,0.0070837190628795935,0.005948599318494493,0.0011351197443851008
8.0,23,1,0.1,320,27.999999999999996,0.06166085787635593,0.3,0.325,0.025,0.011604050269199407,0.00852369716465278,0.0030803531045466275
8.0,23,2,0.1,320,27.999999999999996,0.043203924030995225,0.1,0.1125,0.0125,0.0027548288782003106,0.0024613905309703622,0.0002934383472299484
8.0,23,3,0.1,320,27.999999999999996,0.056561077203572376,0.2625,0.3125,0.05,0.00899561276436633,0.0073391608043833515,0.0016564519599829792
8.0,23,4,0.1,320,27.999999999999996,0.07030546766841271,0.425,0.525,0.1,0.01751199015364051,0.010679244848655775,0.0068327453049847366
8.0,23,5,0.1,320,27.999999999999996,0.09215079458975253,0.6125,0.8,0.1875,0.05040699961620656,0.025431596338264813,0.024975403277941746
8.0,23,6,0.1,320,27.999999999999996,0.02840832975788149,0.0875,0.0875,0.0,0.0015863050214988685,0.0014351149599586349,0.00015119006154023368
8.0,23,7,0.1,320,27.999999999999996,0.03502533569765129,0.1125,0.125,0.0125,0.003714108867713295,0.0034303555891935823,0.0002837532785197128
8.0,23,0,0.2,320,27.999999999999996,0.09559286977929456,0.6625,0.9125,0.25,0.051950393692900484,0.02367750044445108,0.028272893248449404
8.0,23,1,0.2,320,27.999999999999996,0.1024061401614014,0.75,0.9375,0.1875,0.0715340675606832,0.03061467761336183,0.040919389947321375
8.0,23,2,0.2,320,27.999999999999996,0.08366941197035174,0.5625,0.7375,0.175,0.030459206850636574,0.01703300243998147,0.013426204410655104
8.0,23,3,0.2,320,27.999999999999996,0.0984995102284834,0.6375,0.925,0.2875,0.05796272860567752,0.026938752992814716,0.031023975612862804
8.0,23,4,0.2,320,27.999999999999996,0.11274561582407165,0.8,0.9875,0.1875,0.09436372356548829,0.037631704970126925,0.056732018595361366
8.0,23,5,0.2,320,27.999999999999996,0.1349052328398849,0.9,1.0,0.1,0.15687209382799314,0.057088197512289926,0.09978389631570321
8.0,23,6,0.2,320,27.999999999999996,0.06488939604453903,0.3625,0.45,0.0875,0.012414635681464196,0.00936833308350879,0.0030463025979554064
8.0,23,7,0.2,320,27.999999999999996,0.07219381327567828,0.4375,0.575,0.1375,0.020911669016775773,0.012804320035476035,0.008107348981299738
8.0,23,0,0.35,320,27.999999999999996,0.16009286977929454,0.9875,1.0,0.0125,0.22883677079761075,0.08030804726719104,0.1485287235304197
8.0,23,1,0.35,320,27.999999999999996,0.16671564537477362,0.975,1.0,0.025,0.24775898678466451,0.08755929883333703,0.1601996879513275
8.0,23,2,0.35,320,27.999999999999996,0.14770388825456177,0.9625,1.0,0.0375,0.19343968072700565,0.06863290542834484,0.12480677529866081
8.0,23,3,0.35,320,27.999999999999996,0.16299951022848339,0.9875,1.0,0.0125,0.23714145779527956,0.08317275929891793,0.15396869849636163
8.0,23,4,0.35,320,27.999999999999996,0.17724561582407167,1.0,1.0,0.0,0.27784461663975046,0.09724561582407167,0.1805990008156788
8.0,23,5,0.35,320,27.999999999999996,0.19940523283988484,1.0,1.0,0.0,0.341157808113399,0.11940523283988488,0.22175257527351414
8.0,23,6,0.35,320,27.999999999999996,0.12875450144477738,0.925,1.0,0.075,0.1392985755562837,0.05050180034344594,0.08879677521283776
8.0,23,7,0.35,320,27.999999999999996,0.13583207239706066,0.9375,1.0,0.0625,0.15952020684849735,0.05716633595839537,0.10235387089010198
8.0,23,0,0.5,320,27.999999999999996,0.22459286977929455,1.0,1.0,0.0,0.41312248508302324,0.14459286977929453,0.2685296153037287
8.0,23,1,0.5,320,27.999999999999996,0.23121564537477357,1.0,1.0,0.0,0.43204470107007537,0.1512156453747736,0.28082905569530175
8.0,23,2,0.5,320,27.999999999999996,0.21220388825456177,1.0,1.0,0.0,0.37772539501241614,0.1322038882545618,0.24552150675785434
8.0,23,3,0.5,320,27.999999999999996,0.22749951022848336,1.0,1.0,0.0,0.4214271720806921,0.14749951022848337,0.27392766185220874
8.0,23,4,0.5,320,27.999999999999996,0.2417456158240716,1.0,1.0,0.0,0.4621303309251634,0.16174561582407168,0.30038471510109177
8.0,23,5,0.5,320,27.999999999999996,0.2639052328398849,1.0,1.0,0.0,0.525443522398812,0.18390523283988489,0.34153828955892707
8.0,23,6,0.5,320,27.999999999999996,0.19325450144477738,1.0,1.0,0.0,0.32358428984169213,0.11325450144477739,0.21032978839691474
8.0,23,7,0.5,320,27.999999999999996,0.20033207239706066,0.9875,1.0,0.0125,0.34380592113389713,0.12042317678731215,0.22338274434658498
8.0,24,0,0.0,315,28.0,0.0,0.0,0.0,0.0,0.0,0.0,0.0
8.0,24,1,0.0,315,28.0,0.0,0.0,0.0,0.0,0.0,0.0,0.0
8.0,24,2,0.0,315,28.0,0.0,0.0,0.0,0.0,0.0,0.0,0.0
8.0,24,3,0.0,315,28.0,0.0,0.0,0.0,0.0,0.0,0.0,0.0
8.0,24,4,0.0,315,28.0,0.0,0.0,0.0,0.0,0.0,0.0,0.0
8.0,24,5,0.0,315,28.0,0.0,0.0,0.0,0.0,0.0,0.0,0.0
8.0,24,6,0.0,315,28.0,0.0,0.0,0.0,0.0,0.0,0.0,0.0
8.0,24,7,0.0,315,28.0,0.0,0.0,0.0,0.0,0.0,0.0,0.0
8.0,24,0,0.05,315,28.0,0.07171120650147426,0.45,0.5625,0.1125,0.01781165036346149,0.011986381512508486,0.005825268850953002
8.0,24,1,0.05,315,28.0,0.032136181457930915,0.0875,0.0875,0.0,0.0015466579993970765,0.0014673929401616008,7.92650592354757e-05
8.0,24,2,0.05,315,28.0,0.00881302245423188,0.0,0.0,0.0,0.0,0.0,0.0
8.0,24,3,0.05,315,28.0,0.012213763775950934,0.025,0.025,0.0,0.0001402453245212404,0.0001402453245212376,2.791820594150174e-18
8.0,24,4,0.05,315,28.0,0.017445290724413476,0.025,0.025,0.0,6.091230250940549e-05,6.091230250940549e-05,0.0
8.0,24,5,0.05,315,28.0,0.009839667385880036,0.0125,0.0125,0.0,0.00024699059270991147,0.00024699059270991147,0.0
8.0,24,6,0.05,315,28.0,0.01620058245512513,0.0125,0.0125,0.0,6.632443480516987e-05,6.632443480516918e-05,6.911788849595091e-19
8.0,24,7,0.05,315,28.0,0.03630232482106534,0.1375,0.15,0.0125,0.0029812535524968093,0.002758305032420333,0.0002229485200764764
8.0,24,0,0.1,315,28.0,0.09299207552063751,0.6375,0.825,0.1875,0.04617175135218411,0.023996067989990846,0.022175683362193267
8.0,24,1,0.1,315,28.0,0.049015559127911806,0.1875,0.225,0.0375,0.005782576737427192,0.004595690965320599,0.0011868857721065926
8.0,24,2,0.1,315,28.0,0.017472980063408583,0.0375,0.0375,0.0,0.00035595157365469625,0.0003559515736546976,-1.3552527156068805e-18
8.0,24,3,0.1,315,28.0,0.024053727595044917,0.05,0.0625,0.0125,0.0010988532401139707,0.001034235688114933,6.461755199903773e-05
8.0,24,4,0.1,315,28.0,0.03173705557681032,0.125,0.125,0.0,0.0009584098431342376,0.0009130532641205681,4.535657901366945e-05
8.0,24,5,0.1,315,28.0,0.01775594609292933,0.05,0.05,0.0,0.0010439161874592374,0.0010439161874592374,0.0
8.0,24,6,0.1,315,28.0,0.02994165778848531,0.0625,0.0625,0.0,0.0008635735590916098,0.0008235711767825676,4.00023823090422e-05
8.0,24,7,0.1,315,28.0,0.054934501917996426,0.275,0.3625,0.0875,0.008091812965398158,0.0064726673945894155,0.001619145570808742
8.0,24,0,0.2,315,28.0,0.13592900699089877,0.8875,1.0,0.1125,0.1597971628308812,0.05712382396757236,0.10267333886330883
8.0,24,1,0.2,315,28.0,0.08924949539062123,0.5625,0.7375,0.175,0.042041445408263524,0.022043870268330355,0.01999757513993317
8.0,24,2,0.2,315,28.0,0.050389846873163266,0.2125,0.25,0.0375,0.005461425985700706,0.004669475846243248,0.0007919501394574573
8.0,24,3,0.2,315,28.0,0.05945520472977713,0.2875,0.325,0.0375,0.009792619675381638,0.007312085563881938,0.0024805341114997005
8.0,24,4,0.2,315,28.0,0.06981585651270941,0.4125,0.5375,0.125,0.014357674316378879,0.009791771601309273,0.004565902715069606
8.0,24,5,0.2,315,28.0,0.04537603108607596,0.1875,0.225,0.0375,0.006291782347215288,0.005549442063271957,0.0007423402839433308
8.0,24,6,0.2,315,28.0,0.06946639081920661,0.45,0.5125,0.0625,0.013352362497596165,0.009514655779773045,0.00383770671782312
8.0,24,7,0.2,315,28.0,0.09625204749769825,0.6875,0.9125,0.225,0.053728561144541206,0.024781950217887514,0.028946610926653692
8.0,24,0,0.35,315,28.0,0.20042900699089872,1.0,1.0,0.0,0.3440828771162909,0.12042900699089873,0.22365387012539215
8.0,24,1,0.35,315,28.0,0.15351417996808694,0.9625,1.0,0.0375,0.2100405141941923,0.07416574778792288,0.13587476640626944
8.0,24,2,0.35,315,28.0,0.11261001799253736,0.825,0.975,0.15,0.09343217580704206,0.037200904545658595,0.05623127126138347
8.0,24,3,0.35,315,28.0,0.12252879215748366,0.85,1.0,0.15,0.12151083473548412,0.045586573868231804,0.07592426086725232
8.0,24,4,0.35,315,28.0,0.13384416904265167,0.95,1.0,0.05,0.1538404829787566,0.054950312756372945,0.09889017022238367
8.0,24,5,0.35,315,28.0,0.10627386080553136,0.7,0.925,0.225,0.07948156731662773,0.03326818255274337,0.046213384763884355
8.0,24,6,0.35,315,28.0,0.13339676833164157,0.95,1.0,0.05,0.15256219523301653,0.05457342867897337,0.09798876655404316
8.0,24,7,0.35,315,28.0,0.16075204749769822,0.9875,1.0,0.0125,0.23072013570733269,0.08106981384455836,0.14965032186277433
8.0,24,0,0.5,315,28.0,0.2649290069908988,1.0,1.0,0.0,0.5283685914017039,0.18492900699089873,0.34343958441080513
8.0,24,1,0.5,315,28.0,0.21801417996808697,1.0,1.0,0.0,0.39432622847960364,0.13801417996808693,0.2563120485115167
8.0,24,2,0.5,315,28.0,0.1771100179925374,1.0,1.0,0.0,0.2774571942639388,0.09711001799253735,0.18034717627140143
8.0,24,3,0.5,315,28.0,0.1870287921574837,1.0,1.0,0.0,0.30579654902088194,0.10702879215748366,0.19876775686339826
8.0,24,4,0.5,315,28.0,0.19834416904265167,1.0,1.0,0.0,0.3381261972641662,0.11834416904265169,0.21978202822151452
8.0,24,5,0.5,315,28.0,0.1706099118763255,0.9625,1.0,0.0375,0.2588854625033648,0.09103376287595347,0.16785169962741134
8.0,24,6,0.5,315,28.0,0.19789676833164158,1.0,1.0,0.0,0.3368479095184251,0.11789676833164156,0.21895114118678352
8.0,24,7,0.5,315,28.0,0.22525204749769817,1.0,1.0,0.0,0.41500584999274487,0.1452520474976982,0.26975380249504666
8.0,25,0,0.0,301,28.64999999999999,0.0,0.0,0.0,0.0,0.0,0.0,0.0
8.0,25,1,0.0,301,28.64999999999999,0.0,0.0,0.0,0.0,0.0,0.0,0.0
8.0,25,2,0.0,301,28.64999999999999,0.0,0.0,0.0,0.0,0.0,0.0,0.0
8.0,25,3,0.0,301,28.64999999999999,0.0,0.0,0.0,0.0,0.0,0.0,0.0
8.0,25,4,0.0,301,28.64999999999999,0.0,0.0,0.0,0.0,0.0,0.0,0.0
8.0,25,5,0.0,301,28.64999999999999,0.0,0.0,0.0,0.0,0.0,0.0,0.0
8.0,25,6,0.0,301,28.64999999999999,0.0,0.0,0.0,0.0,0.0,0.0,0.0
8.0,25,7,0.0,301,28.64999999999999,0.0,0.0,0.0,0.0,0.0,0.0,0.0
8.0,25,0,0.05,301,28.64999999999999,0.03571572573123113,0.0875,0.0875,0.0,0.001164193995473032,0.001116009941180103,4.818405429292882e-05
8.0,25,1,0.05,301,28.64999999999999,0.01470951236959696,0.025,0.025,0.0,0.00016804134183155968,0.00016804134183155968,0.0
8.0,25,2,0.05,301,28.64999999999999,0.032118585983218206,0.075,0.0875,0.0125,0.001948109805802787,0.0019252408119214335,2.2868993881353626e-05
8.0,25,3,0.05,301,28.64999999999999,0.01186420019851322,0.025,0.025,0.0,0.00017410347238475306,0.00017410347238475306,0.0
8.0,25,4,0.05,301,28.64999999999999,0.023779302907268363,0.0625,0.0625,0.0,0.0011141566994066889,0.001050726027225304,6.343067218138494e-05
8.0,25,5,0.05,301,28.64999999999999,0.07603253524944338,0.45,0.6625,0.2125,0.023027152464715782,0.016641387054284883,0.006385765410430899
8.0,25,6,0.05,301,28.64999999999999,0.0273498079684797,0.075,0.075,0.0,0.0018253168488905859,0.001825316848890585,8.673617379884035e-19
8.0,25,7,0.05,301,28.64999999999999,0.012837572423636855,0.0,0.0,0.0,0.0,0.0,0.0
8.0,25,0,0.1,301,28.64999999999999,0.05454221694759025,0.25,0.325,0.075,0.004840978760376586,0.004003045597931306,0.0008379331624452794
8.0,25,1,0.1,301,28.64999999999999,0.026106290912685307,0.05,0.05,0.0,0.0010207024776821018,0.000957917222207865,6.278525547423681e-05
8.0,25,2,0.1,301,28.64999999999999,0.05063366709197336,0.2,0.2375,0.0375,0.006238180875019122,0.005377020605376554,0.0008611602696425675
8.0,25,3,0.1,301,28.64999999999999,0.02189457711755371,0.0625,0.0625,0.0,0.0009296578932623873,0.0008886779115302238,4.097998173216346e-05
8.0,25,4,0.1,301,28.64999999999999,0.04064919800239081,0.15,0.15,0.0,0.00447816800729008,0.004018156753071074,0.00046001125421900584
8.0,25,5,0.1,301,28.64999999999999,0.09704675139867668,0.675,0.85,0.175,0.05554336962193564,0.030371962658533896,0.02517140696340174
8.0,25,6,0.1,301,28.64999999999999,0.04342014382538472,0.175,0.2125,0.0375,0.004233326276549191,0.0038840822403664655,0.0003492440361827251
8.0,25,7,0.1,301,28.64999999999999,0.024485983204654567,0.0125,0.0125,0.0,0.00036732433829591215,0.00036732433829591215,0.0
8.0,25,0,0.2,301,28.64999999999999,0.0969211649907151,0.6625,0.875,0.2125,0.05373320032761852,0.027410336196379916,0.0263228641312386
8.0,25,1,0.2,301,28.64999999999999,0.060502206291369105,0.375,0.425,0.05,0.01386052376470767,0.009983461367959346,0.003877062396748324
8.0,25,2,0.2,301,28.64999999999999,0.09243195818111916,0.6125,0.8125,0.2,0.044482102721211184,0.02486826156372443,0.019613841157486753
8.0,25,3,0.2,301,28.64999999999999,0.05533286706201605,0.2625,0.2875,0.025,0.010586555948552118,0.008753454327712991,0.0018331016208391268
8.0,25,4,0.2,301,28.64999999999999,0.08137140353586304,0.5125,0.6875,0.175,0.027321931851494723,0.018813773810127714,0.008508158041367009
8.0,25,5,0.2,301,28.64999999999999,0.1406930510016344,0.925,1.0,0.075,0.16947448796242076,0.06681766701165902,0.10265682095076174
8.0,25,6,0.2,301,28.64999999999999,0.08258786933783063,0.5625,0.7,0.1375,0.03145618636431942,0.019501167905016607,0.011955018459302812
8.0,25,7,0.2,301,28.64999999999999,0.05804628561636629,0.3125,0.35,0.0375,0.008604613536462481,0.0066614487418598725,0.0019431647946026084
8.0,25,0,0.35,301,28.64999999999999,0.16261849919967003,0.975,1.0,0.025,0.23069737996381168,0.08648609220383878,0.14421128775997288
8.0,25,1,0.35,301,28.64999999999999,0.12353754764752964,0.8375,1.0,0.1625,0.12157081367531142,0.051908013861676996,0.06966279981363442
8.0,25,2,0.35,301,28.64999999999999,0.1581417637385885,0.9625,1.0,0.0375,0.2181968970009547,0.0832594665471651,0.13493743045378961
8.0,25,3,0.35,301,28.64999999999999,0.11907908037952523,0.8375,0.9875,0.15,0.10929254323185862,0.046890013284613875,0.062402529947244746
8.0,25,4,0.35,301,28.64999999999999,0.14655320993106064,0.9625,1.0,0.0375,0.18583793348958905,0.07315402221847729,0.11268391127111176
8.0,25,5,0.35,301,28.64999999999999,0.20641180100163437,1.0,1.0,0.0,0.3529823413652652,0.13237654790509845,0.22060579346016673
8.0,25,6,0.35,301,28.64999999999999,0.14703416300647595,0.9125,1.0,0.0875,0.18718090891831946,0.07285903557949631,0.11432187333882314
8.0,25,7,0.35,301,28.64999999999999,0.12198737557803566,0.875,0.9875,0.1125,0.11741974708351927,0.046063385984977445,0.07135636109854182
8.0,25,0,0.5,301,28.64999999999999,0.22833724919967002,1.0,1.0,0.0,0.41420523336666176,0.15415308009119646,0.26005215327546527
8.0,25,1,0.5,301,28.64999999999999,0.18925629764752966,1.0,1.0,0.0,0.30507866707813897,0.11513097812851043,0.18994768894962855
8.0,25,2,0.5,301,28.64999999999999,0.22386051373858853,1.0,1.0,0.0,0.4017047504038044,0.15079400575515653,0.2509107446486478
8.0,25,3,0.5,301,28.64999999999999,0.18479783037952527,1.0,1.0,0.0,0.29262919477657734,0.11117069571660762,0.18145849905996972
8.0,25,4,0.5,301,28.64999999999999,0.21227195993106063,1.0,1.0,0.0,0.369345786892437,0.14000193099016145,0.22934385590227557
8.0,25,5,0.5,301,28.64999999999999,0.2721305510016344,1.0,1.0,0.0,0.5364901947681158,0.200279689266355,0.3362105055017608
8.0,25,6,0.5,301,28.64999999999999,0.21275291300647597,1.0,1.0,0.0,0.37068876232116343,0.1383735864882485,0.23231517583291494
8.0,25,7,0.5,301,28.64999999999999,0.18770612557803568,0.9875,1.0,0.0125,0.3007500888736179,0.11070028108314406,0.19004980779047387
8.0,26,0,0.0,317,28.0,0.0,0.0,0.0,0.0,0.0,0.0,0.0
8.0,26,1,0.0,317,28.0,0.0,0.0,0.0,0.0,0.0,0.0,0.0
8.0,26,2,0.0,317,28.0,0.0,0.0,0.0,0.0,0.0,0.0,0.0
8.0,26,3,0.0,317,28.0,0.0,0.0,0.0,0.0,0.0,0.0,0.0
8.0,26,4,0.0,317,28.0,0.0,0.0,0.0,0.0,0.0,0.0,0.0
8.0,26,5,0.0,317,28.0,0.0,0.0,0.0,0.0,0.0,0.0,0.0
8.0,26,6,0.0,317,28.0,0.0,0.0,0.0,0.0,0.0,0.0,0.0
8.0,26,7,0.0,317,28.0,0.0,0.0,0.0,0.0,0.0,0.0,0.0
8.0,26,0,0.05,317,28.0,0.0874859063950558,0.575,0.7625,0.1875,0.041998778096837386,0.02138450946298129,0.020614268633856094
8.0,26,1,0.05,317,28.0,0.030464184980049647,0.0875,0.1,0.0125,0.0013595293294286338,0.0012074089295276732,0.0001521203999009606
8.0,26,2,0.05,317,28.0,0.014576484989004749,0.0,0.0,0.0,0.0,0.0,0.0
8.0,26,3,0.05,317,28.0,0.004937960821005137,0.0,0.0,0.0,0.0,0.0,0.0
8.0,26,4,0.05,317,28.0,0.04788222001459678,0.2,0.2125,0.0125,0.003281102799314563,0.002525762213521745,0.0007553405857928181
8.0,26,5,0.05,317,28.0,0.037307149693251496,0.125,0.125,0.0,0.0029428010484486627,0.0026250020518238095,0.00031779899662485317
8.0,26,6,0.05,317,28.0,0.04082363169809659,0.1375,0.1625,0.025,0.002496666389631979,0.002395795393371609,0.00010087099626036964
8.0,26,7,0.05,317,28.0,0.03192655367313606,0.075,0.1,0.025,0.0015669496356888475,0.001466998750848603,9.995088484024439e-05
8.0,26,0,0.1,317,28.0,0.10876102310256278,0.775,0.95,0.175,0.08429579395237471,0.03604746806643984,0.048248325885934876
8.0,26,1,0.1,317,28.0,0.048141491520475185,0.2375,0.2625,0.025,0.005771606328323028,0.0043622725733997855,0.0014093337549232424
8.0,26,2,0.1,317,28.0,0.028034078147574026,0.0375,0.0375,0.0,0.00011697126602441266,0.00011697126602441266,0.0
8.0,26,3,0.1,317,28.0,0.0121038932743414,0.0,0.0,0.0,0.0,0.0,0.0
8.0,26,4,0.1,317,28.0,0.06810055602306678,0.4,0.475,0.075,0.013823030204052416,0.00895205505722707,0.004870975146825345
8.0,26,5,0.1,317,28.0,0.05633385908860541,0.175,0.2125,0.0375,0.007641765364051916,0.0062338842383239945,0.0014078811257279217
8.0,26,6,0.1,317,28.0,0.0602150912682529,0.275,0.3,0.025,0.008354343834974201,0.00716447825228004,0.0011898655826941612
8.0,26,7,0.1,317,28.0,0.049908183097919896,0.1875,0.2,0.0125,0.0053499108108806,0.004197287538169075,0.0011526232727115246
8.0,26,0,0.2,317,28.0,0.15176102310256276,0.95,1.0,0.05,0.20503149457841774,0.07265367038329948,0.13237782419511826
8.0,26,1,0.2,317,28.0,0.08930823787213127,0.575,0.7625,0.1875,0.04009667489250747,0.020201168709319355,0.019895506183188114
8.0,26,2,0.2,317,28.0,0.06417575478475772,0.3375,0.4125,0.075,0.009967843339182644,0.00777626006752222,0.0021915832716604246
8.0,26,3,0.2,317,28.0,0.036946509452681166,0.125,0.125,0.0,0.002338704916915199,0.0020181037503180245,0.00032060116659717464
8.0,26,4,0.2,317,28.0,0.11022658332734259,0.7875,0.9625,0.175,0.08787029388380804,0.03489895745497331,0.05297133642883473
8.0,26,5,0.2,317,28.0,0.09797607366313085,0.65,0.875,0.225,0.05648272876426651,0.025648204277001006,0.0308345244872655
8.0,26,6,0.2,317,28.0,0.10260243881160133,0.6625,0.95,0.2875,0.06573483642408982,0.029078064037580766,0.03665677238650906
8.0,26,7,0.2,317,28.0,0.08980358502330157,0.6125,0.8,0.1875,0.04253064581018396,0.021016847279945777,0.021513798530238184
8.0,26,0,0.35,317,28.0,0.21626102310256273,1.0,1.0,0.0,0.3893172088638283,0.13626102310256274,0.25305618576126554
8.0,26,1,0.35,317,28.0,0.15380823787213127,0.9625,1.0,0.0375,0.21088067963431692,0.07421050228368811,0.1366701773506288
8.0,26,2,0.35,317,28.0,0.1274996500653028,0.8875,1.0,0.1125,0.13571328590065054,0.04985373743213852,0.08585954846851201
8.0,26,3,0.35,317,28.0,0.09628117732560185,0.6,0.8875,0.2875,0.053250862682165216,0.026399523949599626,0.02685133873256559
8.0,26,4,0.35,317,28.0,0.1745682132451741,0.975,1.0,0.025,0.27019489498577076,0.0949106145496091,0.17528428043616168
8.0,26,5,0.35,317,28.0,0.16247607366313083,0.975,1.0,0.025,0.23564592475141738,0.08261373082135592,0.15303219393006146
8.0,26,6,0.35,317,28.0,0.16701092503871603,0.9875,1.0,0.0125,0.24860264296735396,0.0871828634055316,0.16141977956182235
8.0,26,7,0.35,317,28.0,0.15425105152248908,0.925,1.0,0.075,0.21214586149248,0.07463374986770921,0.13751211162477078
8.0,26,0,0.5,317,28.0,0.28075715039595445,1.0,1.0,0.0,0.5735918582732177,0.20075715039595446,0.37283470787726325
8.0,26,1,0.5,317,28.0,0.21830823787213127,1.0,1.0,0.0,0.3951663939197289,0.13830823787213126,0.25685815604759765
8.0,26,2,0.5,317,28.0,0.19199965006530284,1.0,1.0,0.0,0.31999900018605626,0.11199965006530284,0.20799935012075343
8.0,26,3,0.5,317,28.0,0.16078117732560188,0.9875,1.0,0.0125,0.23080336378705654,0.08081851188098883,0.1499848519060677
8.0,26,4,0.5,317,28.0,0.2390682132451741,1.0,1.0,0.0,0.4544806092711828,0.15906821324517412,0.29541239602600866
8.0,26,5,0.5,317,28.0,0.22697607366313086,1.0,1.0,0.0,0.41993163903683006,0.14697607366313084,0.27295556537369925
8.0,26,6,0.5,317,28.0,0.23151092503871604,1.0,1.0,0.0,0.4328883572527666,0.15151092503871602,0.28137743221405054
8.0,26,7,0.5,317,28.0,0.21875105152248908,1.0,1.0,0.0,0.39643157577789195,0.13875105152248907,0.2576805242554029
8.0,27,0,0.0,314,28.0,0.0,0.0,0.0,0.0,0.0,0.0,0.0
8.0,27,1,0.0,314,28.0,0.0,0.0,0.0,0.0,0.0,0.0,0.0
8.0,27,2,0.0,314,28.0,0.0,0.0,0.0,0.0,0.0,0.0,0.0
8.0,27,3,0.0,314,28.0,0.0,0.0,0.0,0.0,0.0,0.0,0.0
8.0,27,4,0.0,314,28.0,0.0,0.0,0.0,0.0,0.0,0.0,0.0
8.0,27,5,0.0,314,28.0,0.0,0.0,0.0,0.0,0.0,0.0,0.0
8.0,27,6,0.0,314,28.0,0.0,0.0,0.0,0.0,0.0,0.0,0.0
8.0,27,7,0.0,314,28.0,0.0,0.0,0.0,0.0,0.0,0.0,0.0
8.0,27,0,0.05,314,28.0,0.0399955634459487,0.1375,0.15,0.0125,0.004354698519346799,0.0038630847280739975,0.0004916137912728013
8.0,27,1,0.05,314,28.0,0.03524651931150756,0.15,0.1625,0.0125,0.004138256100246966,0.00366599924331033,0.0004722568569366361
8.0,27,2,0.05,314,28.0,0.04977386345629508,0.2,0.2125,0.0125,0.0035826235191804036,0.0031213802071056685,0.00046124331207473505
8.0,27,3,0.05,314,28.0,0.06596844999171254,0.2625,0.325,0.0625,0.012358550591656732,0.009106194407809742,0.0032523561838469894
8.0,27,4,0.05,314,28.0,0.056810907590108754,0.3125,0.3625,0.05,0.009135097275294877,0.006847364369352902,0.002287732905941975
8.0,27,5,0.05,314,28.0,0.06622290818082983,0.475,0.5,0.025,0.016567612015411452,0.01160398894134528,0.004963623074066172
8.0,27,6,0.05,314,28.0,0.03267009491257947,0.0625,0.0625,0.0,0.0005438096274518523,0.0005438096274518523,0.0
8.0,27,7,0.05,314,28.0,0.053480339096771634,0.325,0.35,0.025,0.008877104756589151,0.006979156906070489,0.001897947850518662
8.0,27,0,0.1,314,28.0,0.057614283087408014,0.2875,0.325,0.0375,0.01124109267050567,0.009000425010701798,0.0022406676598038713
8.0,27,1,0.1,314,28.0,0.05210853352359854,0.2625,0.275,0.0125,0.009042583167847859,0.007641023150941793,0.0014015600169060656
8.0,27,2,0.1,314,28.0,0.06901777013688488,0.35,0.5125,0.1625,0.01312728494102709,0.009132113299438527,0.003995171641588564
8.0,27,3,0.1,314,28.0,0.08657633822929761,0.575,0.7625,0.1875,0.03635063208857348,0.018589389206557404,0.017761242882016078
8.0,27,4,0.1,314,28.0,0.07677441374296325,0.5125,0.625,0.1125,0.025799222603637376,0.01546455770552175,0.010334664898115626
8.0,27,5,0.1,314,28.0,0.08588273751844468,0.575,0.7375,0.1625,0.039170287496846624,0.02228154614443373,0.016888741352412893
8.0,27,6,0.1,314,28.0,0.05057485855288072,0.25,0.2625,0.0125,0.004338404172148452,0.0035670477372925194,0.0007713564348559329
8.0,27,7,0.1,314,28.0,0.07293165304383036,0.45,0.6125,0.1625,0.02332607848472637,0.015132913952419863,0.008193164532306507
8.0,27,0,0.2,314,28.0,0.0987748645966884,0.675,0.85,0.175,0.06059182340864043,0.029158816388855997,0.03143300701978444
8.0,27,1,0.2,314,28.0,0.09256933863346423,0.5875,0.825,0.2375,0.047416147069488615,0.025061427786322373,0.022354719283166243
8.0,27,2,0.2,314,28.0,0.10997774432908836,0.8,0.95,0.15,0.08838872445560786,0.03666811816073105,0.051720606294876806
8.0,27,3,0.2,314,28.0,0.12881724137280254,0.8375,1.0,0.1625,0.13947783249351162,0.05200554812398609,0.08747228436952553
8.0,27,4,0.2,314,28.0,0.11841277398678077,0.8125,0.975,0.1625,0.11182064258023981,0.04350268644945852,0.06831795613078129
8.0,27,5,0.2,314,28.0,0.1276590652699586,0.85,1.0,0.15,0.13616875791397273,0.05285633718273391,0.08331242073123882
8.0,27,6,0.2,314,28.0,0.09211393412774115,0.6125,0.7875,0.175,0.044508329053985204,0.021964868582274977,0.022543460471710228
8.0,27,7,0.2,314,28.0,0.11524254897282331,0.8,0.975,0.175,0.1013854929905578,0.04089043231995617,0.060495060670601626
8.0,27,0,0.35,314,28.0,0.16261128473725028,0.975,1.0,0.025,0.2360322421060468,0.08364818849528498,0.15238405361076185
8.0,27,1,0.35,314,28.0,0.1570693386334642,0.975,1.0,0.025,0.2201981103809667,0.07720694565145177,0.14299116472951495
8.0,27,2,0.35,314,28.0,0.1737459418159788,0.95,1.0,0.05,0.26784554804521893,0.09497622411302929,0.17286932393218962
8.0,27,3,0.35,314,28.0,0.19331724137280248,0.9875,1.0,0.0125,0.3237635467789068,0.11346699088310211,0.21029655589580468
8.0,27,4,0.35,314,28.0,0.18291277398678074,0.9875,1.0,0.0125,0.2940364971046078,0.10314268966292033,0.19089380744168744
8.0,27,5,0.35,314,28.0,0.19205401287024687,0.975,1.0,0.025,0.32015432248589726,0.11246330679274386,0.2076910156931534
8.0,27,6,0.35,314,28.0,0.15658291801135277,0.975,1.0,0.025,0.21880833717493628,0.07670402279396013,0.14210431438097615
8.0,27,7,0.35,314,28.0,0.17974254897282327,1.0,1.0,0.0,0.2849787113504578,0.09974254897282331,0.18523616237763452
8.0,27,0,0.5,314,28.0,0.22711128473725026,1.0,1.0,0.0,0.4203179563914566,0.14711128473725035,0.2732066716542062
8.0,27,1,0.5,314,28.0,0.2215693386334642,1.0,1.0,0.0,0.4044838246663794,0.14156933863346427,0.2629144860329151
8.0,27,2,0.5,314,28.0,0.23824594181597877,1.0,1.0,0.0,0.45213126233062884,0.1582459418159788,0.29388532051465
8.0,27,3,0.5,314,28.0,0.2578172413728025,1.0,1.0,0.0,0.5080492610643195,0.17781724137280255,0.33023201969151694
8.0,27,4,0.5,314,28.0,0.24741277398678072,1.0,1.0,0.0,0.4783222113900202,0.16741277398678078,0.3109094374032394
8.0,27,5,0.5,314,28.0,0.2565540128702469,1.0,1.0,0.0,0.5044400367713092,0.1765540128702469,0.3278860239010623
8.0,27,6,0.5,314,28.0,0.22108291801135277,1.0,1.0,0.0,0.40309405146034905,0.14108291801135284,0.2620111334489962
8.0,27,7,0.5,314,28.0,0.24424254897282327,1.0,1.0,0.0,0.46926442563587084,0.16424254897282337,0.3050218766630475
8.0,28,0,0.0,319,27.999999999999993,0.0,0.0,0.0,0.0,0.0,0.0,0.0
8.0,28,1,0.0,319,27.999999999999993,0.0,0.0,0.0,0.0,0.0,0.0,0.0
8.0,28,2,0.0,319,27.999999999999993,0.0,0.0,0.0,0.0,0.0,0.0,0.0
8.0,28,3,0.0,319,27.999999999999993,0.0,0.0,0.0,0.0,0.0,0.0,0.0
8.0,28,4,0.0,319,27.999999999999993,0.0,0.0,0.0,0.0,0.0,0.0,0.0
8.0,28,5,0.0,319,27.999999999999993,0.0,0.0,0.0,0.0,0.0,0.0,0.0
8.0,28,6,0.0,319,27.999999999999993,0.0,0.0,0.0,0.0,0.0,0.0,0.0
8.0,28,7,0.0,319,27.999999999999993,0.0,0.0,0.0,0.0,0.0,0.0,0.0
8.0,28,0,0.05,319,27.999999999999993,0.009330576186562906,0.0,0.0,0.0,0.0,0.0,0.0
8.0,28,1,0.05,319,27.999999999999993,0.014436690153551342,0.05,0.05,0.0,0.0009341857250466567,0.0009341857250466574,-6.505213034913027e-19
8.0,28,2,0.05,319,27.999999999999993,0.06482496256784044,0.375,0.4375,0.0625,0.013824748344279582,0.010010804704650197,0.0038139436396293844
8.0,28,3,0.05,319,27.999999999999993,0.022649424095290596,0.05,0.05,0.0,0.0017062022936205222,0.0017062022936205233,-1.0842021724855044e-18
8.0,28,4,0.05,319,27.999999999999993,0.030439174973393462,0.1125,0.1125,0.0,0.002288047133662094,0.002136554525442747,0.00015149260821934688
8.0,28,5,0.05,319,27.999999999999993,0.04409895408741033,0.2125,0.2125,0.0,0.0032669312445914667,0.002929448787241555,0.0003374824573499119
8.0,28,6,0.05,319,27.999999999999993,0.022388331635573886,0.025,0.025,0.0,0.00024058836494524624,0.00024058836494524345,2.791820594150174e-18
8.0,28,7,0.05,319,27.999999999999993,0.020515409892275835,0.0375,0.0375,0.0,0.00025494692616279694,0.0002538093078480603,1.1376183147366096e-06
8.0,28,0,0.1,319,27.999999999999993,0.01912736774498223,0.0375,0.0375,0.0,0.00010507587090361068,0.00010507587090360792,2.7647155398380363e-18
8.0,28,1,0.1,319,27.999999999999993,0.026549357482791473,0.075,0.075,0.0,0.002053693859844164,0.002043608068901615,1.0085790942548824e-05
8.0,28,2,0.1,319,27.999999999999993,0.0855778318461659,0.5625,0.7,0.1375,0.03557073839097963,0.019815425386528043,0.015755313004451585
8.0,28,3,0.1,319,27.999999999999993,0.03563718060375267,0.1125,0.125,0.0125,0.004255715212624267,0.003953073624256081,0.00030264158836818596
8.0,28,4,0.1,319,27.999999999999993,0.047875636779993264,0.15,0.1875,0.0375,0.005870067523682134,0.005043790306651606,0.0008262772170305275
8.0,28,5,0.1,319,27.999999999999993,0.06354547741510103,0.3125,0.3875,0.075,0.01106617255886294,0.008390675385056518,0.0026754971738064213
8.0,28,6,0.1,319,27.999999999999993,0.037825662474006184,0.125,0.125,0.0,0.0019376421156862378,0.001763044245502693,0.00017459787018354487
8.0,28,7,0.1,319,27.999999999999993,0.035457340079065675,0.1,0.1,0.0,0.0018518074139087157,0.0017617932477850418,9.001416612367387e-05
8.0,28,0,0.2,319,27.999999999999993,0.0511662317573066,0.2375,0.25,0.0125,0.00646831222982135,0.0054744126648268825,0.0009938995649944674
8.0,28,1,0.2,319,27.999999999999993,0.062250453275399555,0.3,0.4,0.1,0.011649843201738482,0.008828661094125627,0.0028211821076128546
8.0,28,2,0.2,319,27.999999999999993,0.128388160481418,0.8625,1.0,0.1375,0.13825188708954597,0.050662041395297196,0.08758984569424877
8.0,28,3,0.2,319,27.999999999999993,0.0718278752976714,0.4375,0.5,0.0625,0.02223754847148773,0.015346388686339616,0.006891159785148114
8.0,28,4,0.2,319,27.999999999999993,0.08822106967076719,0.5875,0.7875,0.2,0.03765203235588038,0.02033170545247492,0.017320326903405462
8.0,28,5,0.2,319,27.999999999999993,0.10595524438111467,0.75,0.9625,0.2125,0.07560342283114557,0.03141445187631787,0.044188970954827704
8.0,28,6,0.2,319,27.999999999999993,0.07677076935688436,0.4375,0.6,0.1625,0.0222901720852673,0.01359197603375807,0.008698196051509231
8.0,28,7,0.2,319,27.999999999999993,0.07259153724956056,0.45,0.5625,0.1125,0.019662010010780166,0.012160395142357524,0.007501614868422641
8.0,28,0,0.35,319,27.999999999999993,0.11297066293918669,0.825,0.975,0.15,0.09498944318756833,0.037809531489828095,0.057179911697740234
8.0,28,1,0.35,319,27.999999999999993,0.1255577590535385,0.9,0.9875,0.0875,0.13031857885138923,0.04787739498928307,0.08244118386210617
8.0,28,2,0.35,319,27.999999999999993,0.19288816048141796,1.0,1.0,0.0,0.3225376013749526,0.11288816048141796,0.2096494408935346
8.0,28,3,0.35,319,27.999999999999993,0.1353600819792014,0.875,1.0,0.125,0.158171662797466,0.05764218644478213,0.10052947635268386
8.0,28,4,0.35,319,27.999999999999993,0.15248705048520675,0.975,1.0,0.025,0.20710585852882557,0.0732957836556655,0.13381007487316007
8.0,28,5,0.35,319,27.999999999999993,0.17045524438111465,1.0,1.0,0.0,0.2584435553741907,0.09045524438111466,0.16798831099307607
8.0,28,6,0.35,319,27.999999999999993,0.14000781425140177,0.95,1.0,0.05,0.17145089786087384,0.06186503767065994,0.1095858601902139
8.0,28,7,0.35,319,27.999999999999993,0.13617998592277109,0.9125,1.0,0.0875,0.16051424549337784,0.058332114243423216,0.10218213124995462
8.0,28,0,0.5,319,27.999999999999993,0.17747066293918667,1.0,1.0,0.0,0.278487608397221,0.09747066293918669,0.1810169454580343
8.0,28,1,0.5,319,27.999999999999993,0.1900577590535385,0.9875,1.0,0.0125,0.3144507401524532,0.11011629647638965,0.20433444367606357
8.0,28,2,0.5,319,27.999999999999993,0.257388160481418,1.0,1.0,0.0,0.5068233156603655,0.17738816048141795,0.3294351551789476
8.0,28,3,0.5,319,27.999999999999993,0.19986008197920146,1.0,1.0,0.0,0.34245737708287277,0.11986008197920144,0.22259729510367132
8.0,28,4,0.5,319,27.999999999999993,0.21698705048520675,1.0,1.0,0.0,0.39139157281423653,0.13698705048520676,0.25440452232902977
8.0,28,5,0.5,319,27.999999999999993,0.23495524438111465,1.0,1.0,0.0,0.44272926965960374,0.15495524438111466,0.28777402527848905
8.0,28,6,0.5,319,27.999999999999993,0.20450781425140177,1.0,1.0,0.0,0.35573661214628055,0.12450781425140177,0.23122879789487877
8.0,28,7,0.5,319,27.999999999999993,0.20067998592277114,1.0,1.0,0.0,0.3447999597787823,0.12067998592277113,0.22411997385601118
8.0,29,0,0.0,327,27.999999999999993,0.0,0.0,0.0,0.0,0.0,0.0,0.0
8.0,29,1,0.0,327,27.999999999999993,0.0,0.0,0.0,0.0,0.0,0.0,0.0
8.0,29,2,0.0,327,27.999999999999993,0.0,0.0,0.0,0.0,0.0,0.0,0.0
8.0,29,3,0.0,327,27.999999999999993,0.0,0.0,0.0,0.0,0.0,0.0,0.0
8.0,29,4,0.0,327,27.999999999999993,0.0,0.0,0.0,0.0,0.0,0.0,0.0
8.0,29,5,0.0,327,27.999999999999993,0.0,0.0,0.0,0.0,0.0,0.0,0.0
8.0,29,6,0.0,327,27.999999999999993,0.0,0.0,0.0,0.0,0.0,0.0,0.0
8.0,29,7,0.0,327,27.999999999999993,0.0,0.0,0.0,0.0,0.0,0.0,0.0
8.0,29,0,0.05,327,27.999999999999993,0.03485802779368295,0.0625,0.0625,0.0,0.0011278570525140364,0.0009190624036948747,0.0002087946488191617
8.0,29,1,0.05,327,27.999999999999993,0.07755786317898576,0.3875,0.525,0.1375,0.027272871353474067,0.01840011922151029,0.008872752131963778
8.0,29,2,0.05,327,27.999999999999993,0.003722026843063965,0.0,0.0,0.0,0.0,0.0,0.0
8.0,29,3,0.05,327,27.999999999999993,0.036235935855915155,0.15,0.1625,0.0125,0.004300491030202224,0.003912428084083778,0.0003880629461184455
8.0,29,4,0.05,327,27.999999999999993,0.01817396273562199,0.0125,0.0125,0.0,0.0003043646531261018,0.0003043646531261018,0.0
8.0,29,5,0.05,327,27.999999999999993,0.051197793672979476,0.1875,0.2,0.0125,0.007541904269792645,0.006618122496290625,0.0009237817735020205
8.0,29,6,0.05,327,27.999999999999993,0.04025600650291965,0.2,0.25,0.05,0.004668616699149801,0.0039061774599681723,0.0007624392391816287
8.0,29,7,0.05,327,27.999999999999993,0.009295878111439346,0.0,0.0,0.0,0.0,0.0,0.0
8.0,29,0,0.1,327,27.999999999999993,0.05316665165952465,0.2625,0.2875,0.025,0.006523769031382576,0.004791753215107763,0.0017320158162748124
8.0,29,1,0.1,327,27.999999999999993,0.09860578084762708,0.575,0.875,0.3,0.05937858632535394,0.029335784467023677,0.030042801858330265
8.0,29,2,0.1,327,27.999999999999993,0.009921699095987415,0.0,0.0,0.0,0.0,0.0,0.0
8.0,29,3,0.1,327,27.999999999999993,0.05363457201560225,0.225,0.2875,0.0625,0.008801351205778277,0.00742738603364907,0.0013739651721292072
8.0,29,4,0.1,327,27.999999999999993,0.03219975675407238,0.075,0.075,0.0,0.0012922847745569137,0.0012212114103323653,7.107336422454836e-05
8.0,29,5,0.1,327,27.999999999999993,0.07214213316288301,0.325,0.4875,0.1625,0.017191884662462305,0.012106912474219715,0.00508497218824259
8.0,29,6,0.1,327,27.999999999999993,0.057962358409096394,0.3875,0.4125,0.025,0.013109830781809816,0.00962135606966906,0.003488474712140756
8.0,29,7,0.1,327,27.999999999999993,0.018231843162977334,0.0,0.0,0.0,0.0,0.0,0.0
8.0,29,0,0.2,327,27.999999999999993,0.09435323908991729,0.6625,0.8,0.1375,0.0488803112060751,0.023870954732018373,0.025009356474056724
8.0,29,1,0.2,327,27.999999999999993,0.14148566576796623,0.9125,1.0,0.0875,0.17567333076533434,0.06298336191297715,0.11268996885235719
8.0,29,2,0.2,327,27.999999999999993,0.035450399025362414,0.075,0.1,0.025,0.0014143863990264797,0.001372349138010197,4.2037261016282784e-05
8.0,29,3,0.2,327,27.999999999999993,0.09399962653546912,0.6,0.8375,0.2375,0.049036594884495334,0.02597309400465735,0.023063500879837984
8.0,29,4,0.2,327,27.999999999999993,0.0706102680406067,0.375,0.4625,0.0875,0.015735239053370972,0.010913345614248065,0.004821893439122907
8.0,29,5,0.2,327,27.999999999999993,0.11476733548834739,0.8125,1.0,0.1875,0.09933524425226786,0.037639474894086776,0.061695769358181086
8.0,29,6,0.2,327,27.999999999999993,0.09971033397313529,0.6375,0.9,0.2625,0.06117295146663656,0.03008401308417072,0.03108893838246584
8.0,29,7,0.2,327,27.999999999999993,0.0486930985476791,0.225,0.225,0.0,0.005484566230493384,0.004803962107532085,0.0006806041229612987
8.0,29,0,0.35,327,27.999999999999993,0.15885323908991728,0.975,1.0,0.025,0.22529496882796754,0.07917263689783993,0.1461223319301276
8.0,29,1,0.35,327,27.999999999999993,0.20598566576796618,1.0,1.0,0.0,0.35995904505074355,0.12598566576796622,0.23397337928277734
8.0,29,2,0.35,327,27.999999999999993,0.0941699107326829,0.625,0.8375,0.2125,0.047310118701423,0.025362774739443046,0.021947343961979955
8.0,29,3,0.35,327,27.999999999999993,0.15826292182813034,0.95,1.0,0.05,0.22360834808000862,0.07895712399554554,0.14465122408446307
8.0,29,4,0.35,327,27.999999999999993,0.13432304645021784,0.925,1.0,0.075,0.15520870414323032,0.05593320866134737,0.09927549548188294
8.0,29,5,0.35,327,27.999999999999993,0.17926733548834733,0.9875,1.0,0.0125,0.2836209585376718,0.09929172157322905,0.18432923696444273
8.0,29,6,0.35,327,27.999999999999993,0.16421033397313525,0.9875,1.0,0.0125,0.24060095420856462,0.08424413792131849,0.15635681628724613
8.0,29,7,0.35,327,27.999999999999993,0.11121976191231744,0.75,0.9875,0.2375,0.08928274667664679,0.03565190555367835,0.05363084112296844
8.0,29,0,0.5,327,27.999999999999993,0.22335323908991725,1.0,1.0,0.0,0.40958068311337975,0.1433532390899173,0.26622744402346243
8.0,29,1,0.5,327,27.999999999999993,0.27048566576796623,1.0,1.0,0.0,0.5442447593361566,0.19048566576796624,0.35375909356819035
8.0,29,2,0.5,327,27.999999999999993,0.15856928999133157,0.9625,1.0,0.0375,0.22448368568915242,0.07879322952525795,0.14569045616389448
8.0,29,3,0.5,327,27.999999999999993,0.22276292182813034,1.0,1.0,0.0,0.4078940623654199,0.14276292182813038,0.26513114053728953
8.0,29,4,0.5,327,27.999999999999993,0.19882304645021784,1.0,1.0,0.0,0.3394944184286388,0.11882304645021785,0.22067137197842096
8.0,29,5,0.5,327,27.999999999999993,0.2437673354883474,1.0,1.0,0.0,0.46790667282308473,0.16376733548834743,0.3041393373347373
8.0,29,6,0.5,327,27.999999999999993,0.22871033397313525,1.0,1.0,0.0,0.42488666849397755,0.1487103339731353,0.2761763345208422
8.0,29,7,0.5,327,27.999999999999993,0.17571976191231747,1.0,1.0,0.0,0.2734850340347456,0.09571976191231747,0.17776527212242815
8.0,30,0,0.0,327,28.0,0.0,0.0,0.0,0.0,0.0,0.0,0.0
8.0,30,1,0.0,327,28.0,0.0,0.0,0.0,0.0,0.0,0.0,0.0
8.0,30,2,0.0,327,28.0,0.0,0.0,0.0,0.0,0.0,0.0,0.0
8.0,30,3,0.0,327,28.0,0.0,0.0,0.0,0.0,0.0,0.0,0.0
8.0,30,4,0.0,327,28.0,0.0,0.0,0.0,0.0,0.0,0.0,0.0
8.0,30,5,0.0,327,28.0,0.0,0.0,0.0,0.0,0.0,0.0,0.0
8.0,30,6,0.0,327,28.0,0.0,0.0,0.0,0.0,0.0,0.0,0.0
8.0,30,7,0.0,327,28.0,0.0,0.0,0.0,0.0,0.0,0.0,0.0
8.0,30,0,0.05,327,28.0,0.03543487643937053,0.1125,0.125,0.0125,0.0030477090254427902,0.002960179494247289,8.752953119550103e-05
8.0,30,1,0.05,327,28.0,0.09065283592576809,0.6375,0.8625,0.225,0.04388378452416212,0.022030082959189484,0.021853701564972634
8.0,30,2,0.05,327,28.0,0.03977979441131184,0.1375,0.15,0.0125,0.005471436952096537,0.0049727823989464326,0.0004986545531501041
8.0,30,3,0.05,327,28.0,0.019426712859190252,0.0375,0.0375,0.0,0.0003524860178173299,0.0003524860178173299,0.0
8.0,30,4,0.05,327,28.0,0.023685161954651483,0.05,0.05,0.0,0.0009246227890779627,0.00091402475972837,1.0598029349592752e-05
8.0,30,5,0.05,327,28.0,0.09076131893191938,0.6125,0.775,0.1625,0.04079279833326884,0.020269145663527794,0.020523652669741047
8.0,30,6,0.05,327,28.0,0.05551555180083874,0.2875,0.2875,0.0,0.00980037535349919,0.007805806056269301,0.001994569297229889
8.0,30,7,0.05,327,28.0,0.01856926703197969,0.0,0.0,0.0,0.0,0.0,0.0
8.0,30,0,0.1,327,28.0,0.05330820450055933,0.2875,0.2875,0.0,0.007532446134683792,0.0066868352786819425,0.0008456108560018494
8.0,30,1,0.1,327,28.0,0.11207937886961572,0.8375,0.975,0.1375,0.09237985642382451,0.03766510983625759,0.05471474658756692
8.0,30,2,0.1,327,28.0,0.056228016949993534,0.25,0.3125,0.0625,0.012535934559612728,0.009363285879542632,0.003172648680070096
8.0,30,3,0.1,327,28.0,0.03233773638565118,0.1,0.125,0.025,0.0019113816576222405,0.001807010192320091,0.00010437146530214948
8.0,30,4,0.1,327,28.0,0.03814943698124772,0.1,0.1,0.0,0.0027668834123131232,0.0025648113445149155,0.00020207206779820778
8.0,30,5,0.1,327,28.0,0.1122613189319194,0.8125,1.0,0.1875,0.0921751969482,0.035371924853317874,0.05680327209488213
8.0,30,6,0.1,327,28.0,0.07588559175949731,0.4875,0.65,0.1625,0.0239897800637986,0.014760558301175748,0.009229221762622853
8.0,30,7,0.1,327,28.0,0.03351810968390086,0.125,0.125,0.0,0.0012208458215734088,0.0011119171344031009,0.00010892868717030796
8.0,30,0,0.2,327,28.0,0.09500911801332541,0.6375,0.85,0.2125,0.05024354282324617,0.024650718022943885,0.025592824800302283
8.0,30,1,0.2,327,28.0,0.15507937886961573,0.95,1.0,0.05,0.21451251105569616,0.0758612223282844,0.13865128872741175
8.0,30,2,0.2,327,28.0,0.09714401500233265,0.5375,0.825,0.2875,0.05876679510582757,0.029411413283224917,0.029355381822602656
8.0,30,3,0.2,327,28.0,0.06833038450013784,0.4625,0.4875,0.025,0.017416108346442815,0.012059614370437201,0.0053564939760056135
8.0,30,4,0.2,327,28.0,0.07602219252052436,0.4625,0.575,0.1125,0.02563728959805032,0.01546335930086881,0.010173930297181511
8.0,30,5,0.2,327,28.0,0.15526131893191938,1.0,1.0,0.0,0.2150323398051324,0.07526131893191937,0.13977102087321303
8.0,30,6,0.2,327,28.0,0.11888559175949734,0.775,1.0,0.225,0.11110169074125288,0.04278261756368274,0.06831907317757013
8.0,30,7,0.2,327,28.0,0.07079980579052711,0.4375,0.5875,0.15,0.01599782800143964,0.010078327848210323,0.005919500153229316
8.0,30,0,0.35,327,28.0,0.15950911801332537,0.975,1.0,0.025,0.22716890860912983,0.07958083286133973,0.1475880757477901
8.0,30,1,0.35,327,28.0,0.2195793788696157,1.0,1.0,0.0,0.39879822534110715,0.1395793788696157,0.25921884647149146
8.0,30,2,0.35,327,28.0,0.160788837007121,0.975,1.0,0.025,0.23082524859140147,0.08206954568668534,0.14875570290471613
8.0,30,3,0.35,327,28.0,0.13261998778567788,0.8875,1.0,0.1125,0.1503428222445511,0.05373795952637645,0.09660486271817464
8.0,30,4,0.35,327,28.0,0.13955639173514447,0.9125,1.0,0.0875,0.17016111924299868,0.061750065822756994,0.10841105342024168
8.0,30,5,0.35,327,28.0,0.21976131893191936,1.0,1.0,0.0,0.39931805409054516,0.13976131893191934,0.2595567351586258
8.0,30,6,0.35,327,28.0,0.18338559175949729,1.0,1.0,0.0,0.2953874050266522,0.10338559175949727,0.1920018132671549
8.0,30,7,0.35,327,28.0,0.13518377414269905,0.9,1.0,0.1,0.15766792612174224,0.05625089988121838,0.10141702624052386
8.0,30,0,0.5,327,28.0,0.22400911801332538,1.0,1.0,0.0,0.4114546228945426,0.1440091180133254,0.2674455048812172
8.0,30,1,0.5,327,28.0,0.2840793788696157,1.0,1.0,0.0,0.58308393962652,0.20407937886961566,0.37900456075690436
8.0,30,2,0.5,327,28.0,0.22528883700712096,1.0,1.0,0.0,0.41511096287680976,0.14528883700712097,0.2698221258696888
8.0,30,3,0.5,327,28.0,0.19711998778567788,1.0,1.0,0.0,0.33462853652996116,0.11711998778567788,0.21750854874428327
8.0,30,4,0.5,327,28.0,0.20405639173514448,1.0,1.0,0.0,0.35444683352840467,0.12405639173514448,0.23039044179326018
8.0,30,5,0.5,327,28.0,0.28426131893191936,1.0,1.0,0.0,0.5836037683759583,0.20426131893191934,0.37934244944403894
8.0,30,6,0.5,327,28.0,0.24788559175949726,1.0,1.0,0.0,0.47967311931206513,0.16788559175949727,0.3117875275525679
8.0,30,7,0.5,327,28.0,0.19968377414269906,1.0,1.0,0.0,0.34195364040715254,0.11968377414269907,0.22226986626445347
8.0,31,0,0.0,334,28.0,0.0,0.0,0.0,0.0,0.0,0.0,0.0
8.0,31,1,0.0,334,28.0,0.0,0.0,0.0,0.0,0.0,0.0,0.0
8.0,31,2,0.0,334,28.0,0.0,0.0,0.0,0.0,0.0,0.0,0.0
8.0,31,3,0.0,334,28.0,0.0,0.0,0.0,0.0,0.0,0.0,0.0
8.0,31,4,0.0,334,28.0,0.0,0.0,0.0,0.0,0.0,0.0,0.0
8.0,31,5,0.0,334,28.0,0.0,0.0,0.0,0.0,0.0,0.0,0.0
8.0,31,6,0.0,334,28.0,0.0,0.0,0.0,0.0,0.0,0.0,0.0
8.0,31,7,0.0,334,28.0,0.0,0.0,0.0,0.0,0.0,0.0,0.0
8.0,31,0,0.05,334,28.0,0.02477729471157435,0.0875,0.1,0.0125,0.001428069180050598,0.0012583581422522503,0.0001697110377983477
8.0,31,1,0.05,334,28.0,0.01659738295544027,0.0125,0.0125,0.0,9.839965708078326e-05,9.839965708078326e-05,0.0
8.0,31,2,0.05,334,28.0,0.0424476492852991,0.1625,0.175,0.0125,0.004871382305448583,0.0044023287775418135,0.00046905352790676917
8.0,31,3,0.05,334,28.0,0.004134937011313116,0.0125,0.0125,0.0,0.00013211802938630852,0.00013211802938630852,0.0
8.0,31,4,0.05,334,28.0,0.029739142607535695,0.0875,0.0875,0.0,0.0013968334525611122,0.0013699218185187502,2.691163404236192e-05
8.0,31,5,0.05,334,28.0,0.04585445222326545,0.2,0.2,0.0,0.0029748508361602095,0.0027245068418664505,0.00025034399429375897
8.0,31,6,0.05,334,28.0,0.0048746136183111174,0.0125,0.0125,0.0,0.00011571831564483051,0.00011571831564483051,0.0
8.0,31,7,0.05,334,28.0,0.03784522516424661,0.125,0.125,0.0,0.0017978289666152794,0.0017473251587256918,5.050380788958761e-05
8.0,31,0,0.1,334,28.0,0.03957271227008737,0.1625,0.1875,0.025,0.004372932433802064,0.003755509216637646,0.0006174232171644181
8.0,31,1,0.1,334,28.0,0.02949955672418638,0.075,0.075,0.0,0.0008836527856461496,0.0008836527856461496,0.0
8.0,31,2,0.1,334,28.0,0.0626475447413543,0.3,0.4125,0.1125,0.012764207159864007,0.009159629415731224,0.0036045777441327826
8.0,31,3,0.1,334,28.0,0.010471119236695966,0.0125,0.0125,0.0,0.0002679710272693023,0.0002679710272693023,0.0
8.0,31,4,0.1,334,28.0,0.04708123266941334,0.2,0.2125,0.0125,0.005195533876940966,0.004717318830202558,0.000478215046738408
8.0,31,5,0.1,334,28.0,0.06579782301047399,0.375,0.45,0.075,0.011661006967293275,0.008645782323980623,0.003015224643312652
8.0,31,6,0.1,334,28.0,0.010428463630967324,0.025,0.025,0.0,0.00040315162881968965,0.000350664512110921,5.248711670876867e-05
8.0,31,7,0.1,334,28.0,0.05647606429037111,0.25,0.275,0.025,0.0070481988085925994,0.005715981581951089,0.0013322172266415104
8.0,31,0,0.2,334,28.0,0.07822540525394624,0.5,0.6,0.1,0.026136548259880116,0.01661634892397667,0.009520199335903447
8.0,31,1,0.2,334,28.0,0.06551208972801151,0.4125,0.45,0.0375,0.013466325522035874,0.009695348233525723,0.0037709772885101515
8.0,31,2,0.2,334,28.0,0.10500244535058031,0.7125,0.975,0.2625,0.07240669531381505,0.03032738142576972,0.04207931388804533
8.0,31,3,0.2,334,28.0,0.037414088052112146,0.1125,0.1125,0.0,0.0019762336490991364,0.0017626095411908667,0.0002136241079082697
8.0,31,4,0.2,334,28.0,0.08738686495585501,0.5375,0.775,0.2375,0.03426328512459913,0.01992832317309531,0.014334961951503817
8.0,31,5,0.2,334,28.0,0.1085229601840478,0.775,0.9875,0.2125,0.08200374510283663,0.0326541925850108,0.04934955251782583
8.0,31,6,0.2,334,28.0,0.03428369904092665,0.125,0.1375,0.0125,0.002872711072581763,0.0024940252620714062,0.0003786858105103569
8.0,31,7,0.2,334,28.0,0.09703429779709977,0.675,0.8875,0.2125,0.05629847428232759,0.02582963218156414,0.030468842100763453
8.0,31,0,0.35,334,28.0,0.14270706242682013,0.95,1.0,0.05,0.17916303550475135,0.06314393461793442,0.11601910088681693
8.0,31,1,0.35,334,28.0,0.12676307572077955,0.8875,0.975,0.0875,0.13425743318112418,0.051608596019874727,0.08264883716124946
8.0,31,2,0.35,334,28.0,0.1695024453505803,0.9875,1.0,0.0125,0.25572127242958614,0.08950286074336357,0.1662184116862226
8.0,31,3,0.35,334,28.0,0.09630733502189098,0.7125,0.8875,0.175,0.05405748950378447,0.025491355611213126,0.028566133892571347
8.0,31,4,0.35,334,28.0,0.15164303497360013,0.95,1.0,0.05,0.20469438563834588,0.07240450019755595,0.13228988544078993
8.0,31,5,0.35,334,28.0,0.17302296018404778,1.0,1.0,0.0,0.26577988623946797,0.09302296018404779,0.17275692605542017
8.0,31,6,0.35,334,28.0,0.09411461443125203,0.6125,0.825,0.2125,0.04742049102385426,0.023553825811697213,0.023866665212157048
8.0,31,7,0.35,334,28.0,0.1612340512234829,0.95,1.0,0.05,0.23209728920937053,0.08207232458231603,0.1500249646270545
8.0,31,0,0.5,334,28.0,0.20720706242682013,1.0,1.0,0.0,0.3634487497900004,0.12720706242682014,0.23624168736318027
8.0,31,1,0.5,334,28.0,0.19113100206056993,0.9625,1.0,0.0375,0.31751714874368997,0.1119388542639943,0.20557829447969567
8.0,31,2,0.5,334,28.0,0.23400244535058032,1.0,1.0,0.0,0.4400069867148369,0.1540024453505803,0.28600454136425657
8.0,31,3,0.5,334,28.0,0.16078816959424874,0.975,1.0,0.025,0.23082334169727506,0.08133033110297956,0.14949301059429548
8.0,31,4,0.5,334,28.0,0.21614303497360016,1.0,1.0,0.0,0.3889800999235934,0.13614303497360014,0.25283706494999325
8.0,31,5,0.5,334,28.0,0.23752296018404778,1.0,1.0,0.0,0.4500656005247187,0.1575229601840478,0.2925426403406709
8.0,31,6,0.5,334,28.0,0.15861461443125205,1.0,1.0,0.0,0.22461318408872652,0.07861461443125203,0.1459985696574745
8.0,31,7,0.5,334,28.0,0.2257340512234829,1.0,1.0,0.0,0.41638300349461804,0.14573405122348287,0.27064895227113517
