experiment,n,parameter,replicate,edges,largest,components,isolated
phase,250,0.4,0,45,5,205,177
phase,250,0.4,1,44,4,206,173
phase,250,0.4,2,48,6,202,170
phase,250,0.4,3,38,4,212,183
phase,250,0.4,4,46,5,204,169
phase,250,0.4,5,52,8,198,164
phase,250,0.4,6,53,8,197,168
phase,250,0.4,7,77,7,173,136
phase,250,0.4,8,46,9,204,175
phase,250,0.4,9,48,5,202,166
phase,250,0.4,10,58,5,192,150
phase,250,0.4,11,43,6,207,179
phase,250,0.4,12,55,6,195,159
phase,250,0.4,13,67,7,183,147
phase,250,0.4,14,63,5,188,149
phase,250,0.4,15,44,5,206,174
phase,250,0.4,16,48,4,202,166
phase,250,0.4,17,46,6,204,171
phase,250,0.4,18,42,4,208,177
phase,250,0.4,19,44,5,206,174
phase,250,0.4,20,41,4,209,178
phase,250,0.4,21,58,5,192,158
phase,250,0.4,22,51,9,199,166
phase,250,0.4,23,50,6,200,171
phase,250,0.4,24,44,5,206,178
phase,250,0.4,25,48,6,202,169
phase,250,0.4,26,57,6,193,155
phase,250,0.4,27,56,6,194,156
phase,250,0.4,28,50,4,200,164
phase,250,0.4,29,54,7,196,163
phase,250,0.4,30,46,7,204,172
phase,250,0.4,31,49,5,201,171
phase,250,0.4,32,54,9,196,165
phase,250,0.4,33,47,7,203,171
phase,250,0.4,34,47,6,203,173
phase,250,0.4,35,48,6,202,172
phase,250,0.4,36,46,5,204,170
phase,250,0.4,37,53,6,197,163
phase,250,0.4,38,55,5,195,164
phase,250,0.4,39,50,7,200,169
phase,250,0.4,40,34,3,216,186
phase,250,0.4,41,54,7,196,166
phase,250,0.4,42,40,4,210,179
phase,250,0.4,43,62,8,189,150
phase,250,0.4,44,57,7,193,157
phase,250,0.4,45,55,6,195,158
phase,250,0.4,46,59,6,191,151
phase,250,0.4,47,61,6,189,152
phase,250,0.4,48,56,6,194,160
phase,250,0.4,49,47,7,203,170
phase,250,0.4,50,42,4,208,177
phase,250,0.4,51,40,4,210,180
phase,250,0.4,52,50,6,200,166
phase,250,0.4,53,55,7,195,162
phase,250,0.4,54,49,5,201,166
phase,250,0.4,55,59,8,191,155
phase,250,0.4,56,44,6,206,174
phase,250,0.4,57,50,5,200,170
phase,250,0.4,58,47,5,203,170
phase,250,0.4,59,71,11,179,137
phase,250,0.4,60,54,5,196,162
phase,250,0.4,61,40,5,210,182
phase,250,0.4,62,47,4,203,171
phase,250,0.4,63,45,4,205,169
phase,250,0.4,64,41,6,209,178
phase,250,0.4,65,47,6,203,167
phase,250,0.4,66,45,9,206,181
phase,250,0.4,67,48,7,202,173
phase,250,0.4,68,51,6,199,167
phase,250,0.4,69,49,10,201,166
phase,250,0.4,70,50,6,200,171
phase,250,0.4,71,42,4,208,177
phase,250,0.4,72,47,5,203,170
phase,250,0.4,73,58,8,192,162
phase,250,0.4,74,54,6,197,167
phase,250,0.4,75,54,5,196,162
phase,250,0.4,76,37,4,213,185
phase,250,0.4,77,39,4,211,182
phase,250,0.4,78,42,5,208,186
phase,250,0.4,79,42,4,208,177
phase,250,0.4,80,48,6,202,174
phase,250,0.4,81,42,7,208,179
phase,250,0.4,82,52,6,198,172
phase,250,0.4,83,35,4,215,187
phase,250,0.4,84,47,4,203,169
phase,250,0.4,85,50,7,200,169
phase,250,0.4,86,44,5,206,175
phase,250,0.4,87,52,5,198,161
phase,250,0.4,88,52,7,198,163
phase,250,0.4,89,53,6,197,161
phase,250,0.4,90,52,7,198,162
phase,250,0.4,91,52,10,198,165
phase,250,0.4,92,70,11,180,144
phase,250,0.4,93,45,10,205,178
phase,250,0.4,94,44,6,206,175
phase,250,0.4,95,53,7,197,164
phase,250,0.4,96,44,5,206,176
phase,250,0.4,97,61,7,189,155
phase,250,0.4,98,74,8,176,133
phase,250,0.4,99,46,4,204,169
phase,250,0.4,100,60,7,190,158
phase,250,0.4,101,52,9,198,169
phase,250,0.4,102,51,6,199,163
phase,250,0.4,103,40,5,210,180
phase,250,0.4,104,51,10,199,167
phase,250,0.4,105,55,6,195,157
phase,250,0.4,106,46,5,204,172
phase,250,0.4,107,51,7,199,164
phase,250,0.4,108,63,12,188,155
phase,250,0.4,109,57,4,193,154
phase,250,0.4,110,43,10,207,182
phase,250,0.4,111,43,8,207,175
phase,250,0.4,112,52,12,198,174
phase,250,0.4,113,50,4,200,164
phase,250,0.4,114,58,5,192,152
phase,250,0.4,115,53,5,197,157
phase,250,0.4,116,45,5,205,174
phase,250,0.4,117,57,12,193,165
phase,250,0.4,118,42,4,208,176
phase,250,0.4,119,46,7,204,179
phase,250,0.4,120,62,6,188,144
phase,250,0.4,121,64,6,186,147
phase,250,0.4,122,45,5,205,176
phase,250,0.4,123,52,9,198,167
phase,250,0.4,124,56,6,194,161
phase,250,0.4,125,53,6,197,157
phase,250,0.4,126,53,5,197,164
phase,250,0.4,127,59,7,191,158
phase,250,0.4,128,43,7,207,179
phase,250,0.4,129,42,5,208,181
phase,250,0.4,130,48,8,202,179
phase,250,0.4,131,44,5,206,172
phase,250,0.4,132,52,5,198,161
phase,250,0.4,133,44,5,206,170
phase,250,0.4,134,49,7,201,170
phase,250,0.4,135,49,4,201,166
phase,250,0.4,136,49,5,201,171
phase,250,0.4,137,42,8,208,180
phase,250,0.4,138,36,4,214,189
phase,250,0.4,139,45,5,205,175
phase,250,0.4,140,47,6,204,174
phase,250,0.4,141,42,6,208,178
phase,250,0.4,142,41,4,209,176
phase,250,0.4,143,53,4,197,161
phase,250,0.4,144,49,6,201,170
phase,250,0.4,145,47,5,203,170
phase,250,0.4,146,74,17,176,138
phase,250,0.4,147,48,10,202,171
phase,250,0.4,148,51,6,199,167
phase,250,0.4,149,44,5,206,172
phase,250,0.4,150,47,8,203,169
phase,250,0.4,151,47,5,203,170
phase,250,0.4,152,47,4,203,168
phase,250,0.4,153,53,8,197,163
phase,250,0.4,154,46,7,204,177
phase,250,0.4,155,47,7,203,175
phase,250,0.4,156,35,5,215,191
phase,250,0.4,157,64,15,187,159
phase,250,0.4,158,50,5,200,170
phase,250,0.4,159,50,7,200,168
phase,250,0.4,160,48,9,202,172
phase,250,0.4,161,54,5,196,158
phase,250,0.4,162,43,4,207,177
phase,250,0.4,163,63,11,187,153
phase,250,0.4,164,44,4,206,173
phase,250,0.4,165,57,5,193,158
phase,250,0.4,166,45,6,205,173
phase,250,0.4,167,38,7,212,185
phase,250,0.4,168,53,11,197,166
phase,250,0.4,169,52,4,198,160
phase,250,0.4,170,46,6,204,174
phase,250,0.4,171,56,5,194,158
phase,250,0.4,172,55,6,195,165
phase,250,0.4,173,50,6,200,165
phase,250,0.4,174,50,5,200,163
phase,250,0.4,175,62,6,188,153
phase,250,0.4,176,45,7,205,174
phase,250,0.4,177,54,6,196,164
phase,250,0.4,178,38,4,212,185
phase,250,0.4,179,53,6,197,164
phase,250,0.4,180,46,4,204,173
phase,250,0.4,181,53,5,197,167
phase,250,0.4,182,52,7,198,168
phase,250,0.4,183,41,4,209,174
phase,250,0.4,184,51,6,199,163
phase,250,0.4,185,53,10,197,163
phase,250,0.4,186,50,5,200,168
phase,250,0.4,187,53,7,197,165
phase,250,0.4,188,49,5,201,169
phase,250,0.4,189,37,4,213,190
phase,250,0.4,190,58,4,192,148
phase,250,0.4,191,58,7,192,158
phase,250,0.4,192,38,6,212,186
phase,250,0.4,193,49,6,201,171
phase,250,0.4,194,62,5,188,147
phase,250,0.4,195,41,5,209,181
phase,250,0.4,196,42,5,208,178
phase,250,0.4,197,43,8,207,177
phase,250,0.4,198,49,6,201,168
phase,250,0.4,199,31,4,219,194
phase,250,0.6,0,69,7,181,145
phase,250,0.6,1,73,13,177,140
phase,250,0.6,2,80,7,170,128
phase,250,0.6,3,66,6,184,143
phase,250,0.6,4,74,8,176,135
phase,250,0.6,5,77,12,173,143
phase,250,0.6,6,76,11,174,135
phase,250,0.6,7,88,26,162,124
phase,250,0.6,8,82,17,169,132
phase,250,0.6,9,76,12,174,140
phase,250,0.6,10,74,10,176,140
phase,250,0.6,11,82,6,168,124
phase,250,0.6,12,73,10,177,139
phase,250,0.6,13,85,14,166,133
phase,250,0.6,14,58,6,192,154
phase,250,0.6,15,63,7,187,149
phase,250,0.6,16,60,6,190,153
phase,250,0.6,17,87,7,163,120
phase,250,0.6,18,73,8,177,136
phase,250,0.6,19,88,12,162,124
phase,250,0.6,20,79,10,171,123
phase,250,0.6,21,69,10,181,145
phase,250,0.6,22,68,7,182,141
phase,250,0.6,23,80,9,170,130
phase,250,0.6,24,82,17,168,130
phase,250,0.6,25,69,6,181,139
phase,250,0.6,26,76,8,174,137
phase,250,0.6,27,64,7,186,147
phase,250,0.6,28,67,14,183,152
phase,250,0.6,29,53,6,197,161
phase,250,0.6,30,73,6,177,131
phase,250,0.6,31,70,6,180,144
phase,250,0.6,32,88,21,163,123
phase,250,0.6,33,71,9,179,141
phase,250,0.6,34,78,7,172,130
phase,250,0.6,35,84,8,166,118
phase,250,0.6,36,75,6,175,139
phase,250,0.6,37,67,9,183,144
phase,250,0.6,38,67,11,183,147
phase,250,0.6,39,63,10,187,152
phase,250,0.6,40,77,24,173,141
phase,250,0.6,41,79,10,171,136
phase,250,0.6,42,86,8,164,127
phase,250,0.6,43,81,11,169,129
phase,250,0.6,44,65,7,185,145
phase,250,0.6,45,66,10,184,145
phase,250,0.6,46,75,11,175,137
phase,250,0.6,47,66,7,184,150
phase,250,0.6,48,90,12,160,125
phase,250,0.6,49,87,15,163,126
phase,250,0.6,50,74,12,176,136
phase,250,0.6,51,67,6,183,141
phase,250,0.6,52,68,9,182,144
phase,250,0.6,53,82,11,168,136
phase,250,0.6,54,83,9,167,126
phase,250,0.6,55,72,5,178,132
phase,250,0.6,56,83,11,167,128
phase,250,0.6,57,75,16,175,140
phase,250,0.6,58,77,8,173,132
phase,250,0.6,59,64,9,186,144
phase,250,0.6,60,69,10,181,148
phase,250,0.6,61,86,9,164,126
phase,250,0.6,62,88,11,162,121
phase,250,0.6,63,67,9,183,147
phase,250,0.6,64,63,10,187,155
phase,250,0.6,65,79,8,171,131
phase,250,0.6,66,65,7,185,143
phase,250,0.6,67,93,10,157,121
phase,250,0.6,68,79,7,171,130
phase,250,0.6,69,69,14,181,146
phase,250,0.6,70,74,9,176,140
phase,250,0.6,71,80,6,170,126
phase,250,0.6,72,80,19,170,141
phase,250,0.6,73,78,13,172,132
phase,250,0.6,74,78,11,172,132
phase,250,0.6,75,62,6,188,148
phase,250,0.6,76,66,12,184,148
phase,250,0.6,77,81,16,169,131
phase,250,0.6,78,76,8,175,140
phase,250,0.6,79,75,10,175,138
phase,250,0.6,80,73,8,177,131
phase,250,0.6,81,72,24,178,145
phase,250,0.6,82,73,10,177,139
phase,250,0.6,83,74,11,176,140
phase,250,0.6,84,94,8,156,108
phase,250,0.6,85,90,10,160,118
phase,250,0.6,86,82,21,168,129
phase,250,0.6,87,81,10,170,135
phase,250,0.6,88,65,9,185,143
phase,250,0.6,89,75,6,175,134
phase,250,0.6,90,86,10,164,120
phase,250,0.6,91,81,19,169,129
phase,250,0.6,92,78,13,172,133
phase,250,0.6,93,85,13,165,126
phase,250,0.6,94,69,8,181,141
phase,250,0.6,95,68,5,182,134
phase,250,0.6,96,75,13,175,143
phase,250,0.6,97,79,10,171,123
phase,250,0.6,98,62,10,188,149
phase,250,0.6,99,58,13,192,156
phase,250,0.6,100,85,17,165,127
phase,250,0.6,101,66,6,184,145
phase,250,0.6,102,66,11,184,147
phase,250,0.6,103,86,7,164,124
phase,250,0.6,104,67,11,183,146
phase,250,0.6,105,67,13,183,148
phase,250,0.6,106,64,7,186,151
phase,250,0.6,107,84,8,166,123
phase,250,0.6,108,76,15,174,135
phase,250,0.6,109,76,12,174,140
phase,250,0.6,110,77,9,173,135
phase,250,0.6,111,84,16,166,133
phase,250,0.6,112,87,8,163,122
phase,250,0.6,113,75,10,175,140
phase,250,0.6,114,71,10,180,147
phase,250,0.6,115,90,10,160,124
phase,250,0.6,116,76,8,174,136
phase,250,0.6,117,84,11,166,124
phase,250,0.6,118,79,7,171,128
phase,250,0.6,119,85,9,165,122
phase,250,0.6,120,69,6,181,144
phase,250,0.6,121,67,8,183,149
phase,250,0.6,122,83,15,167,135
phase,250,0.6,123,72,12,178,142
phase,250,0.6,124,96,14,154,113
phase,250,0.6,125,62,13,188,161
phase,250,0.6,126,88,13,162,120
phase,250,0.6,127,85,10,165,119
phase,250,0.6,128,78,13,173,137
phase,250,0.6,129,88,10,163,125
phase,250,0.6,130,91,10,159,114
phase,250,0.6,131,78,12,172,133
phase,250,0.6,132,90,9,160,124
phase,250,0.6,133,59,5,191,154
phase,250,0.6,134,78,16,172,144
phase,250,0.6,135,64,5,186,147
phase,250,0.6,136,72,8,178,142
phase,250,0.6,137,61,10,189,156
phase,250,0.6,138,64,7,186,145
phase,250,0.6,139,76,13,174,132
phase,250,0.6,140,79,7,171,130
phase,250,0.6,141,79,9,171,132
phase,250,0.6,142,70,10,180,145
phase,250,0.6,143,95,17,155,118
phase,250,0.6,144,60,8,190,160
phase,250,0.6,145,86,8,164,120
phase,250,0.6,146,72,9,178,144
phase,250,0.6,147,93,10,157,114
phase,250,0.6,148,80,10,170,132
phase,250,0.6,149,63,23,187,160
phase,250,0.6,150,91,15,159,125
phase,250,0.6,151,78,7,174,140
phase,250,0.6,152,78,14,172,141
phase,250,0.6,153,78,9,172,133
phase,250,0.6,154,73,11,177,138
phase,250,0.6,155,84,8,166,130
phase,250,0.6,156,82,17,168,129
phase,250,0.6,157,74,6,176,136
phase,250,0.6,158,67,7,183,144
phase,250,0.6,159,58,10,192,160
phase,250,0.6,160,66,16,184,152
phase,250,0.6,161,66,8,184,143
phase,250,0.6,162,74,8,176,141
phase,250,0.6,163,74,16,176,136
phase,250,0.6,164,74,5,176,130
phase,250,0.6,165,76,7,174,136
phase,250,0.6,166,79,12,171,136
phase,250,0.6,167,77,16,173,139
phase,250,0.6,168,80,8,170,126
phase,250,0.6,169,82,7,168,130
phase,250,0.6,170,81,21,169,135
phase,250,0.6,171,84,14,166,130
phase,250,0.6,172,72,9,178,142
phase,250,0.6,173,80,12,170,135
phase,250,0.6,174,91,20,159,128
phase,250,0.6,175,73,13,177,146
phase,250,0.6,176,88,13,162,124
phase,250,0.6,177,85,13,165,126
phase,250,0.6,178,90,18,161,119
phase,250,0.6,179,77,14,173,140
phase,250,0.6,180,70,9,180,149
phase,250,0.6,181,73,8,177,135
phase,250,0.6,182,72,8,178,137
phase,250,0.6,183,66,9,184,157
phase,250,0.6,184,67,8,183,148
phase,250,0.6,185,64,5,186,150
phase,250,0.6,186,84,9,166,122
phase,250,0.6,187,68,8,182,146
phase,250,0.6,188,72,9,178,142
phase,250,0.6,189,83,8,167,124
phase,250,0.6,190,72,8,178,140
phase,250,0.6,191,56,8,194,164
phase,250,0.6,192,85,7,165,123
phase,250,0.6,193,81,12,169,129
phase,250,0.6,194,57,6,193,157
phase,250,0.6,195,88,7,162,120
phase,250,0.6,196,89,13,161,128
phase,250,0.6,197,60,5,190,149
phase,250,0.6,198,85,17,165,130
phase,250,0.6,199,79,7,171,129
phase,250,0.8,0,109,23,141,105
phase,250,0.8,1,115,40,138,101
phase,250,0.8,2,121,20,131,90
phase,250,0.8,3,96,23,156,131
phase,250,0.8,4,103,24,147,110
phase,250,0.8,5,113,41,137,101
phase,250,0.8,6,101,20,149,113
phase,250,0.8,7,103,12,147,111
phase,250,0.8,8,98,18,152,109
phase,250,0.8,9,84,10,166,125
phase,250,0.8,10,94,7,156,110
phase,250,0.8,11,93,10,157,115
phase,250,0.8,12,96,15,154,113
phase,250,0.8,13,111,18,139,103
phase,250,0.8,14,117,20,133,91
phase,250,0.8,15,105,12,145,107
phase,250,0.8,16,96,28,156,120
phase,250,0.8,17,113,20,138,97
phase,250,0.8,18,104,42,148,113
phase,250,0.8,19,109,14,141,97
phase,250,0.8,20,96,24,154,113
phase,250,0.8,21,87,9,164,121
phase,250,0.8,22,100,23,150,122
phase,250,0.8,23,107,14,143,105
phase,250,0.8,24,106,14,144,104
phase,250,0.8,25,94,19,156,125
phase,250,0.8,26,101,13,149,100
phase,250,0.8,27,98,37,153,123
phase,250,0.8,28,107,41,143,105
phase,250,0.8,29,124,23,126,84
phase,250,0.8,30,100,9,150,107
phase,250,0.8,31,101,17,149,107
phase,250,0.8,32,85,11,165,128
phase,250,0.8,33,103,24,148,113
phase,250,0.8,34,102,45,148,117
phase,250,0.8,35,97,11,153,112
phase,250,0.8,36,103,13,147,101
phase,250,0.8,37,93,10,157,120
phase,250,0.8,38,104,17,147,108
phase,250,0.8,39,91,13,159,115
phase,250,0.8,40,105,23,145,108
phase,250,0.8,41,92,13,158,124
phase,250,0.8,42,85,19,165,125
phase,250,0.8,43,85,14,165,129
phase,250,0.8,44,93,15,157,112
phase,250,0.8,45,123,35,127,93
phase,250,0.8,46,103,14,148,110
phase,250,0.8,47,94,16,156,116
phase,250,0.8,48,114,28,136,102
phase,250,0.8,49,95,34,156,123
phase,250,0.8,50,103,13,147,108
phase,250,0.8,51,106,15,145,99
phase,250,0.8,52,103,21,147,115
phase,250,0.8,53,103,28,147,112
phase,250,0.8,54,107,12,144,109
phase,250,0.8,55,77,7,173,136
phase,250,0.8,56,101,22,150,112
phase,250,0.8,57,118,43,134,100
phase,250,0.8,58,113,13,137,100
phase,250,0.8,59,97,25,153,114
phase,250,0.8,60,94,10,156,113
phase,250,0.8,61,103,20,148,116
phase,250,0.8,62,107,18,144,109
phase,250,0.8,63,103,21,147,112
phase,250,0.8,64,92,12,158,118
phase,250,0.8,65,112,17,139,104
phase,250,0.8,66,103,16,148,114
phase,250,0.8,67,73,8,177,138
phase,250,0.8,68,107,14,143,105
phase,250,0.8,69,105,16,145,99
phase,250,0.8,70,128,30,122,78
phase,250,0.8,71,103,20,147,107
phase,250,0.8,72,103,20,147,114
phase,250,0.8,73,93,9,157,117
phase,250,0.8,74,93,14,157,120
phase,250,0.8,75,114,31,137,99
phase,250,0.8,76,120,35,132,102
phase,250,0.8,77,96,22,154,117
phase,250,0.8,78,115,48,136,106
phase,250,0.8,79,96,29,154,116
phase,250,0.8,80,105,29,147,112
phase,250,0.8,81,101,17,149,116
phase,250,0.8,82,94,15,156,119
phase,250,0.8,83,97,18,153,119
phase,250,0.8,84,102,14,148,110
phase,250,0.8,85,99,20,152,115
phase,250,0.8,86,96,13,155,115
phase,250,0.8,87,104,13,146,110
phase,250,0.8,88,81,7,169,126
phase,250,0.8,89,108,11,142,99
phase,250,0.8,90,88,7,162,121
phase,250,0.8,91,91,10,160,121
phase,250,0.8,92,110,41,140,104
phase,250,0.8,93,101,9,149,103
phase,250,0.8,94,96,10,154,111
phase,250,0.8,95,103,9,148,102
phase,250,0.8,96,105,15,145,104
phase,250,0.8,97,83,23,167,131
phase,250,0.8,98,110,24,140,106
phase,250,0.8,99,110,34,140,103
phase,250,0.8,100,116,26,134,101
phase,250,0.8,101,95,20,155,115
phase,250,0.8,102,104,19,147,110
phase,250,0.8,103,89,16,161,124
phase,250,0.8,104,115,20,135,90
phase,250,0.8,105,99,19,151,117
phase,250,0.8,106,100,11,150,105
phase,250,0.8,107,101,23,149,115
phase,250,0.8,108,87,12,163,130
phase,250,0.8,109,92,11,159,120
phase,250,0.8,110,95,8,155,102
phase,250,0.8,111,110,16,140,101
phase,250,0.8,112,118,19,132,94
phase,250,0.8,113,99,13,151,103
phase,250,0.8,114,96,11,154,118
phase,250,0.8,115,105,22,145,103
phase,250,0.8,116,97,31,153,126
phase,250,0.8,117,92,21,159,120
phase,250,0.8,118,97,24,153,117
phase,250,0.8,119,105,41,146,111
phase,250,0.8,120,110,25,140,108
phase,250,0.8,121,100,13,150,112
phase,250,0.8,122,95,33,156,115
phase,250,0.8,123,84,9,166,128
phase,250,0.8,124,95,20,155,123
phase,250,0.8,125,85,10,167,137
phase,250,0.8,126,97,16,153,119
phase,250,0.8,127,117,14,133,98
phase,250,0.8,128,94,13,156,119
phase,250,0.8,129,95,12,155,121
phase,250,0.8,130,96,11,154,109
phase,250,0.8,131,96,10,154,114
phase,250,0.8,132,97,14,153,112
phase,250,0.8,133,88,13,162,121
phase,250,0.8,134,106,16,144,108
phase,250,0.8,135,92,13,158,114
phase,250,0.8,136,104,19,146,109
phase,250,0.8,137,95,11,155,110
phase,250,0.8,138,101,16,149,115
phase,250,0.8,139,91,11,159,116
phase,250,0.8,140,116,15,134,95
phase,250,0.8,141,119,22,131,88
phase,250,0.8,142,96,10,154,109
phase,250,0.8,143,108,14,142,109
phase,250,0.8,144,80,9,170,132
phase,250,0.8,145,107,22,143,101
phase,250,0.8,146,96,12,155,114
phase,250,0.8,147,99,9,151,109
phase,250,0.8,148,99,46,151,123
phase,250,0.8,149,104,9,146,100
phase,250,0.8,150,97,13,153,111
phase,250,0.8,151,139,81,115,86
phase,250,0.8,152,98,11,153,108
phase,250,0.8,153,115,31,135,98
phase,250,0.8,154,93,12,157,118
phase,250,0.8,155,105,16,145,105
phase,250,0.8,156,90,15,160,117
phase,250,0.8,157,92,9,158,117
phase,250,0.8,158,136,67,117,88
phase,250,0.8,159,100,11,150,106
phase,250,0.8,160,92,14,158,115
phase,250,0.8,161,96,19,154,119
phase,250,0.8,162,100,16,150,112
phase,250,0.8,163,118,43,132,101
phase,250,0.8,164,88,8,162,126
phase,250,0.8,165,97,20,153,107
phase,250,0.8,166,99,14,151,115
phase,250,0.8,167,89,24,162,122
phase,250,0.8,168,87,11,163,123
phase,250,0.8,169,99,16,151,111
phase,250,0.8,170,98,19,152,119
phase,250,0.8,171,93,16,157,125
phase,250,0.8,172,125,23,125,90
phase,250,0.8,173,119,34,132,92
phase,250,0.8,174,99,20,151,118
phase,250,0.8,175,108,22,142,106
phase,250,0.8,176,83,8,167,121
phase,250,0.8,177,98,38,152,128
phase,250,0.8,178,95,19,155,119
phase,250,0.8,179,95,12,155,110
phase,250,0.8,180,91,17,159,125
phase,250,0.8,181,93,9,157,115
phase,250,0.8,182,103,13,147,110
phase,250,0.8,183,105,18,145,107
phase,250,0.8,184,112,22,139,105
phase,250,0.8,185,86,8,164,126
phase,250,0.8,186,100,10,150,109
phase,250,0.8,187,97,16,153,104
phase,250,0.8,188,88,8,162,117
phase,250,0.8,189,89,17,161,123
phase,250,0.8,190,87,8,163,117
phase,250,0.8,191,75,8,175,134
phase,250,0.8,192,103,22,149,112
phase,250,0.8,193,96,22,154,115
phase,250,0.8,194,119,21,132,97
phase,250,0.8,195,83,10,167,139
phase,250,0.8,196,99,18,152,110
phase,250,0.8,197,96,25,155,119
phase,250,0.8,198,89,8,161,119
phase,250,0.8,199,111,13,140,104
phase,250,0.9,0,98,11,152,113
phase,250,0.9,1,106,18,144,105
phase,250,0.9,2,104,15,147,105
phase,250,0.9,3,98,23,152,110
phase,250,0.9,4,114,26,136,96
phase,250,0.9,5,108,18,142,104
phase,250,0.9,6,108,25,142,101
phase,250,0.9,7,120,26,130,95
phase,250,0.9,8,122,36,128,89
phase,250,0.9,9,112,29,139,101
phase,250,0.9,10,101,14,149,106
phase,250,0.9,11,115,14,135,92
phase,250,0.9,12,99,21,152,113
phase,250,0.9,13,125,30,126,90
phase,250,0.9,14,107,19,143,107
phase,250,0.9,15,110,38,141,109
phase,250,0.9,16,112,11,138,102
phase,250,0.9,17,134,54,119,89
phase,250,0.9,18,125,38,125,100
phase,250,0.9,19,107,15,143,99
phase,250,0.9,20,102,19,148,106
phase,250,0.9,21,113,20,138,94
phase,250,0.9,22,111,32,139,108
phase,250,0.9,23,98,24,152,119
phase,250,0.9,24,103,24,147,112
phase,250,0.9,25,91,19,159,116
phase,250,0.9,26,129,69,122,90
phase,250,0.9,27,95,21,155,114
phase,250,0.9,28,113,22,137,98
phase,250,0.9,29,113,13,137,98
phase,250,0.9,30,110,40,140,105
phase,250,0.9,31,114,23,138,105
phase,250,0.9,32,118,17,132,88
phase,250,0.9,33,109,25,143,104
phase,250,0.9,34,113,54,138,109
phase,250,0.9,35,110,31,141,103
phase,250,0.9,36,116,37,134,101
phase,250,0.9,37,126,32,124,97
phase,250,0.9,38,119,43,131,99
phase,250,0.9,39,106,42,144,108
phase,250,0.9,40,109,23,141,102
phase,250,0.9,41,98,11,152,112
phase,250,0.9,42,107,30,143,107
phase,250,0.9,43,103,16,147,112
phase,250,0.9,44,117,32,133,90
phase,250,0.9,45,108,17,142,95
phase,250,0.9,46,116,21,134,95
phase,250,0.9,47,107,22,144,105
phase,250,0.9,48,95,27,155,123
phase,250,0.9,49,101,16,149,110
phase,250,0.9,50,116,18,135,100
phase,250,0.9,51,123,43,130,98
phase,250,0.9,52,106,10,144,93
phase,250,0.9,53,114,27,137,97
phase,250,0.9,54,110,44,141,107
phase,250,0.9,55,107,49,143,109
phase,250,0.9,56,99,15,151,108
phase,250,0.9,57,117,32,134,100
phase,250,0.9,58,93,18,157,117
phase,250,0.9,59,99,19,151,111
phase,250,0.9,60,117,19,133,98
phase,250,0.9,61,134,25,116,83
phase,250,0.9,62,118,24,132,88
phase,250,0.9,63,110,14,140,103
phase,250,0.9,64,101,10,149,115
phase,250,0.9,65,120,22,130,92
phase,250,0.9,66,105,18,145,114
phase,250,0.9,67,100,15,150,104
phase,250,0.9,68,98,23,153,114
phase,250,0.9,69,94,19,157,123
phase,250,0.9,70,103,36,148,109
phase,250,0.9,71,125,43,126,92
phase,250,0.9,72,110,27,140,106
phase,250,0.9,73,98,15,152,112
phase,250,0.9,74,112,29,138,101
phase,250,0.9,75,114,24,136,92
phase,250,0.9,76,123,17,127,86
phase,250,0.9,77,101,24,149,115
phase,250,0.9,78,129,51,123,98
phase,250,0.9,79,127,27,124,91
phase,250,0.9,80,123,31,127,89
phase,250,0.9,81,106,38,144,114
phase,250,0.9,82,100,13,150,108
phase,250,0.9,83,127,28,124,88
phase,250,0.9,84,128,16,122,89
phase,250,0.9,85,99,33,151,117
phase,250,0.9,86,120,26,130,93
phase,250,0.9,87,124,18,126,86
phase,250,0.9,88,99,19,151,111
phase,250,0.9,89,116,17,135,91
phase,250,0.9,90,116,20,134,98
phase,250,0.9,91,104,27,146,110
phase,250,0.9,92,102,13,148,113
phase,250,0.9,93,139,32,111,73
phase,250,0.9,94,111,13,139,94
phase,250,0.9,95,133,19,117,77
phase,250,0.9,96,111,22,139,107
phase,250,0.9,97,107,20,143,108
phase,250,0.9,98,109,14,141,99
phase,250,0.9,99,118,34,132,96
phase,250,0.9,100,113,21,137,108
phase,250,0.9,101,117,16,133,92
phase,250,0.9,102,116,23,134,96
phase,250,0.9,103,100,16,151,112
phase,250,0.9,104,119,44,131,89
phase,250,0.9,105,133,37,120,84
phase,250,0.9,106,102,15,149,113
phase,250,0.9,107,126,14,124,84
phase,250,0.9,108,105,23,145,102
phase,250,0.9,109,120,47,130,111
phase,250,0.9,110,121,36,129,91
phase,250,0.9,111,131,29,121,95
phase,250,0.9,112,97,9,153,107
phase,250,0.9,113,114,30,136,103
phase,250,0.9,114,118,25,132,95
phase,250,0.9,115,104,21,146,105
phase,250,0.9,116,105,30,145,104
phase,250,0.9,117,114,33,137,99
phase,250,0.9,118,124,14,126,89
phase,250,0.9,119,116,28,135,98
phase,250,0.9,120,112,20,138,106
phase,250,0.9,121,122,18,128,93
phase,250,0.9,122,114,46,136,102
phase,250,0.9,123,112,21,138,104
phase,250,0.9,124,105,15,146,112
phase,250,0.9,125,113,22,137,101
phase,250,0.9,126,102,19,148,109
phase,250,0.9,127,112,16,138,99
phase,250,0.9,128,95,10,155,115
phase,250,0.9,129,110,17,140,101
phase,250,0.9,130,124,67,126,93
phase,250,0.9,131,107,27,143,104
phase,250,0.9,132,106,40,145,104
phase,250,0.9,133,114,38,136,103
phase,250,0.9,134,110,13,140,108
phase,250,0.9,135,114,18,136,98
phase,250,0.9,136,104,19,146,109
phase,250,0.9,137,108,43,142,106
phase,250,0.9,138,120,31,130,93
phase,250,0.9,139,117,23,135,98
phase,250,0.9,140,112,54,138,111
phase,250,0.9,141,117,20,133,95
phase,250,0.9,142,116,36,134,106
phase,250,0.9,143,137,76,113,83
phase,250,0.9,144,125,51,126,103
phase,250,0.9,145,98,10,153,113
phase,250,0.9,146,131,45,119,82
phase,250,0.9,147,104,20,147,113
phase,250,0.9,148,106,14,144,113
phase,250,0.9,149,128,11,123,84
phase,250,0.9,150,118,40,132,104
phase,250,0.9,151,124,45,126,84
phase,250,0.9,152,114,36,137,107
phase,250,0.9,153,99,18,152,120
phase,250,0.9,154,111,21,139,101
phase,250,0.9,155,111,32,139,100
phase,250,0.9,156,122,39,130,94
phase,250,0.9,157,117,22,133,94
phase,250,0.9,158,119,64,131,102
phase,250,0.9,159,103,26,147,109
phase,250,0.9,160,107,28,143,112
phase,250,0.9,161,117,18,133,96
phase,250,0.9,162,120,13,132,89
phase,250,0.9,163,119,26,131,100
phase,250,0.9,164,111,19,140,103
phase,250,0.9,165,120,24,132,96
phase,250,0.9,166,103,16,147,104
phase,250,0.9,167,120,16,130,96
phase,250,0.9,168,114,30,136,104
phase,250,0.9,169,114,47,136,100
phase,250,0.9,170,105,15,145,106
phase,250,0.9,171,93,15,158,120
phase,250,0.9,172,114,37,136,103
phase,250,0.9,173,97,17,153,114
phase,250,0.9,174,129,39,121,82
phase,250,0.9,175,132,56,120,93
phase,250,0.9,176,108,37,142,108
phase,250,0.9,177,91,15,159,113
phase,250,0.9,178,115,16,135,99
phase,250,0.9,179,113,16,137,99
phase,250,0.9,180,116,22,134,97
phase,250,0.9,181,134,43,116,86
phase,250,0.9,182,119,28,131,92
phase,250,0.9,183,98,20,153,119
phase,250,0.9,184,111,26,139,100
phase,250,0.9,185,115,24,135,94
phase,250,0.9,186,119,28,131,94
phase,250,0.9,187,103,13,147,111
phase,250,0.9,188,109,22,141,101
phase,250,0.9,189,99,10,151,105
phase,250,0.9,190,114,36,137,103
phase,250,0.9,191,105,29,145,110
phase,250,0.9,192,111,32,139,103
phase,250,0.9,193,109,34,142,107
phase,250,0.9,194,111,30,139,104
phase,250,0.9,195,117,54,133,97
phase,250,0.9,196,116,16,134,89
phase,250,0.9,197,101,17,149,106
phase,250,0.9,198,110,18,140,110
phase,250,0.9,199,104,18,146,103
phase,250,1.0,0,117,31,133,108
phase,250,1.0,1,99,13,151,111
phase,250,1.0,2,124,21,127,90
phase,250,1.0,3,128,27,124,85
phase,250,1.0,4,116,13,134,87
phase,250,1.0,5,159,123,97,75
phase,250,1.0,6,119,30,131,96
phase,250,1.0,7,125,17,125,82
phase,250,1.0,8,128,25,123,89
phase,250,1.0,9,125,34,125,93
phase,250,1.0,10,101,41,149,115
phase,250,1.0,11,125,19,125,90
phase,250,1.0,12,114,22,136,96
phase,250,1.0,13,140,42,110,77
phase,250,1.0,14,131,51,120,89
phase,250,1.0,15,125,17,125,82
phase,250,1.0,16,150,95,102,84
phase,250,1.0,17,133,25,118,82
phase,250,1.0,18,123,39,131,96
phase,250,1.0,19,125,40,126,96
phase,250,1.0,20,120,33,130,94
phase,250,1.0,21,129,16,123,86
phase,250,1.0,22,120,40,131,96
phase,250,1.0,23,125,23,125,89
phase,250,1.0,24,121,50,129,90
phase,250,1.0,25,112,19,138,100
phase,250,1.0,26,129,48,121,86
phase,250,1.0,27,108,27,142,107
phase,250,1.0,28,141,23,110,81
phase,250,1.0,29,129,33,122,88
phase,250,1.0,30,145,43,105,79
phase,250,1.0,31,112,48,139,104
phase,250,1.0,32,133,33,117,78
phase,250,1.0,33,131,22,119,87
phase,250,1.0,34,120,43,130,102
phase,250,1.0,35,120,49,132,93
phase,250,1.0,36,107,12,143,99
phase,250,1.0,37,122,23,128,89
phase,250,1.0,38,116,26,134,95
phase,250,1.0,39,131,42,120,89
phase,250,1.0,40,129,24,121,84
phase,250,1.0,41,130,57,120,91
phase,250,1.0,42,138,55,113,76
phase,250,1.0,43,140,65,113,89
phase,250,1.0,44,120,23,130,97
phase,250,1.0,45,131,21,119,89
phase,250,1.0,46,132,22,118,82
phase,250,1.0,47,110,11,140,101
phase,250,1.0,48,130,36,121,94
phase,250,1.0,49,130,52,121,90
phase,250,1.0,50,118,24,133,95
phase,250,1.0,51,117,21,133,92
phase,250,1.0,52,113,33,137,100
phase,250,1.0,53,134,49,118,86
phase,250,1.0,54,110,31,140,107
phase,250,1.0,55,129,28,121,88
phase,250,1.0,56,102,8,148,110
phase,250,1.0,57,127,50,123,91
phase,250,1.0,58,131,40,119,90
phase,250,1.0,59,144,68,107,80
phase,250,1.0,60,133,56,119,95
phase,250,1.0,61,130,40,123,87
phase,250,1.0,62,128,23,123,92
phase,250,1.0,63,120,58,130,103
phase,250,1.0,64,119,26,131,97
phase,250,1.0,65,129,54,122,95
phase,250,1.0,66,125,18,125,88
phase,250,1.0,67,129,15,123,87
phase,250,1.0,68,127,57,123,91
phase,250,1.0,69,122,33,129,93
phase,250,1.0,70,123,30,127,97
phase,250,1.0,71,124,24,127,88
phase,250,1.0,72,123,35,128,93
phase,250,1.0,73,133,51,120,94
phase,250,1.0,74,113,22,137,95
phase,250,1.0,75,120,25,131,99
phase,250,1.0,76,103,31,147,106
phase,250,1.0,77,122,64,129,98
phase,250,1.0,78,121,53,129,92
phase,250,1.0,79,137,48,113,87
phase,250,1.0,80,142,79,111,78
phase,250,1.0,81,119,19,132,97
phase,250,1.0,82,132,67,118,88
phase,250,1.0,83,132,29,118,83
phase,250,1.0,84,123,36,127,93
phase,250,1.0,85,118,17,132,95
phase,250,1.0,86,112,21,138,106
phase,250,1.0,87,132,34,118,85
phase,250,1.0,88,134,22,118,86
phase,250,1.0,89,139,49,111,80
phase,250,1.0,90,159,81,92,69
phase,250,1.0,91,135,32,116,72
phase,250,1.0,92,119,19,131,94
phase,250,1.0,93,124,17,126,94
phase,250,1.0,94,112,13,138,95
phase,250,1.0,95,135,25,115,76
phase,250,1.0,96,125,57,126,95
phase,250,1.0,97,139,46,112,80
phase,250,1.0,98,134,70,117,80
phase,250,1.0,99,127,19,123,85
phase,250,1.0,100,107,17,143,107
phase,250,1.0,101,124,40,128,94
phase,250,1.0,102,123,70,128,97
phase,250,1.0,103,144,46,107,77
phase,250,1.0,104,124,35,128,86
phase,250,1.0,105,123,37,127,92
phase,250,1.0,106,114,14,136,93
phase,250,1.0,107,111,29,140,101
phase,250,1.0,108,153,101,99,72
phase,250,1.0,109,127,31,125,94
phase,250,1.0,110,142,45,109,75
phase,250,1.0,111,116,21,134,96
phase,250,1.0,112,99,30,151,116
phase,250,1.0,113,121,42,130,98
phase,250,1.0,114,135,32,116,78
phase,250,1.0,115,125,30,125,93
phase,250,1.0,116,136,52,114,91
phase,250,1.0,117,125,33,125,94
phase,250,1.0,118,124,29,128,93
phase,250,1.0,119,113,29,137,102
phase,250,1.0,120,143,21,108,69
phase,250,1.0,121,132,22,118,78
phase,250,1.0,122,110,40,140,101
phase,250,1.0,123,129,21,121,87
phase,250,1.0,124,129,47,123,87
phase,250,1.0,125,111,34,139,108
phase,250,1.0,126,120,22,130,93
phase,250,1.0,127,130,17,121,83
phase,250,1.0,128,145,43,105,74
phase,250,1.0,129,110,39,140,109
phase,250,1.0,130,122,37,128,94
phase,250,1.0,131,116,14,135,96
phase,250,1.0,132,117,20,133,100
phase,250,1.0,133,142,89,111,89
phase,250,1.0,134,144,31,108,68
phase,250,1.0,135,105,19,145,106
phase,250,1.0,136,129,26,121,78
phase,250,1.0,137,112,40,138,102
phase,250,1.0,138,156,76,95,70
phase,250,1.0,139,113,32,139,103
phase,250,1.0,140,126,30,125,95
phase,250,1.0,141,143,20,107,73
phase,250,1.0,142,132,62,119,84
phase,250,1.0,143,108,15,142,94
phase,250,1.0,144,123,38,129,102
phase,250,1.0,145,125,78,126,95
phase,250,1.0,146,114,19,137,103
phase,250,1.0,147,127,53,123,91
phase,250,1.0,148,120,34,130,100
phase,250,1.0,149,129,29,122,91
phase,250,1.0,150,132,36,118,82
phase,250,1.0,151,136,48,117,87
phase,250,1.0,152,154,115,98,82
phase,250,1.0,153,123,63,129,99
phase,250,1.0,154,112,35,138,105
phase,250,1.0,155,105,14,145,111
phase,250,1.0,156,109,21,141,101
phase,250,1.0,157,105,32,145,117
phase,250,1.0,158,128,21,122,80
phase,250,1.0,159,131,64,120,90
phase,250,1.0,160,113,26,137,105
phase,250,1.0,161,111,33,139,104
phase,250,1.0,162,111,13,140,101
phase,250,1.0,163,123,22,128,89
phase,250,1.0,164,133,31,117,95
phase,250,1.0,165,112,22,139,102
phase,250,1.0,166,128,51,125,87
phase,250,1.0,167,122,27,128,91
phase,250,1.0,168,108,22,142,102
phase,250,1.0,169,112,25,138,104
phase,250,1.0,170,117,28,134,96
phase,250,1.0,171,117,20,134,94
phase,250,1.0,172,114,16,136,106
phase,250,1.0,173,128,31,125,92
phase,250,1.0,174,118,24,134,95
phase,250,1.0,175,119,14,131,88
phase,250,1.0,176,142,32,110,76
phase,250,1.0,177,119,69,131,103
phase,250,1.0,178,106,12,144,111
phase,250,1.0,179,129,25,121,93
phase,250,1.0,180,119,27,131,99
phase,250,1.0,181,139,87,112,86
phase,250,1.0,182,114,19,136,100
phase,250,1.0,183,150,106,104,83
phase,250,1.0,184,127,40,123,89
phase,250,1.0,185,122,31,128,85
phase,250,1.0,186,116,31,135,99
phase,250,1.0,187,110,14,140,95
phase,250,1.0,188,147,70,104,77
phase,250,1.0,189,147,91,107,80
phase,250,1.0,190,120,22,130,97
phase,250,1.0,191,118,41,132,97
phase,250,1.0,192,110,17,140,102
phase,250,1.0,193,130,46,120,90
phase,250,1.0,194,119,35,131,101
phase,250,1.0,195,114,35,136,104
phase,250,1.0,196,126,22,124,92
phase,250,1.0,197,138,58,113,81
phase,250,1.0,198,127,58,124,97
phase,250,1.0,199,116,37,134,101
phase,250,1.1,0,116,21,136,97
phase,250,1.1,1,143,41,108,79
phase,250,1.1,2,151,59,101,83
phase,250,1.1,3,139,81,113,81
phase,250,1.1,4,136,81,115,83
phase,250,1.1,5,164,75,89,65
phase,250,1.1,6,145,49,106,80
phase,250,1.1,7,156,93,98,78
phase,250,1.1,8,152,91,99,72
phase,250,1.1,9,126,24,124,86
phase,250,1.1,10,146,47,104,75
phase,250,1.1,11,122,50,129,92
phase,250,1.1,12,130,28,121,88
phase,250,1.1,13,160,87,94,66
phase,250,1.1,14,108,20,142,105
phase,250,1.1,15,128,55,122,95
phase,250,1.1,16,143,58,108,76
phase,250,1.1,17,118,17,132,91
phase,250,1.1,18,131,22,119,82
phase,250,1.1,19,127,30,124,91
phase,250,1.1,20,144,66,107,76
phase,250,1.1,21,129,47,121,91
phase,250,1.1,22,129,34,122,86
phase,250,1.1,23,154,93,99,74
phase,250,1.1,24,129,32,123,87
phase,250,1.1,25,140,18,111,63
phase,250,1.1,26,146,55,104,76
phase,250,1.1,27,138,28,113,77
phase,250,1.1,28,146,41,107,78
phase,250,1.1,29,121,29,129,90
phase,250,1.1,30,149,72,104,74
phase,250,1.1,31,107,10,143,102
phase,250,1.1,32,157,72,97,75
phase,250,1.1,33,129,38,121,85
phase,250,1.1,34,150,82,101,75
phase,250,1.1,35,140,85,110,81
phase,250,1.1,36,147,45,104,79
phase,250,1.1,37,139,96,112,86
phase,250,1.1,38,136,61,114,92
phase,250,1.1,39,106,21,144,109
phase,250,1.1,40,137,59,114,84
phase,250,1.1,41,133,29,119,84
phase,250,1.1,42,142,89,109,89
phase,250,1.1,43,143,57,108,78
phase,250,1.1,44,128,66,122,94
phase,250,1.1,45,152,74,100,65
phase,250,1.1,46,140,28,110,75
phase,250,1.1,47,139,29,111,76
phase,250,1.1,48,134,63,117,86
phase,250,1.1,49,158,58,94,64
phase,250,1.1,50,136,33,116,88
phase,250,1.1,51,143,54,109,86
phase,250,1.1,52,149,51,104,71
phase,250,1.1,53,149,76,101,73
phase,250,1.1,54,115,27,136,95
phase,250,1.1,55,138,50,114,78
phase,250,1.1,56,127,23,125,96
phase,250,1.1,57,128,14,122,87
phase,250,1.1,58,116,33,134,95
phase,250,1.1,59,149,91,105,80
phase,250,1.1,60,130,39,121,97
phase,250,1.1,61,157,92,95,64
phase,250,1.1,62,128,30,122,90
phase,250,1.1,63,136,57,115,91
phase,250,1.1,64,126,78,128,96
phase,250,1.1,65,133,44,118,87
phase,250,1.1,66,130,53,122,89
phase,250,1.1,67,148,53,103,76
phase,250,1.1,68,127,27,125,90
phase,250,1.1,69,154,110,101,82
phase,250,1.1,70,130,37,120,81
phase,250,1.1,71,137,29,113,78
phase,250,1.1,72,148,100,104,75
phase,250,1.1,73,130,22,120,90
phase,250,1.1,74,139,103,116,99
phase,250,1.1,75,146,31,105,67
phase,250,1.1,76,141,72,112,81
phase,250,1.1,77,143,28,107,75
phase,250,1.1,78,132,55,118,87
phase,250,1.1,79,138,61,115,85
phase,250,1.1,80,121,53,129,93
phase,250,1.1,81,127,41,123,95
phase,250,1.1,82,145,71,106,75
phase,250,1.1,83,112,17,138,89
phase,250,1.1,84,139,52,111,71
phase,250,1.1,85,123,43,128,91
phase,250,1.1,86,128,31,122,82
phase,250,1.1,87,121,27,130,100
phase,250,1.1,88,139,30,111,80
phase,250,1.1,89,135,52,115,91
phase,250,1.1,90,136,30,116,85
phase,250,1.1,91,113,29,137,100
phase,250,1.1,92,127,31,123,93
phase,250,1.1,93,130,68,121,90
phase,250,1.1,94,121,28,129,94
phase,250,1.1,95,145,61,106,82
phase,250,1.1,96,143,68,109,85
phase,250,1.1,97,129,34,121,93
phase,250,1.1,98,135,50,115,82
phase,250,1.1,99,105,14,145,102
phase,250,1.1,100,133,35,118,82
phase,250,1.1,101,125,33,125,100
phase,250,1.1,102,122,42,128,101
phase,250,1.1,103,120,26,131,96
phase,250,1.1,104,121,21,129,93
phase,250,1.1,105,139,50,112,81
phase,250,1.1,106,148,92,105,82
phase,250,1.1,107,128,32,123,94
phase,250,1.1,108,120,49,131,100
phase,250,1.1,109,151,33,101,73
phase,250,1.1,110,147,97,112,88
phase,250,1.1,111,143,43,108,73
phase,250,1.1,112,134,32,117,81
phase,250,1.1,113,139,43,111,76
phase,250,1.1,114,135,29,115,81
phase,250,1.1,115,124,16,127,88
phase,250,1.1,116,129,72,123,90
phase,250,1.1,117,132,86,120,96
phase,250,1.1,118,118,40,133,97
phase,250,1.1,119,140,80,111,80
phase,250,1.1,120,118,11,133,91
phase,250,1.1,121,147,65,104,78
phase,250,1.1,122,126,45,125,93
phase,250,1.1,123,124,19,127,91
phase,250,1.1,124,125,24,126,91
phase,250,1.1,125,144,71,107,79
phase,250,1.1,126,169,118,89,67
phase,250,1.1,127,131,27,119,88
phase,250,1.1,128,141,41,110,79
phase,250,1.1,129,134,50,117,90
phase,250,1.1,130,133,36,118,86
phase,250,1.1,131,141,40,109,74
phase,250,1.1,132,122,19,129,91
phase,250,1.1,133,124,29,127,95
phase,250,1.1,134,116,26,134,102
phase,250,1.1,135,118,37,132,106
phase,250,1.1,136,145,96,108,87
phase,250,1.1,137,135,48,115,81
phase,250,1.1,138,148,91,103,79
phase,250,1.1,139,125,27,125,89
phase,250,1.1,140,145,77,106,77
phase,250,1.1,141,151,73,102,68
phase,250,1.1,142,119,39,132,103
phase,250,1.1,143,141,32,110,84
phase,250,1.1,144,130,46,121,91
phase,250,1.1,145,146,67,105,73
phase,250,1.1,146,142,48,108,79
phase,250,1.1,147,143,71,109,82
phase,250,1.1,148,141,56,110,84
phase,250,1.1,149,140,32,112,79
phase,250,1.1,150,154,61,97,68
phase,250,1.1,151,129,45,121,91
phase,250,1.1,152,118,26,132,94
phase,250,1.1,153,121,40,131,100
phase,250,1.1,154,122,11,128,85
phase,250,1.1,155,135,37,115,83
phase,250,1.1,156,144,69,106,80
phase,250,1.1,157,145,60,108,76
phase,250,1.1,158,129,47,122,86
phase,250,1.1,159,162,110,95,74
phase,250,1.1,160,132,60,124,93
phase,250,1.1,161,153,94,100,72
phase,250,1.1,162,131,33,120,88
phase,250,1.1,163,137,32,113,78
phase,250,1.1,164,137,70,116,85
phase,250,1.1,165,127,18,124,83
phase,250,1.1,166,141,44,109,85
phase,250,1.1,167,126,29,124,92
phase,250,1.1,168,152,64,98,60
phase,250,1.1,169,150,75,105,76
phase,250,1.1,170,122,51,128,98
phase,250,1.1,171,144,95,109,82
phase,250,1.1,172,123,20,127,93
phase,250,1.1,173,137,53,116,94
phase,250,1.1,174,144,28,107,70
phase,250,1.1,175,130,37,120,89
phase,250,1.1,176,137,34,114,82
phase,250,1.1,177,130,29,120,89
phase,250,1.1,178,154,77,98,73
phase,250,1.1,179,154,41,96,65
phase,250,1.1,180,133,53,117,87
phase,250,1.1,181,149,32,102,70
phase,250,1.1,182,127,25,123,85
phase,250,1.1,183,139,41,111,79
phase,250,1.1,184,122,26,129,95
phase,250,1.1,185,141,77,115,89
phase,250,1.1,186,144,67,110,78
phase,250,1.1,187,144,55,107,71
phase,250,1.1,188,141,41,111,78
phase,250,1.1,189,147,70,106,77
phase,250,1.1,190,120,41,131,96
phase,250,1.1,191,124,38,127,94
phase,250,1.1,192,143,55,108,81
phase,250,1.1,193,126,32,124,86
phase,250,1.1,194,127,48,124,100
phase,250,1.1,195,114,15,136,101
phase,250,1.1,196,136,24,115,86
phase,250,1.1,197,144,67,108,80
phase,250,1.1,198,144,76,109,78
phase,250,1.1,199,116,31,134,104
phase,250,1.2,0,145,95,105,75
phase,250,1.2,1,153,69,98,71
phase,250,1.2,2,169,124,86,69
phase,250,1.2,3,137,38,113,75
phase,250,1.2,4,151,91,100,76
phase,250,1.2,5,149,51,101,69
phase,250,1.2,6,152,91,100,75
phase,250,1.2,7,157,89,97,70
phase,250,1.2,8,148,30,102,69
phase,250,1.2,9,154,95,98,70
phase,250,1.2,10,169,105,83,66
phase,250,1.2,11,137,32,115,79
phase,250,1.2,12,173,136,85,69
phase,250,1.2,13,140,37,112,79
phase,250,1.2,14,141,35,109,79
phase,250,1.2,15,128,69,123,92
phase,250,1.2,16,144,102,111,89
phase,250,1.2,17,153,49,98,70
phase,250,1.2,18,139,34,112,80
phase,250,1.2,19,151,105,100,73
phase,250,1.2,20,167,120,88,63
phase,250,1.2,21,143,29,109,81
phase,250,1.2,22,146,103,108,83
phase,250,1.2,23,154,62,98,69
phase,250,1.2,24,138,66,112,81
phase,250,1.2,25,188,145,69,53
phase,250,1.2,26,136,58,114,80
phase,250,1.2,27,142,49,108,74
phase,250,1.2,28,152,45,99,70
phase,250,1.2,29,155,96,96,75
phase,250,1.2,30,141,59,109,77
phase,250,1.2,31,161,76,94,66
phase,250,1.2,32,164,117,92,67
phase,250,1.2,33,143,65,110,84
phase,250,1.2,34,163,130,92,70
phase,250,1.2,35,161,85,93,67
phase,250,1.2,36,155,50,96,65
phase,250,1.2,37,146,63,106,79
phase,250,1.2,38,155,59,97,66
phase,250,1.2,39,144,65,107,75
phase,250,1.2,40,175,125,78,55
phase,250,1.2,41,156,81,98,78
phase,250,1.2,42,123,41,127,101
phase,250,1.2,43,130,43,120,90
phase,250,1.2,44,159,100,94,75
phase,250,1.2,45,135,54,116,85
phase,250,1.2,46,139,70,112,82
phase,250,1.2,47,164,99,88,59
phase,250,1.2,48,158,54,94,66
phase,250,1.2,49,159,81,94,63
phase,250,1.2,50,152,63,100,73
phase,250,1.2,51,156,62,96,66
phase,250,1.2,52,139,61,111,82
phase,250,1.2,53,158,108,95,70
phase,250,1.2,54,148,69,105,70
phase,250,1.2,55,163,82,88,63
phase,250,1.2,56,166,82,89,71
phase,250,1.2,57,131,23,119,86
phase,250,1.2,58,170,145,89,76
phase,250,1.2,59,140,45,111,76
phase,250,1.2,60,182,145,78,64
phase,250,1.2,61,175,109,80,58
phase,250,1.2,62,156,83,98,74
phase,250,1.2,63,146,89,109,82
phase,250,1.2,64,151,106,104,77
phase,250,1.2,65,128,33,124,82
phase,250,1.2,66,133,48,117,88
phase,250,1.2,67,143,34,108,78
phase,250,1.2,68,154,110,98,75
phase,250,1.2,69,117,36,133,99
phase,250,1.2,70,125,55,127,99
phase,250,1.2,71,169,133,84,65
phase,250,1.2,72,136,57,114,83
phase,250,1.2,73,152,47,99,79
phase,250,1.2,74,146,66,106,73
phase,250,1.2,75,154,69,101,63
phase,250,1.2,76,134,32,116,86
phase,250,1.2,77,151,90,101,77
phase,250,1.2,78,138,50,112,77
phase,250,1.2,79,156,81,99,72
phase,250,1.2,80,153,110,98,74
phase,250,1.2,81,137,26,113,77
phase,250,1.2,82,147,88,104,74
phase,250,1.2,83,133,29,118,79
phase,250,1.2,84,139,23,112,76
phase,250,1.2,85,152,100,100,75
phase,250,1.2,86,149,45,102,78
phase,250,1.2,87,147,27,104,68
phase,250,1.2,88,170,123,84,63
phase,250,1.2,89,154,59,99,71
phase,250,1.2,90,154,110,105,79
phase,250,1.2,91,147,87,103,76
phase,250,1.2,92,146,68,104,79
phase,250,1.2,93,150,76,100,65
phase,250,1.2,94,133,26,117,76
phase,250,1.2,95,162,99,91,74
phase,250,1.2,96,138,33,114,81
phase,250,1.2,97,151,105,106,86
phase,250,1.2,98,147,113,106,88
phase,250,1.2,99,152,94,98,66
phase,250,1.2,100,161,109,91,63
phase,250,1.2,101,159,94,94,70
phase,250,1.2,102,151,78,99,69
phase,250,1.2,103,141,64,110,81
phase,250,1.2,104,150,62,101,76
phase,250,1.2,105,150,59,101,82
phase,250,1.2,106,139,41,114,82
phase,250,1.2,107,159,90,94,70
phase,250,1.2,108,152,118,100,76
phase,250,1.2,109,170,117,82,63
phase,250,1.2,110,158,101,93,75
phase,250,1.2,111,159,93,94,66
phase,250,1.2,112,148,66,104,75
phase,250,1.2,113,164,104,90,69
phase,250,1.2,114,144,61,106,76
phase,250,1.2,115,169,113,87,61
phase,250,1.2,116,144,66,109,77
phase,250,1.2,117,135,73,115,85
phase,250,1.2,118,152,38,99,69
phase,250,1.2,119,158,109,95,71
phase,250,1.2,120,147,67,106,84
phase,250,1.2,121,165,112,88,57
phase,250,1.2,122,149,100,105,82
phase,250,1.2,123,145,52,105,76
phase,250,1.2,124,140,71,112,82
phase,250,1.2,125,147,116,106,82
phase,250,1.2,126,134,47,116,86
phase,250,1.2,127,161,95,91,65
phase,250,1.2,128,154,78,98,72
phase,250,1.2,129,166,89,88,61
phase,250,1.2,130,153,86,100,74
phase,250,1.2,131,138,66,113,79
phase,250,1.2,132,151,38,100,67
phase,250,1.2,133,142,39,108,76
phase,250,1.2,134,136,56,118,90
phase,250,1.2,135,144,70,108,74
phase,250,1.2,136,139,76,112,84
phase,250,1.2,137,158,107,95,74
phase,250,1.2,138,176,73,82,59
phase,250,1.2,139,148,49,105,82
phase,250,1.2,140,141,20,110,76
phase,250,1.2,141,123,25,127,86
phase,250,1.2,142,150,59,104,78
phase,250,1.2,143,134,32,116,81
phase,250,1.2,144,164,133,92,78
phase,250,1.2,145,145,68,108,79
phase,250,1.2,146,169,71,83,61
phase,250,1.2,147,121,27,129,89
phase,250,1.2,148,166,99,87,61
phase,250,1.2,149,140,76,111,81
phase,250,1.2,150,163,85,91,69
phase,250,1.2,151,140,39,110,77
phase,250,1.2,152,159,71,94,71
phase,250,1.2,153,151,84,99,68
phase,250,1.2,154,151,90,107,75
phase,250,1.2,155,144,90,110,85
phase,250,1.2,156,128,19,122,88
phase,250,1.2,157,153,68,97,69
phase,250,1.2,158,155,82,100,73
phase,250,1.2,159,157,104,97,72
phase,250,1.2,160,151,114,102,83
phase,250,1.2,161,159,50,93,60
phase,250,1.2,162,143,45,107,72
phase,250,1.2,163,158,40,93,64
phase,250,1.2,164,148,59,107,75
phase,250,1.2,165,145,27,106,68
phase,250,1.2,166,153,80,99,80
phase,250,1.2,167,148,45,102,75
phase,250,1.2,168,151,73,100,71
phase,250,1.2,169,141,44,109,76
phase,250,1.2,170,142,55,108,82
phase,250,1.2,171,148,78,106,78
phase,250,1.2,172,149,101,102,85
phase,250,1.2,173,163,38,89,64
phase,250,1.2,174,146,105,106,80
phase,250,1.2,175,137,53,113,79
phase,250,1.2,176,160,104,93,69
phase,250,1.2,177,158,41,94,61
phase,250,1.2,178,153,38,98,70
phase,250,1.2,179,149,28,101,72
phase,250,1.2,180,152,48,99,67
phase,250,1.2,181,148,92,103,74
phase,250,1.2,182,142,78,111,84
phase,250,1.2,183,135,37,116,88
phase,250,1.2,184,148,73,102,71
phase,250,1.2,185,153,114,102,78
phase,250,1.2,186,166,141,87,71
phase,250,1.2,187,147,68,106,77
phase,250,1.2,188,126,30,124,81
phase,250,1.2,189,153,69,98,74
phase,250,1.2,190,159,70,92,62
phase,250,1.2,191,133,28,117,78
phase,250,1.2,192,145,87,106,89
phase,250,1.2,193,139,55,113,84
phase,250,1.2,194,137,28,115,82
phase,250,1.2,195,157,103,97,68
phase,250,1.2,196,152,51,98,71
phase,250,1.2,197,172,129,84,65
phase,250,1.2,198,146,30,104,79
phase,250,1.2,199,153,68,101,74
phase,250,1.4,0,156,93,99,74
phase,250,1.4,1,185,128,70,47
phase,250,1.4,2,164,100,88,62
phase,250,1.4,3,164,84,87,61
phase,250,1.4,4,168,46,82,51
phase,250,1.4,5,178,139,78,57
phase,250,1.4,6,169,117,84,58
phase,250,1.4,7,186,110,74,52
phase,250,1.4,8,180,157,78,66
phase,250,1.4,9,199,149,62,45
phase,250,1.4,10,158,43,94,73
phase,250,1.4,11,169,96,84,57
phase,250,1.4,12,167,117,90,69
phase,250,1.4,13,183,160,76,66
phase,250,1.4,14,176,119,80,56
phase,250,1.4,15,156,59,98,70
phase,250,1.4,16,173,82,81,57
phase,250,1.4,17,172,130,80,60
phase,250,1.4,18,163,71,90,62
phase,250,1.4,19,164,119,90,70
phase,250,1.4,20,174,134,85,65
phase,250,1.4,21,177,112,79,60
phase,250,1.4,22,170,94,87,65
phase,250,1.4,23,153,74,101,77
phase,250,1.4,24,156,77,95,66
phase,250,1.4,25,191,151,75,59
phase,250,1.4,26,193,143,67,49
phase,250,1.4,27,187,123,72,55
phase,250,1.4,28,177,116,80,59
phase,250,1.4,29,147,85,104,84
phase,250,1.4,30,180,138,77,60
phase,250,1.4,31,176,67,76,60
phase,250,1.4,32,160,47,95,73
phase,250,1.4,33,189,135,67,48
phase,250,1.4,34,188,128,73,58
phase,250,1.4,35,176,130,81,61
phase,250,1.4,36,186,139,71,56
phase,250,1.4,37,176,133,80,59
phase,250,1.4,38,193,153,71,52
phase,250,1.4,39,214,175,58,49
phase,250,1.4,40,176,129,84,66
phase,250,1.4,41,174,124,89,63
phase,250,1.4,42,165,107,94,74
phase,250,1.4,43,161,45,92,62
phase,250,1.4,44,183,147,75,60
phase,250,1.4,45,185,151,78,63
phase,250,1.4,46,184,138,76,49
phase,250,1.4,47,169,137,87,72
phase,250,1.4,48,203,167,63,51
phase,250,1.4,49,183,137,71,50
phase,250,1.4,50,186,131,78,54
phase,250,1.4,51,178,152,77,64
phase,250,1.4,52,179,141,80,66
phase,250,1.4,53,206,170,57,42
phase,250,1.4,54,170,122,85,62
phase,250,1.4,55,194,153,69,55
phase,250,1.4,56,198,161,65,49
phase,250,1.4,57,162,70,92,71
phase,250,1.4,58,176,121,86,67
phase,250,1.4,59,187,164,74,65
phase,250,1.4,60,170,126,84,62
phase,250,1.4,61,170,123,88,66
phase,250,1.4,62,188,157,75,64
phase,250,1.4,63,178,138,81,68
phase,250,1.4,64,185,146,73,54
phase,250,1.4,65,173,135,81,64
phase,250,1.4,66,161,115,92,70
phase,250,1.4,67,158,115,95,76
phase,250,1.4,68,183,117,77,53
phase,250,1.4,69,191,145,72,57
phase,250,1.4,70,153,90,98,73
phase,250,1.4,71,171,132,82,66
phase,250,1.4,72,175,131,83,67
phase,250,1.4,73,159,116,94,70
phase,250,1.4,74,160,82,95,69
phase,250,1.4,75,168,99,88,60
phase,250,1.4,76,177,146,80,62
phase,250,1.4,77,182,138,69,47
phase,250,1.4,78,196,166,65,51
phase,250,1.4,79,165,71,89,70
phase,250,1.4,80,197,148,61,42
phase,250,1.4,81,171,143,86,68
phase,250,1.4,82,168,149,87,73
phase,250,1.4,83,177,122,76,50
phase,250,1.4,84,182,108,73,47
phase,250,1.4,85,166,118,85,64
phase,250,1.4,86,177,139,77,59
phase,250,1.4,87,185,155,75,60
phase,250,1.4,88,154,112,100,75
phase,250,1.4,89,220,183,51,40
phase,250,1.4,90,170,129,82,59
phase,250,1.4,91,190,150,67,47
phase,250,1.4,92,203,173,64,53
phase,250,1.4,93,170,85,86,64
phase,250,1.4,94,162,115,92,68
phase,250,1.4,95,179,111,79,60
phase,250,1.4,96,169,139,82,62
phase,250,1.4,97,147,64,105,82
phase,250,1.4,98,179,111,78,57
phase,250,1.4,99,201,159,65,48
phase,250,1.4,100,174,118,85,59
phase,250,1.4,101,178,136,80,61
phase,250,1.4,102,152,106,101,76
phase,250,1.4,103,162,114,91,71
phase,250,1.4,104,189,137,68,54
phase,250,1.4,105,182,149,77,60
phase,250,1.4,106,177,88,77,53
phase,250,1.4,107,151,87,100,76
phase,250,1.4,108,205,175,60,49
phase,250,1.4,109,177,137,81,59
phase,250,1.4,110,183,148,75,58
phase,250,1.4,111,161,79,90,72
phase,250,1.4,112,165,98,89,67
phase,250,1.4,113,163,54,89,61
phase,250,1.4,114,169,96,87,66
phase,250,1.4,115,190,130,70,47
phase,250,1.4,116,174,121,81,54
phase,250,1.4,117,160,65,90,62
phase,250,1.4,118,199,144,63,41
phase,250,1.4,119,177,132,80,61
phase,250,1.4,120,168,116,85,60
phase,250,1.4,121,187,155,71,57
phase,250,1.4,122,184,140,74,51
phase,250,1.4,123,172,114,83,60
phase,250,1.4,124,172,128,89,70
phase,250,1.4,125,173,122,82,60
phase,250,1.4,126,189,142,76,60
phase,250,1.4,127,164,94,91,62
phase,250,1.4,128,158,102,98,76
phase,250,1.4,129,169,125,84,60
phase,250,1.4,130,166,107,89,68
phase,250,1.4,131,165,115,90,69
phase,250,1.4,132,170,138,88,72
phase,250,1.4,133,179,113,80,56
phase,250,1.4,134,152,94,100,79
phase,250,1.4,135,179,130,82,60
phase,250,1.4,136,177,83,77,56
phase,250,1.4,137,171,87,83,63
phase,250,1.4,138,197,163,65,51
phase,250,1.4,139,175,136,76,56
phase,250,1.4,140,181,118,74,55
phase,250,1.4,141,163,111,91,64
phase,250,1.4,142,159,48,94,62
phase,250,1.4,143,187,144,69,54
phase,250,1.4,144,186,164,71,57
phase,250,1.4,145,159,97,95,61
phase,250,1.4,146,163,108,90,70
phase,250,1.4,147,183,151,80,64
phase,250,1.4,148,166,124,91,67
phase,250,1.4,149,153,44,99,72
phase,250,1.4,150,162,74,90,64
phase,250,1.4,151,174,108,80,60
phase,250,1.4,152,179,140,74,60
phase,250,1.4,153,180,133,83,66
phase,250,1.4,154,179,119,87,66
phase,250,1.4,155,148,58,107,80
phase,250,1.4,156,169,119,86,69
phase,250,1.4,157,163,116,90,63
phase,250,1.4,158,163,110,88,65
phase,250,1.4,159,169,114,89,73
phase,250,1.4,160,177,114,78,55
phase,250,1.4,161,178,137,74,50
phase,250,1.4,162,204,171,66,53
phase,250,1.4,163,165,113,89,68
phase,250,1.4,164,167,68,86,58
phase,250,1.4,165,186,154,69,51
phase,250,1.4,166,177,145,85,72
phase,250,1.4,167,159,29,91,54
phase,250,1.4,168,191,163,68,55
phase,250,1.4,169,163,120,87,68
phase,250,1.4,170,173,99,83,64
phase,250,1.4,171,165,97,91,63
phase,250,1.4,172,165,130,87,66
phase,250,1.4,173,164,121,89,70
phase,250,1.4,174,198,164,62,46
phase,250,1.4,175,169,126,84,67
phase,250,1.4,176,178,95,76,54
phase,250,1.4,177,192,157,66,50
phase,250,1.4,178,169,72,84,61
phase,250,1.4,179,193,161,69,55
phase,250,1.4,180,176,85,80,56
phase,250,1.4,181,184,135,75,53
phase,250,1.4,182,187,145,74,54
phase,250,1.4,183,192,145,71,56
phase,250,1.4,184,167,94,86,63
phase,250,1.4,185,167,125,91,75
phase,250,1.4,186,159,120,96,77
phase,250,1.4,187,161,119,95,78
phase,250,1.4,188,163,108,90,61
phase,250,1.4,189,166,100,84,60
phase,250,1.4,190,184,129,74,55
phase,250,1.4,191,179,125,78,58
phase,250,1.4,192,143,46,107,76
phase,250,1.4,193,145,100,108,76
phase,250,1.4,194,163,110,92,70
phase,250,1.4,195,192,141,70,51
phase,250,1.4,196,177,132,76,55
phase,250,1.4,197,182,138,78,58
phase,250,1.4,198,163,112,90,64
phase,250,1.4,199,185,152,71,58
phase,250,1.6,0,214,182,56,48
phase,250,1.6,1,229,183,48,35
phase,250,1.6,2,174,127,81,67
phase,250,1.6,3,187,161,72,57
phase,250,1.6,4,175,137,80,60
phase,250,1.6,5,192,142,72,59
phase,250,1.6,6,197,151,67,51
phase,250,1.6,7,203,159,60,47
phase,250,1.6,8,200,166,63,55
phase,250,1.6,9,215,178,60,52
phase,250,1.6,10,192,129,72,52
phase,250,1.6,11,202,147,67,49
phase,250,1.6,12,184,143,78,63
phase,250,1.6,13,198,151,65,48
phase,250,1.6,14,210,178,61,53
phase,250,1.6,15,207,155,54,40
phase,250,1.6,16,220,172,54,43
phase,250,1.6,17,195,146,69,51
phase,250,1.6,18,188,143,74,56
phase,250,1.6,19,213,167,58,41
phase,250,1.6,20,209,172,56,43
phase,250,1.6,21,202,157,65,49
phase,250,1.6,22,183,110,71,52
phase,250,1.6,23,204,166,56,41
phase,250,1.6,24,198,154,66,54
phase,250,1.6,25,195,145,70,50
phase,250,1.6,26,195,167,64,52
phase,250,1.6,27,201,166,64,56
phase,250,1.6,28,194,163,69,58
phase,250,1.6,29,200,164,65,50
phase,250,1.6,30,200,150,63,49
phase,250,1.6,31,192,153,68,52
phase,250,1.6,32,194,152,69,56
phase,250,1.6,33,189,134,72,51
phase,250,1.6,34,190,154,68,55
phase,250,1.6,35,215,166,60,51
phase,250,1.6,36,191,166,67,54
phase,250,1.6,37,175,91,80,60
phase,250,1.6,38,192,144,65,45
phase,250,1.6,39,192,162,73,64
phase,250,1.6,40,197,156,63,48
phase,250,1.6,41,210,164,67,52
phase,250,1.6,42,198,176,62,51
phase,250,1.6,43,198,166,59,47
phase,250,1.6,44,193,160,71,57
phase,250,1.6,45,191,142,72,54
phase,250,1.6,46,188,164,72,60
phase,250,1.6,47,185,145,73,52
phase,250,1.6,48,190,157,69,52
phase,250,1.6,49,193,159,68,51
phase,250,1.6,50,211,179,49,39
phase,250,1.6,51,189,104,66,45
phase,250,1.6,52,177,136,78,64
phase,250,1.6,53,204,174,63,53
phase,250,1.6,54,194,151,63,51
phase,250,1.6,55,201,164,65,54
phase,250,1.6,56,209,177,57,44
phase,250,1.6,57,177,140,84,68
phase,250,1.6,58,230,187,56,49
phase,250,1.6,59,213,180,56,43
phase,250,1.6,60,212,166,65,52
phase,250,1.6,61,189,156,70,56
phase,250,1.6,62,210,173,58,45
phase,250,1.6,63,189,140,71,48
phase,250,1.6,64,215,163,54,43
phase,250,1.6,65,187,140,77,59
phase,250,1.6,66,214,184,58,48
phase,250,1.6,67,203,156,63,50
phase,250,1.6,68,206,161,62,45
phase,250,1.6,69,171,122,82,61
phase,250,1.6,70,196,153,70,53
phase,250,1.6,71,193,163,64,52
phase,250,1.6,72,188,140,71,49
phase,250,1.6,73,184,150,76,62
phase,250,1.6,74,198,162,68,55
phase,250,1.6,75,194,147,70,57
phase,250,1.6,76,205,140,60,44
phase,250,1.6,77,201,179,62,54
phase,250,1.6,78,183,143,75,59
phase,250,1.6,79,213,170,56,40
phase,250,1.6,80,189,131,65,49
phase,250,1.6,81,210,170,58,41
phase,250,1.6,82,189,157,69,55
phase,250,1.6,83,213,176,55,44
phase,250,1.6,84,196,154,64,49
phase,250,1.6,85,170,116,85,63
phase,250,1.6,86,202,170,65,56
phase,250,1.6,87,208,158,60,51
phase,250,1.6,88,188,146,71,51
phase,250,1.6,89,210,167,57,42
phase,250,1.6,90,204,151,63,48
phase,250,1.6,91,216,173,54,37
phase,250,1.6,92,193,158,67,53
phase,250,1.6,93,191,129,63,43
phase,250,1.6,94,195,154,72,55
phase,250,1.6,95,216,182,51,43
phase,250,1.6,96,212,165,62,46
phase,250,1.6,97,195,140,69,50
phase,250,1.6,98,209,177,58,47
phase,250,1.6,99,198,165,67,53
phase,250,1.6,100,199,145,72,56
phase,250,1.6,101,196,152,63,44
phase,250,1.6,102,197,151,73,58
phase,250,1.6,103,197,147,71,53
phase,250,1.6,104,197,166,65,51
phase,250,1.6,105,185,154,78,66
phase,250,1.6,106,184,140,84,67
phase,250,1.6,107,175,133,83,67
phase,250,1.6,108,198,166,61,48
phase,250,1.6,109,202,159,67,58
phase,250,1.6,110,200,175,67,58
phase,250,1.6,111,209,167,61,49
phase,250,1.6,112,204,164,59,47
phase,250,1.6,113,209,183,54,46
phase,250,1.6,114,200,167,64,55
phase,250,1.6,115,212,171,62,48
phase,250,1.6,116,189,149,65,48
phase,250,1.6,117,171,126,88,67
phase,250,1.6,118,193,139,67,45
phase,250,1.6,119,216,177,62,54
phase,250,1.6,120,185,118,69,52
phase,250,1.6,121,174,133,80,61
phase,250,1.6,122,182,151,78,68
phase,250,1.6,123,186,127,74,56
phase,250,1.6,124,198,134,67,49
phase,250,1.6,125,222,183,53,42
phase,250,1.6,126,212,161,55,43
phase,250,1.6,127,186,146,76,60
phase,250,1.6,128,212,180,58,48
phase,250,1.6,129,212,176,63,51
phase,250,1.6,130,191,137,74,56
phase,250,1.6,131,201,145,60,43
phase,250,1.6,132,192,153,66,43
phase,250,1.6,133,193,155,69,53
phase,250,1.6,134,220,175,50,36
phase,250,1.6,135,217,182,50,42
phase,250,1.6,136,186,164,71,61
phase,250,1.6,137,182,136,79,68
phase,250,1.6,138,195,143,75,59
phase,250,1.6,139,212,184,57,48
phase,250,1.6,140,205,168,62,48
phase,250,1.6,141,183,145,78,64
phase,250,1.6,142,184,127,73,52
phase,250,1.6,143,211,170,61,50
phase,250,1.6,144,198,157,72,59
phase,250,1.6,145,212,180,49,36
phase,250,1.6,146,187,150,75,59
phase,250,1.6,147,173,120,83,62
phase,250,1.6,148,203,149,64,44
phase,250,1.6,149,185,134,75,57
phase,250,1.6,150,207,174,57,46
phase,250,1.6,151,202,165,59,44
phase,250,1.6,152,210,182,54,44
phase,250,1.6,153,179,122,75,56
phase,250,1.6,154,184,148,72,58
phase,250,1.6,155,214,169,60,46
phase,250,1.6,156,185,131,76,54
phase,250,1.6,157,196,161,65,47
phase,250,1.6,158,195,168,64,50
phase,250,1.6,159,198,159,67,52
phase,250,1.6,160,194,152,68,54
phase,250,1.6,161,199,160,70,56
phase,250,1.6,162,180,105,76,54
phase,250,1.6,163,205,170,58,47
phase,250,1.6,164,198,156,66,49
phase,250,1.6,165,185,153,73,54
phase,250,1.6,166,208,169,59,44
phase,250,1.6,167,204,158,65,53
phase,250,1.6,168,206,169,60,50
phase,250,1.6,169,206,155,71,58
phase,250,1.6,170,192,149,69,55
phase,250,1.6,171,180,130,77,57
phase,250,1.6,172,196,154,61,44
phase,250,1.6,173,183,139,73,54
phase,250,1.6,174,201,165,65,51
phase,250,1.6,175,191,150,68,48
phase,250,1.6,176,191,161,68,55
phase,250,1.6,177,207,162,65,51
phase,250,1.6,178,203,175,60,47
phase,250,1.6,179,240,199,41,32
phase,250,1.6,180,185,152,75,58
phase,250,1.6,181,188,128,75,54
phase,250,1.6,182,188,135,76,55
phase,250,1.6,183,167,63,86,65
phase,250,1.6,184,205,171,58,43
phase,250,1.6,185,168,97,85,65
phase,250,1.6,186,179,155,80,67
phase,250,1.6,187,168,134,89,70
phase,250,1.6,188,195,156,63,45
phase,250,1.6,189,208,175,48,36
phase,250,1.6,190,197,162,70,60
phase,250,1.6,191,210,158,60,43
phase,250,1.6,192,213,178,56,49
phase,250,1.6,193,213,180,55,41
phase,250,1.6,194,190,165,68,55
phase,250,1.6,195,213,167,59,48
phase,250,1.6,196,182,109,70,51
phase,250,1.6,197,194,151,72,54
phase,250,1.6,198,197,158,69,54
phase,250,1.6,199,216,182,52,42
phase,250,1.8,0,235,206,38,33
phase,250,1.8,1,228,199,47,44
phase,250,1.8,2,226,193,45,35
phase,250,1.8,3,236,196,48,41
phase,250,1.8,4,216,188,52,45
phase,250,1.8,5,206,171,64,50
phase,250,1.8,6,219,179,57,45
phase,250,1.8,7,237,190,45,39
phase,250,1.8,8,232,187,51,40
phase,250,1.8,9,243,187,48,38
phase,250,1.8,10,229,184,52,41
phase,250,1.8,11,228,194,49,42
phase,250,1.8,12,233,191,43,33
phase,250,1.8,13,221,190,49,40
phase,250,1.8,14,228,188,50,41
phase,250,1.8,15,241,200,37,27
phase,250,1.8,16,226,197,48,41
phase,250,1.8,17,221,184,45,31
phase,250,1.8,18,221,178,54,41
phase,250,1.8,19,223,180,49,33
phase,250,1.8,20,253,200,43,36
phase,250,1.8,21,224,177,55,41
phase,250,1.8,22,222,188,52,43
phase,250,1.8,23,252,204,43,38
phase,250,1.8,24,207,175,60,50
phase,250,1.8,25,230,193,43,32
phase,250,1.8,26,219,186,48,38
phase,250,1.8,27,240,201,40,36
phase,250,1.8,28,237,188,45,32
phase,250,1.8,29,242,208,39,34
phase,250,1.8,30,237,182,50,38
phase,250,1.8,31,239,196,44,39
phase,250,1.8,32,207,163,63,47
phase,250,1.8,33,206,171,62,51
phase,250,1.8,34,223,187,54,46
phase,250,1.8,35,250,211,38,35
phase,250,1.8,36,266,196,47,40
phase,250,1.8,37,234,197,47,41
phase,250,1.8,38,257,199,42,35
phase,250,1.8,39,233,193,51,45
phase,250,1.8,40,207,178,61,50
phase,250,1.8,41,228,181,50,41
phase,250,1.8,42,218,188,53,46
phase,250,1.8,43,224,181,52,42
phase,250,1.8,44,235,187,43,33
phase,250,1.8,45,213,161,57,42
phase,250,1.8,46,229,168,57,44
phase,250,1.8,47,197,154,66,52
phase,250,1.8,48,233,185,56,47
phase,250,1.8,49,238,193,44,35
phase,250,1.8,50,239,204,40,35
phase,250,1.8,51,235,191,52,46
phase,250,1.8,52,222,184,57,46
phase,250,1.8,53,205,163,60,44
phase,250,1.8,54,242,197,39,29
phase,250,1.8,55,234,181,49,38
phase,250,1.8,56,248,204,40,35
phase,250,1.8,57,232,196,44,37
phase,250,1.8,58,225,169,60,47
phase,250,1.8,59,211,174,58,46
phase,250,1.8,60,224,169,55,39
phase,250,1.8,61,230,188,49,37
phase,250,1.8,62,232,197,36,25
phase,250,1.8,63,238,197,48,44
phase,250,1.8,64,217,172,56,42
phase,250,1.8,65,257,201,38,32
phase,250,1.8,66,236,195,47,39
phase,250,1.8,67,237,192,48,38
phase,250,1.8,68,219,176,57,44
phase,250,1.8,69,229,176,53,39
phase,250,1.8,70,236,189,44,35
phase,250,1.8,71,227,179,48,33
phase,250,1.8,72,219,191,47,36
phase,250,1.8,73,242,202,44,39
phase,250,1.8,74,214,184,58,51
phase,250,1.8,75,215,180,55,44
phase,250,1.8,76,246,202,40,33
phase,250,1.8,77,206,173,62,51
phase,250,1.8,78,217,180,60,52
phase,250,1.8,79,225,189,51,43
phase,250,1.8,80,237,186,47,34
phase,250,1.8,81,179,125,78,59
phase,250,1.8,82,242,189,51,44
phase,250,1.8,83,235,199,37,27
phase,250,1.8,84,205,176,59,50
phase,250,1.8,85,213,153,61,48
phase,250,1.8,86,228,172,56,43
phase,250,1.8,87,218,177,57,46
phase,250,1.8,88,206,158,60,47
phase,250,1.8,89,256,206,36,28
phase,250,1.8,90,219,172,64,50
phase,250,1.8,91,232,187,41,24
phase,250,1.8,92,218,183,53,43
phase,250,1.8,93,230,175,50,39
phase,250,1.8,94,202,171,62,48
phase,250,1.8,95,247,189,53,45
phase,250,1.8,96,221,187,55,47
phase,250,1.8,97,210,164,51,41
phase,250,1.8,98,234,200,40,31
phase,250,1.8,99,233,193,47,39
phase,250,1.8,100,254,205,41,35
phase,250,1.8,101,223,168,54,37
phase,250,1.8,102,205,174,60,52
phase,250,1.8,103,207,177,60,49
phase,250,1.8,104,240,197,46,40
phase,250,1.8,105,227,177,53,45
phase,250,1.8,106,230,184,51,44
phase,250,1.8,107,203,165,63,49
phase,250,1.8,108,236,184,51,36
phase,250,1.8,109,209,169,67,53
phase,250,1.8,110,222,189,53,44
phase,250,1.8,111,222,182,55,43
phase,250,1.8,112,223,178,49,40
phase,250,1.8,113,234,204,41,36
phase,250,1.8,114,245,195,47,38
phase,250,1.8,115,222,179,55,42
phase,250,1.8,116,215,172,57,40
phase,250,1.8,117,228,184,52,41
phase,250,1.8,118,227,196,47,44
phase,250,1.8,119,233,190,44,35
phase,250,1.8,120,223,177,54,39
phase,250,1.8,121,230,194,50,44
phase,250,1.8,122,228,184,52,45
phase,250,1.8,123,242,202,39,32
phase,250,1.8,124,247,200,42,33
phase,250,1.8,125,221,182,54,43
phase,250,1.8,126,232,195,43,32
phase,250,1.8,127,237,194,50,42
phase,250,1.8,128,227,194,48,44
phase,250,1.8,129,216,193,52,46
phase,250,1.8,130,223,190,53,46
phase,250,1.8,131,212,165,51,35
phase,250,1.8,132,224,183,56,44
phase,250,1.8,133,234,177,48,37
phase,250,1.8,134,204,168,63,52
phase,250,1.8,135,211,180,59,48
phase,250,1.8,136,241,193,44,36
phase,250,1.8,137,206,173,63,51
phase,250,1.8,138,202,168,61,45
phase,250,1.8,139,209,175,58,46
phase,250,1.8,140,221,190,55,48
phase,250,1.8,141,224,181,52,42
phase,250,1.8,142,234,192,41,31
phase,250,1.8,143,191,141,73,57
phase,250,1.8,144,214,178,58,46
phase,250,1.8,145,212,160,64,51
phase,250,1.8,146,211,186,49,40
phase,250,1.8,147,221,179,56,44
phase,250,1.8,148,193,166,61,50
phase,250,1.8,149,209,167,56,42
phase,250,1.8,150,219,175,59,49
phase,250,1.8,151,200,163,65,50
phase,250,1.8,152,191,138,66,49
phase,250,1.8,153,253,200,45,38
phase,250,1.8,154,189,147,72,54
phase,250,1.8,155,222,176,50,40
phase,250,1.8,156,239,192,41,31
phase,250,1.8,157,211,157,58,40
phase,250,1.8,158,246,215,35,33
phase,250,1.8,159,201,163,61,43
phase,250,1.8,160,220,160,59,40
phase,250,1.8,161,230,188,51,42
phase,250,1.8,162,217,179,51,39
phase,250,1.8,163,217,190,51,42
phase,250,1.8,164,232,189,47,36
phase,250,1.8,165,244,187,51,40
phase,250,1.8,166,212,177,58,47
phase,250,1.8,167,268,219,27,22
phase,250,1.8,168,200,161,68,55
phase,250,1.8,169,178,137,77,57
phase,250,1.8,170,233,190,51,43
phase,250,1.8,171,247,191,47,37
phase,250,1.8,172,210,185,55,46
phase,250,1.8,173,248,189,45,33
phase,250,1.8,174,224,180,51,40
phase,250,1.8,175,249,193,46,40
phase,250,1.8,176,222,187,55,49
phase,250,1.8,177,251,208,38,32
phase,250,1.8,178,220,181,56,45
phase,250,1.8,179,213,182,56,49
phase,250,1.8,180,223,173,56,42
phase,250,1.8,181,216,182,56,46
phase,250,1.8,182,234,187,48,39
phase,250,1.8,183,218,179,52,39
phase,250,1.8,184,167,124,85,63
phase,250,1.8,185,199,156,67,50
phase,250,1.8,186,220,189,48,42
phase,250,1.8,187,207,168,62,48
phase,250,1.8,188,235,183,51,42
phase,250,1.8,189,229,183,53,42
phase,250,1.8,190,213,176,61,48
phase,250,1.8,191,218,185,61,56
phase,250,1.8,192,221,171,59,43
phase,250,1.8,193,220,189,50,42
phase,250,1.8,194,233,191,49,40
phase,250,1.8,195,225,180,48,37
phase,250,1.8,196,218,170,52,40
phase,250,1.8,197,245,202,36,28
phase,250,1.8,198,229,191,45,34
phase,250,1.8,199,218,184,51,37
phase,250,2.0,0,246,190,38,30
phase,250,2.0,1,228,193,47,38
phase,250,2.0,2,261,197,36,29
phase,250,2.0,3,249,196,42,35
phase,250,2.0,4,274,217,29,26
phase,250,2.0,5,254,202,41,34
phase,250,2.0,6,254,206,39,32
phase,250,2.0,7,237,190,51,43
phase,250,2.0,8,250,202,43,37
phase,250,2.0,9,254,205,37,29
phase,250,2.0,10,223,169,54,37
phase,250,2.0,11,236,183,49,35
phase,250,2.0,12,232,191,47,36
phase,250,2.0,13,275,208,34,27
phase,250,2.0,14,246,200,42,36
phase,250,2.0,15,251,197,49,44
phase,250,2.0,16,247,201,39,31
phase,250,2.0,17,250,208,32,26
phase,250,2.0,18,259,197,40,29
phase,250,2.0,19,246,194,42,36
phase,250,2.0,20,249,199,41,31
phase,250,2.0,21,266,222,29,28
phase,250,2.0,22,278,214,35,32
phase,250,2.0,23,253,198,33,22
phase,250,2.0,24,293,214,31,26
phase,250,2.0,25,243,194,48,41
phase,250,2.0,26,215,178,58,45
phase,250,2.0,27,252,196,41,32
phase,250,2.0,28,256,215,34,31
phase,250,2.0,29,268,204,37,32
phase,250,2.0,30,254,201,37,31
phase,250,2.0,31,236,185,51,40
phase,250,2.0,32,233,176,55,44
phase,250,2.0,33,270,217,31,27
phase,250,2.0,34,257,192,48,38
phase,250,2.0,35,205,157,64,52
phase,250,2.0,36,279,213,32,25
phase,250,2.0,37,273,215,34,31
phase,250,2.0,38,251,208,37,32
phase,250,2.0,39,222,190,52,44
phase,250,2.0,40,252,194,46,38
phase,250,2.0,41,258,208,36,32
phase,250,2.0,42,253,199,31,24
phase,250,2.0,43,235,196,47,40
phase,250,2.0,44,250,206,42,38
phase,250,2.0,45,249,209,33,29
phase,250,2.0,46,263,208,33,27
phase,250,2.0,47,242,195,41,30
phase,250,2.0,48,268,192,39,29
phase,250,2.0,49,262,195,42,33
phase,250,2.0,50,257,207,39,34
phase,250,2.0,51,269,198,37,24
phase,250,2.0,52,225,178,50,35
phase,250,2.0,53,254,204,38,31
phase,250,2.0,54,257,206,40,35
phase,250,2.0,55,249,200,43,39
phase,250,2.0,56,242,189,34,25
phase,250,2.0,57,252,202,44,39
phase,250,2.0,58,241,196,44,34
phase,250,2.0,59,248,186,47,38
phase,250,2.0,60,281,212,31,26
phase,250,2.0,61,239,199,41,32
phase,250,2.0,62,253,193,49,41
phase,250,2.0,63,220,185,58,49
phase,250,2.0,64,281,208,29,18
phase,250,2.0,65,238,179,44,31
phase,250,2.0,66,231,199,45,39
phase,250,2.0,67,278,201,40,32
phase,250,2.0,68,266,214,28,20
phase,250,2.0,69,249,197,39,34
phase,250,2.0,70,222,199,46,40
phase,250,2.0,71,211,160,64,50
phase,250,2.0,72,239,201,41,37
phase,250,2.0,73,254,211,33,27
phase,250,2.0,74,243,192,51,44
phase,250,2.0,75,271,216,30,25
phase,250,2.0,76,225,184,56,48
phase,250,2.0,77,237,200,41,32
phase,250,2.0,78,258,205,38,31
phase,250,2.0,79,276,214,34,30
phase,250,2.0,80,216,180,55,46
phase,250,2.0,81,257,201,42,33
phase,250,2.0,82,252,206,39,34
phase,250,2.0,83,250,193,43,36
phase,250,2.0,84,250,194,49,42
phase,250,2.0,85,238,194,43,31
phase,250,2.0,86,220,176,52,40
phase,250,2.0,87,269,210,33,27
phase,250,2.0,88,229,173,54,40
phase,250,2.0,89,238,189,46,36
phase,250,2.0,90,252,196,48,41
phase,250,2.0,91,255,196,44,37
phase,250,2.0,92,224,190,44,36
phase,250,2.0,93,245,195,39,30
phase,250,2.0,94,290,219,25,21
phase,250,2.0,95,236,211,38,35
phase,250,2.0,96,242,191,46,37
phase,250,2.0,97,266,211,34,27
phase,250,2.0,98,224,195,45,38
phase,250,2.0,99,264,203,44,39
phase,250,2.0,100,253,198,41,31
phase,250,2.0,101,281,203,34,25
phase,250,2.0,102,244,186,53,45
phase,250,2.0,103,219,169,60,43
phase,250,2.0,104,255,209,36,30
phase,250,2.0,105,243,203,35,27
phase,250,2.0,106,273,209,37,32
phase,250,2.0,107,250,212,35,30
phase,250,2.0,108,266,207,31,21
phase,250,2.0,109,256,213,34,31
phase,250,2.0,110,251,205,38,31
phase,250,2.0,111,208,163,59,40
phase,250,2.0,112,218,166,57,42
phase,250,2.0,113,261,206,38,33
phase,250,2.0,114,255,203,42,37
phase,250,2.0,115,251,202,38,30
phase,250,2.0,116,215,177,55,42
phase,250,2.0,117,238,190,51,42
phase,250,2.0,118,272,212,34,29
phase,250,2.0,119,243,200,44,37
phase,250,2.0,120,248,197,47,41
phase,250,2.0,121,248,191,42,31
phase,250,2.0,122,229,195,44,37
phase,250,2.0,123,241,201,43,37
phase,250,2.0,124,265,207,38,33
phase,250,2.0,125,264,206,35,25
phase,250,2.0,126,265,207,37,29
phase,250,2.0,127,239,188,51,42
phase,250,2.0,128,244,204,39,32
phase,250,2.0,129,232,183,53,39
phase,250,2.0,130,231,183,49,38
phase,250,2.0,131,255,200,40,31
phase,250,2.0,132,261,207,35,28
phase,250,2.0,133,254,203,42,37
phase,250,2.0,134,240,201,37,26
phase,250,2.0,135,243,189,50,40
phase,250,2.0,136,243,192,51,45
phase,250,2.0,137,230,187,47,32
phase,250,2.0,138,257,210,32,27
phase,250,2.0,139,242,201,40,31
phase,250,2.0,140,252,199,40,28
phase,250,2.0,141,268,193,46,36
phase,250,2.0,142,240,199,43,36
phase,250,2.0,143,262,212,38,36
phase,250,2.0,144,232,191,44,33
phase,250,2.0,145,238,187,49,41
phase,250,2.0,146,249,204,42,37
phase,250,2.0,147,270,210,34,27
phase,250,2.0,148,263,205,38,31
phase,250,2.0,149,253,215,32,27
phase,250,2.0,150,214,178,58,45
phase,250,2.0,151,239,194,45,34
phase,250,2.0,152,238,187,47,35
phase,250,2.0,153,242,203,42,35
phase,250,2.0,154,275,214,32,26
phase,250,2.0,155,245,215,33,29
phase,250,2.0,156,245,200,43,37
phase,250,2.0,157,271,217,31,27
phase,250,2.0,158,224,189,47,39
phase,250,2.0,159,258,195,46,38
phase,250,2.0,160,237,193,39,30
phase,250,2.0,161,244,195,45,37
phase,250,2.0,162,250,194,45,35
phase,250,2.0,163,271,209,33,25
phase,250,2.0,164,245,194,49,41
phase,250,2.0,165,223,182,52,47
phase,250,2.0,166,254,196,42,33
phase,250,2.0,167,234,197,44,38
phase,250,2.0,168,225,189,47,37
phase,250,2.0,169,255,209,36,32
phase,250,2.0,170,276,214,32,29
phase,250,2.0,171,246,200,39,29
phase,250,2.0,172,249,199,40,32
phase,250,2.0,173,271,212,34,28
phase,250,2.0,174,231,190,52,45
phase,250,2.0,175,227,185,52,41
phase,250,2.0,176,238,191,45,36
phase,250,2.0,177,253,203,39,33
phase,250,2.0,178,274,211,31,25
phase,250,2.0,179,274,214,30,25
phase,250,2.0,180,266,208,40,36
phase,250,2.0,181,228,180,52,44
phase,250,2.0,182,225,194,48,39
phase,250,2.0,183,267,209,34,27
phase,250,2.0,184,243,196,40,29
phase,250,2.0,185,258,200,39,31
phase,250,2.0,186,240,188,44,33
phase,250,2.0,187,238,184,42,33
phase,250,2.0,188,210,184,58,50
phase,250,2.0,189,260,201,43,35
phase,250,2.0,190,250,194,49,42
phase,250,2.0,191,234,192,48,39
phase,250,2.0,192,241,188,50,41
phase,250,2.0,193,244,198,42,33
phase,250,2.0,194,245,211,35,30
phase,250,2.0,195,233,191,46,36
phase,250,2.0,196,254,210,39,36
phase,250,2.0,197,233,190,49,40
phase,250,2.0,198,273,203,39,32
phase,250,2.0,199,232,176,61,49
phase,250,2.25,0,270,215,30,24
phase,250,2.25,1,274,218,26,21
phase,250,2.25,2,304,222,26,23
phase,250,2.25,3,299,226,22,18
phase,250,2.25,4,266,210,36,31
phase,250,2.25,5,264,216,35,34
phase,250,2.25,6,288,219,25,20
phase,250,2.25,7,276,200,35,24
phase,250,2.25,8,277,213,33,27
phase,250,2.25,9,272,211,34,29
phase,250,2.25,10,267,220,30,28
phase,250,2.25,11,251,202,41,34
phase,250,2.25,12,283,222,27,24
phase,250,2.25,13,251,195,48,42
phase,250,2.25,14,266,204,36,29
phase,250,2.25,15,322,228,22,20
phase,250,2.25,16,296,220,28,25
phase,250,2.25,17,260,202,44,38
phase,250,2.25,18,263,212,33,28
phase,250,2.25,19,272,203,35,26
phase,250,2.25,20,256,202,40,33
phase,250,2.25,21,250,209,40,37
phase,250,2.25,22,293,214,27,22
phase,250,2.25,23,277,212,33,26
phase,250,2.25,24,274,212,31,24
phase,250,2.25,25,286,212,34,29
phase,250,2.25,26,294,223,22,17
phase,250,2.25,27,274,216,30,24
phase,250,2.25,28,282,207,39,33
phase,250,2.25,29,256,203,38,32
phase,250,2.25,30,262,204,36,26
phase,250,2.25,31,280,201,39,32
phase,250,2.25,32,290,217,31,27
phase,250,2.25,33,277,213,32,28
phase,250,2.25,34,273,219,29,27
phase,250,2.25,35,284,218,27,22
phase,250,2.25,36,303,209,36,30
phase,250,2.25,37,279,223,25,22
phase,250,2.25,38,255,206,32,24
phase,250,2.25,39,288,222,28,26
phase,250,2.25,40,288,207,31,24
phase,250,2.25,41,271,200,40,32
phase,250,2.25,42,274,210,35,30
phase,250,2.25,43,273,218,26,22
phase,250,2.25,44,302,225,24,21
phase,250,2.25,45,290,211,36,32
phase,250,2.25,46,293,225,24,22
phase,250,2.25,47,297,213,32,26
phase,250,2.25,48,279,227,24,23
phase,250,2.25,49,291,216,31,26
phase,250,2.25,50,260,205,38,31
phase,250,2.25,51,288,207,37,32
phase,250,2.25,52,287,212,31,26
phase,250,2.25,53,252,199,41,31
phase,250,2.25,54,290,220,28,24
phase,250,2.25,55,308,222,28,26
phase,250,2.25,56,257,213,33,29
phase,250,2.25,57,264,209,35,29
phase,250,2.25,58,287,221,26,21
phase,250,2.25,59,284,208,35,26
phase,250,2.25,60,281,215,33,29
phase,250,2.25,61,316,227,22,20
phase,250,2.25,62,280,215,34,31
phase,250,2.25,63,243,192,43,33
phase,250,2.25,64,284,222,26,22
phase,250,2.25,65,270,210,30,24
phase,250,2.25,66,302,214,24,16
phase,250,2.25,67,291,216,27,19
phase,250,2.25,68,287,213,31,24
phase,250,2.25,69,259,197,43,34
phase,250,2.25,70,286,216,31,26
phase,250,2.25,71,281,212,30,23
phase,250,2.25,72,269,210,31,25
phase,250,2.25,73,296,224,25,23
phase,250,2.25,74,297,212,31,25
phase,250,2.25,75,271,206,37,31
phase,250,2.25,76,280,214,33,28
phase,250,2.25,77,296,218,28,22
phase,250,2.25,78,283,209,33,27
phase,250,2.25,79,257,215,32,29
phase,250,2.25,80,285,207,35,30
phase,250,2.25,81,292,219,28,24
phase,250,2.25,82,285,215,29,24
phase,250,2.25,83,268,212,34,29
phase,250,2.25,84,273,212,37,35
phase,250,2.25,85,298,221,24,18
phase,250,2.25,86,289,223,24,21
phase,250,2.25,87,270,215,34,32
phase,250,2.25,88,281,216,30,25
phase,250,2.25,89,251,197,39,29
phase,250,2.25,90,292,219,26,20
phase,250,2.25,91,271,212,31,25
phase,250,2.25,92,279,222,26,22
phase,250,2.25,93,289,212,35,31
phase,250,2.25,94,292,220,25,20
phase,250,2.25,95,283,213,36,33
phase,250,2.25,96,286,215,30,25
phase,250,2.25,97,287,219,27,21
phase,250,2.25,98,258,198,44,37
phase,250,2.25,99,275,219,27,22
phase,250,2.25,100,277,210,33,27
phase,250,2.25,101,276,212,26,19
phase,250,2.25,102,299,223,23,17
phase,250,2.25,103,287,220,29,26
phase,250,2.25,104,295,217,25,19
phase,250,2.25,105,311,225,24,22
phase,250,2.25,106,271,215,31,26
phase,250,2.25,107,269,213,34,30
phase,250,2.25,108,253,208,36,28
phase,250,2.25,109,275,209,34,27
phase,250,2.25,110,284,211,30,22
phase,250,2.25,111,286,211,35,31
phase,250,2.25,112,301,226,25,24
phase,250,2.25,113,291,223,26,23
phase,250,2.25,114,282,213,32,28
phase,250,2.25,115,286,215,30,25
phase,250,2.25,116,299,218,29,24
phase,250,2.25,117,280,215,29,23
phase,250,2.25,118,285,215,34,31
phase,250,2.25,119,286,208,39,35
phase,250,2.25,120,277,220,28,24
phase,250,2.25,121,255,200,44,37
phase,250,2.25,122,270,210,35,29
phase,250,2.25,123,280,206,38,33
phase,250,2.25,124,274,221,27,23
phase,250,2.25,125,285,214,34,32
phase,250,2.25,126,272,211,31,22
phase,250,2.25,127,291,219,24,20
phase,250,2.25,128,261,215,32,27
phase,250,2.25,129,305,208,31,21
phase,250,2.25,130,270,214,28,25
phase,250,2.25,131,267,215,31,26
phase,250,2.25,132,279,199,41,32
phase,250,2.25,133,270,210,34,29
phase,250,2.25,134,266,208,39,34
phase,250,2.25,135,287,212,32,24
phase,250,2.25,136,284,210,33,30
phase,250,2.25,137,283,223,28,27
phase,250,2.25,138,289,220,24,18
phase,250,2.25,139,279,218,28,23
phase,250,2.25,140,290,221,29,27
phase,250,2.25,141,260,199,40,31
phase,250,2.25,142,294,227,21,18
phase,250,2.25,143,258,194,41,34
phase,250,2.25,144,249,191,45,36
phase,250,2.25,145,263,216,29,25
phase,250,2.25,146,267,208,39,34
phase,250,2.25,147,285,215,27,21
phase,250,2.25,148,280,206,28,20
phase,250,2.25,149,234,176,52,38
phase,250,2.25,150,268,205,34,25
phase,250,2.25,151,274,214,33,28
phase,250,2.25,152,260,205,38,29
phase,250,2.25,153,277,207,33,26
phase,250,2.25,154,253,194,35,25
phase,250,2.25,155,292,217,28,23
phase,250,2.25,156,303,222,27,25
phase,250,2.25,157,309,222,26,22
phase,250,2.25,158,296,226,22,20
phase,250,2.25,159,275,215,29,24
phase,250,2.25,160,276,201,40,34
phase,250,2.25,161,289,215,30,24
phase,250,2.25,162,308,228,21,18
phase,250,2.25,163,284,224,24,21
phase,250,2.25,164,262,197,47,41
phase,250,2.25,165,289,213,31,27
phase,250,2.25,166,282,211,34,28
phase,250,2.25,167,306,219,30,28
phase,250,2.25,168,259,197,45,37
phase,250,2.25,169,273,212,34,28
phase,250,2.25,170,266,213,35,32
phase,250,2.25,171,316,220,29,27
phase,250,2.25,172,299,226,25,24
phase,250,2.25,173,256,184,44,38
phase,250,2.25,174,264,219,27,21
phase,250,2.25,175,287,220,29,26
phase,250,2.25,176,306,221,27,23
phase,250,2.25,177,268,207,33,27
phase,250,2.25,178,269,192,41,30
phase,250,2.25,179,299,224,27,26
phase,250,2.25,180,300,215,34,31
phase,250,2.25,181,316,222,29,28
phase,250,2.25,182,288,217,29,23
phase,250,2.25,183,265,214,33,29
phase,250,2.25,184,279,212,35,30
phase,250,2.25,185,274,221,27,23
phase,250,2.25,186,311,225,24,21
phase,250,2.25,187,257,209,38,33
phase,250,2.25,188,297,221,27,24
phase,250,2.25,189,292,215,22,16
phase,250,2.25,190,293,222,26,22
phase,250,2.25,191,264,213,34,30
phase,250,2.25,192,287,213,27,19
phase,250,2.25,193,304,219,28,24
phase,250,2.25,194,279,225,20,15
phase,250,2.25,195,287,213,32,25
phase,250,2.25,196,276,212,31,24
phase,250,2.25,197,302,221,28,25
phase,250,2.25,198,277,210,35,30
phase,250,2.25,199,298,225,24,22
phase,250,2.5,0,301,218,28,23
phase,250,2.5,1,328,228,19,16
phase,250,2.5,2,290,213,30,25
phase,250,2.5,3,313,223,25,21
phase,250,2.5,4,307,227,21,18
phase,250,2.5,5,321,227,23,21
phase,250,2.5,6,315,226,23,20
phase,250,2.5,7,308,226,24,22
phase,250,2.5,8,333,222,27,25
phase,250,2.5,9,300,231,18,15
phase,250,2.5,10,324,227,23,21
phase,250,2.5,11,295,220,28,24
phase,250,2.5,12,330,226,23,20
phase,250,2.5,13,314,224,23,18
phase,250,2.5,14,345,234,17,16
phase,250,2.5,15,305,211,29,23
phase,250,2.5,16,324,231,19,17
phase,250,2.5,17,331,228,22,20
phase,250,2.5,18,330,225,23,20
phase,250,2.5,19,323,226,22,19
phase,250,2.5,20,320,222,25,20
phase,250,2.5,21,352,232,17,14
phase,250,2.5,22,307,217,26,18
phase,250,2.5,23,312,215,26,20
phase,250,2.5,24,322,226,24,22
phase,250,2.5,25,330,227,22,20
phase,250,2.5,26,331,228,23,22
phase,250,2.5,27,300,228,19,17
phase,250,2.5,28,307,229,20,17
phase,250,2.5,29,319,222,27,24
phase,250,2.5,30,308,219,25,21
phase,250,2.5,31,330,237,13,11
phase,250,2.5,32,333,227,21,17
phase,250,2.5,33,301,217,30,25
phase,250,2.5,34,311,226,25,24
phase,250,2.5,35,322,224,23,19
phase,250,2.5,36,312,224,24,21
phase,250,2.5,37,311,216,31,27
phase,250,2.5,38,370,235,14,11
phase,250,2.5,39,290,199,31,21
phase,250,2.5,40,316,225,22,18
phase,250,2.5,41,316,222,18,14
phase,250,2.5,42,289,219,30,27
phase,250,2.5,43,284,211,30,22
phase,250,2.5,44,300,223,25,21
phase,250,2.5,45,324,231,18,15
phase,250,2.5,46,299,213,32,27
phase,250,2.5,47,310,223,24,21
phase,250,2.5,48,309,226,22,18
phase,250,2.5,49,317,227,19,14
phase,250,2.5,50,296,219,29,26
phase,250,2.5,51,302,220,24,19
phase,250,2.5,52,314,221,28,25
phase,250,2.5,53,364,230,21,20
phase,250,2.5,54,280,216,32,28
phase,250,2.5,55,341,236,15,14
phase,250,2.5,56,296,214,30,23
phase,250,2.5,57,314,222,25,20
phase,250,2.5,58,318,235,16,15
phase,250,2.5,59,323,239,12,11
phase,250,2.5,60,290,213,31,26
phase,250,2.5,61,320,219,26,22
phase,250,2.5,62,298,220,25,19
phase,250,2.5,63,305,221,27,24
phase,250,2.5,64,322,222,27,24
phase,250,2.5,65,322,231,20,19
phase,250,2.5,66,296,225,21,17
phase,250,2.5,67,298,213,29,23
phase,250,2.5,68,326,233,16,14
phase,250,2.5,69,311,229,21,19
phase,250,2.5,70,336,229,17,12
phase,250,2.5,71,332,231,20,19
phase,250,2.5,72,311,221,28,25
phase,250,2.5,73,313,225,23,19
phase,250,2.5,74,287,212,37,35
phase,250,2.5,75,308,227,22,19
phase,250,2.5,76,324,224,26,24
phase,250,2.5,77,304,229,21,19
phase,250,2.5,78,309,224,25,22
phase,250,2.5,79,351,236,14,12
phase,250,2.5,80,307,219,28,24
phase,250,2.5,81,298,217,30,26
phase,250,2.5,82,308,229,21,19
phase,250,2.5,83,309,222,26,22
phase,250,2.5,84,325,230,18,15
phase,250,2.5,85,325,231,19,17
phase,250,2.5,86,289,225,24,21
phase,250,2.5,87,306,219,23,17
phase,250,2.5,88,307,224,24,21
phase,250,2.5,89,320,228,19,15
phase,250,2.5,90,308,213,31,26
phase,250,2.5,91,352,233,16,13
phase,250,2.5,92,312,226,24,22
phase,250,2.5,93,337,226,21,17
phase,250,2.5,94,301,213,28,20
phase,250,2.5,95,300,218,30,26
phase,250,2.5,96,329,224,23,19
phase,250,2.5,97,296,223,24,19
phase,250,2.5,98,290,212,33,27
phase,250,2.5,99,319,227,21,18
phase,250,2.5,100,335,230,18,15
phase,250,2.5,101,309,230,20,18
phase,250,2.5,102,321,227,22,19
phase,250,2.5,103,289,218,24,16
phase,250,2.5,104,348,230,20,18
phase,250,2.5,105,319,221,20,15
phase,250,2.5,106,275,211,34,28
phase,250,2.5,107,310,222,27,24
phase,250,2.5,108,294,219,23,18
phase,250,2.5,109,290,209,33,25
phase,250,2.5,110,298,215,29,22
phase,250,2.5,111,315,225,25,23
phase,250,2.5,112,287,212,29,22
phase,250,2.5,113,309,226,20,15
phase,250,2.5,114,304,220,28,24
phase,250,2.5,115,305,226,22,18
phase,250,2.5,116,326,226,22,19
phase,250,2.5,117,341,242,9,8
phase,250,2.5,118,308,218,29,24
phase,250,2.5,119,311,223,22,15
phase,250,2.5,120,298,207,35,27
phase,250,2.5,121,309,226,24,22
phase,250,2.5,122,330,234,15,12
phase,250,2.5,123,335,224,22,17
phase,250,2.5,124,288,218,29,25
phase,250,2.5,125,318,228,19,15
phase,250,2.5,126,325,230,18,14
phase,250,2.5,127,356,235,15,13
phase,250,2.5,128,285,207,39,34
phase,250,2.5,129,327,228,21,18
phase,250,2.5,130,314,219,30,27
phase,250,2.5,131,282,212,31,23
phase,250,2.5,132,320,229,20,17
phase,250,2.5,133,333,225,24,22
phase,250,2.5,134,294,221,28,25
phase,250,2.5,135,300,223,25,21
phase,250,2.5,136,293,223,27,25
phase,250,2.5,137,313,222,23,17
phase,250,2.5,138,315,222,23,18
phase,250,2.5,139,303,231,17,15
phase,250,2.5,140,296,221,26,22
phase,250,2.5,141,323,222,27,25
phase,250,2.5,142,282,211,34,29
phase,250,2.5,143,354,227,22,19
phase,250,2.5,144,303,227,22,20
phase,250,2.5,145,278,216,26,20
phase,250,2.5,146,309,221,26,21
phase,250,2.5,147,311,227,23,21
phase,250,2.5,148,327,232,15,12
phase,250,2.5,149,314,222,24,21
phase,250,2.5,150,318,226,21,16
phase,250,2.5,151,314,211,29,21
phase,250,2.5,152,307,220,24,19
phase,250,2.5,153,328,229,19,15
phase,250,2.5,154,334,235,15,13
phase,250,2.5,155,298,221,25,20
phase,250,2.5,156,294,222,26,23
phase,250,2.5,157,300,214,29,23
phase,250,2.5,158,275,221,27,24
phase,250,2.5,159,351,234,16,14
phase,250,2.5,160,312,222,21,16
phase,250,2.5,161,312,226,20,16
phase,250,2.5,162,301,218,29,25
phase,250,2.5,163,328,221,28,25
phase,250,2.5,164,302,228,22,20
phase,250,2.5,165,307,227,23,21
phase,250,2.5,166,306,230,19,16
phase,250,2.5,167,310,227,23,21
phase,250,2.5,168,301,223,22,16
phase,250,2.5,169,319,222,25,21
phase,250,2.5,170,305,224,24,20
phase,250,2.5,171,290,219,28,24
phase,250,2.5,172,285,207,34,25
phase,250,2.5,173,298,219,29,25
phase,250,2.5,174,356,235,14,11
phase,250,2.5,175,299,217,32,29
phase,250,2.5,176,313,223,25,21
phase,250,2.5,177,279,218,29,26
phase,250,2.5,178,304,225,21,16
phase,250,2.5,179,304,228,20,16
phase,250,2.5,180,286,211,35,31
phase,250,2.5,181,321,218,25,19
phase,250,2.5,182,329,232,19,18
phase,250,2.5,183,320,232,19,18
phase,250,2.5,184,352,234,15,12
phase,250,2.5,185,269,216,32,30
phase,250,2.5,186,306,226,21,18
phase,250,2.5,187,316,226,21,17
phase,250,2.5,188,276,213,32,27
phase,250,2.5,189,316,219,28,24
phase,250,2.5,190,320,227,20,16
phase,250,2.5,191,333,232,17,14
phase,250,2.5,192,299,220,29,27
phase,250,2.5,193,316,228,18,14
phase,250,2.5,194,331,230,18,14
phase,250,2.5,195,311,218,31,28
phase,250,2.5,196,327,221,22,18
phase,250,2.5,197,297,230,18,15
phase,250,2.5,198,315,214,28,20
phase,250,2.5,199,308,228,19,14
phase,250,2.75,0,358,233,17,15
phase,250,2.75,1,323,225,26,25
phase,250,2.75,2,339,225,22,17
phase,250,2.75,3,330,226,24,22
phase,250,2.75,4,358,235,16,15
phase,250,2.75,5,329,229,21,19
phase,250,2.75,6,316,218,30,26
phase,250,2.75,7,326,218,24,18
phase,250,2.75,8,338,223,24,20
phase,250,2.75,9,342,226,22,19
phase,250,2.75,10,336,230,20,18
phase,250,2.75,11,297,218,29,25
phase,250,2.75,12,352,233,17,15
phase,250,2.75,13,357,238,13,12
phase,250,2.75,14,365,236,12,8
phase,250,2.75,15,339,230,20,18
phase,250,2.75,16,319,231,17,15
phase,250,2.75,17,365,236,15,14
phase,250,2.75,18,348,237,13,11
phase,250,2.75,19,333,225,20,14
phase,250,2.75,20,340,230,20,18
phase,250,2.75,21,334,226,21,18
phase,250,2.75,22,326,224,23,18
phase,250,2.75,23,357,235,13,9
phase,250,2.75,24,369,245,6,5
phase,250,2.75,25,339,224,26,24
phase,250,2.75,26,345,224,24,21
phase,250,2.75,27,384,240,10,8
phase,250,2.75,28,341,223,26,23
phase,250,2.75,29,319,227,23,21
phase,250,2.75,30,348,233,16,13
phase,250,2.75,31,332,225,23,19
phase,250,2.75,32,342,226,23,20
phase,250,2.75,33,352,230,16,12
phase,250,2.75,34,362,232,19,18
phase,250,2.75,35,348,230,18,15
phase,250,2.75,36,336,225,25,23
phase,250,2.75,37,356,227,21,17
phase,250,2.75,38,329,225,24,21
phase,250,2.75,39,353,236,14,12
phase,250,2.75,40,353,231,18,15
phase,250,2.75,41,328,222,26,23
phase,250,2.75,42,313,221,25,20
phase,250,2.75,43,345,229,21,19
phase,250,2.75,44,336,234,13,10
phase,250,2.75,45,353,230,20,18
phase,250,2.75,46,360,228,18,14
phase,250,2.75,47,350,232,18,16
phase,250,2.75,48,340,230,19,16
phase,250,2.75,49,362,238,13,12
phase,250,2.75,50,306,208,32,25
phase,250,2.75,51,355,237,14,13
phase,250,2.75,52,343,224,23,19
phase,250,2.75,53,324,226,23,20
phase,250,2.75,54,346,228,19,15
phase,250,2.75,55,325,232,18,16
phase,250,2.75,56,351,229,21,19
phase,250,2.75,57,335,227,20,17
phase,250,2.75,58,380,239,11,9
phase,250,2.75,59,312,231,18,16
phase,250,2.75,60,342,230,18,15
phase,250,2.75,61,364,234,16,14
phase,250,2.75,62,349,231,17,13
phase,250,2.75,63,347,222,23,16
phase,250,2.75,64,329,228,20,16
phase,250,2.75,65,341,236,15,14
phase,250,2.75,66,358,231,17,14
phase,250,2.75,67,338,232,18,16
phase,250,2.75,68,342,236,15,14
phase,250,2.75,69,337,224,25,22
phase,250,2.75,70,331,229,16,12
phase,250,2.75,71,345,232,19,18
phase,250,2.75,72,343,232,18,16
phase,250,2.75,73,349,230,18,15
phase,250,2.75,74,380,240,11,10
phase,250,2.75,75,355,235,15,13
phase,250,2.75,76,344,229,20,18
phase,250,2.75,77,331,237,14,13
phase,250,2.75,78,343,223,24,21
phase,250,2.75,79,360,233,16,14
phase,250,2.75,80,308,227,22,19
phase,250,2.75,81,366,227,20,16
phase,250,2.75,82,318,227,22,19
phase,250,2.75,83,356,234,14,11
phase,250,2.75,84,335,229,19,16
phase,250,2.75,85,339,232,17,15
phase,250,2.75,86,339,232,15,12
phase,250,2.75,87,371,229,18,15
phase,250,2.75,88,314,229,22,21
phase,250,2.75,89,328,227,23,21
phase,250,2.75,90,345,228,22,20
phase,250,2.75,91,341,236,12,10
phase,250,2.75,92,387,241,9,7
phase,250,2.75,93,356,226,24,22
phase,250,2.75,94,377,231,19,17
phase,250,2.75,95,348,230,18,15
phase,250,2.75,96,335,231,19,17
phase,250,2.75,97,314,227,20,16
phase,250,2.75,98,359,238,11,9
phase,250,2.75,99,324,214,20,14
phase,250,2.75,100,354,226,21,17
phase,250,2.75,101,302,230,20,18
phase,250,2.75,102,334,232,17,15
phase,250,2.75,103,360,227,20,16
phase,250,2.75,104,350,231,20,19
phase,250,2.75,105,362,235,16,15
phase,250,2.75,106,336,223,25,23
phase,250,2.75,107,337,231,17,14
phase,250,2.75,108,342,235,14,11
phase,250,2.75,109,314,223,23,19
phase,250,2.75,110,349,235,16,15
phase,250,2.75,111,323,227,21,17
phase,250,2.75,112,338,225,21,17
phase,250,2.75,113,363,234,16,14
phase,250,2.75,114,347,234,16,14
phase,250,2.75,115,349,233,18,17
phase,250,2.75,116,337,229,22,21
phase,250,2.75,117,329,226,23,20
phase,250,2.75,118,341,230,20,18
phase,250,2.75,119,316,224,21,17
phase,250,2.75,120,372,241,8,6
phase,250,2.75,121,350,238,13,12
phase,250,2.75,122,335,236,12,9
phase,250,2.75,123,309,227,20,15
phase,250,2.75,124,375,242,9,8
phase,250,2.75,125,381,236,14,12
phase,250,2.75,126,324,225,24,21
phase,250,2.75,127,346,226,23,20
phase,250,2.75,128,320,226,23,20
phase,250,2.75,129,375,227,22,19
phase,250,2.75,130,350,225,23,19
phase,250,2.75,131,330,236,12,9
phase,250,2.75,132,362,243,8,7
phase,250,2.75,133,355,232,17,14
phase,250,2.75,134,361,237,13,11
phase,250,2.75,135,317,224,26,24
phase,250,2.75,136,346,239,12,11
phase,250,2.75,137,337,229,21,19
phase,250,2.75,138,347,232,18,16
phase,250,2.75,139,347,229,20,17
phase,250,2.75,140,356,235,16,15
phase,250,2.75,141,318,229,18,13
phase,250,2.75,142,357,231,17,14
phase,250,2.75,143,318,227,24,23
phase,250,2.75,144,335,228,16,11
phase,250,2.75,145,352,227,18,13
phase,250,2.75,146,331,232,17,14
phase,250,2.75,147,342,229,21,19
phase,250,2.75,148,342,235,15,13
phase,250,2.75,149,317,228,21,19
phase,250,2.75,150,336,225,23,19
phase,250,2.75,151,324,224,26,24
phase,250,2.75,152,337,235,16,15
phase,250,2.75,153,332,227,21,17
phase,250,2.75,154,310,224,21,18
phase,250,2.75,155,342,234,15,12
phase,250,2.75,156,383,239,12,11
phase,250,2.75,157,345,237,12,9
phase,250,2.75,158,324,231,18,16
phase,250,2.75,159,333,224,26,24
phase,250,2.75,160,376,242,8,6
phase,250,2.75,161,341,233,18,17
phase,250,2.75,162,322,225,23,19
phase,250,2.75,163,359,235,16,15
phase,250,2.75,164,349,229,20,17
phase,250,2.75,165,374,231,18,15
phase,250,2.75,166,351,230,19,16
phase,250,2.75,167,324,224,27,26
phase,250,2.75,168,332,233,16,13
phase,250,2.75,169,333,230,18,15
phase,250,2.75,170,325,228,22,20
phase,250,2.75,171,328,229,21,19
phase,250,2.75,172,358,225,22,17
phase,250,2.75,173,355,228,21,18
phase,250,2.75,174,328,225,21,17
phase,250,2.75,175,330,233,16,13
phase,250,2.75,176,311,222,26,23
phase,250,2.75,177,348,239,12,11
phase,250,2.75,178,351,235,16,15
phase,250,2.75,179,345,231,17,13
phase,250,2.75,180,333,229,19,15
phase,250,2.75,181,345,234,15,13
phase,250,2.75,182,360,224,22,17
phase,250,2.75,183,342,234,17,16
phase,250,2.75,184,353,232,17,14
phase,250,2.75,185,345,234,17,16
phase,250,2.75,186,343,226,20,15
phase,250,2.75,187,340,228,20,16
phase,250,2.75,188,321,222,25,22
phase,250,2.75,189,367,231,18,15
phase,250,2.75,190,350,229,20,17
phase,250,2.75,191,336,240,11,10
phase,250,2.75,192,374,236,14,12
phase,250,2.75,193,341,231,16,11
phase,250,2.75,194,339,232,19,18
phase,250,2.75,195,342,229,22,21
phase,250,2.75,196,363,231,19,17
phase,250,2.75,197,333,232,16,13
phase,250,2.75,198,336,238,13,12
phase,250,2.75,199,355,236,14,12
phase,250,3.0,0,349,240,11,10
phase,250,3.0,1,370,237,13,11
phase,250,3.0,2,365,235,14,12
phase,250,3.0,3,335,237,14,13
phase,250,3.0,4,337,224,24,20
phase,250,3.0,5,384,234,15,12
phase,250,3.0,6,349,238,12,10
phase,250,3.0,7,393,236,13,10
phase,250,3.0,8,335,228,20,17
phase,250,3.0,9,369,234,15,12
phase,250,3.0,10,387,238,12,10
phase,250,3.0,11,352,234,17,16
phase,250,3.0,12,354,238,13,12
phase,250,3.0,13,390,233,15,11
phase,250,3.0,14,355,235,12,9
phase,250,3.0,15,380,238,12,10
phase,250,3.0,16,323,228,22,20
phase,250,3.0,17,385,235,14,11
phase,250,3.0,18,375,235,15,13
phase,250,3.0,19,338,227,24,23
phase,250,3.0,20,369,231,18,15
phase,250,3.0,21,392,241,10,9
phase,250,3.0,22,362,234,16,14
phase,250,3.0,23,371,236,13,11
phase,250,3.0,24,365,234,14,11
phase,250,3.0,25,375,233,17,15
phase,250,3.0,26,382,232,19,18
phase,250,3.0,27,409,241,10,9
phase,250,3.0,28,409,235,15,13
phase,250,3.0,29,370,242,9,8
phase,250,3.0,30,352,233,17,15
phase,250,3.0,31,350,229,21,19
phase,250,3.0,32,379,237,14,13
phase,250,3.0,33,388,239,12,11
phase,250,3.0,34,376,240,10,8
phase,250,3.0,35,380,227,21,17
phase,250,3.0,36,346,232,17,15
phase,250,3.0,37,393,234,15,12
phase,250,3.0,38,374,234,16,14
phase,250,3.0,39,379,235,15,13
phase,250,3.0,40,394,238,11,8
phase,250,3.0,41,384,234,17,16
phase,250,3.0,42,358,238,13,12
phase,250,3.0,43,355,230,18,15
phase,250,3.0,44,383,240,9,6
phase,250,3.0,45,371,236,14,12
phase,250,3.0,46,397,238,13,12
phase,250,3.0,47,366,240,11,10
phase,250,3.0,48,375,234,17,16
phase,250,3.0,49,359,226,21,17
phase,250,3.0,50,354,227,22,19
phase,250,3.0,51,385,235,16,15
phase,250,3.0,52,347,224,21,17
phase,250,3.0,53,345,243,8,7
phase,250,3.0,54,372,238,13,12
phase,250,3.0,55,347,226,21,17
phase,250,3.0,56,342,233,17,15
phase,250,3.0,57,358,229,20,17
phase,250,3.0,58,349,237,13,11
phase,250,3.0,59,354,240,9,7
phase,250,3.0,60,387,236,12,8
phase,250,3.0,61,386,238,12,10
phase,250,3.0,62,416,236,14,12
phase,250,3.0,63,385,234,16,14
phase,250,3.0,64,388,240,11,10
phase,250,3.0,65,387,241,10,9
phase,250,3.0,66,382,236,13,10
phase,250,3.0,67,366,238,12,10
phase,250,3.0,68,356,219,26,20
phase,250,3.0,69,402,237,13,11
phase,250,3.0,70,378,237,14,13
phase,250,3.0,71,416,242,9,8
phase,250,3.0,72,360,221,27,23
phase,250,3.0,73,349,232,17,14
phase,250,3.0,74,351,226,23,20
phase,250,3.0,75,375,233,16,13
phase,250,3.0,76,354,236,14,12
phase,250,3.0,77,378,237,14,13
phase,250,3.0,78,346,228,20,17
phase,250,3.0,79,375,241,10,9
phase,250,3.0,80,338,237,12,9
phase,250,3.0,81,373,234,16,14
phase,250,3.0,82,381,230,20,18
phase,250,3.0,83,366,233,17,15
phase,250,3.0,84,348,227,22,19
phase,250,3.0,85,396,235,16,15
phase,250,3.0,86,364,241,8,5
phase,250,3.0,87,377,235,12,9
phase,250,3.0,88,318,231,18,15
phase,250,3.0,89,315,215,30,25
phase,250,3.0,90,372,241,10,9
phase,250,3.0,91,397,241,9,7
phase,250,3.0,92,351,234,17,16
phase,250,3.0,93,377,239,11,9
phase,250,3.0,94,374,228,21,18
phase,250,3.0,95,356,233,16,13
phase,250,3.0,96,385,243,8,7
phase,250,3.0,97,351,240,10,8
phase,250,3.0,98,349,232,19,18
phase,250,3.0,99,368,236,14,12
phase,250,3.0,100,413,236,15,14
phase,250,3.0,101,363,233,15,12
phase,250,3.0,102,366,230,18,15
phase,250,3.0,103,348,237,13,11
phase,250,3.0,104,382,239,10,7
phase,250,3.0,105,372,227,21,18
phase,250,3.0,106,375,230,18,14
phase,250,3.0,107,391,241,10,9
phase,250,3.0,108,357,230,20,18
phase,250,3.0,109,375,235,15,13
phase,250,3.0,110,360,232,17,14
phase,250,3.0,111,394,233,15,12
phase,250,3.0,112,380,236,14,12
phase,250,3.0,113,379,239,10,8
phase,250,3.0,114,370,239,12,11
phase,250,3.0,115,374,231,17,13
phase,250,3.0,116,387,235,15,13
phase,250,3.0,117,374,229,19,15
phase,250,3.0,118,378,234,16,14
phase,250,3.0,119,384,232,17,14
phase,250,3.0,120,355,235,15,13
phase,250,3.0,121,392,236,14,12
phase,250,3.0,122,371,238,12,10
phase,250,3.0,123,375,237,12,9
phase,250,3.0,124,362,233,15,12
phase,250,3.0,125,377,235,15,13
phase,250,3.0,126,438,245,6,5
phase,250,3.0,127,395,240,10,8
phase,250,3.0,128,343,227,20,15
phase,250,3.0,129,375,234,13,8
phase,250,3.0,130,390,234,17,16
phase,250,3.0,131,368,234,16,14
phase,250,3.0,132,363,239,12,11
phase,250,3.0,133,371,241,10,9
phase,250,3.0,134,339,224,14,8
phase,250,3.0,135,375,237,12,9
phase,250,3.0,136,341,230,20,18
phase,250,3.0,137,414,241,10,9
phase,250,3.0,138,396,235,14,11
phase,250,3.0,139,383,232,14,9
phase,250,3.0,140,358,234,16,14
phase,250,3.0,141,354,237,13,11
phase,250,3.0,142,373,235,16,15
phase,250,3.0,143,330,233,17,15
phase,250,3.0,144,376,241,8,5
phase,250,3.0,145,390,236,12,8
phase,250,3.0,146,372,233,18,17
phase,250,3.0,147,369,232,18,16
phase,250,3.0,148,335,223,27,25
phase,250,3.0,149,368,232,19,18
phase,250,3.0,150,420,239,12,11
phase,250,3.0,151,383,237,14,13
phase,250,3.0,152,395,238,13,12
phase,250,3.0,153,368,232,15,12
phase,250,3.0,154,378,234,16,14
phase,250,3.0,155,334,229,22,21
phase,250,3.0,156,425,245,6,5
phase,250,3.0,157,384,242,9,8
phase,250,3.0,158,365,232,16,13
phase,250,3.0,159,358,237,13,11
phase,250,3.0,160,356,236,14,12
phase,250,3.0,161,378,238,12,10
phase,250,3.0,162,387,239,11,9
phase,250,3.0,163,393,240,11,10
phase,250,3.0,164,366,237,13,11
phase,250,3.0,165,378,239,12,11
phase,250,3.0,166,370,234,16,14
phase,250,3.0,167,372,234,17,16
phase,250,3.0,168,358,235,16,15
phase,250,3.0,169,389,240,11,10
phase,250,3.0,170,357,230,20,18
phase,250,3.0,171,336,231,17,13
phase,250,3.0,172,394,240,9,7
phase,250,3.0,173,394,237,13,11
phase,250,3.0,174,381,232,17,14
phase,250,3.0,175,358,229,18,14
phase,250,3.0,176,391,240,11,10
phase,250,3.0,177,386,236,13,10
phase,250,3.0,178,363,231,13,9
phase,250,3.0,179,392,237,13,11
phase,250,3.0,180,357,233,17,15
phase,250,3.0,181,365,235,16,15
phase,250,3.0,182,407,242,9,8
phase,250,3.0,183,356,237,14,13
phase,250,3.0,184,381,235,15,13
phase,250,3.0,185,397,243,7,5
phase,250,3.0,186,368,236,15,14
phase,250,3.0,187,387,238,12,10
phase,250,3.0,188,373,230,20,18
phase,250,3.0,189,363,237,12,9
phase,250,3.0,190,402,245,6,5
phase,250,3.0,191,372,230,19,17
phase,250,3.0,192,378,236,13,11
phase,250,3.0,193,389,238,13,12
phase,250,3.0,194,366,232,17,14
phase,250,3.0,195,378,242,8,6
phase,250,3.0,196,351,233,16,13
phase,250,3.0,197,365,231,19,17
phase,250,3.0,198,371,242,8,6
phase,250,3.0,199,385,235,16,15
phase,1000,0.4,0,185,7,815,688
phase,1000,0.4,1,180,6,820,689
phase,1000,0.4,2,184,7,816,692
phase,1000,0.4,3,196,9,804,672
phase,1000,0.4,4,194,7,806,668
phase,1000,0.4,5,178,7,822,695
phase,1000,0.4,6,228,8,772,621
phase,1000,0.4,7,180,6,820,699
phase,1000,0.4,8,196,6,804,665
phase,1000,0.4,9,182,5,818,695
phase,1000,0.4,10,175,5,825,698
phase,1000,0.4,11,219,9,781,642
phase,1000,0.4,12,195,7,805,672
phase,1000,0.4,13,232,7,768,634
phase,1000,0.4,14,223,11,777,649
phase,1000,0.4,15,173,6,827,705
phase,1000,0.4,16,192,8,808,682
phase,1000,0.4,17,197,6,803,678
phase,1000,0.4,18,218,8,782,635
phase,1000,0.4,19,189,6,811,677
phase,1000,0.4,20,203,10,797,665
phase,1000,0.4,21,218,7,782,638
phase,1000,0.4,22,163,5,837,724
phase,1000,0.4,23,208,10,792,650
phase,1000,0.4,24,194,13,806,687
phase,1000,0.4,25,201,8,799,675
phase,1000,0.4,26,201,9,799,671
phase,1000,0.4,27,202,13,798,669
phase,1000,0.4,28,187,8,813,682
phase,1000,0.4,29,200,8,800,669
phase,1000,0.4,30,232,15,768,620
phase,1000,0.4,31,212,9,788,654
phase,1000,0.4,32,202,7,798,665
phase,1000,0.4,33,205,7,795,652
phase,1000,0.4,34,223,12,777,644
phase,1000,0.4,35,203,10,797,671
phase,1000,0.4,36,190,8,810,685
phase,1000,0.4,37,225,11,775,649
phase,1000,0.4,38,194,10,806,675
phase,1000,0.4,39,178,7,822,696
phase,1000,0.4,40,187,8,813,682
phase,1000,0.4,41,206,7,794,657
phase,1000,0.4,42,202,10,798,667
phase,1000,0.4,43,195,7,806,677
phase,1000,0.4,44,231,12,769,642
phase,1000,0.4,45,203,8,797,671
phase,1000,0.4,46,209,7,791,644
phase,1000,0.4,47,199,13,801,671
phase,1000,0.4,48,192,6,808,677
phase,1000,0.4,49,240,17,760,621
phase,1000,0.4,50,178,6,822,698
phase,1000,0.4,51,202,17,798,669
phase,1000,0.4,52,218,7,782,649
phase,1000,0.4,53,213,9,787,653
phase,1000,0.4,54,202,8,798,682
phase,1000,0.4,55,191,9,809,681
phase,1000,0.4,56,210,13,790,658
phase,1000,0.4,57,185,8,815,688
phase,1000,0.4,58,185,6,815,688
phase,1000,0.4,59,200,9,800,671
phase,1000,0.4,60,203,9,797,676
phase,1000,0.4,61,214,7,786,646
phase,1000,0.4,62,202,12,798,668
phase,1000,0.4,63,214,8,786,657
phase,1000,0.4,64,198,6,802,670
phase,1000,0.4,65,199,5,801,655
phase,1000,0.4,66,179,8,821,706
phase,1000,0.4,67,215,8,785,647
phase,1000,0.4,68,196,9,804,688
phase,1000,0.4,69,209,11,791,653
phase,1000,0.4,70,215,14,785,666
phase,1000,0.4,71,228,8,772,632
phase,1000,0.4,72,199,11,801,663
phase,1000,0.4,73,213,8,787,659
phase,1000,0.4,74,200,6,800,672
phase,1000,0.4,75,182,8,818,694
phase,1000,0.4,76,176,6,824,703
phase,1000,0.4,77,242,10,758,624
phase,1000,0.4,78,202,6,798,662
phase,1000,0.4,79,193,8,807,679
phase,1000,0.4,80,197,9,803,677
phase,1000,0.4,81,175,7,825,708
phase,1000,0.4,82,191,14,809,688
phase,1000,0.4,83,175,10,825,704
phase,1000,0.4,84,188,5,812,682
phase,1000,0.4,85,187,7,813,689
phase,1000,0.4,86,184,8,816,701
phase,1000,0.4,87,213,9,787,659
phase,1000,0.4,88,209,9,791,665
phase,1000,0.4,89,200,11,800,673
phase,1000,0.4,90,194,8,806,672
phase,1000,0.4,91,220,11,780,646
phase,1000,0.4,92,213,10,787,656
phase,1000,0.4,93,204,9,796,671
phase,1000,0.4,94,189,6,811,683
phase,1000,0.4,95,191,7,809,678
phase,1000,0.4,96,200,11,800,663
phase,1000,0.4,97,188,8,812,691
phase,1000,0.4,98,226,12,774,640
phase,1000,0.4,99,184,7,816,688
phase,1000,0.4,100,187,6,813,689
phase,1000,0.4,101,200,8,800,671
phase,1000,0.4,102,176,7,824,710
phase,1000,0.4,103,226,13,774,634
phase,1000,0.4,104,220,6,780,642
phase,1000,0.4,105,210,10,790,658
phase,1000,0.4,106,199,7,801,672
phase,1000,0.4,107,204,12,796,668
phase,1000,0.4,108,189,7,811,677
phase,1000,0.4,109,203,7,797,662
phase,1000,0.4,110,216,11,784,651
phase,1000,0.4,111,195,8,805,661
phase,1000,0.4,112,210,7,790,662
phase,1000,0.4,113,212,15,788,655
phase,1000,0.4,114,210,7,790,654
phase,1000,0.4,115,184,7,816,695
phase,1000,0.4,116,209,12,791,666
phase,1000,0.4,117,222,13,778,632
phase,1000,0.4,118,204,9,796,667
phase,1000,0.4,119,210,6,790,649
phase,1000,0.4,120,226,10,774,629
phase,1000,0.4,121,190,13,810,683
phase,1000,0.4,122,193,6,807,669
phase,1000,0.4,123,207,9,793,651
phase,1000,0.4,124,179,10,821,703
phase,1000,0.4,125,217,10,784,648
phase,1000,0.4,126,231,8,769,639
phase,1000,0.4,127,205,9,795,671
phase,1000,0.4,128,189,6,811,679
phase,1000,0.4,129,198,10,802,674
phase,1000,0.4,130,188,11,812,688
phase,1000,0.4,131,188,6,812,686
phase,1000,0.4,132,221,12,779,641
phase,1000,0.4,133,199,7,801,667
phase,1000,0.4,134,192,10,808,677
phase,1000,0.4,135,198,9,802,677
phase,1000,0.4,136,187,10,813,689
phase,1000,0.4,137,197,10,803,663
phase,1000,0.4,138,185,9,815,688
phase,1000,0.4,139,189,8,811,679
phase,1000,0.4,140,192,7,808,677
phase,1000,0.4,141,208,12,792,666
phase,1000,0.4,142,200,9,800,668
phase,1000,0.4,143,203,6,797,659
phase,1000,0.4,144,222,8,778,640
phase,1000,0.4,145,197,9,803,685
phase,1000,0.4,146,184,5,816,685
phase,1000,0.4,147,210,13,790,655
phase,1000,0.4,148,192,7,808,669
phase,1000,0.4,149,188,10,812,687
phase,1000,0.4,150,211,11,789,665
phase,1000,0.4,151,188,8,812,689
phase,1000,0.4,152,223,7,777,638
phase,1000,0.4,153,219,9,781,640
phase,1000,0.4,154,194,10,806,678
phase,1000,0.4,155,210,7,790,651
phase,1000,0.4,156,200,7,801,669
phase,1000,0.4,157,210,7,790,672
phase,1000,0.4,158,208,7,792,653
phase,1000,0.4,159,202,8,798,661
phase,1000,0.4,160,197,6,803,680
phase,1000,0.4,161,182,7,818,690
phase,1000,0.4,162,177,7,823,697
phase,1000,0.4,163,173,11,827,716
phase,1000,0.4,164,205,9,795,661
phase,1000,0.4,165,214,9,786,650
phase,1000,0.4,166,203,11,797,675
phase,1000,0.4,167,209,11,791,666
phase,1000,0.4,168,191,11,809,686
phase,1000,0.4,169,201,8,799,656
phase,1000,0.4,170,205,7,795,657
phase,1000,0.4,171,197,9,803,680
phase,1000,0.4,172,186,7,814,684
phase,1000,0.4,173,201,10,799,665
phase,1000,0.4,174,222,10,778,647
phase,1000,0.4,175,189,7,811,685
phase,1000,0.4,176,190,9,810,680
phase,1000,0.4,177,187,8,813,678
phase,1000,0.4,178,226,10,774,639
phase,1000,0.4,179,224,8,776,646
phase,1000,0.4,180,216,8,784,651
phase,1000,0.4,181,207,9,793,656
phase,1000,0.4,182,156,7,844,728
phase,1000,0.4,183,184,8,816,694
phase,1000,0.4,184,200,8,800,671
phase,1000,0.4,185,207,10,793,671
phase,1000,0.4,186,190,9,810,689
phase,1000,0.4,187,206,7,794,661
phase,1000,0.4,188,190,7,810,678
phase,1000,0.4,189,202,10,798,672
phase,1000,0.4,190,226,10,774,635
phase,1000,0.4,191,220,12,780,648
phase,1000,0.4,192,203,11,797,673
phase,1000,0.4,193,205,6,795,663
phase,1000,0.4,194,223,11,777,634
phase,1000,0.4,195,193,13,807,684
phase,1000,0.4,196,205,9,795,663
phase,1000,0.4,197,223,10,777,637
phase,1000,0.4,198,191,8,809,680
phase,1000,0.4,199,186,6,814,677
phase,1000,0.6,0,290,20,710,561
phase,1000,0.6,1,300,16,700,560
phase,1000,0.6,2,293,17,707,561
phase,1000,0.6,3,303,13,697,538
phase,1000,0.6,4,311,15,689,542
phase,1000,0.6,5,311,12,689,532
phase,1000,0.6,6,285,8,715,565
phase,1000,0.6,7,317,18,683,516
phase,1000,0.6,8,271,15,729,575
phase,1000,0.6,9,289,13,712,572
phase,1000,0.6,10,300,22,700,560
phase,1000,0.6,11,294,15,706,562
phase,1000,0.6,12,281,10,719,564
phase,1000,0.6,13,305,19,695,547
phase,1000,0.6,14,315,17,685,527
phase,1000,0.6,15,302,14,698,537
phase,1000,0.6,16,349,23,651,496
phase,1000,0.6,17,297,18,703,549
phase,1000,0.6,18,315,9,685,523
phase,1000,0.6,19,322,10,678,512
phase,1000,0.6,20,258,12,742,599
phase,1000,0.6,21,281,16,719,569
phase,1000,0.6,22,269,30,731,583
phase,1000,0.6,23,280,12,720,564
phase,1000,0.6,24,311,13,689,515
phase,1000,0.6,25,275,21,725,580
phase,1000,0.6,26,350,18,651,482
phase,1000,0.6,27,299,19,701,545
phase,1000,0.6,28,282,14,718,560
phase,1000,0.6,29,272,10,728,573
phase,1000,0.6,30,309,11,691,543
phase,1000,0.6,31,303,11,697,533
phase,1000,0.6,32,313,14,688,531
phase,1000,0.6,33,332,10,668,509
phase,1000,0.6,34,282,9,718,564
phase,1000,0.6,35,287,15,713,562
phase,1000,0.6,36,305,13,695,539
phase,1000,0.6,37,305,10,695,533
phase,1000,0.6,38,306,12,695,546
phase,1000,0.6,39,332,19,668,522
phase,1000,0.6,40,316,15,684,524
phase,1000,0.6,41,323,31,677,516
phase,1000,0.6,42,326,15,674,523
phase,1000,0.6,43,305,12,695,540
phase,1000,0.6,44,323,17,677,534
phase,1000,0.6,45,327,10,673,517
phase,1000,0.6,46,316,12,684,519
phase,1000,0.6,47,286,11,714,558
phase,1000,0.6,48,302,18,698,548
phase,1000,0.6,49,296,10,704,549
phase,1000,0.6,50,300,11,700,555
phase,1000,0.6,51,304,21,696,539
phase,1000,0.6,52,290,19,710,559
phase,1000,0.6,53,305,14,695,537
phase,1000,0.6,54,313,15,687,528
phase,1000,0.6,55,267,13,733,582
phase,1000,0.6,56,301,14,699,546
phase,1000,0.6,57,305,10,695,543
phase,1000,0.6,58,292,13,709,553
phase,1000,0.6,59,309,13,691,547
phase,1000,0.6,60,303,30,697,552
phase,1000,0.6,61,331,16,669,513
phase,1000,0.6,62,283,11,717,566
phase,1000,0.6,63,324,15,676,530
phase,1000,0.6,64,320,20,680,531
phase,1000,0.6,65,298,14,702,553
phase,1000,0.6,66,288,17,712,573
phase,1000,0.6,67,287,13,713,550
phase,1000,0.6,68,296,10,704,550
phase,1000,0.6,69,300,10,700,529
phase,1000,0.6,70,318,20,682,525
phase,1000,0.6,71,279,18,721,562
phase,1000,0.6,72,310,12,690,539
phase,1000,0.6,73,311,25,689,543
phase,1000,0.6,74,294,25,706,566
phase,1000,0.6,75,300,13,700,551
phase,1000,0.6,76,309,13,691,539
phase,1000,0.6,77,297,12,703,543
phase,1000,0.6,78,299,14,701,551
phase,1000,0.6,79,275,12,725,575
phase,1000,0.6,80,342,22,658,497
phase,1000,0.6,81,292,13,708,546
phase,1000,0.6,82,308,12,692,542
phase,1000,0.6,83,278,13,722,574
phase,1000,0.6,84,303,15,697,544
phase,1000,0.6,85,314,20,686,523
phase,1000,0.6,86,306,15,694,527
phase,1000,0.6,87,299,18,702,565
phase,1000,0.6,88,298,9,702,557
phase,1000,0.6,89,301,14,699,560
phase,1000,0.6,90,313,25,687,544
phase,1000,0.6,91,289,16,711,569
phase,1000,0.6,92,306,18,694,543
phase,1000,0.6,93,291,14,709,558
phase,1000,0.6,94,311,15,689,535
phase,1000,0.6,95,304,14,696,535
phase,1000,0.6,96,275,8,725,563
phase,1000,0.6,97,301,15,699,539
phase,1000,0.6,98,254,8,746,598
phase,1000,0.6,99,297,13,704,563
phase,1000,0.6,100,284,9,716,555
phase,1000,0.6,101,311,20,689,542
phase,1000,0.6,102,300,13,700,550
phase,1000,0.6,103,297,17,703,554
phase,1000,0.6,104,274,24,726,572
phase,1000,0.6,105,272,18,728,584
phase,1000,0.6,106,296,11,704,552
phase,1000,0.6,107,301,13,699,543
phase,1000,0.6,108,325,16,675,511
phase,1000,0.6,109,321,14,679,534
phase,1000,0.6,110,288,43,712,576
phase,1000,0.6,111,324,13,676,519
phase,1000,0.6,112,313,13,687,533
phase,1000,0.6,113,289,26,711,573
phase,1000,0.6,114,309,14,691,537
phase,1000,0.6,115,312,10,688,539
phase,1000,0.6,116,302,17,698,554
phase,1000,0.6,117,306,22,694,541
phase,1000,0.6,118,284,17,716,584
phase,1000,0.6,119,334,31,666,509
phase,1000,0.6,120,292,16,708,560
phase,1000,0.6,121,268,11,732,576
phase,1000,0.6,122,308,12,692,544
phase,1000,0.6,123,310,21,691,540
phase,1000,0.6,124,291,21,709,561
phase,1000,0.6,125,268,13,732,592
phase,1000,0.6,126,308,13,692,542
phase,1000,0.6,127,297,28,704,557
phase,1000,0.6,128,344,12,656,492
phase,1000,0.6,129,317,19,683,532
phase,1000,0.6,130,321,19,679,505
phase,1000,0.6,131,283,14,718,583
phase,1000,0.6,132,286,14,714,561
phase,1000,0.6,133,315,12,685,529
phase,1000,0.6,134,297,13,703,556
phase,1000,0.6,135,288,16,713,560
phase,1000,0.6,136,283,8,717,563
phase,1000,0.6,137,314,17,686,529
phase,1000,0.6,138,301,17,699,553
phase,1000,0.6,139,312,13,688,530
phase,1000,0.6,140,288,12,712,576
phase,1000,0.6,141,278,11,722,577
phase,1000,0.6,142,272,10,728,591
phase,1000,0.6,143,297,11,703,543
phase,1000,0.6,144,311,14,689,551
phase,1000,0.6,145,302,20,698,535
phase,1000,0.6,146,330,15,670,522
phase,1000,0.6,147,313,15,687,523
phase,1000,0.6,148,303,18,697,560
phase,1000,0.6,149,288,11,712,563
phase,1000,0.6,150,314,21,686,524
phase,1000,0.6,151,317,22,683,532
phase,1000,0.6,152,321,16,679,523
phase,1000,0.6,153,302,30,698,546
phase,1000,0.6,154,300,13,700,541
phase,1000,0.6,155,314,14,686,544
phase,1000,0.6,156,274,13,726,575
phase,1000,0.6,157,312,15,688,529
phase,1000,0.6,158,326,13,674,520
phase,1000,0.6,159,279,10,721,554
phase,1000,0.6,160,309,10,691,539
phase,1000,0.6,161,316,16,684,534
phase,1000,0.6,162,295,16,705,560
phase,1000,0.6,163,274,14,726,594
phase,1000,0.6,164,258,9,742,593
phase,1000,0.6,165,261,9,739,597
phase,1000,0.6,166,251,12,750,614
phase,1000,0.6,167,298,14,702,551
phase,1000,0.6,168,307,12,693,540
phase,1000,0.6,169,295,15,705,548
phase,1000,0.6,170,291,16,709,564
phase,1000,0.6,171,318,8,682,518
phase,1000,0.6,172,303,14,698,559
phase,1000,0.6,173,310,13,690,535
phase,1000,0.6,174,312,11,688,532
phase,1000,0.6,175,280,10,720,573
phase,1000,0.6,176,304,14,696,549
phase,1000,0.6,177,311,17,689,534
phase,1000,0.6,178,317,16,683,524
phase,1000,0.6,179,298,11,702,546
phase,1000,0.6,180,332,26,668,516
phase,1000,0.6,181,312,21,688,541
phase,1000,0.6,182,294,16,706,556
phase,1000,0.6,183,272,15,728,574
phase,1000,0.6,184,318,11,682,528
phase,1000,0.6,185,306,25,694,533
phase,1000,0.6,186,326,44,675,528
phase,1000,0.6,187,297,17,703,557
phase,1000,0.6,188,314,20,687,539
phase,1000,0.6,189,257,15,743,603
phase,1000,0.6,190,305,12,695,534
phase,1000,0.6,191,314,23,686,546
phase,1000,0.6,192,303,15,697,560
phase,1000,0.6,193,331,18,669,525
phase,1000,0.6,194,301,30,699,544
phase,1000,0.6,195,325,18,675,533
phase,1000,0.6,196,281,19,719,580
phase,1000,0.6,197,278,17,722,574
phase,1000,0.6,198,289,11,711,567
phase,1000,0.6,199,298,18,702,564
phase,1000,0.8,0,417,40,583,431
phase,1000,0.8,1,361,21,639,472
phase,1000,0.8,2,417,18,583,442
phase,1000,0.8,3,406,20,595,448
phase,1000,0.8,4,391,24,609,441
phase,1000,0.8,5,362,27,638,484
phase,1000,0.8,6,392,36,608,460
phase,1000,0.8,7,399,41,601,452
phase,1000,0.8,8,402,55,599,452
phase,1000,0.8,9,364,20,636,473
phase,1000,0.8,10,411,38,589,456
phase,1000,0.8,11,372,31,628,477
phase,1000,0.8,12,417,35,583,442
phase,1000,0.8,13,419,23,581,428
phase,1000,0.8,14,399,44,601,432
phase,1000,0.8,15,395,48,606,454
phase,1000,0.8,16,380,19,620,464
phase,1000,0.8,17,440,78,560,411
phase,1000,0.8,18,389,30,611,461
phase,1000,0.8,19,430,31,571,417
phase,1000,0.8,20,415,40,585,438
phase,1000,0.8,21,365,50,635,502
phase,1000,0.8,22,379,48,621,465
phase,1000,0.8,23,424,18,576,418
phase,1000,0.8,24,384,26,616,458
phase,1000,0.8,25,414,24,587,439
phase,1000,0.8,26,396,34,604,460
phase,1000,0.8,27,421,50,579,426
phase,1000,0.8,28,389,17,611,446
phase,1000,0.8,29,383,32,617,478
phase,1000,0.8,30,405,33,595,448
phase,1000,0.8,31,371,23,629,466
phase,1000,0.8,32,396,21,604,456
phase,1000,0.8,33,371,25,629,475
phase,1000,0.8,34,423,33,577,434
phase,1000,0.8,35,426,25,576,420
phase,1000,0.8,36,411,32,589,429
phase,1000,0.8,37,383,15,617,453
phase,1000,0.8,38,387,41,613,464
phase,1000,0.8,39,384,44,616,471
phase,1000,0.8,40,440,62,560,414
phase,1000,0.8,41,402,29,598,459
phase,1000,0.8,42,391,35,609,459
phase,1000,0.8,43,375,28,625,458
phase,1000,0.8,44,394,18,607,453
phase,1000,0.8,45,380,27,620,466
phase,1000,0.8,46,418,20,582,425
phase,1000,0.8,47,388,29,612,465
phase,1000,0.8,48,409,42,591,453
phase,1000,0.8,49,428,77,575,441
phase,1000,0.8,50,394,20,606,443
phase,1000,0.8,51,400,78,600,450
phase,1000,0.8,52,386,55,614,452
phase,1000,0.8,53,387,26,613,452
phase,1000,0.8,54,382,18,619,457
phase,1000,0.8,55,377,18,624,474
phase,1000,0.8,56,416,29,584,427
phase,1000,0.8,57,412,36,588,434
phase,1000,0.8,58,388,32,612,452
phase,1000,0.8,59,429,38,571,421
phase,1000,0.8,60,391,24,610,464
phase,1000,0.8,61,374,15,626,475
phase,1000,0.8,62,408,26,593,448
phase,1000,0.8,63,398,37,602,439
phase,1000,0.8,64,414,16,586,426
phase,1000,0.8,65,406,35,594,451
phase,1000,0.8,66,368,42,632,482
phase,1000,0.8,67,400,36,600,452
phase,1000,0.8,68,396,41,604,443
phase,1000,0.8,69,428,31,572,430
phase,1000,0.8,70,415,50,585,446
phase,1000,0.8,71,430,46,572,398
phase,1000,0.8,72,390,42,610,448
phase,1000,0.8,73,426,38,574,428
phase,1000,0.8,74,375,24,625,459
phase,1000,0.8,75,398,45,602,448
phase,1000,0.8,76,409,21,591,436
phase,1000,0.8,77,381,16,619,464
phase,1000,0.8,78,424,27,576,436
phase,1000,0.8,79,378,39,622,476
phase,1000,0.8,80,387,27,615,470
phase,1000,0.8,81,401,17,599,433
phase,1000,0.8,82,430,21,570,416
phase,1000,0.8,83,396,32,604,453
phase,1000,0.8,84,384,31,617,454
phase,1000,0.8,85,396,24,604,456
phase,1000,0.8,86,401,36,599,450
phase,1000,0.8,87,411,33,589,445
phase,1000,0.8,88,411,24,589,449
phase,1000,0.8,89,383,26,617,465
phase,1000,0.8,90,403,67,598,460
phase,1000,0.8,91,435,33,566,428
phase,1000,0.8,92,385,16,615,459
phase,1000,0.8,93,368,31,632,492
phase,1000,0.8,94,405,41,595,457
phase,1000,0.8,95,393,29,607,445
phase,1000,0.8,96,407,26,593,452
phase,1000,0.8,97,393,25,607,448
phase,1000,0.8,98,391,22,609,454
phase,1000,0.8,99,387,25,613,461
phase,1000,0.8,100,406,28,594,435
phase,1000,0.8,101,383,25,617,459
phase,1000,0.8,102,402,37,598,466
phase,1000,0.8,103,422,34,578,429
phase,1000,0.8,104,373,72,627,487
phase,1000,0.8,105,422,40,580,430
phase,1000,0.8,106,372,28,628,478
phase,1000,0.8,107,392,28,608,462
phase,1000,0.8,108,387,23,614,472
phase,1000,0.8,109,408,52,592,440
phase,1000,0.8,110,421,42,581,438
phase,1000,0.8,111,408,121,593,451
phase,1000,0.8,112,394,27,607,455
phase,1000,0.8,113,424,45,576,439
phase,1000,0.8,114,401,21,599,443
phase,1000,0.8,115,406,20,594,435
phase,1000,0.8,116,391,31,610,470
phase,1000,0.8,117,395,18,606,453
phase,1000,0.8,118,440,57,561,416
phase,1000,0.8,119,389,23,611,445
phase,1000,0.8,120,401,30,599,440
phase,1000,0.8,121,412,21,588,432
phase,1000,0.8,122,386,21,614,470
phase,1000,0.8,123,388,36,612,467
phase,1000,0.8,124,408,65,592,433
phase,1000,0.8,125,387,31,613,446
phase,1000,0.8,126,407,38,594,445
phase,1000,0.8,127,418,32,582,418
phase,1000,0.8,128,372,22,628,475
phase,1000,0.8,129,379,17,621,454
phase,1000,0.8,130,382,40,618,481
phase,1000,0.8,131,377,18,623,466
phase,1000,0.8,132,416,40,585,444
phase,1000,0.8,133,403,35,597,441
phase,1000,0.8,134,370,16,631,465
phase,1000,0.8,135,382,14,619,454
phase,1000,0.8,136,397,19,604,438
phase,1000,0.8,137,425,39,576,431
phase,1000,0.8,138,369,17,631,472
phase,1000,0.8,139,421,65,579,447
phase,1000,0.8,140,395,19,605,456
phase,1000,0.8,141,425,36,575,420
phase,1000,0.8,142,401,20,599,453
phase,1000,0.8,143,434,35,566,411
phase,1000,0.8,144,362,16,639,487
phase,1000,0.8,145,432,59,568,435
phase,1000,0.8,146,396,34,604,446
phase,1000,0.8,147,397,25,603,463
phase,1000,0.8,148,413,24,587,448
phase,1000,0.8,149,387,27,613,451
phase,1000,0.8,150,362,25,638,484
phase,1000,0.8,151,399,22,601,455
phase,1000,0.8,152,396,39,604,466
phase,1000,0.8,153,385,21,615,462
phase,1000,0.8,154,416,24,584,423
phase,1000,0.8,155,402,29,598,441
phase,1000,0.8,156,412,40,588,449
phase,1000,0.8,157,410,17,590,430
phase,1000,0.8,158,416,31,584,426
phase,1000,0.8,159,416,37,584,433
phase,1000,0.8,160,387,41,614,484
phase,1000,0.8,161,383,25,617,470
phase,1000,0.8,162,418,52,582,441
phase,1000,0.8,163,381,42,619,465
phase,1000,0.8,164,433,78,567,432
phase,1000,0.8,165,386,34,615,467
phase,1000,0.8,166,386,42,614,471
phase,1000,0.8,167,391,44,609,444
phase,1000,0.8,168,410,22,590,423
phase,1000,0.8,169,380,16,620,462
phase,1000,0.8,170,398,22,603,438
phase,1000,0.8,171,393,47,607,451
phase,1000,0.8,172,383,21,617,466
phase,1000,0.8,173,355,24,645,489
phase,1000,0.8,174,396,35,606,454
phase,1000,0.8,175,379,16,621,454
phase,1000,0.8,176,392,31,608,456
phase,1000,0.8,177,365,15,636,489
phase,1000,0.8,178,430,32,571,416
phase,1000,0.8,179,396,39,604,460
phase,1000,0.8,180,343,16,657,510
phase,1000,0.8,181,377,24,623,470
phase,1000,0.8,182,400,26,601,449
phase,1000,0.8,183,411,36,589,443
phase,1000,0.8,184,404,43,596,450
phase,1000,0.8,185,398,15,602,450
phase,1000,0.8,186,402,25,598,458
phase,1000,0.8,187,386,24,614,449
phase,1000,0.8,188,365,20,635,484
phase,1000,0.8,189,388,22,612,437
phase,1000,0.8,190,384,34,616,484
phase,1000,0.8,191,421,30,579,425
phase,1000,0.8,192,388,20,612,467
phase,1000,0.8,193,372,31,628,482
phase,1000,0.8,194,423,25,577,424
phase,1000,0.8,195,393,47,607,462
phase,1000,0.8,196,409,28,591,433
phase,1000,0.8,197,412,52,588,438
phase,1000,0.8,198,419,50,582,433
phase,1000,0.8,199,391,16,609,440
phase,1000,0.9,0,422,15,579,426
phase,1000,0.9,1,403,41,597,427
phase,1000,0.9,2,485,72,516,385
phase,1000,0.9,3,472,55,528,395
phase,1000,0.9,4,444,79,557,419
phase,1000,0.9,5,396,55,604,459
phase,1000,0.9,6,426,24,574,417
phase,1000,0.9,7,425,19,575,435
phase,1000,0.9,8,472,65,529,389
phase,1000,0.9,9,443,22,557,391
phase,1000,0.9,10,461,79,539,388
phase,1000,0.9,11,506,80,495,359
phase,1000,0.9,12,430,23,570,416
phase,1000,0.9,13,477,29,523,372
phase,1000,0.9,14,466,78,536,404
phase,1000,0.9,15,447,25,553,399
phase,1000,0.9,16,439,27,561,409
phase,1000,0.9,17,420,45,580,425
phase,1000,0.9,18,465,50,535,391
phase,1000,0.9,19,434,77,567,432
phase,1000,0.9,20,476,47,525,382
phase,1000,0.9,21,423,67,577,427
phase,1000,0.9,22,477,44,524,387
phase,1000,0.9,23,432,25,569,424
phase,1000,0.9,24,426,34,574,420
phase,1000,0.9,25,445,24,555,413
phase,1000,0.9,26,439,26,561,411
phase,1000,0.9,27,440,51,561,415
phase,1000,0.9,28,482,78,518,372
phase,1000,0.9,29,419,23,582,429
phase,1000,0.9,30,462,35,538,392
phase,1000,0.9,31,423,32,577,431
phase,1000,0.9,32,451,69,549,402
phase,1000,0.9,33,492,70,508,386
phase,1000,0.9,34,445,62,555,411
phase,1000,0.9,35,448,29,552,415
phase,1000,0.9,36,460,28,541,401
phase,1000,0.9,37,431,36,569,412
phase,1000,0.9,38,475,37,525,390
phase,1000,0.9,39,438,39,563,416
phase,1000,0.9,40,467,41,533,381
phase,1000,0.9,41,431,32,569,428
phase,1000,0.9,42,434,60,567,436
phase,1000,0.9,43,429,24,572,418
phase,1000,0.9,44,466,48,534,386
phase,1000,0.9,45,463,70,538,400
phase,1000,0.9,46,465,40,535,397
phase,1000,0.9,47,434,34,566,418
phase,1000,0.9,48,467,68,534,391
phase,1000,0.9,49,452,36,549,396
phase,1000,0.9,50,446,46,554,414
phase,1000,0.9,51,450,57,550,412
phase,1000,0.9,52,480,88,521,372
phase,1000,0.9,53,457,36,544,408
phase,1000,0.9,54,437,20,563,387
phase,1000,0.9,55,443,44,560,422
phase,1000,0.9,56,449,64,551,421
phase,1000,0.9,57,465,50,537,389
phase,1000,0.9,58,465,139,535,409
phase,1000,0.9,59,420,43,581,445
phase,1000,0.9,60,454,44,546,405
phase,1000,0.9,61,416,28,584,441
phase,1000,0.9,62,443,75,558,413
phase,1000,0.9,63,451,82,549,400
phase,1000,0.9,64,453,50,547,409
phase,1000,0.9,65,407,30,593,444
phase,1000,0.9,66,428,51,572,413
phase,1000,0.9,67,437,66,564,430
phase,1000,0.9,68,466,63,535,404
phase,1000,0.9,69,452,27,549,396
phase,1000,0.9,70,475,62,527,379
phase,1000,0.9,71,473,65,529,370
phase,1000,0.9,72,469,91,531,402
phase,1000,0.9,73,438,32,563,408
phase,1000,0.9,74,442,38,558,416
phase,1000,0.9,75,465,101,535,385
phase,1000,0.9,76,445,33,555,415
phase,1000,0.9,77,422,17,578,408
phase,1000,0.9,78,439,77,561,424
phase,1000,0.9,79,449,48,551,411
phase,1000,0.9,80,466,142,534,384
phase,1000,0.9,81,462,36,539,384
phase,1000,0.9,82,447,49,553,413
phase,1000,0.9,83,478,53,522,385
phase,1000,0.9,84,463,45,537,391
phase,1000,0.9,85,453,40,547,400
phase,1000,0.9,86,422,32,578,433
phase,1000,0.9,87,439,89,561,425
phase,1000,0.9,88,468,110,533,403
phase,1000,0.9,89,470,118,531,397
phase,1000,0.9,90,445,42,556,404
phase,1000,0.9,91,436,52,564,411
phase,1000,0.9,92,432,34,568,429
phase,1000,0.9,93,462,100,539,398
phase,1000,0.9,94,443,48,557,401
phase,1000,0.9,95,488,57,512,372
phase,1000,0.9,96,435,36,565,425
phase,1000,0.9,97,434,38,566,416
phase,1000,0.9,98,463,63,538,396
phase,1000,0.9,99,453,40,548,384
phase,1000,0.9,100,483,84,518,409
phase,1000,0.9,101,453,49,547,408
phase,1000,0.9,102,416,29,584,425
phase,1000,0.9,103,461,30,540,395
phase,1000,0.9,104,471,35,529,389
phase,1000,0.9,105,475,120,525,392
phase,1000,0.9,106,469,120,531,393
phase,1000,0.9,107,438,57,564,429
phase,1000,0.9,108,460,47,541,379
phase,1000,0.9,109,425,27,575,415
phase,1000,0.9,110,437,33,563,399
phase,1000,0.9,111,468,27,532,383
phase,1000,0.9,112,477,84,525,398
phase,1000,0.9,113,421,20,579,428
phase,1000,0.9,114,449,30,552,415
phase,1000,0.9,115,439,48,561,402
phase,1000,0.9,116,428,27,572,421
phase,1000,0.9,117,456,128,546,404
phase,1000,0.9,118,488,46,512,362
phase,1000,0.9,119,479,76,521,376
phase,1000,0.9,120,419,56,581,429
phase,1000,0.9,121,465,60,535,383
phase,1000,0.9,122,410,29,590,449
phase,1000,0.9,123,462,38,538,380
phase,1000,0.9,124,480,77,521,393
phase,1000,0.9,125,496,126,505,399
phase,1000,0.9,126,450,46,551,415
phase,1000,0.9,127,431,101,569,434
phase,1000,0.9,128,462,49,538,392
phase,1000,0.9,129,408,22,592,433
phase,1000,0.9,130,451,87,549,417
phase,1000,0.9,131,450,37,551,397
phase,1000,0.9,132,499,124,501,379
phase,1000,0.9,133,445,45,555,397
phase,1000,0.9,134,452,36,548,405
phase,1000,0.9,135,450,34,552,407
phase,1000,0.9,136,470,78,531,384
phase,1000,0.9,137,438,23,562,426
phase,1000,0.9,138,437,22,563,413
phase,1000,0.9,139,430,73,571,428
phase,1000,0.9,140,426,47,574,425
phase,1000,0.9,141,439,30,561,407
phase,1000,0.9,142,469,42,532,401
phase,1000,0.9,143,437,53,565,406
phase,1000,0.9,144,459,81,541,399
phase,1000,0.9,145,484,80,518,380
phase,1000,0.9,146,453,38,547,401
phase,1000,0.9,147,474,83,526,395
phase,1000,0.9,148,426,38,574,429
phase,1000,0.9,149,474,83,526,390
phase,1000,0.9,150,431,42,569,421
phase,1000,0.9,151,444,22,556,408
phase,1000,0.9,152,470,65,531,377
phase,1000,0.9,153,442,46,559,405
phase,1000,0.9,154,441,40,559,404
phase,1000,0.9,155,490,46,510,347
phase,1000,0.9,156,455,23,546,401
phase,1000,0.9,157,489,52,511,372
phase,1000,0.9,158,412,50,588,451
phase,1000,0.9,159,443,61,557,423
phase,1000,0.9,160,445,69,555,419
phase,1000,0.9,161,461,24,539,376
phase,1000,0.9,162,439,29,561,420
phase,1000,0.9,163,494,49,507,364
phase,1000,0.9,164,426,61,574,415
phase,1000,0.9,165,438,21,562,393
phase,1000,0.9,166,446,23,554,400
phase,1000,0.9,167,478,96,522,392
phase,1000,0.9,168,478,68,523,382
phase,1000,0.9,169,469,53,531,378
phase,1000,0.9,170,452,50,548,399
phase,1000,0.9,171,448,77,552,414
phase,1000,0.9,172,442,20,558,404
phase,1000,0.9,173,412,31,588,430
phase,1000,0.9,174,474,85,526,394
phase,1000,0.9,175,429,19,571,419
phase,1000,0.9,176,486,38,514,363
phase,1000,0.9,177,451,28,549,395
phase,1000,0.9,178,455,68,546,414
phase,1000,0.9,179,448,41,552,400
phase,1000,0.9,180,439,33,564,412
phase,1000,0.9,181,443,56,558,417
phase,1000,0.9,182,449,32,552,408
phase,1000,0.9,183,446,36,555,400
phase,1000,0.9,184,453,41,547,397
phase,1000,0.9,185,462,50,538,402
phase,1000,0.9,186,458,59,542,401
phase,1000,0.9,187,435,23,565,407
phase,1000,0.9,188,450,69,551,416
phase,1000,0.9,189,440,54,561,404
phase,1000,0.9,190,486,52,514,367
phase,1000,0.9,191,464,55,536,395
phase,1000,0.9,192,436,46,564,415
phase,1000,0.9,193,469,30,532,396
phase,1000,0.9,194,439,26,561,413
phase,1000,0.9,195,438,42,563,418
phase,1000,0.9,196,440,27,560,403
phase,1000,0.9,197,478,39,522,403
phase,1000,0.9,198,459,74,541,389
phase,1000,0.9,199,432,52,568,420
phase,1000,1.0,0,527,147,473,341
phase,1000,1.0,1,529,48,471,328
phase,1000,1.0,2,517,103,484,343
phase,1000,1.0,3,491,172,510,380
phase,1000,1.0,4,517,72,485,346
phase,1000,1.0,5,448,35,552,407
phase,1000,1.0,6,509,83,494,355
phase,1000,1.0,7,508,159,492,373
phase,1000,1.0,8,462,33,539,403
phase,1000,1.0,9,521,197,481,366
phase,1000,1.0,10,494,82,508,357
phase,1000,1.0,11,547,163,457,343
phase,1000,1.0,12,486,58,514,380
phase,1000,1.0,13,494,109,507,378
phase,1000,1.0,14,497,56,503,362
phase,1000,1.0,15,518,97,483,348
phase,1000,1.0,16,477,63,524,384
phase,1000,1.0,17,524,203,479,355
phase,1000,1.0,18,518,114,482,342
phase,1000,1.0,19,506,106,494,356
phase,1000,1.0,20,506,88,495,364
phase,1000,1.0,21,486,86,514,367
phase,1000,1.0,22,512,69,489,350
phase,1000,1.0,23,479,95,522,394
phase,1000,1.0,24,498,179,504,388
phase,1000,1.0,25,533,113,468,335
phase,1000,1.0,26,472,91,528,392
phase,1000,1.0,27,485,76,515,376
phase,1000,1.0,28,502,69,498,344
phase,1000,1.0,29,509,111,492,368
phase,1000,1.0,30,473,98,529,402
phase,1000,1.0,31,490,32,511,371
phase,1000,1.0,32,522,172,478,347
phase,1000,1.0,33,492,65,509,381
phase,1000,1.0,34,497,89,503,375
phase,1000,1.0,35,519,142,483,367
phase,1000,1.0,36,482,57,520,381
phase,1000,1.0,37,517,180,486,351
phase,1000,1.0,38,509,67,494,374
phase,1000,1.0,39,512,121,489,373
phase,1000,1.0,40,480,65,520,398
phase,1000,1.0,41,517,92,483,351
phase,1000,1.0,42,480,102,521,400
phase,1000,1.0,43,521,193,482,370
phase,1000,1.0,44,488,32,514,364
phase,1000,1.0,45,507,74,494,362
phase,1000,1.0,46,517,50,485,355
phase,1000,1.0,47,525,160,476,350
phase,1000,1.0,48,484,56,516,400
phase,1000,1.0,49,552,201,450,315
phase,1000,1.0,50,496,119,505,387
phase,1000,1.0,51,534,59,468,352
phase,1000,1.0,52,509,88,492,357
phase,1000,1.0,53,504,23,497,359
phase,1000,1.0,54,494,72,507,369
phase,1000,1.0,55,513,74,488,355
phase,1000,1.0,56,546,82,456,329
phase,1000,1.0,57,495,109,505,370
phase,1000,1.0,58,506,80,495,368
phase,1000,1.0,59,541,196,460,348
phase,1000,1.0,60,502,194,500,386
phase,1000,1.0,61,507,62,493,368
phase,1000,1.0,62,484,73,518,377
phase,1000,1.0,63,533,193,469,345
phase,1000,1.0,64,485,68,516,367
phase,1000,1.0,65,489,48,511,387
phase,1000,1.0,66,490,48,510,365
phase,1000,1.0,67,497,182,505,374
phase,1000,1.0,68,475,124,526,390
phase,1000,1.0,69,498,107,502,369
phase,1000,1.0,70,516,136,484,367
phase,1000,1.0,71,514,110,487,354
phase,1000,1.0,72,496,111,505,380
phase,1000,1.0,73,447,39,553,393
phase,1000,1.0,74,475,37,525,386
phase,1000,1.0,75,536,166,465,346
phase,1000,1.0,76,509,79,491,371
phase,1000,1.0,77,481,81,520,388
phase,1000,1.0,78,502,118,499,359
phase,1000,1.0,79,465,44,535,396
phase,1000,1.0,80,504,106,499,362
phase,1000,1.0,81,510,106,491,359
phase,1000,1.0,82,505,93,496,346
phase,1000,1.0,83,494,56,506,359
phase,1000,1.0,84,510,163,490,358
phase,1000,1.0,85,550,172,451,312
phase,1000,1.0,86,463,45,538,394
phase,1000,1.0,87,499,126,501,358
phase,1000,1.0,88,503,188,498,374
phase,1000,1.0,89,516,81,486,357
phase,1000,1.0,90,478,45,522,394
phase,1000,1.0,91,518,65,482,350
phase,1000,1.0,92,528,249,475,352
phase,1000,1.0,93,514,177,487,358
phase,1000,1.0,94,471,61,530,394
phase,1000,1.0,95,477,55,523,378
phase,1000,1.0,96,450,33,550,397
phase,1000,1.0,97,549,111,452,325
phase,1000,1.0,98,524,63,479,348
phase,1000,1.0,99,520,160,481,357
phase,1000,1.0,100,482,72,518,383
phase,1000,1.0,101,516,87,484,370
phase,1000,1.0,102,535,197,466,335
phase,1000,1.0,103,471,79,529,394
phase,1000,1.0,104,484,84,516,372
phase,1000,1.0,105,472,23,528,375
phase,1000,1.0,106,512,229,490,364
phase,1000,1.0,107,495,67,505,378
phase,1000,1.0,108,482,42,518,384
phase,1000,1.0,109,507,168,494,368
phase,1000,1.0,110,526,209,474,370
phase,1000,1.0,111,473,146,528,392
phase,1000,1.0,112,499,116,502,374
phase,1000,1.0,113,514,41,486,323
phase,1000,1.0,114,512,129,489,349
phase,1000,1.0,115,514,172,489,376
phase,1000,1.0,116,515,113,488,375
phase,1000,1.0,117,477,42,524,376
phase,1000,1.0,118,534,192,467,364
phase,1000,1.0,119,447,36,553,405
phase,1000,1.0,120,505,132,496,373
phase,1000,1.0,121,552,204,448,328
phase,1000,1.0,122,477,54,523,369
phase,1000,1.0,123,494,135,508,390
phase,1000,1.0,124,494,75,507,384
phase,1000,1.0,125,509,60,493,366
phase,1000,1.0,126,472,39,530,387
phase,1000,1.0,127,442,25,558,411
phase,1000,1.0,128,505,63,496,360
phase,1000,1.0,129,510,79,491,366
phase,1000,1.0,130,470,44,530,399
phase,1000,1.0,131,492,178,509,384
phase,1000,1.0,132,519,94,481,349
phase,1000,1.0,133,527,53,475,340
phase,1000,1.0,134,504,141,497,360
phase,1000,1.0,135,521,58,480,345
phase,1000,1.0,136,500,91,501,360
phase,1000,1.0,137,557,203,445,329
phase,1000,1.0,138,519,127,482,367
phase,1000,1.0,139,464,74,536,390
phase,1000,1.0,140,491,52,510,368
phase,1000,1.0,141,462,63,538,409
phase,1000,1.0,142,522,89,478,360
phase,1000,1.0,143,479,74,522,395
phase,1000,1.0,144,495,43,506,352
phase,1000,1.0,145,487,59,513,374
phase,1000,1.0,146,495,87,506,363
phase,1000,1.0,147,520,31,481,342
phase,1000,1.0,148,486,77,514,376
phase,1000,1.0,149,490,58,511,383
phase,1000,1.0,150,485,46,515,373
phase,1000,1.0,151,514,45,486,338
phase,1000,1.0,152,508,77,494,367
phase,1000,1.0,153,480,86,521,374
phase,1000,1.0,154,503,77,497,373
phase,1000,1.0,155,483,71,519,394
phase,1000,1.0,156,498,55,502,367
phase,1000,1.0,157,498,76,503,380
phase,1000,1.0,158,520,129,482,361
phase,1000,1.0,159,530,125,472,337
phase,1000,1.0,160,480,39,520,375
phase,1000,1.0,161,507,84,496,362
phase,1000,1.0,162,496,47,505,362
phase,1000,1.0,163,511,159,489,366
phase,1000,1.0,164,459,51,541,410
phase,1000,1.0,165,518,186,484,370
phase,1000,1.0,166,510,75,490,350
phase,1000,1.0,167,513,64,487,361
phase,1000,1.0,168,466,36,534,396
phase,1000,1.0,169,523,86,479,354
phase,1000,1.0,170,472,81,528,384
phase,1000,1.0,171,465,51,537,388
phase,1000,1.0,172,505,122,497,373
phase,1000,1.0,173,529,115,473,344
phase,1000,1.0,174,514,81,487,352
phase,1000,1.0,175,475,57,525,382
phase,1000,1.0,176,494,94,506,368
phase,1000,1.0,177,487,84,514,381
phase,1000,1.0,178,499,50,501,374
phase,1000,1.0,179,497,84,503,372
phase,1000,1.0,180,510,76,491,363
phase,1000,1.0,181,510,125,493,376
phase,1000,1.0,182,503,49,497,375
phase,1000,1.0,183,478,68,522,380
phase,1000,1.0,184,531,201,472,340
phase,1000,1.0,185,514,80,488,348
phase,1000,1.0,186,487,52,513,363
phase,1000,1.0,187,540,89,460,329
phase,1000,1.0,188,490,95,512,382
phase,1000,1.0,189,501,76,499,376
phase,1000,1.0,190,489,117,511,374
phase,1000,1.0,191,542,200,462,359
phase,1000,1.0,192,514,202,487,362
phase,1000,1.0,193,503,42,498,365
phase,1000,1.0,194,459,42,542,391
phase,1000,1.0,195,492,106,508,378
phase,1000,1.0,196,479,77,522,397
phase,1000,1.0,197,459,78,541,405
phase,1000,1.0,198,465,49,536,396
phase,1000,1.0,199,498,158,504,380
phase,1000,1.1,0,586,273,419,320
phase,1000,1.1,1,571,207,433,332
phase,1000,1.1,2,575,135,426,315
phase,1000,1.1,3,585,237,419,304
phase,1000,1.1,4,636,458,374,292
phase,1000,1.1,5,527,91,473,331
phase,1000,1.1,6,541,99,461,334
phase,1000,1.1,7,529,60,471,338
phase,1000,1.1,8,520,173,480,359
phase,1000,1.1,9,569,152,433,320
phase,1000,1.1,10,584,314,422,314
phase,1000,1.1,11,568,97,432,317
phase,1000,1.1,12,526,99,474,344
phase,1000,1.1,13,567,266,435,322
phase,1000,1.1,14,524,142,477,338
phase,1000,1.1,15,557,160,444,332
phase,1000,1.1,16,505,142,496,366
phase,1000,1.1,17,554,205,446,321
phase,1000,1.1,18,559,309,447,343
phase,1000,1.1,19,490,189,512,385
phase,1000,1.1,20,563,158,440,322
phase,1000,1.1,21,561,155,440,316
phase,1000,1.1,22,566,227,434,325
phase,1000,1.1,23,576,197,426,328
phase,1000,1.1,24,564,226,436,303
phase,1000,1.1,25,529,126,471,338
phase,1000,1.1,26,545,171,457,333
phase,1000,1.1,27,565,272,439,326
phase,1000,1.1,28,582,316,424,311
phase,1000,1.1,29,576,308,430,330
phase,1000,1.1,30,552,152,448,345
phase,1000,1.1,31,547,102,454,327
phase,1000,1.1,32,531,245,474,354
phase,1000,1.1,33,561,145,441,307
phase,1000,1.1,34,511,112,490,355
phase,1000,1.1,35,549,224,451,338
phase,1000,1.1,36,572,271,435,323
phase,1000,1.1,37,599,335,405,299
phase,1000,1.1,38,568,329,438,330
phase,1000,1.1,39,588,174,414,315
phase,1000,1.1,40,535,110,466,324
phase,1000,1.1,41,585,296,420,312
phase,1000,1.1,42,551,195,451,324
phase,1000,1.1,43,526,150,475,363
phase,1000,1.1,44,523,185,478,348
phase,1000,1.1,45,549,211,453,325
phase,1000,1.1,46,536,114,466,342
phase,1000,1.1,47,562,151,440,315
phase,1000,1.1,48,547,134,453,338
phase,1000,1.1,49,537,70,464,325
phase,1000,1.1,50,587,163,414,304
phase,1000,1.1,51,555,86,445,331
phase,1000,1.1,52,500,36,500,360
phase,1000,1.1,53,552,73,448,303
phase,1000,1.1,54,570,70,430,312
phase,1000,1.1,55,532,192,470,338
phase,1000,1.1,56,561,216,442,330
phase,1000,1.1,57,544,96,458,325
phase,1000,1.1,58,578,247,424,301
phase,1000,1.1,59,572,303,429,330
phase,1000,1.1,60,543,245,461,341
phase,1000,1.1,61,546,244,457,338
phase,1000,1.1,62,550,248,453,346
phase,1000,1.1,63,578,247,422,309
phase,1000,1.1,64,544,127,457,311
phase,1000,1.1,65,549,172,455,328
phase,1000,1.1,66,545,240,456,338
phase,1000,1.1,67,547,73,456,330
phase,1000,1.1,68,528,29,472,328
phase,1000,1.1,69,587,242,415,309
phase,1000,1.1,70,567,182,435,336
phase,1000,1.1,71,512,138,490,353
phase,1000,1.1,72,544,169,458,344
phase,1000,1.1,73,508,41,493,355
phase,1000,1.1,74,561,214,441,322
phase,1000,1.1,75,551,124,449,337
phase,1000,1.1,76,566,135,436,313
phase,1000,1.1,77,531,50,470,345
phase,1000,1.1,78,518,157,483,362
phase,1000,1.1,79,548,71,453,320
phase,1000,1.1,80,561,102,439,321
phase,1000,1.1,81,522,137,479,366
phase,1000,1.1,82,547,206,456,335
phase,1000,1.1,83,551,177,450,328
phase,1000,1.1,84,531,125,470,344
phase,1000,1.1,85,546,110,454,330
phase,1000,1.1,86,530,124,470,345
phase,1000,1.1,87,515,84,485,336
phase,1000,1.1,88,558,99,444,318
phase,1000,1.1,89,566,321,445,345
phase,1000,1.1,90,555,83,446,320
phase,1000,1.1,91,542,105,458,344
phase,1000,1.1,92,535,258,468,361
phase,1000,1.1,93,556,175,446,340
phase,1000,1.1,94,554,262,448,331
phase,1000,1.1,95,590,262,416,311
phase,1000,1.1,96,573,157,427,313
phase,1000,1.1,97,551,215,450,328
phase,1000,1.1,98,549,63,451,318
phase,1000,1.1,99,513,60,491,355
phase,1000,1.1,100,547,250,454,346
phase,1000,1.1,101,525,108,475,333
phase,1000,1.1,102,517,145,485,360
phase,1000,1.1,103,584,278,418,325
phase,1000,1.1,104,560,216,443,327
phase,1000,1.1,105,542,156,459,338
phase,1000,1.1,106,535,83,466,337
phase,1000,1.1,107,559,216,444,336
phase,1000,1.1,108,531,175,470,354
phase,1000,1.1,109,533,148,469,334
phase,1000,1.1,110,586,237,416,307
phase,1000,1.1,111,566,235,435,330
phase,1000,1.1,112,557,135,446,339
phase,1000,1.1,113,602,305,402,299
phase,1000,1.1,114,586,322,419,311
phase,1000,1.1,115,546,89,455,343
phase,1000,1.1,116,526,71,474,333
phase,1000,1.1,117,557,45,443,314
phase,1000,1.1,118,573,286,432,335
phase,1000,1.1,119,538,51,462,331
phase,1000,1.1,120,567,187,434,314
phase,1000,1.1,121,537,226,465,334
phase,1000,1.1,122,554,196,448,330
phase,1000,1.1,123,555,224,448,327
phase,1000,1.1,124,544,113,457,326
phase,1000,1.1,125,529,78,472,346
phase,1000,1.1,126,570,159,430,310
phase,1000,1.1,127,531,103,471,337
phase,1000,1.1,128,543,168,461,339
phase,1000,1.1,129,548,152,454,348
phase,1000,1.1,130,578,299,430,322
phase,1000,1.1,131,541,83,462,347
phase,1000,1.1,132,606,271,398,289
phase,1000,1.1,133,504,83,496,356
phase,1000,1.1,134,568,336,438,343
phase,1000,1.1,135,524,138,477,355
phase,1000,1.1,136,576,224,426,317
phase,1000,1.1,137,567,205,435,314
phase,1000,1.1,138,549,168,454,337
phase,1000,1.1,139,537,239,464,341
phase,1000,1.1,140,570,260,432,323
phase,1000,1.1,141,566,84,435,313
phase,1000,1.1,142,528,60,472,346
phase,1000,1.1,143,541,108,459,346
phase,1000,1.1,144,555,253,449,337
phase,1000,1.1,145,562,110,442,328
phase,1000,1.1,146,531,114,470,355
phase,1000,1.1,147,567,220,438,328
phase,1000,1.1,148,534,204,467,353
phase,1000,1.1,149,556,79,446,329
phase,1000,1.1,150,556,75,446,315
phase,1000,1.1,151,555,183,445,315
phase,1000,1.1,152,516,50,484,344
phase,1000,1.1,153,564,101,437,340
phase,1000,1.1,154,566,243,439,321
phase,1000,1.1,155,577,140,424,307
phase,1000,1.1,156,527,64,473,324
phase,1000,1.1,157,558,152,445,343
phase,1000,1.1,158,520,183,483,367
phase,1000,1.1,159,537,124,463,337
phase,1000,1.1,160,568,178,433,315
phase,1000,1.1,161,554,142,447,337
phase,1000,1.1,162,562,211,439,339
phase,1000,1.1,163,542,262,461,336
phase,1000,1.1,164,545,112,455,333
phase,1000,1.1,165,535,62,466,323
phase,1000,1.1,166,585,295,417,319
phase,1000,1.1,167,496,164,505,409
phase,1000,1.1,168,557,92,443,330
phase,1000,1.1,169,548,90,455,348
phase,1000,1.1,170,534,80,467,336
phase,1000,1.1,171,547,102,455,327
phase,1000,1.1,172,563,127,440,323
phase,1000,1.1,173,541,160,462,350
phase,1000,1.1,174,565,170,440,316
phase,1000,1.1,175,498,174,504,382
phase,1000,1.1,176,637,389,377,289
phase,1000,1.1,177,550,225,453,329
phase,1000,1.1,178,558,200,445,341
phase,1000,1.1,179,543,149,460,361
phase,1000,1.1,180,516,48,485,357
phase,1000,1.1,181,569,282,433,322
phase,1000,1.1,182,539,54,462,340
phase,1000,1.1,183,554,122,448,331
phase,1000,1.1,184,530,112,470,337
phase,1000,1.1,185,539,122,463,319
phase,1000,1.1,186,537,153,464,338
phase,1000,1.1,187,560,197,441,307
phase,1000,1.1,188,608,333,399,301
phase,1000,1.1,189,532,83,468,345
phase,1000,1.1,190,576,288,432,327
phase,1000,1.1,191,522,110,478,337
phase,1000,1.1,192,529,91,472,351
phase,1000,1.1,193,608,301,396,299
phase,1000,1.1,194,547,262,455,331
phase,1000,1.1,195,527,88,473,352
phase,1000,1.1,196,542,67,459,332
phase,1000,1.1,197,547,83,454,334
phase,1000,1.1,198,554,284,451,352
phase,1000,1.1,199,564,246,440,327
phase,1000,1.2,0,571,200,433,321
phase,1000,1.2,1,555,68,447,329
phase,1000,1.2,2,607,314,397,292
phase,1000,1.2,3,619,413,384,296
phase,1000,1.2,4,612,418,396,300
phase,1000,1.2,5,584,249,417,292
phase,1000,1.2,6,558,155,443,336
phase,1000,1.2,7,560,224,442,326
phase,1000,1.2,8,574,320,428,321
phase,1000,1.2,9,634,229,370,275
phase,1000,1.2,10,614,388,390,288
phase,1000,1.2,11,626,230,378,273
phase,1000,1.2,12,587,312,418,313
phase,1000,1.2,13,615,347,393,289
phase,1000,1.2,14,642,221,365,263
phase,1000,1.2,15,636,361,374,279
phase,1000,1.2,16,595,193,408,309
phase,1000,1.2,17,567,269,438,322
phase,1000,1.2,18,630,373,377,285
phase,1000,1.2,19,595,354,418,318
phase,1000,1.2,20,599,302,403,310
phase,1000,1.2,21,627,352,374,276
phase,1000,1.2,22,599,339,409,305
phase,1000,1.2,23,597,187,409,294
phase,1000,1.2,24,597,211,409,294
phase,1000,1.2,25,576,223,426,317
phase,1000,1.2,26,593,294,410,296
phase,1000,1.2,27,597,139,404,290
phase,1000,1.2,28,620,350,385,277
phase,1000,1.2,29,643,404,376,280
phase,1000,1.2,30,602,333,407,318
phase,1000,1.2,31,584,191,420,312
phase,1000,1.2,32,601,339,405,309
phase,1000,1.2,33,576,147,427,310
phase,1000,1.2,34,581,222,426,315
phase,1000,1.2,35,602,348,402,296
phase,1000,1.2,36,581,252,425,308
phase,1000,1.2,37,601,370,404,308
phase,1000,1.2,38,605,327,406,318
phase,1000,1.2,39,610,207,396,267
phase,1000,1.2,40,630,335,375,268
phase,1000,1.2,41,642,422,368,269
phase,1000,1.2,42,572,131,431,320
phase,1000,1.2,43,629,377,384,284
phase,1000,1.2,44,618,408,394,293
phase,1000,1.2,45,638,415,365,277
phase,1000,1.2,46,606,391,403,308
phase,1000,1.2,47,559,160,442,326
phase,1000,1.2,48,547,161,455,352
phase,1000,1.2,49,568,123,434,332
phase,1000,1.2,50,570,239,435,309
phase,1000,1.2,51,587,311,417,320
phase,1000,1.2,52,609,240,395,289
phase,1000,1.2,53,627,354,382,285
phase,1000,1.2,54,587,318,419,321
phase,1000,1.2,55,588,111,415,298
phase,1000,1.2,56,597,322,410,301
phase,1000,1.2,57,573,269,428,309
phase,1000,1.2,58,566,102,437,318
phase,1000,1.2,59,596,139,404,283
phase,1000,1.2,60,535,157,465,336
phase,1000,1.2,61,622,461,395,308
phase,1000,1.2,62,603,345,399,293
phase,1000,1.2,63,628,346,374,279
phase,1000,1.2,64,621,324,387,289
phase,1000,1.2,65,594,318,409,302
phase,1000,1.2,66,622,392,391,295
phase,1000,1.2,67,551,318,455,344
phase,1000,1.2,68,572,195,431,318
phase,1000,1.2,69,593,261,414,310
phase,1000,1.2,70,584,221,419,318
phase,1000,1.2,71,568,181,434,310
phase,1000,1.2,72,621,381,387,296
phase,1000,1.2,73,603,239,403,291
phase,1000,1.2,74,544,229,457,336
phase,1000,1.2,75,599,203,404,301
phase,1000,1.2,76,598,333,407,306
phase,1000,1.2,77,582,119,420,307
phase,1000,1.2,78,566,301,438,339
phase,1000,1.2,79,610,292,398,303
phase,1000,1.2,80,628,415,380,285
phase,1000,1.2,81,620,288,386,295
phase,1000,1.2,82,600,312,407,291
phase,1000,1.2,83,568,109,435,314
phase,1000,1.2,84,616,319,388,280
phase,1000,1.2,85,565,186,437,317
phase,1000,1.2,86,609,329,401,305
phase,1000,1.2,87,600,329,403,313
phase,1000,1.2,88,593,306,410,293
phase,1000,1.2,89,596,200,406,298
phase,1000,1.2,90,639,291,366,274
phase,1000,1.2,91,621,443,388,314
phase,1000,1.2,92,587,106,415,305
phase,1000,1.2,93,605,309,398,282
phase,1000,1.2,94,598,380,406,300
phase,1000,1.2,95,616,393,393,290
phase,1000,1.2,96,584,335,422,323
phase,1000,1.2,97,620,401,393,302
phase,1000,1.2,98,617,367,395,303
phase,1000,1.2,99,639,422,370,274
phase,1000,1.2,100,601,362,403,296
phase,1000,1.2,101,571,220,431,309
phase,1000,1.2,102,623,347,378,279
phase,1000,1.2,103,643,375,369,267
phase,1000,1.2,104,630,299,376,260
phase,1000,1.2,105,586,304,415,309
phase,1000,1.2,106,604,309,398,288
phase,1000,1.2,107,634,334,373,272
phase,1000,1.2,108,642,413,371,275
phase,1000,1.2,109,592,368,414,308
phase,1000,1.2,110,586,278,415,309
phase,1000,1.2,111,612,185,392,287
phase,1000,1.2,112,592,286,415,301
phase,1000,1.2,113,575,81,429,298
phase,1000,1.2,114,613,278,397,291
phase,1000,1.2,115,579,313,427,328
phase,1000,1.2,116,606,430,401,318
phase,1000,1.2,117,597,362,405,303
phase,1000,1.2,118,579,302,427,315
phase,1000,1.2,119,618,211,388,272
phase,1000,1.2,120,616,379,395,301
phase,1000,1.2,121,562,281,444,316
phase,1000,1.2,122,572,108,429,296
phase,1000,1.2,123,649,441,361,277
phase,1000,1.2,124,587,338,424,324
phase,1000,1.2,125,607,365,407,308
phase,1000,1.2,126,629,396,382,285
phase,1000,1.2,127,594,293,410,304
phase,1000,1.2,128,571,307,433,337
phase,1000,1.2,129,587,282,415,305
phase,1000,1.2,130,662,446,347,262
phase,1000,1.2,131,592,113,413,315
phase,1000,1.2,132,599,83,403,295
phase,1000,1.2,133,647,461,361,275
phase,1000,1.2,134,612,342,394,301
phase,1000,1.2,135,639,423,384,296
phase,1000,1.2,136,613,316,392,290
phase,1000,1.2,137,619,337,385,279
phase,1000,1.2,138,586,337,417,317
phase,1000,1.2,139,584,323,420,316
phase,1000,1.2,140,629,369,379,285
phase,1000,1.2,141,569,158,434,322
phase,1000,1.2,142,628,345,378,281
phase,1000,1.2,143,600,304,405,298
phase,1000,1.2,144,600,293,401,304
phase,1000,1.2,145,616,292,386,268
phase,1000,1.2,146,623,394,385,293
phase,1000,1.2,147,622,342,383,284
phase,1000,1.2,148,593,312,418,304
phase,1000,1.2,149,594,347,413,302
phase,1000,1.2,150,610,391,393,292
phase,1000,1.2,151,608,239,394,270
phase,1000,1.2,152,608,282,392,282
phase,1000,1.2,153,622,329,384,287
phase,1000,1.2,154,592,283,413,316
phase,1000,1.2,155,611,278,396,287
phase,1000,1.2,156,581,88,421,315
phase,1000,1.2,157,547,105,454,343
phase,1000,1.2,158,590,304,416,305
phase,1000,1.2,159,600,399,402,307
phase,1000,1.2,160,595,287,412,323
phase,1000,1.2,161,595,299,406,313
phase,1000,1.2,162,609,350,399,297
phase,1000,1.2,163,633,315,374,270
phase,1000,1.2,164,566,253,443,332
phase,1000,1.2,165,595,267,412,294
phase,1000,1.2,166,576,209,426,294
phase,1000,1.2,167,581,107,422,300
phase,1000,1.2,168,589,343,414,308
phase,1000,1.2,169,600,389,410,319
phase,1000,1.2,170,619,401,395,303
phase,1000,1.2,171,606,268,398,304
phase,1000,1.2,172,600,170,404,298
phase,1000,1.2,173,567,90,435,322
phase,1000,1.2,174,590,275,414,311
phase,1000,1.2,175,597,214,405,295
phase,1000,1.2,176,648,464,371,293
phase,1000,1.2,177,571,314,434,346
phase,1000,1.2,178,623,370,384,296
phase,1000,1.2,179,593,118,409,300
phase,1000,1.2,180,589,313,411,305
phase,1000,1.2,181,639,410,369,264
phase,1000,1.2,182,580,206,425,309
phase,1000,1.2,183,574,264,429,318
phase,1000,1.2,184,621,278,391,296
phase,1000,1.2,185,627,389,387,294
phase,1000,1.2,186,618,316,388,293
phase,1000,1.2,187,576,330,435,326
phase,1000,1.2,188,644,403,366,272
phase,1000,1.2,189,593,174,410,297
phase,1000,1.2,190,645,370,364,272
phase,1000,1.2,191,585,295,422,300
phase,1000,1.2,192,585,161,417,303
phase,1000,1.2,193,573,259,432,321
phase,1000,1.2,194,628,357,380,277
phase,1000,1.2,195,597,367,410,324
phase,1000,1.2,196,585,366,426,327
phase,1000,1.2,197,609,356,399,301
phase,1000,1.2,198,608,115,393,283
phase,1000,1.2,199,571,226,431,325
phase,1000,1.4,0,716,549,312,237
phase,1000,1.4,1,696,510,321,251
phase,1000,1.4,2,706,481,330,247
phase,1000,1.4,3,752,570,285,217
phase,1000,1.4,4,706,537,325,249
phase,1000,1.4,5,761,626,286,226
phase,1000,1.4,6,745,553,291,218
phase,1000,1.4,7,698,512,320,239
phase,1000,1.4,8,683,493,323,255
phase,1000,1.4,9,718,547,311,247
phase,1000,1.4,10,681,498,343,268
phase,1000,1.4,11,732,559,290,224
phase,1000,1.4,12,719,483,311,240
phase,1000,1.4,13,730,571,302,233
phase,1000,1.4,14,700,516,318,243
phase,1000,1.4,15,691,544,326,261
phase,1000,1.4,16,728,560,301,219
phase,1000,1.4,17,668,433,353,267
phase,1000,1.4,18,711,519,311,234
phase,1000,1.4,19,707,534,314,240
phase,1000,1.4,20,717,542,318,239
phase,1000,1.4,21,683,508,335,256
phase,1000,1.4,22,667,363,346,243
phase,1000,1.4,23,685,418,334,249
phase,1000,1.4,24,691,486,321,240
phase,1000,1.4,25,721,532,307,231
phase,1000,1.4,26,686,516,335,267
phase,1000,1.4,27,681,472,337,255
phase,1000,1.4,28,700,514,321,249
phase,1000,1.4,29,680,510,344,263
phase,1000,1.4,30,695,511,323,245
phase,1000,1.4,31,706,536,320,240
phase,1000,1.4,32,689,509,330,262
phase,1000,1.4,33,750,561,296,217
phase,1000,1.4,34,695,496,323,241
phase,1000,1.4,35,672,336,347,238
phase,1000,1.4,36,699,550,329,254
phase,1000,1.4,37,734,538,297,216
phase,1000,1.4,38,663,534,357,294
phase,1000,1.4,39,698,463,318,238
phase,1000,1.4,40,740,594,291,229
phase,1000,1.4,41,703,500,327,247
phase,1000,1.4,42,721,537,299,221
phase,1000,1.4,43,755,598,281,221
phase,1000,1.4,44,706,525,312,237
phase,1000,1.4,45,638,195,367,270
phase,1000,1.4,46,689,497,329,240
phase,1000,1.4,47,690,438,334,241
phase,1000,1.4,48,731,594,313,262
phase,1000,1.4,49,723,503,294,217
phase,1000,1.4,50,663,406,345,266
phase,1000,1.4,51,677,497,343,270
phase,1000,1.4,52,750,608,286,240
phase,1000,1.4,53,680,487,346,266
phase,1000,1.4,54,716,570,318,256
phase,1000,1.4,55,701,472,310,227
phase,1000,1.4,56,671,487,347,265
phase,1000,1.4,57,679,512,339,261
phase,1000,1.4,58,687,479,341,258
phase,1000,1.4,59,755,604,276,215
phase,1000,1.4,60,698,488,319,253
phase,1000,1.4,61,687,512,331,250
phase,1000,1.4,62,686,484,335,257
phase,1000,1.4,63,679,430,330,252
phase,1000,1.4,64,687,497,341,257
phase,1000,1.4,65,709,545,314,246
phase,1000,1.4,66,676,455,348,252
phase,1000,1.4,67,734,577,299,234
phase,1000,1.4,68,696,488,326,252
phase,1000,1.4,69,696,488,322,249
phase,1000,1.4,70,647,394,370,280
phase,1000,1.4,71,700,453,326,240
phase,1000,1.4,72,690,506,327,247
phase,1000,1.4,73,683,524,335,255
phase,1000,1.4,74,688,516,336,269
phase,1000,1.4,75,721,500,309,219
phase,1000,1.4,76,722,560,308,243
phase,1000,1.4,77,693,524,323,247
phase,1000,1.4,78,739,584,285,214
phase,1000,1.4,79,722,563,304,224
phase,1000,1.4,80,712,553,319,247
phase,1000,1.4,81,692,512,325,243
phase,1000,1.4,82,730,535,310,235
phase,1000,1.4,83,695,476,329,251
phase,1000,1.4,84,652,397,358,271
phase,1000,1.4,85,717,562,308,239
phase,1000,1.4,86,681,511,348,280
phase,1000,1.4,87,666,454,357,274
phase,1000,1.4,88,719,553,291,223
phase,1000,1.4,89,693,480,331,247
phase,1000,1.4,90,706,504,314,236
phase,1000,1.4,91,718,584,308,250
phase,1000,1.4,92,733,575,295,225
phase,1000,1.4,93,638,404,374,286
phase,1000,1.4,94,684,502,337,265
phase,1000,1.4,95,683,502,342,261
phase,1000,1.4,96,713,506,306,225
phase,1000,1.4,97,694,451,333,243
phase,1000,1.4,98,743,607,281,224
phase,1000,1.4,99,693,524,323,248
phase,1000,1.4,100,724,496,296,229
phase,1000,1.4,101,663,396,356,266
phase,1000,1.4,102,713,504,317,247
phase,1000,1.4,103,702,529,316,245
phase,1000,1.4,104,758,574,285,204
phase,1000,1.4,105,673,451,347,255
phase,1000,1.4,106,655,423,361,268
phase,1000,1.4,107,730,566,300,239
phase,1000,1.4,108,731,542,299,223
phase,1000,1.4,109,686,472,338,261
phase,1000,1.4,110,704,533,327,254
phase,1000,1.4,111,704,532,329,261
phase,1000,1.4,112,707,525,317,237
phase,1000,1.4,113,699,519,320,246
phase,1000,1.4,114,681,498,337,271
phase,1000,1.4,115,683,499,345,276
phase,1000,1.4,116,685,502,337,273
phase,1000,1.4,117,678,458,341,258
phase,1000,1.4,118,721,523,303,243
phase,1000,1.4,119,663,404,343,258
phase,1000,1.4,120,682,463,333,241
phase,1000,1.4,121,664,401,352,261
phase,1000,1.4,122,647,373,361,251
phase,1000,1.4,123,688,445,331,247
phase,1000,1.4,124,702,528,328,251
phase,1000,1.4,125,732,562,308,240
phase,1000,1.4,126,611,395,396,295
phase,1000,1.4,127,641,393,366,274
phase,1000,1.4,128,690,479,328,249
phase,1000,1.4,129,684,408,334,242
phase,1000,1.4,130,667,473,345,269
phase,1000,1.4,131,705,532,313,247
phase,1000,1.4,132,686,509,331,257
phase,1000,1.4,133,697,517,327,250
phase,1000,1.4,134,708,499,309,244
phase,1000,1.4,135,652,439,357,266
phase,1000,1.4,136,736,554,300,225
phase,1000,1.4,137,695,473,321,232
phase,1000,1.4,138,681,514,326,247
phase,1000,1.4,139,689,485,325,238
phase,1000,1.4,140,687,537,330,256
phase,1000,1.4,141,678,404,341,264
phase,1000,1.4,142,662,468,352,276
phase,1000,1.4,143,727,560,297,234
phase,1000,1.4,144,699,538,325,264
phase,1000,1.4,145,690,502,326,249
phase,1000,1.4,146,683,498,341,249
phase,1000,1.4,147,690,487,331,252
phase,1000,1.4,148,711,536,317,242
phase,1000,1.4,149,712,497,319,238
phase,1000,1.4,150,695,493,314,248
phase,1000,1.4,151,688,511,334,264
phase,1000,1.4,152,709,497,316,241
phase,1000,1.4,153,716,560,299,217
phase,1000,1.4,154,712,554,313,251
phase,1000,1.4,155,749,556,279,206
phase,1000,1.4,156,663,447,349,263
phase,1000,1.4,157,737,563,310,247
phase,1000,1.4,158,698,527,326,258
phase,1000,1.4,159,706,509,328,258
phase,1000,1.4,160,696,476,323,237
phase,1000,1.4,161,750,585,285,215
phase,1000,1.4,162,673,431,335,247
phase,1000,1.4,163,728,546,310,238
phase,1000,1.4,164,685,497,325,241
phase,1000,1.4,165,685,474,335,243
phase,1000,1.4,166,663,470,351,272
phase,1000,1.4,167,663,426,354,267
phase,1000,1.4,168,686,447,341,253
phase,1000,1.4,169,660,431,353,263
phase,1000,1.4,170,692,513,317,241
phase,1000,1.4,171,748,604,283,220
phase,1000,1.4,172,686,499,338,252
phase,1000,1.4,173,702,502,320,231
phase,1000,1.4,174,732,562,288,221
phase,1000,1.4,175,724,567,306,242
phase,1000,1.4,176,727,536,306,231
phase,1000,1.4,177,725,571,299,231
phase,1000,1.4,178,724,539,306,226
phase,1000,1.4,179,660,400,349,256
phase,1000,1.4,180,738,536,289,216
phase,1000,1.4,181,677,468,334,252
phase,1000,1.4,182,745,562,298,234
phase,1000,1.4,183,683,469,339,239
phase,1000,1.4,184,732,582,303,238
phase,1000,1.4,185,697,481,325,245
phase,1000,1.4,186,643,472,378,291
phase,1000,1.4,187,725,551,305,228
phase,1000,1.4,188,698,467,330,245
phase,1000,1.4,189,682,502,341,263
phase,1000,1.4,190,678,427,334,241
phase,1000,1.4,191,656,450,356,269
phase,1000,1.4,192,686,475,339,244
phase,1000,1.4,193,655,450,354,264
phase,1000,1.4,194,681,464,334,247
phase,1000,1.4,195,691,521,334,260
phase,1000,1.4,196,705,484,315,228
phase,1000,1.4,197,722,492,294,213
phase,1000,1.4,198,726,585,300,237
phase,1000,1.4,199,692,536,330,257
phase,1000,1.6,0,772,612,276,218
phase,1000,1.6,1,794,636,251,203
phase,1000,1.6,2,822,664,234,183
phase,1000,1.6,3,782,631,265,206
phase,1000,1.6,4,791,629,254,202
phase,1000,1.6,5,775,612,274,212
phase,1000,1.6,6,788,609,269,208
phase,1000,1.6,7,779,589,271,210
phase,1000,1.6,8,794,654,258,215
phase,1000,1.6,9,790,627,248,174
phase,1000,1.6,10,780,649,266,214
phase,1000,1.6,11,791,640,266,218
phase,1000,1.6,12,791,646,257,201
phase,1000,1.6,13,805,682,241,189
phase,1000,1.6,14,820,687,241,195
phase,1000,1.6,15,773,627,267,207
phase,1000,1.6,16,825,636,256,206
phase,1000,1.6,17,805,628,251,190
phase,1000,1.6,18,785,606,262,192
phase,1000,1.6,19,756,616,282,222
phase,1000,1.6,20,781,620,271,219
phase,1000,1.6,21,806,667,245,193
phase,1000,1.6,22,793,612,261,201
phase,1000,1.6,23,788,610,275,213
phase,1000,1.6,24,807,622,255,191
phase,1000,1.6,25,796,599,251,187
phase,1000,1.6,26,782,626,272,211
phase,1000,1.6,27,838,667,220,172
phase,1000,1.6,28,769,579,272,203
phase,1000,1.6,29,739,590,296,231
phase,1000,1.6,30,831,679,241,190
phase,1000,1.6,31,788,586,254,193
phase,1000,1.6,32,743,566,295,213
phase,1000,1.6,33,805,640,254,195
phase,1000,1.6,34,816,666,239,183
phase,1000,1.6,35,721,562,312,243
phase,1000,1.6,36,806,662,253,204
phase,1000,1.6,37,796,626,269,216
phase,1000,1.6,38,805,655,256,207
phase,1000,1.6,39,737,585,300,236
phase,1000,1.6,40,800,661,254,193
phase,1000,1.6,41,817,650,243,186
phase,1000,1.6,42,751,616,280,224
phase,1000,1.6,43,814,647,250,201
phase,1000,1.6,44,822,681,235,183
phase,1000,1.6,45,788,650,266,214
phase,1000,1.6,46,810,663,245,191
phase,1000,1.6,47,809,617,242,184
phase,1000,1.6,48,790,626,267,207
phase,1000,1.6,49,813,648,253,197
phase,1000,1.6,50,774,594,265,194
phase,1000,1.6,51,839,678,225,177
phase,1000,1.6,52,793,624,251,192
phase,1000,1.6,53,761,577,290,230
phase,1000,1.6,54,805,633,261,207
phase,1000,1.6,55,808,677,249,200
phase,1000,1.6,56,756,597,294,234
phase,1000,1.6,57,792,676,252,201
phase,1000,1.6,58,813,645,257,203
phase,1000,1.6,59,808,664,251,196
phase,1000,1.6,60,805,635,252,196
phase,1000,1.6,61,834,684,244,202
phase,1000,1.6,62,784,640,280,234
phase,1000,1.6,63,772,618,277,218
phase,1000,1.6,64,790,639,276,227
phase,1000,1.6,65,851,703,208,163
phase,1000,1.6,66,774,603,269,211
phase,1000,1.6,67,795,664,254,207
phase,1000,1.6,68,792,612,264,201
phase,1000,1.6,69,786,655,261,217
phase,1000,1.6,70,812,669,247,199
phase,1000,1.6,71,763,608,279,220
phase,1000,1.6,72,779,636,267,208
phase,1000,1.6,73,810,641,252,205
phase,1000,1.6,74,780,634,265,210
phase,1000,1.6,75,775,628,278,222
phase,1000,1.6,76,817,640,251,195
phase,1000,1.6,77,806,663,242,190
phase,1000,1.6,78,792,666,249,194
phase,1000,1.6,79,788,589,264,203
phase,1000,1.6,80,823,661,256,216
phase,1000,1.6,81,834,685,237,188
phase,1000,1.6,82,852,707,228,189
phase,1000,1.6,83,792,631,267,212
phase,1000,1.6,84,818,650,244,194
phase,1000,1.6,85,779,650,259,211
phase,1000,1.6,86,821,664,231,182
phase,1000,1.6,87,769,614,279,214
phase,1000,1.6,88,799,652,253,197
phase,1000,1.6,89,798,637,245,195
phase,1000,1.6,90,792,603,264,207
phase,1000,1.6,91,785,648,258,210
phase,1000,1.6,92,777,602,266,207
phase,1000,1.6,93,820,671,245,194
phase,1000,1.6,94,779,590,282,216
phase,1000,1.6,95,787,624,265,204
phase,1000,1.6,96,762,570,289,228
phase,1000,1.6,97,774,566,271,208
phase,1000,1.6,98,799,599,253,198
phase,1000,1.6,99,798,679,253,212
phase,1000,1.6,100,829,677,239,183
phase,1000,1.6,101,790,631,266,204
phase,1000,1.6,102,792,629,264,216
phase,1000,1.6,103,797,656,248,200
phase,1000,1.6,104,778,624,259,207
phase,1000,1.6,105,758,580,281,219
phase,1000,1.6,106,854,673,232,180
phase,1000,1.6,107,777,651,259,213
phase,1000,1.6,108,853,728,218,182
phase,1000,1.6,109,783,602,280,215
phase,1000,1.6,110,814,654,254,199
phase,1000,1.6,111,803,619,261,189
phase,1000,1.6,112,837,668,238,194
phase,1000,1.6,113,769,617,277,221
phase,1000,1.6,114,834,669,233,183
phase,1000,1.6,115,784,637,253,198
phase,1000,1.6,116,830,688,242,198
phase,1000,1.6,117,786,632,262,209
phase,1000,1.6,118,770,630,275,218
phase,1000,1.6,119,755,581,280,206
phase,1000,1.6,120,827,670,236,179
phase,1000,1.6,121,790,619,252,195
phase,1000,1.6,122,831,683,236,180
phase,1000,1.6,123,835,673,226,178
phase,1000,1.6,124,807,665,253,203
phase,1000,1.6,125,756,624,286,229
phase,1000,1.6,126,785,670,259,214
phase,1000,1.6,127,812,676,237,187
phase,1000,1.6,128,828,677,245,199
phase,1000,1.6,129,818,645,254,195
phase,1000,1.6,130,776,599,275,207
phase,1000,1.6,131,774,624,272,215
phase,1000,1.6,132,819,676,247,197
phase,1000,1.6,133,805,663,261,209
phase,1000,1.6,134,782,622,262,214
phase,1000,1.6,135,787,646,262,218
phase,1000,1.6,136,839,670,253,208
phase,1000,1.6,137,838,680,239,183
phase,1000,1.6,138,820,675,238,192
phase,1000,1.6,139,759,627,277,224
phase,1000,1.6,140,821,680,249,206
phase,1000,1.6,141,768,618,268,208
phase,1000,1.6,142,754,583,286,224
phase,1000,1.6,143,786,638,266,214
phase,1000,1.6,144,784,602,255,200
phase,1000,1.6,145,807,664,258,214
phase,1000,1.6,146,828,661,243,188
phase,1000,1.6,147,805,613,256,191
phase,1000,1.6,148,803,687,252,207
phase,1000,1.6,149,778,582,265,198
phase,1000,1.6,150,802,624,262,197
phase,1000,1.6,151,827,677,243,194
phase,1000,1.6,152,765,623,279,219
phase,1000,1.6,153,788,625,271,216
phase,1000,1.6,154,827,697,254,220
phase,1000,1.6,155,806,669,242,197
phase,1000,1.6,156,872,720,202,158
phase,1000,1.6,157,760,573,271,205
phase,1000,1.6,158,829,695,239,195
phase,1000,1.6,159,805,626,258,204
phase,1000,1.6,160,791,624,269,214
phase,1000,1.6,161,796,601,262,194
phase,1000,1.6,162,777,607,272,215
phase,1000,1.6,163,806,667,257,211
phase,1000,1.6,164,815,671,240,194
phase,1000,1.6,165,803,626,254,192
phase,1000,1.6,166,785,608,270,219
phase,1000,1.6,167,790,589,272,209
phase,1000,1.6,168,752,566,282,209
phase,1000,1.6,169,742,583,308,252
phase,1000,1.6,170,824,649,248,199
phase,1000,1.6,171,815,661,249,198
phase,1000,1.6,172,826,692,236,190
phase,1000,1.6,173,815,643,240,178
phase,1000,1.6,174,825,677,252,210
phase,1000,1.6,175,844,666,237,192
phase,1000,1.6,176,758,571,285,211
phase,1000,1.6,177,802,648,263,206
phase,1000,1.6,178,800,638,254,199
phase,1000,1.6,179,768,602,284,226
phase,1000,1.6,180,756,586,284,217
phase,1000,1.6,181,817,667,232,181
phase,1000,1.6,182,765,583,265,194
phase,1000,1.6,183,828,674,221,174
phase,1000,1.6,184,814,668,244,198
phase,1000,1.6,185,806,688,247,200
phase,1000,1.6,186,770,582,275,212
phase,1000,1.6,187,738,536,302,238
phase,1000,1.6,188,822,651,244,193
phase,1000,1.6,189,747,578,283,219
phase,1000,1.6,190,808,634,252,197
phase,1000,1.6,191,769,591,285,223
phase,1000,1.6,192,825,692,243,198
phase,1000,1.6,193,793,621,268,211
phase,1000,1.6,194,813,653,249,198
phase,1000,1.6,195,719,559,304,236
phase,1000,1.6,196,839,681,235,183
phase,1000,1.6,197,832,660,245,200
phase,1000,1.6,198,847,677,243,191
phase,1000,1.6,199,796,659,254,200
phase,1000,1.8,0,898,720,194,150
phase,1000,1.8,1,893,728,208,164
phase,1000,1.8,2,918,737,204,171
phase,1000,1.8,3,856,693,224,181
phase,1000,1.8,4,919,745,193,155
phase,1000,1.8,5,908,729,206,172
phase,1000,1.8,6,915,756,189,153
phase,1000,1.8,7,916,738,203,160
phase,1000,1.8,8,888,726,206,164
phase,1000,1.8,9,940,757,202,177
phase,1000,1.8,10,840,670,231,185
phase,1000,1.8,11,867,749,207,176
phase,1000,1.8,12,917,770,184,155
phase,1000,1.8,13,904,732,216,184
phase,1000,1.8,14,875,714,210,168
phase,1000,1.8,15,878,724,217,178
phase,1000,1.8,16,900,747,199,160
phase,1000,1.8,17,908,750,202,167
phase,1000,1.8,18,920,740,206,167
phase,1000,1.8,19,885,732,187,152
phase,1000,1.8,20,914,751,191,166
phase,1000,1.8,21,923,768,186,158
phase,1000,1.8,22,983,811,151,123
phase,1000,1.8,23,870,722,211,172
phase,1000,1.8,24,888,733,206,165
phase,1000,1.8,25,881,714,218,171
phase,1000,1.8,26,907,717,215,177
phase,1000,1.8,27,920,751,199,162
phase,1000,1.8,28,954,750,179,139
phase,1000,1.8,29,893,729,210,171
phase,1000,1.8,30,902,748,202,162
phase,1000,1.8,31,884,737,202,155
phase,1000,1.8,32,904,756,198,164
phase,1000,1.8,33,893,710,202,152
phase,1000,1.8,34,920,766,183,153
phase,1000,1.8,35,917,753,193,155
phase,1000,1.8,36,908,725,191,151
phase,1000,1.8,37,926,763,194,163
phase,1000,1.8,38,902,767,188,154
phase,1000,1.8,39,857,685,223,179
phase,1000,1.8,40,899,708,216,169
phase,1000,1.8,41,898,732,205,170
phase,1000,1.8,42,922,773,174,139
phase,1000,1.8,43,871,725,213,170
phase,1000,1.8,44,900,711,198,154
phase,1000,1.8,45,958,794,163,136
phase,1000,1.8,46,881,700,207,158
phase,1000,1.8,47,860,698,229,181
phase,1000,1.8,48,901,709,210,166
phase,1000,1.8,49,938,767,196,167
phase,1000,1.8,50,868,699,225,179
phase,1000,1.8,51,841,704,232,183
phase,1000,1.8,52,950,766,189,153
phase,1000,1.8,53,913,742,198,149
phase,1000,1.8,54,862,701,227,185
phase,1000,1.8,55,916,758,191,155
phase,1000,1.8,56,889,729,194,148
phase,1000,1.8,57,911,749,192,156
phase,1000,1.8,58,934,723,201,156
phase,1000,1.8,59,876,720,219,179
phase,1000,1.8,60,905,735,209,174
phase,1000,1.8,61,881,751,200,166
phase,1000,1.8,62,899,725,217,177
phase,1000,1.8,63,899,756,191,156
phase,1000,1.8,64,869,691,215,157
phase,1000,1.8,65,864,713,221,176
phase,1000,1.8,66,832,688,240,197
phase,1000,1.8,67,931,724,196,149
phase,1000,1.8,68,937,762,188,155
phase,1000,1.8,69,914,742,190,153
phase,1000,1.8,70,913,744,198,164
phase,1000,1.8,71,892,742,211,182
phase,1000,1.8,72,920,743,210,172
phase,1000,1.8,73,914,730,205,171
phase,1000,1.8,74,915,749,199,158
phase,1000,1.8,75,909,726,205,161
phase,1000,1.8,76,895,752,208,178
phase,1000,1.8,77,884,734,216,184
phase,1000,1.8,78,872,722,214,169
phase,1000,1.8,79,906,745,191,157
phase,1000,1.8,80,897,697,216,171
phase,1000,1.8,81,900,706,205,158
phase,1000,1.8,82,905,739,206,167
phase,1000,1.8,83,869,733,214,180
phase,1000,1.8,84,889,741,191,145
phase,1000,1.8,85,904,748,196,162
phase,1000,1.8,86,882,712,206,161
phase,1000,1.8,87,866,705,228,191
phase,1000,1.8,88,879,734,204,163
phase,1000,1.8,89,936,749,190,158
phase,1000,1.8,90,904,741,190,142
phase,1000,1.8,91,893,716,217,175
phase,1000,1.8,92,856,711,230,183
phase,1000,1.8,93,920,748,198,159
phase,1000,1.8,94,947,749,183,148
phase,1000,1.8,95,908,748,213,184
phase,1000,1.8,96,925,755,185,143
phase,1000,1.8,97,857,671,221,174
phase,1000,1.8,98,970,776,176,139
phase,1000,1.8,99,889,744,188,146
phase,1000,1.8,100,860,697,207,165
phase,1000,1.8,101,911,757,190,154
phase,1000,1.8,102,939,773,178,148
phase,1000,1.8,103,867,712,209,170
phase,1000,1.8,104,889,714,203,159
phase,1000,1.8,105,890,713,217,171
phase,1000,1.8,106,924,748,194,162
phase,1000,1.8,107,908,742,198,158
phase,1000,1.8,108,895,723,215,167
phase,1000,1.8,109,920,757,201,168
phase,1000,1.8,110,867,728,214,184
phase,1000,1.8,111,875,700,235,189
phase,1000,1.8,112,941,754,187,150
phase,1000,1.8,113,905,748,196,160
phase,1000,1.8,114,893,724,210,167
phase,1000,1.8,115,963,778,185,160
phase,1000,1.8,116,902,753,185,148
phase,1000,1.8,117,904,733,206,166
phase,1000,1.8,118,909,715,200,158
phase,1000,1.8,119,897,725,219,181
phase,1000,1.8,120,919,751,192,158
phase,1000,1.8,121,861,709,226,183
phase,1000,1.8,122,919,721,214,174
phase,1000,1.8,123,889,736,206,173
phase,1000,1.8,124,866,693,231,191
phase,1000,1.8,125,854,695,237,195
phase,1000,1.8,126,889,734,198,162
phase,1000,1.8,127,819,661,243,191
phase,1000,1.8,128,916,731,188,148
phase,1000,1.8,129,871,702,221,173
phase,1000,1.8,130,951,766,184,148
phase,1000,1.8,131,893,721,206,165
phase,1000,1.8,132,844,686,240,196
phase,1000,1.8,133,867,707,216,172
phase,1000,1.8,134,898,732,204,160
phase,1000,1.8,135,818,670,234,178
phase,1000,1.8,136,914,729,200,150
phase,1000,1.8,137,928,763,185,146
phase,1000,1.8,138,802,640,258,203
phase,1000,1.8,139,860,723,218,178
phase,1000,1.8,140,858,690,225,179
phase,1000,1.8,141,885,718,213,174
phase,1000,1.8,142,917,748,190,154
phase,1000,1.8,143,830,691,239,199
phase,1000,1.8,144,859,706,211,171
phase,1000,1.8,145,860,697,231,187
phase,1000,1.8,146,843,678,241,190
phase,1000,1.8,147,889,741,212,182
phase,1000,1.8,148,916,732,197,152
phase,1000,1.8,149,933,762,195,161
phase,1000,1.8,150,866,700,236,197
phase,1000,1.8,151,903,746,203,170
phase,1000,1.8,152,908,729,204,161
phase,1000,1.8,153,903,742,192,154
phase,1000,1.8,154,851,707,230,181
phase,1000,1.8,155,857,694,223,171
phase,1000,1.8,156,862,729,206,164
phase,1000,1.8,157,878,739,206,169
phase,1000,1.8,158,888,721,221,183
phase,1000,1.8,159,850,700,226,179
phase,1000,1.8,160,893,737,208,175
phase,1000,1.8,161,891,709,231,195
phase,1000,1.8,162,922,733,194,154
phase,1000,1.8,163,943,766,185,147
phase,1000,1.8,164,953,762,175,142
phase,1000,1.8,165,945,780,176,148
phase,1000,1.8,166,880,746,203,168
phase,1000,1.8,167,876,693,221,179
phase,1000,1.8,168,898,740,210,176
phase,1000,1.8,169,889,726,208,166
phase,1000,1.8,170,944,767,182,153
phase,1000,1.8,171,906,740,206,171
phase,1000,1.8,172,892,747,199,166
phase,1000,1.8,173,950,771,181,149
phase,1000,1.8,174,907,728,216,184
phase,1000,1.8,175,867,686,218,172
phase,1000,1.8,176,931,754,187,150
phase,1000,1.8,177,932,753,182,146
phase,1000,1.8,178,937,785,176,143
phase,1000,1.8,179,837,677,233,191
phase,1000,1.8,180,932,762,176,147
phase,1000,1.8,181,854,691,237,192
phase,1000,1.8,182,866,705,214,175
phase,1000,1.8,183,894,717,213,172
phase,1000,1.8,184,905,752,186,152
phase,1000,1.8,185,883,719,209,168
phase,1000,1.8,186,876,717,206,162
phase,1000,1.8,187,886,723,207,168
phase,1000,1.8,188,861,726,221,193
phase,1000,1.8,189,910,782,196,179
phase,1000,1.8,190,892,733,208,166
phase,1000,1.8,191,925,726,198,160
phase,1000,1.8,192,871,726,212,177
phase,1000,1.8,193,861,686,234,185
phase,1000,1.8,194,887,735,198,160
phase,1000,1.8,195,892,704,210,172
phase,1000,1.8,196,877,700,223,174
phase,1000,1.8,197,914,739,189,142
phase,1000,1.8,198,900,706,204,151
phase,1000,1.8,199,846,673,224,172
phase,1000,2.0,0,1009,789,164,127
phase,1000,2.0,1,943,752,189,152
phase,1000,2.0,2,1006,795,163,137
phase,1000,2.0,3,1038,819,143,120
phase,1000,2.0,4,1015,807,154,127
phase,1000,2.0,5,963,774,177,142
phase,1000,2.0,6,996,824,148,125
phase,1000,2.0,7,1019,787,170,141
phase,1000,2.0,8,1015,789,156,124
phase,1000,2.0,9,979,773,176,143
phase,1000,2.0,10,1013,800,163,136
phase,1000,2.0,11,1009,812,161,137
phase,1000,2.0,12,1017,802,150,123
phase,1000,2.0,13,1004,806,165,141
phase,1000,2.0,14,958,779,167,134
phase,1000,2.0,15,1006,807,159,134
phase,1000,2.0,16,976,804,170,147
phase,1000,2.0,17,985,787,165,138
phase,1000,2.0,18,1009,797,157,130
phase,1000,2.0,19,1020,821,155,136
phase,1000,2.0,20,1018,808,161,134
phase,1000,2.0,21,955,766,185,154
phase,1000,2.0,22,983,778,165,133
phase,1000,2.0,23,1014,811,151,120
phase,1000,2.0,24,1050,805,157,133
phase,1000,2.0,25,948,767,188,152
phase,1000,2.0,26,948,758,194,163
phase,1000,2.0,27,997,799,167,140
phase,1000,2.0,28,962,790,168,137
phase,1000,2.0,29,961,753,190,154
phase,1000,2.0,30,996,801,159,134
phase,1000,2.0,31,1024,792,160,131
phase,1000,2.0,32,1015,805,158,130
phase,1000,2.0,33,977,807,157,130
phase,1000,2.0,34,989,802,154,125
phase,1000,2.0,35,941,740,200,164
phase,1000,2.0,36,1004,820,150,126
phase,1000,2.0,37,996,788,172,147
phase,1000,2.0,38,1023,788,169,143
phase,1000,2.0,39,1022,814,150,129
phase,1000,2.0,40,991,802,161,136
phase,1000,2.0,41,908,755,196,160
phase,1000,2.0,42,990,790,176,147
phase,1000,2.0,43,1003,801,167,142
phase,1000,2.0,44,988,802,158,132
phase,1000,2.0,45,965,774,184,152
phase,1000,2.0,46,1051,845,129,108
phase,1000,2.0,47,923,761,191,160
phase,1000,2.0,48,1033,827,144,121
phase,1000,2.0,49,999,787,164,134
phase,1000,2.0,50,958,776,171,136
phase,1000,2.0,51,989,800,160,135
phase,1000,2.0,52,1039,828,143,121
phase,1000,2.0,53,981,782,166,135
phase,1000,2.0,54,1003,803,156,125
phase,1000,2.0,55,1035,809,156,129
phase,1000,2.0,56,1018,790,161,126
phase,1000,2.0,57,971,804,164,140
phase,1000,2.0,58,992,814,153,129
phase,1000,2.0,59,989,806,156,131
phase,1000,2.0,60,1042,816,148,127
phase,1000,2.0,61,982,804,163,140
phase,1000,2.0,62,977,789,171,138
phase,1000,2.0,63,1011,811,157,134
phase,1000,2.0,64,1031,804,164,139
phase,1000,2.0,65,994,765,167,130
phase,1000,2.0,66,1021,817,159,139
phase,1000,2.0,67,949,754,194,157
phase,1000,2.0,68,1011,810,157,135
phase,1000,2.0,69,1025,816,155,131
phase,1000,2.0,70,1024,797,152,121
phase,1000,2.0,71,1008,813,156,133
phase,1000,2.0,72,1052,812,145,118
phase,1000,2.0,73,998,795,170,147
phase,1000,2.0,74,1021,822,148,124
phase,1000,2.0,75,984,779,182,153
phase,1000,2.0,76,989,812,162,143
phase,1000,2.0,77,975,791,173,146
phase,1000,2.0,78,1062,828,140,111
phase,1000,2.0,79,968,777,177,153
phase,1000,2.0,80,1023,838,144,130
phase,1000,2.0,81,997,781,175,142
phase,1000,2.0,82,1006,808,159,133
phase,1000,2.0,83,1024,817,148,120
phase,1000,2.0,84,992,790,167,134
phase,1000,2.0,85,978,762,173,137
phase,1000,2.0,86,1040,799,164,135
phase,1000,2.0,87,999,791,160,128
phase,1000,2.0,88,1064,828,147,127
phase,1000,2.0,89,995,801,157,129
phase,1000,2.0,90,954,772,181,147
phase,1000,2.0,91,1028,827,152,134
phase,1000,2.0,92,1030,820,150,128
phase,1000,2.0,93,980,806,157,129
phase,1000,2.0,94,980,794,166,141
phase,1000,2.0,95,941,744,179,140
phase,1000,2.0,96,1031,818,150,123
phase,1000,2.0,97,1059,818,146,120
phase,1000,2.0,98,1011,817,154,128
phase,1000,2.0,99,998,789,164,127
phase,1000,2.0,100,956,768,184,150
phase,1000,2.0,101,1001,815,156,132
phase,1000,2.0,102,996,823,153,131
phase,1000,2.0,103,1019,821,142,120
phase,1000,2.0,104,1026,832,150,134
phase,1000,2.0,105,949,755,191,155
phase,1000,2.0,106,1020,815,151,125
phase,1000,2.0,107,979,767,174,144
phase,1000,2.0,108,1026,827,147,128
phase,1000,2.0,109,1036,815,152,127
phase,1000,2.0,110,1013,815,160,139
phase,1000,2.0,111,1069,831,143,119
phase,1000,2.0,112,979,789,175,148
phase,1000,2.0,113,1011,815,156,134
phase,1000,2.0,114,970,784,174,141
phase,1000,2.0,115,1006,799,155,129
phase,1000,2.0,116,1063,837,136,116
phase,1000,2.0,117,970,784,175,145
phase,1000,2.0,118,1052,837,130,104
phase,1000,2.0,119,1032,799,162,131
phase,1000,2.0,120,1051,847,135,120
phase,1000,2.0,121,1011,810,152,126
phase,1000,2.0,122,985,784,177,147
phase,1000,2.0,123,984,803,159,127
phase,1000,2.0,124,1030,823,152,130
phase,1000,2.0,125,1018,815,142,117
phase,1000,2.0,126,1010,808,146,112
phase,1000,2.0,127,1018,809,169,150
phase,1000,2.0,128,946,774,176,143
phase,1000,2.0,129,979,770,194,167
phase,1000,2.0,130,1029,805,151,125
phase,1000,2.0,131,1017,832,140,122
phase,1000,2.0,132,1031,830,147,127
phase,1000,2.0,133,1022,777,178,149
phase,1000,2.0,134,965,798,162,136
phase,1000,2.0,135,982,795,174,145
phase,1000,2.0,136,1017,791,149,116
phase,1000,2.0,137,1005,806,160,137
phase,1000,2.0,138,949,771,181,150
phase,1000,2.0,139,1000,782,169,135
phase,1000,2.0,140,1021,792,152,122
phase,1000,2.0,141,978,792,162,134
phase,1000,2.0,142,1047,811,158,135
phase,1000,2.0,143,1004,781,155,121
phase,1000,2.0,144,1044,815,145,119
phase,1000,2.0,145,1000,829,141,121
phase,1000,2.0,146,1022,829,137,114
phase,1000,2.0,147,1012,775,176,144
phase,1000,2.0,148,972,797,164,136
phase,1000,2.0,149,923,754,190,146
phase,1000,2.0,150,972,794,158,132
phase,1000,2.0,151,986,793,170,142
phase,1000,2.0,152,1062,812,154,127
phase,1000,2.0,153,966,763,194,164
phase,1000,2.0,154,949,741,204,174
phase,1000,2.0,155,976,765,177,146
phase,1000,2.0,156,1008,798,165,141
phase,1000,2.0,157,984,778,162,131
phase,1000,2.0,158,962,774,184,157
phase,1000,2.0,159,1003,799,169,143
phase,1000,2.0,160,1020,797,169,141
phase,1000,2.0,161,1034,783,172,142
phase,1000,2.0,162,1025,825,152,131
phase,1000,2.0,163,996,787,163,135
phase,1000,2.0,164,977,776,165,130
phase,1000,2.0,165,960,784,167,132
phase,1000,2.0,166,985,787,173,145
phase,1000,2.0,167,978,794,167,141
phase,1000,2.0,168,965,762,176,136
phase,1000,2.0,169,998,770,172,133
phase,1000,2.0,170,999,785,168,136
phase,1000,2.0,171,1021,799,158,132
phase,1000,2.0,172,986,782,162,133
phase,1000,2.0,173,1018,807,164,143
phase,1000,2.0,174,1000,802,161,139
phase,1000,2.0,175,1038,835,144,125
phase,1000,2.0,176,1028,812,154,126
phase,1000,2.0,177,1038,812,153,128
phase,1000,2.0,178,1005,820,148,122
phase,1000,2.0,179,1009,786,163,127
phase,1000,2.0,180,989,781,170,138
phase,1000,2.0,181,930,766,191,155
phase,1000,2.0,182,1052,825,130,107
phase,1000,2.0,183,1036,816,155,133
phase,1000,2.0,184,1040,816,157,133
phase,1000,2.0,185,986,781,182,158
phase,1000,2.0,186,990,809,168,148
phase,1000,2.0,187,967,786,169,136
phase,1000,2.0,188,1058,807,157,133
phase,1000,2.0,189,1038,800,154,123
phase,1000,2.0,190,948,786,179,150
phase,1000,2.0,191,1004,812,161,140
phase,1000,2.0,192,1004,809,155,127
phase,1000,2.0,193,1040,824,148,123
phase,1000,2.0,194,1000,814,150,125
phase,1000,2.0,195,937,775,189,163
phase,1000,2.0,196,998,790,177,149
phase,1000,2.0,197,957,711,177,135
phase,1000,2.0,198,1004,815,155,133
phase,1000,2.0,199,987,800,162,137
phase,1000,2.25,0,1108,830,148,130
phase,1000,2.25,1,1167,846,125,102
phase,1000,2.25,2,1100,848,139,126
phase,1000,2.25,3,1159,877,103,88
phase,1000,2.25,4,1132,854,119,101
phase,1000,2.25,5,1153,862,113,93
phase,1000,2.25,6,1103,833,136,111
phase,1000,2.25,7,1128,829,139,116
phase,1000,2.25,8,1113,841,129,107
phase,1000,2.25,9,1056,841,127,103
phase,1000,2.25,10,1118,873,106,88
phase,1000,2.25,11,1181,873,109,92
phase,1000,2.25,12,1062,851,128,114
phase,1000,2.25,13,1142,844,130,113
phase,1000,2.25,14,1178,871,114,101
phase,1000,2.25,15,1118,842,128,102
phase,1000,2.25,16,1134,839,128,108
phase,1000,2.25,17,1165,863,109,88
phase,1000,2.25,18,1117,862,121,106
phase,1000,2.25,19,1113,849,120,100
phase,1000,2.25,20,1133,871,119,107
phase,1000,2.25,21,1119,843,130,106
phase,1000,2.25,22,1121,855,126,108
phase,1000,2.25,23,1105,849,129,109
phase,1000,2.25,24,1116,840,131,108
phase,1000,2.25,25,1133,860,116,96
phase,1000,2.25,26,1107,851,125,109
phase,1000,2.25,27,1048,832,140,123
phase,1000,2.25,28,1148,873,109,93
phase,1000,2.25,29,1145,845,137,122
phase,1000,2.25,30,1125,851,126,110
phase,1000,2.25,31,1132,873,116,104
phase,1000,2.25,32,1186,886,105,97
phase,1000,2.25,33,1067,827,144,122
phase,1000,2.25,34,1145,858,119,102
phase,1000,2.25,35,1139,856,122,105
phase,1000,2.25,36,1102,841,134,115
phase,1000,2.25,37,1112,854,128,113
phase,1000,2.25,38,1098,841,131,110
phase,1000,2.25,39,1042,815,154,130
phase,1000,2.25,40,1087,830,141,117
phase,1000,2.25,41,1170,856,118,99
phase,1000,2.25,42,1057,846,129,109
phase,1000,2.25,43,1136,852,121,99
phase,1000,2.25,44,1095,848,131,120
phase,1000,2.25,45,1106,842,135,117
phase,1000,2.25,46,1084,850,122,104
phase,1000,2.25,47,1093,835,134,108
phase,1000,2.25,48,1151,866,113,93
phase,1000,2.25,49,1107,837,138,123
phase,1000,2.25,50,1115,841,135,118
phase,1000,2.25,51,1164,879,105,96
phase,1000,2.25,52,1151,867,118,102
phase,1000,2.25,53,1082,843,131,111
phase,1000,2.25,54,1081,830,146,129
phase,1000,2.25,55,1214,886,94,78
phase,1000,2.25,56,1146,854,121,101
phase,1000,2.25,57,1180,883,103,90
phase,1000,2.25,58,1135,860,113,94
phase,1000,2.25,59,1120,843,120,99
phase,1000,2.25,60,1147,859,121,105
phase,1000,2.25,61,1091,858,124,107
phase,1000,2.25,62,1068,807,149,119
phase,1000,2.25,63,1120,862,118,98
phase,1000,2.25,64,1148,868,104,89
phase,1000,2.25,65,1117,843,122,100
phase,1000,2.25,66,1152,860,120,103
phase,1000,2.25,67,1109,855,123,107
phase,1000,2.25,68,1109,846,135,121
phase,1000,2.25,69,1130,864,116,98
phase,1000,2.25,70,1132,861,122,108
phase,1000,2.25,71,1147,873,111,97
phase,1000,2.25,72,1063,833,138,115
phase,1000,2.25,73,1066,852,127,112
phase,1000,2.25,74,1140,859,117,97
phase,1000,2.25,75,1128,855,114,95
phase,1000,2.25,76,1198,875,102,85
phase,1000,2.25,77,1113,858,126,111
phase,1000,2.25,78,1142,860,124,110
phase,1000,2.25,79,1084,847,128,110
phase,1000,2.25,80,1065,836,142,121
phase,1000,2.25,81,1110,867,112,95
phase,1000,2.25,82,1092,825,139,117
phase,1000,2.25,83,1138,865,114,98
phase,1000,2.25,84,1141,866,118,104
phase,1000,2.25,85,1099,838,133,114
phase,1000,2.25,86,1161,862,121,108
phase,1000,2.25,87,1127,855,126,108
phase,1000,2.25,88,1144,853,120,101
phase,1000,2.25,89,1131,840,130,104
phase,1000,2.25,90,1110,839,134,111
phase,1000,2.25,91,1138,877,109,96
phase,1000,2.25,92,1094,851,126,106
phase,1000,2.25,93,1088,851,126,104
phase,1000,2.25,94,1126,860,115,100
phase,1000,2.25,95,1088,844,128,109
phase,1000,2.25,96,1109,837,135,112
phase,1000,2.25,97,1146,845,138,122
phase,1000,2.25,98,1112,839,131,109
phase,1000,2.25,99,1060,804,156,134
phase,1000,2.25,100,1139,858,124,109
phase,1000,2.25,101,1098,860,128,118
phase,1000,2.25,102,1147,865,121,109
phase,1000,2.25,103,1102,845,129,108
phase,1000,2.25,104,1115,877,110,98
phase,1000,2.25,105,1125,864,117,104
phase,1000,2.25,106,1106,847,126,106
phase,1000,2.25,107,1136,841,124,99
phase,1000,2.25,108,1181,863,119,101
phase,1000,2.25,109,1151,868,114,96
phase,1000,2.25,110,1180,882,100,85
phase,1000,2.25,111,1110,866,121,110
phase,1000,2.25,112,1125,842,137,118
phase,1000,2.25,113,1126,850,129,114
phase,1000,2.25,114,1153,857,121,102
phase,1000,2.25,115,1109,845,122,96
phase,1000,2.25,116,1109,865,113,99
phase,1000,2.25,117,1133,846,136,120
phase,1000,2.25,118,1119,848,118,97
phase,1000,2.25,119,1144,866,119,105
phase,1000,2.25,120,1119,835,130,104
phase,1000,2.25,121,1131,854,119,101
phase,1000,2.25,122,1140,858,116,99
phase,1000,2.25,123,1126,847,133,116
phase,1000,2.25,124,1087,851,128,113
phase,1000,2.25,125,1123,851,123,103
phase,1000,2.25,126,1144,853,125,108
phase,1000,2.25,127,1121,853,120,99
phase,1000,2.25,128,1175,878,107,92
phase,1000,2.25,129,1095,837,122,98
phase,1000,2.25,130,1157,868,110,97
phase,1000,2.25,131,1193,867,113,97
phase,1000,2.25,132,1121,850,127,110
phase,1000,2.25,133,1052,829,142,119
phase,1000,2.25,134,1106,831,137,114
phase,1000,2.25,135,1120,851,123,103
phase,1000,2.25,136,1152,867,114,97
phase,1000,2.25,137,1114,829,139,119
phase,1000,2.25,138,1169,885,97,82
phase,1000,2.25,139,1120,868,119,111
phase,1000,2.25,140,1149,840,128,104
phase,1000,2.25,141,1116,846,127,107
phase,1000,2.25,142,1080,832,140,120
phase,1000,2.25,143,1107,837,142,127
phase,1000,2.25,144,1157,872,113,100
phase,1000,2.25,145,1082,842,134,116
phase,1000,2.25,146,1112,838,134,114
phase,1000,2.25,147,1109,860,117,99
phase,1000,2.25,148,1176,880,109,98
phase,1000,2.25,149,1078,806,145,121
phase,1000,2.25,150,1080,861,115,96
phase,1000,2.25,151,1102,838,124,102
phase,1000,2.25,152,1075,822,144,120
phase,1000,2.25,153,1139,856,126,110
phase,1000,2.25,154,1136,845,123,104
phase,1000,2.25,155,1084,836,144,131
phase,1000,2.25,156,1157,860,110,92
phase,1000,2.25,157,1062,836,141,123
phase,1000,2.25,158,1119,858,120,100
phase,1000,2.25,159,1089,837,128,108
phase,1000,2.25,160,1173,870,111,96
phase,1000,2.25,161,1139,860,123,109
phase,1000,2.25,162,1125,851,127,109
phase,1000,2.25,163,1106,867,121,108
phase,1000,2.25,164,1133,845,135,122
phase,1000,2.25,165,1049,830,150,133
phase,1000,2.25,166,1132,857,121,104
phase,1000,2.25,167,1090,844,134,116
phase,1000,2.25,168,1158,871,107,89
phase,1000,2.25,169,1146,853,115,93
phase,1000,2.25,170,1169,864,117,105
phase,1000,2.25,171,1131,860,126,113
phase,1000,2.25,172,1154,876,108,93
phase,1000,2.25,173,1124,850,130,112
phase,1000,2.25,174,1188,876,110,97
phase,1000,2.25,175,1123,847,128,110
phase,1000,2.25,176,1144,855,125,105
phase,1000,2.25,177,1092,845,124,98
phase,1000,2.25,178,1175,867,109,98
phase,1000,2.25,179,1085,825,143,117
phase,1000,2.25,180,1048,821,140,114
phase,1000,2.25,181,1133,872,113,103
phase,1000,2.25,182,1135,848,131,112
phase,1000,2.25,183,1161,856,120,101
phase,1000,2.25,184,1081,826,138,121
phase,1000,2.25,185,1163,862,119,103
phase,1000,2.25,186,1077,833,132,115
phase,1000,2.25,187,1119,871,111,97
phase,1000,2.25,188,1158,864,124,112
phase,1000,2.25,189,1096,831,145,124
phase,1000,2.25,190,1111,864,128,122
phase,1000,2.25,191,1094,845,132,109
phase,1000,2.25,192,1111,824,136,110
phase,1000,2.25,193,1140,867,111,91
phase,1000,2.25,194,1102,846,137,120
phase,1000,2.25,195,1113,848,135,119
phase,1000,2.25,196,1140,857,113,91
phase,1000,2.25,197,1103,851,116,93
phase,1000,2.25,198,1120,868,117,103
phase,1000,2.25,199,1186,878,110,98
phase,1000,2.5,0,1258,905,93,89
phase,1000,2.5,1,1261,903,85,74
phase,1000,2.5,2,1193,865,112,93
phase,1000,2.5,3,1203,883,105,92
phase,1000,2.5,4,1196,873,108,93
phase,1000,2.5,5,1226,898,87,74
phase,1000,2.5,6,1291,903,81,66
phase,1000,2.5,7,1230,882,104,90
phase,1000,2.5,8,1290,892,90,73
phase,1000,2.5,9,1230,870,109,90
phase,1000,2.5,10,1207,888,104,97
phase,1000,2.5,11,1278,892,91,76
phase,1000,2.5,12,1253,903,87,77
phase,1000,2.5,13,1241,890,98,90
phase,1000,2.5,14,1269,902,89,81
phase,1000,2.5,15,1223,892,99,88
phase,1000,2.5,16,1274,923,67,60
phase,1000,2.5,17,1262,884,102,88
phase,1000,2.5,18,1292,908,81,69
phase,1000,2.5,19,1281,911,81,74
phase,1000,2.5,20,1238,897,91,83
phase,1000,2.5,21,1257,897,89,77
phase,1000,2.5,22,1210,886,103,93
phase,1000,2.5,23,1197,878,102,87
phase,1000,2.5,24,1269,912,77,67
phase,1000,2.5,25,1301,901,91,83
phase,1000,2.5,26,1274,894,94,83
phase,1000,2.5,27,1239,881,105,91
phase,1000,2.5,28,1249,876,106,94
phase,1000,2.5,29,1247,891,91,79
phase,1000,2.5,30,1208,873,107,91
phase,1000,2.5,31,1235,885,103,91
phase,1000,2.5,32,1273,902,87,79
phase,1000,2.5,33,1232,898,87,79
phase,1000,2.5,34,1278,890,98,85
phase,1000,2.5,35,1185,887,100,88
phase,1000,2.5,36,1201,856,116,98
phase,1000,2.5,37,1291,906,88,80
phase,1000,2.5,38,1258,889,105,99
phase,1000,2.5,39,1236,888,102,92
phase,1000,2.5,40,1196,893,92,79
phase,1000,2.5,41,1199,862,116,99
phase,1000,2.5,42,1220,895,99,92
phase,1000,2.5,43,1205,888,100,90
phase,1000,2.5,44,1242,891,100,91
phase,1000,2.5,45,1208,879,103,90
phase,1000,2.5,46,1206,888,90,70
phase,1000,2.5,47,1267,901,93,86
phase,1000,2.5,48,1262,890,97,84
phase,1000,2.5,49,1248,898,94,84
phase,1000,2.5,50,1292,915,73,60
phase,1000,2.5,51,1270,906,85,74
phase,1000,2.5,52,1250,880,109,98
phase,1000,2.5,53,1234,896,95,85
phase,1000,2.5,54,1264,903,82,71
phase,1000,2.5,55,1306,920,70,61
phase,1000,2.5,56,1287,896,90,77
phase,1000,2.5,57,1238,901,91,83
phase,1000,2.5,58,1277,899,97,91
phase,1000,2.5,59,1240,885,95,79
phase,1000,2.5,60,1280,901,88,79
phase,1000,2.5,61,1308,898,83,70
phase,1000,2.5,62,1251,918,77,71
phase,1000,2.5,63,1184,880,112,103
phase,1000,2.5,64,1259,877,103,89
phase,1000,2.5,65,1262,889,93,77
phase,1000,2.5,66,1261,882,98,83
phase,1000,2.5,67,1310,916,76,68
phase,1000,2.5,68,1152,866,118,103
phase,1000,2.5,69,1285,915,76,67
phase,1000,2.5,70,1241,892,92,78
phase,1000,2.5,71,1307,912,77,69
phase,1000,2.5,72,1292,893,91,80
phase,1000,2.5,73,1252,882,102,89
phase,1000,2.5,74,1151,862,127,115
phase,1000,2.5,75,1328,913,76,65
phase,1000,2.5,76,1221,885,103,90
phase,1000,2.5,77,1280,905,83,70
phase,1000,2.5,78,1255,894,97,88
phase,1000,2.5,79,1240,893,93,79
phase,1000,2.5,80,1245,890,94,83
phase,1000,2.5,81,1248,901,92,83
phase,1000,2.5,82,1233,878,104,92
phase,1000,2.5,83,1267,899,93,85
phase,1000,2.5,84,1230,896,92,81
phase,1000,2.5,85,1239,894,93,83
phase,1000,2.5,86,1282,904,88,79
phase,1000,2.5,87,1240,886,108,101
phase,1000,2.5,88,1200,882,103,90
phase,1000,2.5,89,1269,902,85,74
phase,1000,2.5,90,1288,907,83,72
phase,1000,2.5,91,1266,899,92,82
phase,1000,2.5,92,1272,908,86,79
phase,1000,2.5,93,1227,881,105,94
phase,1000,2.5,94,1316,912,83,77
phase,1000,2.5,95,1253,912,76,64
phase,1000,2.5,96,1208,888,93,80
phase,1000,2.5,97,1242,885,102,88
phase,1000,2.5,98,1265,898,94,85
phase,1000,2.5,99,1253,893,89,76
phase,1000,2.5,100,1273,911,84,77
phase,1000,2.5,101,1224,885,99,87
phase,1000,2.5,102,1238,891,100,90
phase,1000,2.5,103,1281,910,83,75
phase,1000,2.5,104,1216,898,91,80
phase,1000,2.5,105,1202,879,109,96
phase,1000,2.5,106,1236,885,96,81
phase,1000,2.5,107,1235,886,88,67
phase,1000,2.5,108,1220,899,94,86
phase,1000,2.5,109,1265,887,98,83
phase,1000,2.5,110,1229,898,90,79
phase,1000,2.5,111,1212,874,107,90
phase,1000,2.5,112,1255,905,88,83
phase,1000,2.5,113,1277,893,96,86
phase,1000,2.5,114,1241,891,100,91
phase,1000,2.5,115,1243,898,93,83
phase,1000,2.5,116,1252,897,87,78
phase,1000,2.5,117,1240,900,80,66
phase,1000,2.5,118,1270,899,86,75
phase,1000,2.5,119,1218,882,94,75
phase,1000,2.5,120,1257,894,92,80
phase,1000,2.5,121,1254,893,94,83
phase,1000,2.5,122,1283,902,92,85
phase,1000,2.5,123,1235,893,97,87
phase,1000,2.5,124,1223,904,85,76
phase,1000,2.5,125,1238,884,100,87
phase,1000,2.5,126,1193,873,107,93
phase,1000,2.5,127,1219,886,98,85
phase,1000,2.5,128,1137,849,125,103
phase,1000,2.5,129,1272,902,91,82
phase,1000,2.5,130,1289,914,79,71
phase,1000,2.5,131,1289,924,62,50
phase,1000,2.5,132,1247,893,98,89
phase,1000,2.5,133,1262,887,96,81
phase,1000,2.5,134,1213,863,120,106
phase,1000,2.5,135,1284,901,85,73
phase,1000,2.5,136,1233,882,95,77
phase,1000,2.5,137,1242,878,101,82
phase,1000,2.5,138,1250,878,109,98
phase,1000,2.5,139,1199,869,114,99
phase,1000,2.5,140,1251,904,89,81
phase,1000,2.5,141,1279,910,80,72
phase,1000,2.5,142,1245,896,99,93
phase,1000,2.5,143,1290,909,80,71
phase,1000,2.5,144,1227,894,93,79
phase,1000,2.5,145,1261,884,103,92
phase,1000,2.5,146,1298,916,78,71
phase,1000,2.5,147,1216,896,94,85
phase,1000,2.5,148,1196,887,104,93
phase,1000,2.5,149,1247,880,103,90
phase,1000,2.5,150,1250,874,103,82
phase,1000,2.5,151,1246,884,107,98
phase,1000,2.5,152,1210,896,87,76
phase,1000,2.5,153,1241,889,106,99
phase,1000,2.5,154,1212,866,114,97
phase,1000,2.5,155,1260,893,91,77
phase,1000,2.5,156,1258,888,94,80
phase,1000,2.5,157,1216,874,106,91
phase,1000,2.5,158,1293,915,75,65
phase,1000,2.5,159,1279,889,92,78
phase,1000,2.5,160,1221,886,96,84
phase,1000,2.5,161,1271,910,83,76
phase,1000,2.5,162,1131,844,135,117
phase,1000,2.5,163,1301,918,75,68
phase,1000,2.5,164,1278,904,86,76
phase,1000,2.5,165,1266,907,83,72
phase,1000,2.5,166,1301,899,89,76
phase,1000,2.5,167,1208,880,111,101
phase,1000,2.5,168,1181,873,114,102
phase,1000,2.5,169,1245,904,87,78
phase,1000,2.5,170,1299,917,72,61
phase,1000,2.5,171,1243,873,105,90
phase,1000,2.5,172,1276,905,88,79
phase,1000,2.5,173,1273,908,83,73
phase,1000,2.5,174,1258,887,103,94
phase,1000,2.5,175,1224,899,87,73
phase,1000,2.5,176,1207,861,116,98
phase,1000,2.5,177,1215,897,88,74
phase,1000,2.5,178,1226,906,85,76
phase,1000,2.5,179,1246,907,84,74
phase,1000,2.5,180,1291,924,72,67
phase,1000,2.5,181,1264,903,92,86
phase,1000,2.5,182,1231,871,102,83
phase,1000,2.5,183,1268,903,85,75
phase,1000,2.5,184,1281,916,82,78
phase,1000,2.5,185,1210,881,99,82
phase,1000,2.5,186,1212,892,89,73
phase,1000,2.5,187,1318,907,84,74
phase,1000,2.5,188,1245,873,101,85
phase,1000,2.5,189,1191,873,98,76
phase,1000,2.5,190,1295,896,87,75
phase,1000,2.5,191,1250,892,96,85
phase,1000,2.5,192,1227,864,117,103
phase,1000,2.5,193,1268,892,95,85
phase,1000,2.5,194,1221,889,100,89
phase,1000,2.5,195,1312,891,102,93
phase,1000,2.5,196,1302,904,82,67
phase,1000,2.5,197,1297,909,86,80
phase,1000,2.5,198,1254,872,110,95
phase,1000,2.5,199,1195,849,124,105
phase,1000,2.75,0,1323,918,77,70
phase,1000,2.75,1,1309,914,74,65
phase,1000,2.75,2,1338,903,88,78
phase,1000,2.75,3,1417,922,67,57
phase,1000,2.75,4,1428,933,65,61
phase,1000,2.75,5,1322,911,81,72
phase,1000,2.75,6,1417,936,59,52
phase,1000,2.75,7,1368,907,82,72
phase,1000,2.75,8,1393,928,61,53
phase,1000,2.75,9,1391,918,71,61
phase,1000,2.75,10,1319,909,86,80
phase,1000,2.75,11,1373,925,65,56
phase,1000,2.75,12,1348,907,85,76
phase,1000,2.75,13,1345,916,79,73
phase,1000,2.75,14,1409,921,67,58
phase,1000,2.75,15,1439,924,68,62
phase,1000,2.75,16,1337,920,72,66
phase,1000,2.75,17,1396,915,75,66
phase,1000,2.75,18,1345,935,59,51
phase,1000,2.75,19,1453,939,52,46
phase,1000,2.75,20,1386,919,77,72
phase,1000,2.75,21,1334,921,73,67
phase,1000,2.75,22,1339,911,75,63
phase,1000,2.75,23,1345,907,85,78
phase,1000,2.75,24,1362,905,84,73
phase,1000,2.75,25,1352,913,81,74
phase,1000,2.75,26,1377,930,66,61
phase,1000,2.75,27,1419,929,64,56
phase,1000,2.75,28,1377,916,76,69
phase,1000,2.75,29,1353,913,79,70
phase,1000,2.75,30,1322,908,83,73
phase,1000,2.75,31,1389,925,72,67
phase,1000,2.75,32,1355,934,63,58
phase,1000,2.75,33,1395,919,76,70
phase,1000,2.75,34,1360,930,67,62
phase,1000,2.75,35,1353,933,65,61
phase,1000,2.75,36,1406,928,63,55
phase,1000,2.75,37,1414,920,70,63
phase,1000,2.75,38,1376,925,69,64
phase,1000,2.75,39,1363,931,68,65
phase,1000,2.75,40,1427,919,74,67
phase,1000,2.75,41,1364,904,82,70
phase,1000,2.75,42,1444,931,64,58
phase,1000,2.75,43,1412,943,55,51
phase,1000,2.75,44,1371,925,68,62
phase,1000,2.75,45,1388,929,70,67
phase,1000,2.75,46,1363,919,76,71
phase,1000,2.75,47,1373,924,73,68
phase,1000,2.75,48,1380,919,69,57
phase,1000,2.75,49,1359,936,63,60
phase,1000,2.75,50,1424,941,49,39
phase,1000,2.75,51,1375,922,70,62
phase,1000,2.75,52,1380,936,56,49
phase,1000,2.75,53,1383,914,77,67
phase,1000,2.75,54,1400,942,55,51
phase,1000,2.75,55,1399,930,62,54
phase,1000,2.75,56,1419,923,67,57
phase,1000,2.75,57,1417,921,69,60
phase,1000,2.75,58,1406,930,63,55
phase,1000,2.75,59,1372,912,80,72
phase,1000,2.75,60,1358,925,72,68
phase,1000,2.75,61,1397,929,66,59
phase,1000,2.75,62,1310,909,80,72
phase,1000,2.75,63,1454,947,50,46
phase,1000,2.75,64,1328,907,87,80
phase,1000,2.75,65,1425,907,85,77
phase,1000,2.75,66,1435,941,55,50
phase,1000,2.75,67,1410,926,69,64
phase,1000,2.75,68,1361,924,71,65
phase,1000,2.75,69,1357,924,69,60
phase,1000,2.75,70,1407,929,64,56
phase,1000,2.75,71,1418,925,69,62
phase,1000,2.75,72,1381,918,76,69
phase,1000,2.75,73,1395,919,76,70
phase,1000,2.75,74,1377,924,74,70
phase,1000,2.75,75,1355,926,66,57
phase,1000,2.75,76,1423,923,74,70
phase,1000,2.75,77,1375,935,57,49
phase,1000,2.75,78,1441,935,65,63
phase,1000,2.75,79,1364,917,69,59
phase,1000,2.75,80,1371,917,76,70
phase,1000,2.75,81,1334,896,88,72
phase,1000,2.75,82,1355,920,78,74
phase,1000,2.75,83,1374,921,76,71
phase,1000,2.75,84,1345,908,85,77
phase,1000,2.75,85,1372,920,67,54
phase,1000,2.75,86,1360,910,81,73
phase,1000,2.75,87,1389,936,59,54
phase,1000,2.75,88,1321,892,85,71
phase,1000,2.75,89,1361,918,73,63
phase,1000,2.75,90,1324,911,71,58
phase,1000,2.75,91,1321,920,71,63
phase,1000,2.75,92,1338,911,83,77
phase,1000,2.75,93,1399,919,75,67
phase,1000,2.75,94,1376,913,77,69
phase,1000,2.75,95,1393,935,55,46
phase,1000,2.75,96,1360,913,75,63
phase,1000,2.75,97,1335,923,67,60
phase,1000,2.75,98,1392,925,68,59
phase,1000,2.75,99,1378,925,73,69
phase,1000,2.75,100,1374,910,81,70
phase,1000,2.75,101,1347,906,85,79
phase,1000,2.75,102,1371,919,77,71
phase,1000,2.75,103,1366,923,71,63
phase,1000,2.75,104,1364,936,61,57
phase,1000,2.75,105,1311,905,88,79
phase,1000,2.75,106,1342,920,73,65
phase,1000,2.75,107,1372,913,77,68
phase,1000,2.75,108,1388,936,62,58
phase,1000,2.75,109,1288,900,83,66
phase,1000,2.75,110,1336,912,79,68
phase,1000,2.75,111,1365,927,69,64
phase,1000,2.75,112,1310,908,77,65
phase,1000,2.75,113,1456,920,70,60
phase,1000,2.75,114,1337,910,79,69
phase,1000,2.75,115,1378,928,63,54
phase,1000,2.75,116,1413,938,61,58
phase,1000,2.75,117,1414,930,65,59
phase,1000,2.75,118,1422,924,65,53
phase,1000,2.75,119,1399,922,70,60
phase,1000,2.75,120,1374,922,72,66
phase,1000,2.75,121,1425,932,60,51
phase,1000,2.75,122,1345,891,90,74
phase,1000,2.75,123,1318,891,97,84
phase,1000,2.75,124,1376,919,74,66
phase,1000,2.75,125,1340,919,75,69
phase,1000,2.75,126,1349,925,65,54
phase,1000,2.75,127,1355,930,64,57
phase,1000,2.75,128,1433,929,65,59
phase,1000,2.75,129,1421,919,71,62
phase,1000,2.75,130,1395,922,65,53
phase,1000,2.75,131,1351,920,74,66
phase,1000,2.75,132,1338,905,83,75
phase,1000,2.75,133,1359,917,70,58
phase,1000,2.75,134,1368,907,78,68
phase,1000,2.75,135,1358,915,79,73
phase,1000,2.75,136,1415,931,62,53
phase,1000,2.75,137,1326,911,83,76
phase,1000,2.75,138,1454,945,52,47
phase,1000,2.75,139,1318,902,86,74
phase,1000,2.75,140,1440,922,68,60
phase,1000,2.75,141,1327,913,77,67
phase,1000,2.75,142,1409,925,66,57
phase,1000,2.75,143,1401,930,65,59
phase,1000,2.75,144,1365,928,63,56
phase,1000,2.75,145,1390,922,69,60
phase,1000,2.75,146,1408,929,63,55
phase,1000,2.75,147,1378,930,67,62
phase,1000,2.75,148,1410,926,66,59
phase,1000,2.75,149,1352,917,79,73
phase,1000,2.75,150,1383,914,75,66
phase,1000,2.75,151,1392,927,68,61
phase,1000,2.75,152,1350,926,68,62
phase,1000,2.75,153,1357,926,64,55
phase,1000,2.75,154,1323,927,67,59
phase,1000,2.75,155,1397,929,67,61
phase,1000,2.75,156,1383,932,65,60
phase,1000,2.75,157,1401,924,68,60
phase,1000,2.75,158,1403,934,63,58
phase,1000,2.75,159,1348,921,71,61
phase,1000,2.75,160,1413,922,68,58
phase,1000,2.75,161,1432,936,62,58
phase,1000,2.75,162,1376,924,67,58
phase,1000,2.75,163,1381,906,81,70
phase,1000,2.75,164,1388,923,70,61
phase,1000,2.75,165,1441,927,66,59
phase,1000,2.75,166,1368,917,72,62
phase,1000,2.75,167,1331,926,65,57
phase,1000,2.75,168,1401,913,81,73
phase,1000,2.75,169,1340,916,75,67
phase,1000,2.75,170,1421,941,57,53
phase,1000,2.75,171,1417,945,52,47
phase,1000,2.75,172,1329,909,82,71
phase,1000,2.75,173,1401,925,68,62
phase,1000,2.75,174,1402,922,72,64
phase,1000,2.75,175,1401,913,69,57
phase,1000,2.75,176,1366,931,69,67
phase,1000,2.75,177,1331,900,80,67
phase,1000,2.75,178,1323,916,79,73
phase,1000,2.75,179,1348,916,71,59
phase,1000,2.75,180,1398,933,61,53
phase,1000,2.75,181,1409,917,72,63
phase,1000,2.75,182,1411,938,52,44
phase,1000,2.75,183,1333,912,79,69
phase,1000,2.75,184,1340,911,80,71
phase,1000,2.75,185,1432,938,57,51
phase,1000,2.75,186,1417,921,69,59
phase,1000,2.75,187,1283,891,95,83
phase,1000,2.75,188,1381,914,79,70
phase,1000,2.75,189,1341,921,75,70
phase,1000,2.75,190,1383,921,73,65
phase,1000,2.75,191,1358,921,75,69
phase,1000,2.75,192,1360,922,63,48
phase,1000,2.75,193,1357,916,70,57
phase,1000,2.75,194,1351,902,84,70
phase,1000,2.75,195,1419,923,68,59
phase,1000,2.75,196,1396,918,70,60
phase,1000,2.75,197,1361,919,77,71
phase,1000,2.75,198,1382,924,67,58
phase,1000,2.75,199,1360,914,80,73
phase,1000,3.0,0,1490,944,52,46
phase,1000,3.0,1,1475,936,63,60
phase,1000,3.0,2,1573,952,43,36
phase,1000,3.0,3,1511,946,52,48
phase,1000,3.0,4,1497,943,52,47
phase,1000,3.0,5,1446,937,58,53
phase,1000,3.0,6,1577,946,46,38
phase,1000,3.0,7,1437,941,56,51
phase,1000,3.0,8,1539,953,45,41
phase,1000,3.0,9,1548,948,49,44
phase,1000,3.0,10,1451,933,62,57
phase,1000,3.0,11,1556,940,55,49
phase,1000,3.0,12,1446,949,48,44
phase,1000,3.0,13,1532,949,46,41
phase,1000,3.0,14,1537,945,48,43
phase,1000,3.0,15,1503,936,60,54
phase,1000,3.0,16,1516,945,48,42
phase,1000,3.0,17,1459,925,69,62
phase,1000,3.0,18,1450,944,49,40
phase,1000,3.0,19,1505,941,54,49
phase,1000,3.0,20,1526,945,51,46
phase,1000,3.0,21,1553,968,31,28
phase,1000,3.0,22,1514,944,50,44
phase,1000,3.0,23,1550,947,51,47
phase,1000,3.0,24,1546,935,58,53
phase,1000,3.0,25,1471,948,50,46
phase,1000,3.0,26,1478,949,50,47
phase,1000,3.0,27,1567,935,58,51
phase,1000,3.0,28,1443,940,53,45
phase,1000,3.0,29,1521,950,49,47
phase,1000,3.0,30,1406,920,69,58
phase,1000,3.0,31,1500,931,62,54
phase,1000,3.0,32,1434,931,63,56
phase,1000,3.0,33,1434,937,57,53
phase,1000,3.0,34,1519,954,47,46
phase,1000,3.0,35,1584,950,47,42
phase,1000,3.0,36,1523,939,53,45
phase,1000,3.0,37,1442,919,71,61
phase,1000,3.0,38,1481,939,56,51
phase,1000,3.0,39,1540,943,52,48
phase,1000,3.0,40,1456,940,58,54
phase,1000,3.0,41,1499,936,57,50
phase,1000,3.0,42,1475,937,59,54
phase,1000,3.0,43,1481,930,62,53
phase,1000,3.0,44,1500,932,63,57
phase,1000,3.0,45,1466,939,57,51
phase,1000,3.0,46,1440,932,65,61
phase,1000,3.0,47,1509,947,50,45
phase,1000,3.0,48,1559,961,38,35
phase,1000,3.0,49,1516,941,52,48
phase,1000,3.0,50,1503,943,53,47
phase,1000,3.0,51,1472,942,53,49
phase,1000,3.0,52,1514,941,56,51
phase,1000,3.0,53,1493,933,63,57
phase,1000,3.0,54,1519,936,58,51
phase,1000,3.0,55,1487,947,49,45
phase,1000,3.0,56,1577,945,53,50
phase,1000,3.0,57,1497,954,45,42
phase,1000,3.0,58,1481,933,62,55
phase,1000,3.0,59,1530,951,47,44
phase,1000,3.0,60,1499,942,54,49
phase,1000,3.0,61,1510,933,64,59
phase,1000,3.0,62,1477,921,73,66
phase,1000,3.0,63,1490,937,59,53
phase,1000,3.0,64,1478,932,63,57
phase,1000,3.0,65,1500,941,55,50
phase,1000,3.0,66,1546,941,51,42
phase,1000,3.0,67,1480,925,71,65
phase,1000,3.0,68,1470,937,59,54
phase,1000,3.0,69,1518,950,48,44
phase,1000,3.0,70,1507,951,46,41
phase,1000,3.0,71,1542,940,53,47
phase,1000,3.0,72,1486,945,47,40
phase,1000,3.0,73,1506,941,54,47
phase,1000,3.0,74,1543,944,55,52
phase,1000,3.0,75,1513,938,56,52
phase,1000,3.0,76,1473,953,47,45
phase,1000,3.0,77,1447,926,69,62
phase,1000,3.0,78,1509,948,49,44
phase,1000,3.0,79,1530,948,47,41
phase,1000,3.0,80,1489,948,44,36
phase,1000,3.0,81,1414,931,68,65
phase,1000,3.0,82,1495,938,62,60
phase,1000,3.0,83,1466,931,65,60
phase,1000,3.0,84,1478,931,61,54
phase,1000,3.0,85,1538,943,46,37
phase,1000,3.0,86,1572,951,48,45
phase,1000,3.0,87,1492,942,50,43
phase,1000,3.0,88,1485,936,59,52
phase,1000,3.0,89,1505,950,45,38
phase,1000,3.0,90,1456,937,54,49
phase,1000,3.0,91,1535,962,36,32
phase,1000,3.0,92,1492,949,47,43
phase,1000,3.0,93,1532,956,42,38
phase,1000,3.0,94,1436,936,64,62
phase,1000,3.0,95,1513,948,48,42
phase,1000,3.0,96,1451,938,58,53
phase,1000,3.0,97,1489,930,63,56
phase,1000,3.0,98,1550,947,49,43
phase,1000,3.0,99,1565,965,35,33
phase,1000,3.0,100,1599,964,36,34
phase,1000,3.0,101,1468,941,57,53
phase,1000,3.0,102,1525,947,53,51
phase,1000,3.0,103,1513,948,50,46
phase,1000,3.0,104,1516,940,58,54
phase,1000,3.0,105,1518,936,56,47
phase,1000,3.0,106,1527,943,55,51
phase,1000,3.0,107,1454,934,61,54
phase,1000,3.0,108,1503,942,51,45
phase,1000,3.0,109,1444,926,67,60
phase,1000,3.0,110,1502,955,44,41
phase,1000,3.0,111,1410,930,65,60
phase,1000,3.0,112,1583,956,41,36
phase,1000,3.0,113,1606,953,45,41
phase,1000,3.0,114,1445,923,67,57
phase,1000,3.0,115,1440,927,70,65
phase,1000,3.0,116,1477,957,42,39
phase,1000,3.0,117,1436,925,71,65
phase,1000,3.0,118,1471,932,61,55
phase,1000,3.0,119,1474,947,51,47
phase,1000,3.0,120,1507,932,62,55
phase,1000,3.0,121,1488,942,54,48
phase,1000,3.0,122,1544,941,55,50
phase,1000,3.0,123,1498,942,53,46
phase,1000,3.0,124,1503,938,55,47
phase,1000,3.0,125,1482,942,54,49
phase,1000,3.0,126,1517,940,55,49
phase,1000,3.0,127,1477,950,46,40
phase,1000,3.0,128,1454,923,70,62
phase,1000,3.0,129,1480,925,67,60
phase,1000,3.0,130,1544,957,40,35
phase,1000,3.0,131,1587,959,36,31
phase,1000,3.0,132,1501,935,62,57
phase,1000,3.0,133,1485,923,63,50
phase,1000,3.0,134,1486,937,57,49
phase,1000,3.0,135,1524,943,55,51
phase,1000,3.0,136,1545,949,48,43
phase,1000,3.0,137,1510,951,47,43
phase,1000,3.0,138,1451,938,57,50
phase,1000,3.0,139,1474,934,57,48
phase,1000,3.0,140,1420,928,65,58
phase,1000,3.0,141,1502,933,63,58
phase,1000,3.0,142,1538,935,59,53
phase,1000,3.0,143,1522,930,59,48
phase,1000,3.0,144,1467,947,50,45
phase,1000,3.0,145,1493,942,51,44
phase,1000,3.0,146,1480,937,60,55
phase,1000,3.0,147,1536,948,52,50
phase,1000,3.0,148,1458,932,59,50
phase,1000,3.0,149,1451,934,60,52
phase,1000,3.0,150,1363,917,77,69
phase,1000,3.0,151,1533,955,41,35
phase,1000,3.0,152,1433,935,57,48
phase,1000,3.0,153,1581,960,40,38
phase,1000,3.0,154,1421,925,67,60
phase,1000,3.0,155,1488,937,58,52
phase,1000,3.0,156,1506,949,50,47
phase,1000,3.0,157,1477,944,53,48
phase,1000,3.0,158,1498,930,59,52
phase,1000,3.0,159,1521,956,42,38
phase,1000,3.0,160,1572,951,47,44
phase,1000,3.0,161,1510,938,55,47
phase,1000,3.0,162,1469,933,60,53
phase,1000,3.0,163,1523,945,51,46
phase,1000,3.0,164,1541,953,42,38
phase,1000,3.0,165,1465,945,52,47
phase,1000,3.0,166,1498,947,49,45
phase,1000,3.0,167,1542,949,49,45
phase,1000,3.0,168,1440,937,59,56
phase,1000,3.0,169,1457,934,62,56
phase,1000,3.0,170,1456,939,55,50
phase,1000,3.0,171,1521,942,56,52
phase,1000,3.0,172,1528,954,47,46
phase,1000,3.0,173,1414,925,69,61
phase,1000,3.0,174,1501,945,50,44
phase,1000,3.0,175,1523,961,38,35
phase,1000,3.0,176,1495,928,66,58
phase,1000,3.0,177,1436,937,61,57
phase,1000,3.0,178,1490,946,48,43
phase,1000,3.0,179,1457,936,58,51
phase,1000,3.0,180,1500,943,47,36
phase,1000,3.0,181,1539,946,52,48
phase,1000,3.0,182,1500,934,65,62
phase,1000,3.0,183,1496,926,63,53
phase,1000,3.0,184,1446,953,48,47
phase,1000,3.0,185,1481,944,56,54
phase,1000,3.0,186,1516,938,58,52
phase,1000,3.0,187,1501,938,56,48
phase,1000,3.0,188,1507,937,63,61
phase,1000,3.0,189,1504,950,46,41
phase,1000,3.0,190,1574,944,57,56
phase,1000,3.0,191,1474,923,65,58
phase,1000,3.0,192,1453,923,71,64
phase,1000,3.0,193,1462,945,54,51
phase,1000,3.0,194,1512,949,48,43
phase,1000,3.0,195,1539,944,54,50
phase,1000,3.0,196,1466,931,62,55
phase,1000,3.0,197,1463,942,56,52
phase,1000,3.0,198,1517,934,63,58
phase,1000,3.0,199,1521,953,45,41
phase,4000,0.4,0,865,12,3135,2600
phase,4000,0.4,1,775,9,3225,2703
phase,4000,0.4,2,782,9,3218,2688
phase,4000,0.4,3,796,9,3204,2680
phase,4000,0.4,4,805,8,3195,2677
phase,4000,0.4,5,814,10,3186,2651
phase,4000,0.4,6,789,9,3211,2691
phase,4000,0.4,7,845,10,3155,2621
phase,4000,0.4,8,808,10,3192,2660
phase,4000,0.4,9,798,12,3202,2679
phase,4000,0.4,10,774,13,3226,2715
phase,4000,0.4,11,788,10,3212,2700
phase,4000,0.4,12,784,12,3216,2706
phase,4000,0.4,13,800,10,3200,2677
phase,4000,0.4,14,770,8,3230,2716
phase,4000,0.4,15,823,13,3177,2652
phase,4000,0.4,16,797,15,3203,2680
phase,4000,0.4,17,827,15,3173,2639
phase,4000,0.4,18,795,12,3205,2684
phase,4000,0.4,19,810,11,3190,2690
phase,4000,0.4,20,776,10,3224,2713
phase,4000,0.4,21,794,11,3206,2702
phase,4000,0.4,22,862,13,3138,2589
phase,4000,0.4,23,798,10,3202,2664
phase,4000,0.4,24,778,9,3223,2700
phase,4000,0.4,25,804,8,3196,2676
phase,4000,0.4,26,804,16,3196,2677
phase,4000,0.4,27,798,8,3202,2694
phase,4000,0.4,28,785,10,3215,2700
phase,4000,0.4,29,744,10,3256,2780
phase,4000,0.4,30,805,10,3195,2695
phase,4000,0.4,31,753,11,3247,2759
phase,4000,0.4,32,820,11,3180,2679
phase,4000,0.4,33,795,10,3205,2690
phase,4000,0.4,34,828,12,3172,2653
phase,4000,0.4,35,766,9,3234,2724
phase,4000,0.4,36,797,8,3203,2677
phase,4000,0.4,37,789,13,3211,2679
phase,4000,0.4,38,828,8,3172,2623
phase,4000,0.4,39,814,9,3186,2665
phase,4000,0.4,40,803,12,3197,2683
phase,4000,0.4,41,829,9,3171,2641
phase,4000,0.4,42,821,17,3179,2662
phase,4000,0.4,43,772,12,3228,2723
phase,4000,0.4,44,824,14,3176,2668
phase,4000,0.4,45,740,10,3260,2757
phase,4000,0.4,46,804,10,3196,2691
phase,4000,0.4,47,838,16,3162,2631
phase,4000,0.4,48,863,9,3137,2582
phase,4000,0.4,49,780,9,3220,2718
phase,4000,0.4,50,818,11,3182,2669
phase,4000,0.4,51,806,10,3194,2674
phase,4000,0.4,52,833,11,3167,2664
phase,4000,0.4,53,808,11,3192,2684
phase,4000,0.4,54,805,14,3195,2682
phase,4000,0.4,55,823,9,3177,2650
phase,4000,0.4,56,756,9,3244,2745
phase,4000,0.4,57,739,11,3261,2777
phase,4000,0.4,58,752,9,3248,2727
phase,4000,0.4,59,815,11,3185,2654
phase,4000,0.4,60,740,11,3260,2749
phase,4000,0.4,61,775,13,3225,2730
phase,4000,0.4,62,743,7,3257,2763
phase,4000,0.4,63,793,11,3207,2707
phase,4000,0.4,64,837,10,3163,2641
phase,4000,0.4,65,769,13,3231,2723
phase,4000,0.4,66,805,10,3195,2659
phase,4000,0.4,67,774,10,3226,2709
phase,4000,0.4,68,803,12,3197,2685
phase,4000,0.4,69,835,12,3165,2625
phase,4000,0.4,70,852,12,3148,2610
phase,4000,0.4,71,819,10,3181,2665
phase,4000,0.4,72,818,8,3182,2633
phase,4000,0.4,73,784,10,3216,2723
phase,4000,0.4,74,809,9,3191,2633
phase,4000,0.4,75,802,10,3198,2677
phase,4000,0.4,76,796,7,3205,2678
phase,4000,0.4,77,781,11,3219,2724
phase,4000,0.4,78,826,9,3174,2648
phase,4000,0.4,79,738,7,3262,2765
phase,4000,0.4,80,830,12,3170,2641
phase,4000,0.4,81,770,9,3230,2712
phase,4000,0.4,82,839,12,3161,2619
phase,4000,0.4,83,777,9,3223,2724
phase,4000,0.4,84,827,9,3173,2654
phase,4000,0.4,85,841,13,3159,2635
phase,4000,0.4,86,819,15,3181,2635
phase,4000,0.4,87,803,9,3197,2672
phase,4000,0.4,88,755,10,3245,2736
phase,4000,0.4,89,811,11,3189,2646
phase,4000,0.4,90,841,12,3159,2621
phase,4000,0.4,91,818,15,3182,2658
phase,4000,0.4,92,847,11,3153,2610
phase,4000,0.4,93,813,15,3187,2649
phase,4000,0.4,94,796,11,3204,2676
phase,4000,0.4,95,748,9,3253,2753
phase,4000,0.4,96,801,12,3199,2694
phase,4000,0.4,97,800,9,3200,2693
phase,4000,0.4,98,762,8,3238,2719
phase,4000,0.4,99,798,8,3202,2680
phase,4000,0.4,100,802,10,3198,2667
phase,4000,0.4,101,813,10,3187,2689
phase,4000,0.4,102,819,13,3181,2655
phase,4000,0.4,103,798,15,3202,2719
phase,4000,0.4,104,845,10,3155,2624
phase,4000,0.4,105,810,8,3190,2651
phase,4000,0.4,106,817,10,3183,2644
phase,4000,0.4,107,827,9,3173,2638
phase,4000,0.4,108,797,10,3203,2711
phase,4000,0.4,109,794,15,3206,2698
phase,4000,0.4,110,832,8,3168,2622
phase,4000,0.4,111,771,14,3229,2720
phase,4000,0.4,112,802,10,3198,2686
phase,4000,0.4,113,844,12,3156,2611
phase,4000,0.4,114,847,7,3153,2595
phase,4000,0.4,115,788,13,3212,2710
phase,4000,0.4,116,803,18,3197,2674
phase,4000,0.4,117,816,8,3184,2658
phase,4000,0.4,118,808,12,3192,2692
phase,4000,0.4,119,784,9,3216,2701
phase,4000,0.4,120,802,9,3198,2671
phase,4000,0.4,121,830,9,3170,2633
phase,4000,0.4,122,816,10,3184,2652
phase,4000,0.4,123,779,13,3221,2713
phase,4000,0.4,124,812,11,3188,2667
phase,4000,0.4,125,831,9,3169,2638
phase,4000,0.4,126,825,9,3175,2665
phase,4000,0.4,127,794,10,3206,2719
phase,4000,0.4,128,794,12,3206,2664
phase,4000,0.4,129,821,10,3179,2636
phase,4000,0.4,130,840,12,3160,2623
phase,4000,0.4,131,843,14,3157,2637
phase,4000,0.4,132,856,14,3144,2643
phase,4000,0.4,133,856,12,3144,2608
phase,4000,0.4,134,771,14,3229,2710
phase,4000,0.4,135,782,10,3218,2714
phase,4000,0.4,136,793,10,3207,2702
phase,4000,0.4,137,746,7,3254,2730
phase,4000,0.4,138,790,12,3210,2725
phase,4000,0.4,139,855,10,3145,2581
phase,4000,0.4,140,811,14,3189,2674
phase,4000,0.4,141,768,10,3232,2714
phase,4000,0.4,142,801,8,3199,2668
phase,4000,0.4,143,780,9,3220,2723
phase,4000,0.4,144,771,23,3229,2717
phase,4000,0.4,145,816,10,3184,2646
phase,4000,0.4,146,794,12,3206,2694
phase,4000,0.4,147,824,14,3176,2665
phase,4000,0.4,148,810,9,3190,2660
phase,4000,0.4,149,802,10,3198,2688
phase,4000,0.4,150,796,6,3204,2655
phase,4000,0.4,151,766,8,3234,2713
phase,4000,0.4,152,777,10,3223,2708
phase,4000,0.4,153,825,18,3175,2627
phase,4000,0.4,154,796,15,3204,2678
phase,4000,0.4,155,787,17,3213,2713
phase,4000,0.4,156,793,9,3207,2710
phase,4000,0.4,157,788,11,3212,2687
phase,4000,0.4,158,800,16,3200,2671
phase,4000,0.4,159,751,11,3249,2741
phase,4000,0.4,160,791,11,3209,2672
phase,4000,0.4,161,852,19,3148,2626
phase,4000,0.4,162,879,13,3121,2590
phase,4000,0.4,163,817,13,3183,2654
phase,4000,0.4,164,778,14,3222,2740
phase,4000,0.4,165,758,11,3242,2758
phase,4000,0.4,166,814,9,3186,2638
phase,4000,0.4,167,801,12,3199,2677
phase,4000,0.4,168,823,12,3177,2649
phase,4000,0.4,169,820,11,3180,2648
phase,4000,0.4,170,842,14,3158,2628
phase,4000,0.4,171,816,10,3184,2647
phase,4000,0.4,172,797,12,3203,2692
phase,4000,0.4,173,866,14,3134,2594
phase,4000,0.4,174,758,9,3242,2744
phase,4000,0.4,175,764,12,3236,2747
phase,4000,0.4,176,822,12,3178,2648
phase,4000,0.4,177,782,16,3218,2710
phase,4000,0.4,178,805,14,3195,2672
phase,4000,0.4,179,796,11,3204,2680
phase,4000,0.4,180,821,10,3179,2660
phase,4000,0.4,181,779,14,3221,2717
phase,4000,0.4,182,752,10,3248,2763
phase,4000,0.4,183,797,14,3203,2712
phase,4000,0.4,184,819,10,3181,2666
phase,4000,0.4,185,809,12,3191,2663
phase,4000,0.4,186,819,11,3181,2665
phase,4000,0.4,187,762,16,3238,2769
phase,4000,0.4,188,816,13,3184,2677
phase,4000,0.4,189,825,12,3175,2660
phase,4000,0.4,190,796,15,3204,2681
phase,4000,0.4,191,802,8,3198,2667
phase,4000,0.4,192,766,9,3235,2749
phase,4000,0.4,193,846,14,3154,2601
phase,4000,0.4,194,807,16,3193,2677
phase,4000,0.4,195,781,7,3219,2688
phase,4000,0.4,196,812,11,3188,2661
phase,4000,0.4,197,804,16,3196,2662
phase,4000,0.4,198,820,11,3180,2640
phase,4000,0.4,199,796,8,3204,2695
phase,4000,0.6,0,1197,16,2803,2188
phase,4000,0.6,1,1174,16,2826,2218
phase,4000,0.6,2,1209,18,2791,2215
phase,4000,0.6,3,1181,17,2819,2197
phase,4000,0.6,4,1221,24,2779,2215
phase,4000,0.6,5,1193,21,2807,2206
phase,4000,0.6,6,1209,17,2791,2171
phase,4000,0.6,7,1153,25,2847,2223
phase,4000,0.6,8,1195,17,2805,2204
phase,4000,0.6,9,1118,24,2882,2299
phase,4000,0.6,10,1231,59,2769,2182
phase,4000,0.6,11,1197,15,2803,2190
phase,4000,0.6,12,1207,15,2793,2177
phase,4000,0.6,13,1194,31,2806,2224
phase,4000,0.6,14,1175,16,2825,2214
phase,4000,0.6,15,1197,12,2803,2170
phase,4000,0.6,16,1183,33,2817,2217
phase,4000,0.6,17,1238,21,2762,2152
phase,4000,0.6,18,1205,24,2795,2170
phase,4000,0.6,19,1236,17,2764,2144
phase,4000,0.6,20,1225,40,2775,2200
phase,4000,0.6,21,1260,23,2740,2173
phase,4000,0.6,22,1173,20,2827,2216
phase,4000,0.6,23,1167,19,2833,2207
phase,4000,0.6,24,1204,20,2796,2188
phase,4000,0.6,25,1212,25,2788,2191
phase,4000,0.6,26,1213,27,2787,2191
phase,4000,0.6,27,1199,15,2801,2184
phase,4000,0.6,28,1206,14,2795,2172
phase,4000,0.6,29,1210,20,2791,2203
phase,4000,0.6,30,1175,11,2825,2208
phase,4000,0.6,31,1279,27,2721,2088
phase,4000,0.6,32,1217,22,2783,2179
phase,4000,0.6,33,1187,15,2813,2215
phase,4000,0.6,34,1132,18,2868,2249
phase,4000,0.6,35,1142,26,2858,2268
phase,4000,0.6,36,1222,20,2778,2157
phase,4000,0.6,37,1202,42,2798,2174
phase,4000,0.6,38,1216,18,2784,2188
phase,4000,0.6,39,1247,20,2753,2132
phase,4000,0.6,40,1270,19,2730,2134
phase,4000,0.6,41,1193,31,2807,2207
phase,4000,0.6,42,1149,23,2851,2263
phase,4000,0.6,43,1203,27,2797,2188
phase,4000,0.6,44,1163,18,2837,2251
phase,4000,0.6,45,1250,18,2750,2139
phase,4000,0.6,46,1180,22,2820,2210
phase,4000,0.6,47,1167,26,2833,2234
phase,4000,0.6,48,1179,31,2821,2240
phase,4000,0.6,49,1193,21,2807,2193
phase,4000,0.6,50,1146,41,2854,2275
phase,4000,0.6,51,1201,15,2799,2194
phase,4000,0.6,52,1257,20,2743,2124
phase,4000,0.6,53,1230,23,2770,2181
phase,4000,0.6,54,1184,23,2816,2198
phase,4000,0.6,55,1227,18,2773,2170
phase,4000,0.6,56,1227,20,2773,2162
phase,4000,0.6,57,1246,15,2754,2149
phase,4000,0.6,58,1245,21,2755,2132
phase,4000,0.6,59,1174,15,2826,2252
phase,4000,0.6,60,1217,22,2783,2202
phase,4000,0.6,61,1202,25,2798,2173
phase,4000,0.6,62,1151,23,2849,2240
phase,4000,0.6,63,1252,19,2748,2140
phase,4000,0.6,64,1184,20,2817,2200
phase,4000,0.6,65,1170,25,2830,2242
phase,4000,0.6,66,1124,34,2876,2275
phase,4000,0.6,67,1172,26,2828,2253
phase,4000,0.6,68,1259,32,2741,2110
phase,4000,0.6,69,1227,19,2773,2143
phase,4000,0.6,70,1243,19,2757,2144
phase,4000,0.6,71,1181,24,2819,2234
phase,4000,0.6,72,1158,27,2842,2252
phase,4000,0.6,73,1200,26,2800,2208
phase,4000,0.6,74,1149,20,2851,2264
phase,4000,0.6,75,1135,13,2865,2263
phase,4000,0.6,76,1233,19,2767,2149
phase,4000,0.6,77,1157,24,2843,2233
phase,4000,0.6,78,1174,17,2826,2266
phase,4000,0.6,79,1159,24,2841,2215
phase,4000,0.6,80,1186,24,2814,2185
phase,4000,0.6,81,1184,25,2816,2196
phase,4000,0.6,82,1187,15,2813,2200
phase,4000,0.6,83,1262,22,2738,2137
phase,4000,0.6,84,1197,25,2803,2199
phase,4000,0.6,85,1183,23,2817,2204
phase,4000,0.6,86,1207,21,2793,2208
phase,4000,0.6,87,1253,16,2747,2169
phase,4000,0.6,88,1171,22,2829,2256
phase,4000,0.6,89,1197,17,2803,2229
phase,4000,0.6,90,1183,45,2817,2216
phase,4000,0.6,91,1254,19,2746,2162
phase,4000,0.6,92,1165,17,2835,2231
phase,4000,0.6,93,1123,18,2877,2265
phase,4000,0.6,94,1140,22,2860,2258
phase,4000,0.6,95,1199,27,2801,2206
phase,4000,0.6,96,1203,16,2797,2190
phase,4000,0.6,97,1199,33,2801,2204
phase,4000,0.6,98,1264,29,2736,2105
phase,4000,0.6,99,1202,19,2799,2194
phase,4000,0.6,100,1176,13,2824,2192
phase,4000,0.6,101,1122,20,2878,2283
phase,4000,0.6,102,1236,32,2764,2154
phase,4000,0.6,103,1193,19,2807,2190
phase,4000,0.6,104,1176,32,2824,2222
phase,4000,0.6,105,1199,16,2801,2177
phase,4000,0.6,106,1175,26,2825,2259
phase,4000,0.6,107,1205,18,2795,2185
phase,4000,0.6,108,1232,32,2768,2145
phase,4000,0.6,109,1242,29,2758,2155
phase,4000,0.6,110,1222,29,2778,2152
phase,4000,0.6,111,1200,16,2800,2190
phase,4000,0.6,112,1212,21,2788,2192
phase,4000,0.6,113,1186,25,2814,2218
phase,4000,0.6,114,1231,28,2769,2153
phase,4000,0.6,115,1175,15,2825,2239
phase,4000,0.6,116,1174,19,2826,2208
phase,4000,0.6,117,1190,13,2810,2195
phase,4000,0.6,118,1201,15,2799,2192
phase,4000,0.6,119,1211,17,2789,2157
phase,4000,0.6,120,1234,26,2766,2140
phase,4000,0.6,121,1232,31,2768,2160
phase,4000,0.6,122,1165,24,2835,2242
phase,4000,0.6,123,1195,19,2805,2175
phase,4000,0.6,124,1205,22,2796,2180
phase,4000,0.6,125,1248,31,2752,2163
phase,4000,0.6,126,1197,16,2803,2195
phase,4000,0.6,127,1179,17,2821,2211
phase,4000,0.6,128,1211,20,2789,2182
phase,4000,0.6,129,1230,14,2770,2141
phase,4000,0.6,130,1193,19,2807,2176
phase,4000,0.6,131,1209,14,2791,2189
phase,4000,0.6,132,1219,20,2781,2164
phase,4000,0.6,133,1180,20,2820,2213
phase,4000,0.6,134,1214,30,2786,2181
phase,4000,0.6,135,1181,20,2820,2222
phase,4000,0.6,136,1205,25,2795,2245
phase,4000,0.6,137,1221,17,2779,2170
phase,4000,0.6,138,1195,25,2805,2201
phase,4000,0.6,139,1197,24,2803,2215
phase,4000,0.6,140,1229,20,2771,2164
phase,4000,0.6,141,1176,17,2824,2226
phase,4000,0.6,142,1229,21,2771,2170
phase,4000,0.6,143,1140,14,2861,2257
phase,4000,0.6,144,1198,21,2802,2177
phase,4000,0.6,145,1236,18,2764,2169
phase,4000,0.6,146,1204,22,2796,2197
phase,4000,0.6,147,1240,24,2760,2140
phase,4000,0.6,148,1216,17,2784,2167
phase,4000,0.6,149,1295,36,2705,2087
phase,4000,0.6,150,1149,12,2851,2201
phase,4000,0.6,151,1251,37,2749,2156
phase,4000,0.6,152,1181,16,2819,2191
phase,4000,0.6,153,1156,19,2844,2243
phase,4000,0.6,154,1211,14,2790,2171
phase,4000,0.6,155,1164,26,2836,2266
phase,4000,0.6,156,1184,18,2816,2195
phase,4000,0.6,157,1254,24,2746,2119
phase,4000,0.6,158,1219,26,2781,2183
phase,4000,0.6,159,1266,21,2735,2096
phase,4000,0.6,160,1237,40,2763,2161
phase,4000,0.6,161,1206,16,2794,2160
phase,4000,0.6,162,1181,16,2819,2202
phase,4000,0.6,163,1221,30,2779,2179
phase,4000,0.6,164,1203,18,2797,2188
phase,4000,0.6,165,1202,28,2798,2196
phase,4000,0.6,166,1159,21,2841,2242
phase,4000,0.6,167,1147,16,2853,2253
phase,4000,0.6,168,1169,15,2831,2216
phase,4000,0.6,169,1205,18,2795,2196
phase,4000,0.6,170,1182,21,2818,2204
phase,4000,0.6,171,1213,25,2787,2169
phase,4000,0.6,172,1225,24,2776,2165
phase,4000,0.6,173,1156,30,2844,2253
phase,4000,0.6,174,1214,13,2786,2169
phase,4000,0.6,175,1183,27,2817,2219
phase,4000,0.6,176,1164,22,2836,2229
phase,4000,0.6,177,1237,14,2763,2154
phase,4000,0.6,178,1151,17,2849,2273
phase,4000,0.6,179,1147,19,2853,2255
phase,4000,0.6,180,1223,16,2777,2142
phase,4000,0.6,181,1207,15,2793,2211
phase,4000,0.6,182,1275,39,2725,2096
phase,4000,0.6,183,1203,17,2797,2203
phase,4000,0.6,184,1124,15,2876,2302
phase,4000,0.6,185,1239,15,2761,2139
phase,4000,0.6,186,1276,32,2724,2102
phase,4000,0.6,187,1142,17,2858,2266
phase,4000,0.6,188,1263,25,2737,2111
phase,4000,0.6,189,1241,14,2759,2138
phase,4000,0.6,190,1233,16,2767,2162
phase,4000,0.6,191,1238,17,2762,2157
phase,4000,0.6,192,1130,17,2870,2285
phase,4000,0.6,193,1176,18,2824,2226
phase,4000,0.6,194,1156,25,2844,2253
phase,4000,0.6,195,1126,26,2874,2303
phase,4000,0.6,196,1238,21,2762,2184
phase,4000,0.6,197,1197,23,2803,2180
phase,4000,0.6,198,1246,25,2755,2170
phase,4000,0.6,199,1127,22,2873,2264
phase,4000,0.8,0,1604,32,2399,1774
phase,4000,0.8,1,1555,102,2445,1855
phase,4000,0.8,2,1577,50,2423,1809
phase,4000,0.8,3,1600,40,2400,1807
phase,4000,0.8,4,1591,35,2409,1795
phase,4000,0.8,5,1557,22,2443,1840
phase,4000,0.8,6,1592,33,2408,1795
phase,4000,0.8,7,1589,34,2411,1790
phase,4000,0.8,8,1563,35,2437,1824
phase,4000,0.8,9,1608,40,2392,1774
phase,4000,0.8,10,1591,60,2409,1786
phase,4000,0.8,11,1640,53,2360,1790
phase,4000,0.8,12,1587,36,2413,1810
phase,4000,0.8,13,1588,56,2412,1799
phase,4000,0.8,14,1586,62,2414,1826
phase,4000,0.8,15,1653,60,2347,1789
phase,4000,0.8,16,1588,39,2412,1804
phase,4000,0.8,17,1596,54,2404,1785
phase,4000,0.8,18,1568,43,2432,1831
phase,4000,0.8,19,1623,100,2377,1773
phase,4000,0.8,20,1635,44,2365,1742
phase,4000,0.8,21,1624,46,2376,1772
phase,4000,0.8,22,1639,88,2361,1770
phase,4000,0.8,23,1610,64,2390,1791
phase,4000,0.8,24,1617,42,2383,1758
phase,4000,0.8,25,1585,49,2415,1783
phase,4000,0.8,26,1575,32,2425,1809
phase,4000,0.8,27,1539,82,2461,1859
phase,4000,0.8,28,1612,41,2388,1796
phase,4000,0.8,29,1678,98,2324,1767
phase,4000,0.8,30,1635,41,2365,1745
phase,4000,0.8,31,1625,87,2376,1765
phase,4000,0.8,32,1541,39,2459,1845
phase,4000,0.8,33,1544,28,2456,1824
phase,4000,0.8,34,1680,74,2320,1725
phase,4000,0.8,35,1610,51,2390,1794
phase,4000,0.8,36,1569,39,2431,1843
phase,4000,0.8,37,1592,54,2408,1825
phase,4000,0.8,38,1618,53,2382,1758
phase,4000,0.8,39,1640,33,2362,1777
phase,4000,0.8,40,1660,43,2340,1767
phase,4000,0.8,41,1657,87,2343,1752
phase,4000,0.8,42,1650,35,2350,1740
phase,4000,0.8,43,1631,39,2369,1751
phase,4000,0.8,44,1595,58,2406,1809
phase,4000,0.8,45,1655,45,2346,1780
phase,4000,0.8,46,1561,64,2439,1816
phase,4000,0.8,47,1598,69,2403,1788
phase,4000,0.8,48,1578,38,2422,1799
phase,4000,0.8,49,1576,43,2424,1843
phase,4000,0.8,50,1566,113,2434,1837
phase,4000,0.8,51,1624,72,2376,1801
phase,4000,0.8,52,1566,58,2434,1845
phase,4000,0.8,53,1613,34,2387,1820
phase,4000,0.8,54,1619,32,2381,1775
phase,4000,0.8,55,1630,61,2370,1754
phase,4000,0.8,56,1676,48,2324,1734
phase,4000,0.8,57,1572,59,2428,1832
phase,4000,0.8,58,1592,40,2408,1822
phase,4000,0.8,59,1595,63,2406,1795
phase,4000,0.8,60,1670,49,2330,1737
phase,4000,0.8,61,1611,38,2389,1807
phase,4000,0.8,62,1529,30,2471,1850
phase,4000,0.8,63,1603,39,2397,1799
phase,4000,0.8,64,1544,61,2456,1824
phase,4000,0.8,65,1590,75,2410,1816
phase,4000,0.8,66,1635,84,2365,1765
phase,4000,0.8,67,1666,36,2335,1736
phase,4000,0.8,68,1609,45,2391,1758
phase,4000,0.8,69,1535,35,2466,1828
phase,4000,0.8,70,1568,52,2432,1841
phase,4000,0.8,71,1586,63,2414,1817
phase,4000,0.8,72,1598,85,2402,1818
phase,4000,0.8,73,1547,28,2453,1843
phase,4000,0.8,74,1652,38,2348,1743
phase,4000,0.8,75,1645,57,2355,1751
phase,4000,0.8,76,1653,53,2347,1736
phase,4000,0.8,77,1545,48,2455,1838
phase,4000,0.8,78,1602,63,2398,1776
phase,4000,0.8,79,1663,30,2337,1714
phase,4000,0.8,80,1592,29,2408,1770
phase,4000,0.8,81,1598,52,2402,1796
phase,4000,0.8,82,1649,53,2351,1759
phase,4000,0.8,83,1599,61,2401,1791
phase,4000,0.8,84,1611,67,2390,1753
phase,4000,0.8,85,1611,25,2389,1774
phase,4000,0.8,86,1559,35,2441,1825
phase,4000,0.8,87,1587,29,2413,1824
phase,4000,0.8,88,1558,84,2442,1853
phase,4000,0.8,89,1543,53,2457,1817
phase,4000,0.8,90,1640,38,2361,1763
phase,4000,0.8,91,1596,36,2404,1792
phase,4000,0.8,92,1583,29,2417,1803
phase,4000,0.8,93,1588,27,2412,1777
phase,4000,0.8,94,1538,66,2462,1847
phase,4000,0.8,95,1560,28,2440,1810
phase,4000,0.8,96,1580,36,2421,1813
phase,4000,0.8,97,1547,32,2453,1844
phase,4000,0.8,98,1655,71,2345,1775
phase,4000,0.8,99,1608,45,2392,1785
phase,4000,0.8,100,1613,112,2388,1789
phase,4000,0.8,101,1562,27,2438,1832
phase,4000,0.8,102,1597,42,2404,1789
phase,4000,0.8,103,1640,52,2362,1775
phase,4000,0.8,104,1601,67,2400,1783
phase,4000,0.8,105,1605,50,2395,1797
phase,4000,0.8,106,1709,63,2291,1690
phase,4000,0.8,107,1557,30,2444,1821
phase,4000,0.8,108,1650,32,2350,1767
phase,4000,0.8,109,1585,86,2417,1795
phase,4000,0.8,110,1586,36,2414,1803
phase,4000,0.8,111,1655,40,2345,1732
phase,4000,0.8,112,1610,39,2391,1773
phase,4000,0.8,113,1610,44,2390,1793
phase,4000,0.8,114,1589,45,2411,1826
phase,4000,0.8,115,1625,58,2375,1788
phase,4000,0.8,116,1548,43,2452,1856
phase,4000,0.8,117,1588,42,2412,1798
phase,4000,0.8,118,1611,64,2389,1799
phase,4000,0.8,119,1613,40,2387,1758
phase,4000,0.8,120,1632,47,2369,1790
phase,4000,0.8,121,1598,62,2402,1791
phase,4000,0.8,122,1626,64,2374,1765
phase,4000,0.8,123,1570,65,2430,1813
phase,4000,0.8,124,1625,91,2375,1782
phase,4000,0.8,125,1602,30,2398,1801
phase,4000,0.8,126,1619,67,2381,1793
phase,4000,0.8,127,1606,82,2394,1808
phase,4000,0.8,128,1628,66,2372,1804
phase,4000,0.8,129,1539,34,2461,1827
phase,4000,0.8,130,1639,34,2361,1760
phase,4000,0.8,131,1595,40,2405,1800
phase,4000,0.8,132,1548,49,2452,1823
phase,4000,0.8,133,1595,26,2405,1801
phase,4000,0.8,134,1556,32,2444,1817
phase,4000,0.8,135,1599,72,2402,1807
phase,4000,0.8,136,1624,56,2376,1783
phase,4000,0.8,137,1541,51,2460,1849
phase,4000,0.8,138,1563,57,2437,1841
phase,4000,0.8,139,1529,33,2472,1884
phase,4000,0.8,140,1596,129,2404,1820
phase,4000,0.8,141,1544,40,2456,1844
phase,4000,0.8,142,1592,81,2408,1804
phase,4000,0.8,143,1529,53,2471,1876
phase,4000,0.8,144,1587,44,2414,1836
phase,4000,0.8,145,1668,66,2332,1707
phase,4000,0.8,146,1623,41,2377,1772
phase,4000,0.8,147,1640,25,2360,1756
phase,4000,0.8,148,1550,31,2451,1839
phase,4000,0.8,149,1676,40,2324,1734
phase,4000,0.8,150,1624,58,2378,1813
phase,4000,0.8,151,1594,28,2406,1789
phase,4000,0.8,152,1662,76,2338,1726
phase,4000,0.8,153,1603,43,2397,1805
phase,4000,0.8,154,1640,46,2360,1752
phase,4000,0.8,155,1593,46,2407,1812
phase,4000,0.8,156,1587,64,2413,1846
phase,4000,0.8,157,1579,44,2421,1827
phase,4000,0.8,158,1559,35,2441,1824
phase,4000,0.8,159,1662,44,2338,1728
phase,4000,0.8,160,1608,55,2392,1791
phase,4000,0.8,161,1624,50,2376,1765
phase,4000,0.8,162,1627,28,2373,1786
phase,4000,0.8,163,1621,61,2379,1796
phase,4000,0.8,164,1582,51,2418,1845
phase,4000,0.8,165,1638,94,2363,1768
phase,4000,0.8,166,1596,30,2404,1809
phase,4000,0.8,167,1591,55,2409,1819
phase,4000,0.8,168,1539,54,2461,1858
phase,4000,0.8,169,1659,90,2341,1764
phase,4000,0.8,170,1639,58,2362,1753
phase,4000,0.8,171,1690,171,2310,1720
phase,4000,0.8,172,1562,36,2438,1875
phase,4000,0.8,173,1600,45,2401,1794
phase,4000,0.8,174,1548,94,2452,1879
phase,4000,0.8,175,1539,38,2461,1826
phase,4000,0.8,176,1539,34,2462,1854
phase,4000,0.8,177,1629,57,2372,1759
phase,4000,0.8,178,1555,36,2445,1846
phase,4000,0.8,179,1548,37,2452,1857
phase,4000,0.8,180,1713,76,2287,1711
phase,4000,0.8,181,1643,35,2358,1747
phase,4000,0.8,182,1555,44,2445,1832
phase,4000,0.8,183,1553,46,2447,1842
phase,4000,0.8,184,1691,44,2309,1707
phase,4000,0.8,185,1650,48,2350,1740
phase,4000,0.8,186,1603,160,2398,1825
phase,4000,0.8,187,1578,66,2422,1822
phase,4000,0.8,188,1586,30,2415,1802
phase,4000,0.8,189,1505,42,2495,1874
phase,4000,0.8,190,1614,39,2387,1767
phase,4000,0.8,191,1621,42,2379,1795
phase,4000,0.8,192,1556,63,2444,1796
phase,4000,0.8,193,1604,70,2396,1820
phase,4000,0.8,194,1660,74,2340,1710
phase,4000,0.8,195,1570,41,2430,1816
phase,4000,0.8,196,1627,55,2373,1766
phase,4000,0.8,197,1637,63,2363,1785
phase,4000,0.8,198,1577,53,2424,1823
phase,4000,0.8,199,1581,32,2419,1796
phase,4000,0.9,0,1783,120,2217,1650
phase,4000,0.9,1,1769,96,2231,1644
phase,4000,0.9,2,1826,80,2174,1614
phase,4000,0.9,3,1817,121,2183,1601
phase,4000,0.9,4,1784,147,2217,1657
phase,4000,0.9,5,1783,193,2217,1611
phase,4000,0.9,6,1808,52,2192,1604
phase,4000,0.9,7,1751,120,2250,1660
phase,4000,0.9,8,1741,46,2259,1669
phase,4000,0.9,9,1834,57,2166,1590
phase,4000,0.9,10,1789,79,2211,1641
phase,4000,0.9,11,1813,73,2188,1619
phase,4000,0.9,12,1773,49,2227,1662
phase,4000,0.9,13,1876,156,2126,1561
phase,4000,0.9,14,1811,53,2189,1632
phase,4000,0.9,15,1796,165,2204,1616
phase,4000,0.9,16,1786,83,2214,1642
phase,4000,0.9,17,1824,118,2176,1614
phase,4000,0.9,18,1815,92,2186,1629
phase,4000,0.9,19,1816,174,2187,1634
phase,4000,0.9,20,1822,113,2179,1570
phase,4000,0.9,21,1820,88,2182,1632
phase,4000,0.9,22,1750,183,2250,1704
phase,4000,0.9,23,1773,89,2227,1677
phase,4000,0.9,24,1792,158,2208,1666
phase,4000,0.9,25,1693,56,2308,1712
phase,4000,0.9,26,1814,71,2186,1610
phase,4000,0.9,27,1853,106,2148,1585
phase,4000,0.9,28,1698,48,2303,1687
phase,4000,0.9,29,1855,201,2147,1623
phase,4000,0.9,30,1784,169,2216,1661
phase,4000,0.9,31,1796,71,2206,1650
phase,4000,0.9,32,1841,96,2160,1590
phase,4000,0.9,33,1860,216,2140,1566
phase,4000,0.9,34,1788,90,2212,1636
phase,4000,0.9,35,1836,193,2165,1600
phase,4000,0.9,36,1805,69,2195,1640
phase,4000,0.9,37,1751,52,2249,1670
phase,4000,0.9,38,1739,52,2261,1640
phase,4000,0.9,39,1828,109,2173,1626
phase,4000,0.9,40,1813,54,2188,1580
phase,4000,0.9,41,1784,58,2216,1660
phase,4000,0.9,42,1730,79,2270,1685
phase,4000,0.9,43,1872,165,2129,1561
phase,4000,0.9,44,1782,94,2219,1629
phase,4000,0.9,45,1777,81,2224,1648
phase,4000,0.9,46,1744,53,2257,1668
phase,4000,0.9,47,1712,47,2288,1730
phase,4000,0.9,48,1787,156,2213,1655
phase,4000,0.9,49,1763,58,2237,1664
phase,4000,0.9,50,1847,104,2154,1610
phase,4000,0.9,51,1824,51,2176,1597
phase,4000,0.9,52,1722,60,2278,1724
phase,4000,0.9,53,1871,163,2130,1565
phase,4000,0.9,54,1775,70,2225,1619
phase,4000,0.9,55,1819,147,2182,1621
phase,4000,0.9,56,1807,108,2195,1641
phase,4000,0.9,57,1789,76,2211,1614
phase,4000,0.9,58,1816,88,2184,1615
phase,4000,0.9,59,1825,68,2175,1623
phase,4000,0.9,60,1878,116,2123,1534
phase,4000,0.9,61,1732,118,2269,1698
phase,4000,0.9,62,1818,94,2183,1602
phase,4000,0.9,63,1760,51,2240,1648
phase,4000,0.9,64,1790,85,2210,1675
phase,4000,0.9,65,1822,88,2178,1626
phase,4000,0.9,66,1866,260,2134,1596
phase,4000,0.9,67,1832,146,2168,1573
phase,4000,0.9,68,1827,209,2173,1610
phase,4000,0.9,69,1734,104,2267,1706
phase,4000,0.9,70,1811,71,2189,1621
phase,4000,0.9,71,1823,133,2177,1614
phase,4000,0.9,72,1793,83,2207,1625
phase,4000,0.9,73,1741,75,2259,1670
phase,4000,0.9,74,1782,95,2218,1659
phase,4000,0.9,75,1764,102,2236,1659
phase,4000,0.9,76,1812,239,2188,1594
phase,4000,0.9,77,1797,56,2204,1614
phase,4000,0.9,78,1789,50,2211,1614
phase,4000,0.9,79,1724,44,2276,1710
phase,4000,0.9,80,1779,83,2221,1628
phase,4000,0.9,81,1901,88,2100,1524
phase,4000,0.9,82,1770,52,2230,1659
phase,4000,0.9,83,1772,124,2228,1678
phase,4000,0.9,84,1868,163,2132,1548
phase,4000,0.9,85,1815,93,2185,1619
phase,4000,0.9,86,1823,83,2177,1620
phase,4000,0.9,87,1794,128,2206,1620
phase,4000,0.9,88,1813,63,2187,1603
phase,4000,0.9,89,1798,81,2202,1629
phase,4000,0.9,90,1850,82,2150,1580
phase,4000,0.9,91,1802,102,2198,1609
phase,4000,0.9,92,1825,102,2175,1612
phase,4000,0.9,93,1822,127,2178,1592
phase,4000,0.9,94,1844,317,2157,1621
phase,4000,0.9,95,1766,75,2234,1609
phase,4000,0.9,96,1798,183,2203,1655
phase,4000,0.9,97,1772,99,2228,1651
phase,4000,0.9,98,1838,76,2162,1593
phase,4000,0.9,99,1738,59,2262,1670
phase,4000,0.9,100,1681,45,2319,1688
phase,4000,0.9,101,1889,120,2113,1541
phase,4000,0.9,102,1817,61,2183,1579
phase,4000,0.9,103,1753,80,2247,1653
phase,4000,0.9,104,1830,82,2172,1582
phase,4000,0.9,105,1788,75,2213,1619
phase,4000,0.9,106,1835,91,2166,1590
phase,4000,0.9,107,1799,109,2201,1650
phase,4000,0.9,108,1769,67,2231,1642
phase,4000,0.9,109,1836,124,2165,1589
phase,4000,0.9,110,1813,77,2187,1614
phase,4000,0.9,111,1807,65,2193,1624
phase,4000,0.9,112,1828,75,2172,1608
phase,4000,0.9,113,1857,152,2143,1593
phase,4000,0.9,114,1738,51,2262,1691
phase,4000,0.9,115,1797,80,2205,1681
phase,4000,0.9,116,1815,73,2186,1613
phase,4000,0.9,117,1811,73,2189,1594
phase,4000,0.9,118,1774,133,2226,1641
phase,4000,0.9,119,1737,111,2264,1710
phase,4000,0.9,120,1793,64,2208,1643
phase,4000,0.9,121,1780,67,2220,1621
phase,4000,0.9,122,1838,130,2162,1587
phase,4000,0.9,123,1891,123,2109,1542
phase,4000,0.9,124,1809,138,2191,1598
phase,4000,0.9,125,1733,145,2267,1668
phase,4000,0.9,126,1781,151,2220,1658
phase,4000,0.9,127,1825,162,2175,1597
phase,4000,0.9,128,1805,85,2195,1651
phase,4000,0.9,129,1720,59,2280,1712
phase,4000,0.9,130,1844,199,2157,1594
phase,4000,0.9,131,1783,116,2218,1627
phase,4000,0.9,132,1805,110,2196,1612
phase,4000,0.9,133,1718,169,2284,1685
phase,4000,0.9,134,1769,52,2231,1655
phase,4000,0.9,135,1771,81,2231,1636
phase,4000,0.9,136,1786,88,2214,1631
phase,4000,0.9,137,1790,339,2211,1639
phase,4000,0.9,138,1799,61,2201,1615
phase,4000,0.9,139,1860,89,2141,1600
phase,4000,0.9,140,1766,64,2234,1666
phase,4000,0.9,141,1864,103,2136,1587
phase,4000,0.9,142,1837,62,2163,1586
phase,4000,0.9,143,1759,79,2241,1639
phase,4000,0.9,144,1771,37,2229,1627
phase,4000,0.9,145,1860,196,2140,1594
phase,4000,0.9,146,1785,82,2216,1660
phase,4000,0.9,147,1788,70,2212,1644
phase,4000,0.9,148,1793,66,2207,1603
phase,4000,0.9,149,1756,103,2245,1674
phase,4000,0.9,150,1898,122,2103,1566
phase,4000,0.9,151,1791,57,2210,1628
phase,4000,0.9,152,1793,92,2207,1641
phase,4000,0.9,153,1772,85,2229,1643
phase,4000,0.9,154,1819,91,2181,1614
phase,4000,0.9,155,1870,77,2132,1543
phase,4000,0.9,156,1860,212,2140,1585
phase,4000,0.9,157,1792,70,2208,1668
phase,4000,0.9,158,1731,53,2269,1679
phase,4000,0.9,159,1734,69,2266,1664
phase,4000,0.9,160,1773,52,2228,1623
phase,4000,0.9,161,1779,86,2222,1654
phase,4000,0.9,162,1879,135,2122,1533
phase,4000,0.9,163,1806,79,2195,1615
phase,4000,0.9,164,1750,65,2252,1655
phase,4000,0.9,165,1767,50,2233,1641
phase,4000,0.9,166,1805,193,2196,1622
phase,4000,0.9,167,1753,74,2247,1650
phase,4000,0.9,168,1858,59,2142,1585
phase,4000,0.9,169,1755,61,2246,1659
phase,4000,0.9,170,1753,48,2248,1667
phase,4000,0.9,171,1840,76,2160,1577
phase,4000,0.9,172,1864,106,2136,1593
phase,4000,0.9,173,1706,28,2294,1658
phase,4000,0.9,174,1739,50,2261,1648
phase,4000,0.9,175,1803,131,2197,1646
phase,4000,0.9,176,1826,145,2175,1610
phase,4000,0.9,177,1783,90,2218,1658
phase,4000,0.9,178,1797,91,2203,1636
phase,4000,0.9,179,1845,123,2155,1631
phase,4000,0.9,180,1817,92,2183,1606
phase,4000,0.9,181,1767,83,2233,1644
phase,4000,0.9,182,1735,201,2266,1699
phase,4000,0.9,183,1853,105,2148,1564
phase,4000,0.9,184,1728,77,2272,1703
phase,4000,0.9,185,1808,98,2193,1630
phase,4000,0.9,186,1763,101,2237,1670
phase,4000,0.9,187,1809,85,2191,1580
phase,4000,0.9,188,1833,82,2167,1615
phase,4000,0.9,189,1814,89,2186,1587
phase,4000,0.9,190,1835,101,2167,1590
phase,4000,0.9,191,1792,95,2208,1606
phase,4000,0.9,192,1822,67,2178,1653
phase,4000,0.9,193,1764,77,2236,1663
phase,4000,0.9,194,1822,85,2179,1597
phase,4000,0.9,195,1826,47,2174,1593
phase,4000,0.9,196,1799,107,2201,1601
phase,4000,0.9,197,1699,62,2301,1685
phase,4000,0.9,198,1781,114,2220,1643
phase,4000,0.9,199,1810,116,2191,1613
phase,4000,1.0,0,1948,225,2052,1513
phase,4000,1.0,1,2000,359,2002,1457
phase,4000,1.0,2,1879,138,2122,1543
phase,4000,1.0,3,1959,166,2042,1507
phase,4000,1.0,4,1977,300,2024,1476
phase,4000,1.0,5,2040,351,1963,1414
phase,4000,1.0,6,1941,339,2061,1534
phase,4000,1.0,7,2001,222,1999,1480
phase,4000,1.0,8,1950,280,2050,1523
phase,4000,1.0,9,1992,278,2011,1500
phase,4000,1.0,10,2040,452,1966,1470
phase,4000,1.0,11,1979,137,2022,1460
phase,4000,1.0,12,2007,137,1993,1445
phase,4000,1.0,13,2050,232,1951,1400
phase,4000,1.0,14,2011,299,1992,1477
phase,4000,1.0,15,1963,101,2038,1472
phase,4000,1.0,16,1959,171,2041,1501
phase,4000,1.0,17,2018,114,1983,1472
phase,4000,1.0,18,1992,291,2012,1499
phase,4000,1.0,19,1931,79,2069,1527
phase,4000,1.0,20,2014,308,1989,1455
phase,4000,1.0,21,2017,248,1983,1487
phase,4000,1.0,22,1991,155,2009,1437
phase,4000,1.0,23,2032,168,1968,1490
phase,4000,1.0,24,1979,188,2021,1493
phase,4000,1.0,25,1991,250,2011,1465
phase,4000,1.0,26,2017,249,1986,1480
phase,4000,1.0,27,2039,383,1962,1452
phase,4000,1.0,28,2059,277,1945,1427
phase,4000,1.0,29,1959,144,2043,1520
phase,4000,1.0,30,2008,363,1995,1470
phase,4000,1.0,31,2033,357,1968,1428
phase,4000,1.0,32,2030,127,1972,1472
phase,4000,1.0,33,1989,181,2011,1483
phase,4000,1.0,34,1961,134,2039,1493
phase,4000,1.0,35,1954,137,2046,1518
phase,4000,1.0,36,2012,258,1990,1458
phase,4000,1.0,37,2100,335,1902,1421
phase,4000,1.0,38,2022,325,1979,1435
phase,4000,1.0,39,2066,163,1934,1431
phase,4000,1.0,40,1994,229,2007,1439
phase,4000,1.0,41,1980,126,2020,1487
phase,4000,1.0,42,2026,134,1975,1450
phase,4000,1.0,43,1969,62,2031,1487
phase,4000,1.0,44,2031,318,1970,1465
phase,4000,1.0,45,1996,194,2005,1467
phase,4000,1.0,46,2059,135,1943,1395
phase,4000,1.0,47,2028,197,1977,1442
phase,4000,1.0,48,1972,186,2029,1504
phase,4000,1.0,49,1981,145,2019,1480
phase,4000,1.0,50,2033,197,1968,1450
phase,4000,1.0,51,1929,101,2072,1522
phase,4000,1.0,52,1977,318,2027,1478
phase,4000,1.0,53,2029,356,1975,1436
phase,4000,1.0,54,1999,287,2001,1477
phase,4000,1.0,55,1977,370,2025,1470
phase,4000,1.0,56,2091,315,1909,1407
phase,4000,1.0,57,1961,261,2040,1495
phase,4000,1.0,58,2103,197,1899,1396
phase,4000,1.0,59,1999,218,2003,1504
phase,4000,1.0,60,2006,181,1995,1462
phase,4000,1.0,61,2050,326,1957,1481
phase,4000,1.0,62,1978,424,2022,1499
phase,4000,1.0,63,1958,146,2046,1521
phase,4000,1.0,64,1959,199,2042,1501
phase,4000,1.0,65,2043,406,1961,1422
phase,4000,1.0,66,1981,212,2020,1481
phase,4000,1.0,67,1932,64,2069,1481
phase,4000,1.0,68,1902,51,2099,1546
phase,4000,1.0,69,1992,137,2009,1464
phase,4000,1.0,70,2037,245,1964,1425
phase,4000,1.0,71,1977,445,2024,1483
phase,4000,1.0,72,2019,391,1982,1468
phase,4000,1.0,73,2008,142,1993,1478
phase,4000,1.0,74,1963,63,2038,1490
phase,4000,1.0,75,2088,343,1912,1394
phase,4000,1.0,76,2007,377,1993,1479
phase,4000,1.0,77,2004,111,1996,1465
phase,4000,1.0,78,2057,143,1943,1450
phase,4000,1.0,79,2027,274,1975,1447
phase,4000,1.0,80,1973,128,2028,1464
phase,4000,1.0,81,2007,107,1993,1448
phase,4000,1.0,82,2017,254,1984,1471
phase,4000,1.0,83,2000,195,2001,1426
phase,4000,1.0,84,2030,386,1970,1417
phase,4000,1.0,85,2073,293,1928,1400
phase,4000,1.0,86,1982,91,2018,1476
phase,4000,1.0,87,1974,292,2027,1487
phase,4000,1.0,88,1924,162,2076,1565
phase,4000,1.0,89,2007,372,1994,1480
phase,4000,1.0,90,2034,403,1968,1429
phase,4000,1.0,91,2042,458,1961,1450
phase,4000,1.0,92,1980,247,2020,1497
phase,4000,1.0,93,2062,302,1939,1433
phase,4000,1.0,94,1976,147,2025,1508
phase,4000,1.0,95,1983,404,2017,1516
phase,4000,1.0,96,1969,114,2031,1477
phase,4000,1.0,97,2004,80,1997,1454
phase,4000,1.0,98,2025,359,1976,1450
phase,4000,1.0,99,2017,130,1984,1457
phase,4000,1.0,100,2031,247,1970,1429
phase,4000,1.0,101,2029,251,1973,1471
phase,4000,1.0,102,2000,64,2000,1440
phase,4000,1.0,103,2047,147,1955,1440
phase,4000,1.0,104,1933,252,2067,1528
phase,4000,1.0,105,1951,212,2049,1493
phase,4000,1.0,106,1947,116,2055,1498
phase,4000,1.0,107,2016,294,1987,1463
phase,4000,1.0,108,1967,103,2033,1468
phase,4000,1.0,109,2055,563,1953,1446
phase,4000,1.0,110,1983,256,2019,1500
phase,4000,1.0,111,1982,251,2018,1488
phase,4000,1.0,112,2055,247,1945,1417
phase,4000,1.0,113,2031,177,1969,1467
phase,4000,1.0,114,1977,401,2025,1480
phase,4000,1.0,115,1934,103,2067,1523
phase,4000,1.0,116,2011,377,1991,1459
phase,4000,1.0,117,1975,90,2025,1493
phase,4000,1.0,118,1980,169,2021,1441
phase,4000,1.0,119,1994,231,2009,1484
phase,4000,1.0,120,2084,603,1920,1432
phase,4000,1.0,121,1987,91,2013,1465
phase,4000,1.0,122,2116,634,1887,1412
phase,4000,1.0,123,1984,238,2017,1494
phase,4000,1.0,124,2099,388,1902,1372
phase,4000,1.0,125,2054,358,1949,1415
phase,4000,1.0,126,2004,372,1996,1482
phase,4000,1.0,127,2058,172,1943,1406
phase,4000,1.0,128,2017,253,1985,1468
phase,4000,1.0,129,2036,652,1966,1479
phase,4000,1.0,130,1991,186,2010,1473
phase,4000,1.0,131,1957,237,2043,1475
phase,4000,1.0,132,2013,131,1988,1461
phase,4000,1.0,133,2005,394,1995,1453
phase,4000,1.0,134,2058,438,1947,1442
phase,4000,1.0,135,2000,378,2000,1483
phase,4000,1.0,136,2037,118,1963,1412
phase,4000,1.0,137,1968,411,2033,1524
phase,4000,1.0,138,1971,321,2029,1470
phase,4000,1.0,139,1908,141,2093,1563
phase,4000,1.0,140,1927,140,2073,1546
phase,4000,1.0,141,1995,198,2007,1497
phase,4000,1.0,142,2052,184,1949,1426
phase,4000,1.0,143,2020,127,1981,1441
phase,4000,1.0,144,2038,140,1963,1425
phase,4000,1.0,145,1997,166,2005,1440
phase,4000,1.0,146,1951,112,2049,1531
phase,4000,1.0,147,1974,81,2026,1482
phase,4000,1.0,148,1949,168,2052,1522
phase,4000,1.0,149,2039,225,1962,1462
phase,4000,1.0,150,2049,215,1951,1440
phase,4000,1.0,151,1988,516,2014,1475
phase,4000,1.0,152,1992,324,2009,1508
phase,4000,1.0,153,1985,171,2016,1475
phase,4000,1.0,154,1926,187,2075,1499
phase,4000,1.0,155,1962,73,2040,1491
phase,4000,1.0,156,1993,188,2008,1442
phase,4000,1.0,157,2008,318,1994,1446
phase,4000,1.0,158,1988,247,2015,1492
phase,4000,1.0,159,1903,94,2097,1533
phase,4000,1.0,160,2067,193,1934,1435
phase,4000,1.0,161,2007,75,1993,1460
phase,4000,1.0,162,1989,296,2012,1498
phase,4000,1.0,163,2031,392,1969,1422
phase,4000,1.0,164,1972,470,2028,1501
phase,4000,1.0,165,2027,127,1974,1427
phase,4000,1.0,166,1995,203,2006,1458
phase,4000,1.0,167,2024,314,1977,1450
phase,4000,1.0,168,2020,187,1981,1463
phase,4000,1.0,169,1964,77,2037,1512
phase,4000,1.0,170,1986,252,2015,1476
phase,4000,1.0,171,2051,357,1950,1440
phase,4000,1.0,172,1974,191,2026,1519
phase,4000,1.0,173,1967,96,2033,1475
phase,4000,1.0,174,2033,374,1968,1443
phase,4000,1.0,175,2083,433,1920,1426
phase,4000,1.0,176,1945,110,2055,1510
phase,4000,1.0,177,1912,229,2088,1540
phase,4000,1.0,178,2030,641,1973,1454
phase,4000,1.0,179,2139,556,1863,1373
phase,4000,1.0,180,1874,219,2126,1603
phase,4000,1.0,181,1979,261,2021,1480
phase,4000,1.0,182,1983,193,2017,1507
phase,4000,1.0,183,1997,83,2003,1440
phase,4000,1.0,184,2039,223,1962,1422
phase,4000,1.0,185,2047,416,1953,1434
phase,4000,1.0,186,1965,205,2036,1485
phase,4000,1.0,187,2101,564,1901,1369
phase,4000,1.0,188,2002,329,1998,1487
phase,4000,1.0,189,1995,240,2005,1461
phase,4000,1.0,190,2007,98,1995,1446
phase,4000,1.0,191,1953,111,2047,1503
phase,4000,1.0,192,1920,113,2081,1531
phase,4000,1.0,193,2032,388,1969,1455
phase,4000,1.0,194,1996,122,2004,1479
phase,4000,1.0,195,2033,514,1969,1469
phase,4000,1.0,196,1902,151,2098,1580
phase,4000,1.0,197,2060,517,1945,1403
phase,4000,1.0,198,1964,75,2037,1486
phase,4000,1.0,199,1972,205,2028,1485
phase,4000,1.1,0,2174,709,1834,1358
phase,4000,1.1,1,2237,1004,1771,1330
phase,4000,1.1,2,2192,531,1810,1355
phase,4000,1.1,3,2214,365,1786,1306
phase,4000,1.1,4,2153,153,1848,1348
phase,4000,1.1,5,2134,763,1871,1396
phase,4000,1.1,6,2242,306,1758,1294
phase,4000,1.1,7,2114,557,1890,1407
phase,4000,1.1,8,2220,860,1792,1302
phase,4000,1.1,9,2152,798,1850,1400
phase,4000,1.1,10,2227,466,1780,1302
phase,4000,1.1,11,2203,707,1802,1295
phase,4000,1.1,12,2161,277,1840,1323
phase,4000,1.1,13,2143,274,1858,1365
phase,4000,1.1,14,2230,516,1772,1335
phase,4000,1.1,15,2237,831,1768,1311
phase,4000,1.1,16,2221,703,1782,1326
phase,4000,1.1,17,2200,553,1803,1318
phase,4000,1.1,18,2164,532,1837,1364
phase,4000,1.1,19,2212,1013,1795,1333
phase,4000,1.1,20,2213,680,1793,1300
phase,4000,1.1,21,2276,780,1728,1280
phase,4000,1.1,22,2224,937,1781,1334
phase,4000,1.1,23,2218,283,1785,1287
phase,4000,1.1,24,2154,507,1847,1328
phase,4000,1.1,25,2224,793,1779,1326
phase,4000,1.1,26,2139,393,1863,1345
phase,4000,1.1,27,2254,990,1752,1299
phase,4000,1.1,28,2157,523,1844,1357
phase,4000,1.1,29,2139,375,1863,1368
phase,4000,1.1,30,2195,840,1808,1344
phase,4000,1.1,31,2180,423,1822,1349
phase,4000,1.1,32,2128,205,1874,1377
phase,4000,1.1,33,2178,625,1823,1370
phase,4000,1.1,34,2211,537,1792,1328
phase,4000,1.1,35,2217,635,1788,1313
phase,4000,1.1,36,2148,313,1853,1374
phase,4000,1.1,37,2252,955,1754,1311
phase,4000,1.1,38,2191,653,1814,1331
phase,4000,1.1,39,2143,541,1857,1379
phase,4000,1.1,40,2123,331,1878,1364
phase,4000,1.1,41,2149,243,1851,1339
phase,4000,1.1,42,2180,824,1825,1376
phase,4000,1.1,43,2167,493,1836,1390
phase,4000,1.1,44,2202,403,1800,1301
phase,4000,1.1,45,2199,510,1805,1319
phase,4000,1.1,46,2260,744,1742,1291
phase,4000,1.1,47,2192,779,1811,1330
phase,4000,1.1,48,2145,687,1856,1354
phase,4000,1.1,49,2226,995,1782,1308
phase,4000,1.1,50,2178,504,1825,1327
phase,4000,1.1,51,2204,370,1797,1345
phase,4000,1.1,52,2186,460,1817,1310
phase,4000,1.1,53,2101,231,1899,1407
phase,4000,1.1,54,2243,807,1763,1275
phase,4000,1.1,55,2262,752,1743,1275
phase,4000,1.1,56,2157,594,1846,1349
phase,4000,1.1,57,2109,602,1895,1394
phase,4000,1.1,58,2201,799,1805,1332
phase,4000,1.1,59,2224,873,1783,1336
phase,4000,1.1,60,2196,679,1807,1338
phase,4000,1.1,61,2059,103,1941,1431
phase,4000,1.1,62,2205,565,1795,1293
phase,4000,1.1,63,2228,747,1781,1292
phase,4000,1.1,64,2236,664,1774,1325
phase,4000,1.1,65,2214,529,1789,1311
phase,4000,1.1,66,2228,954,1778,1335
phase,4000,1.1,67,2183,620,1821,1364
phase,4000,1.1,68,2147,591,1857,1340
phase,4000,1.1,69,2175,424,1829,1320
phase,4000,1.1,70,2207,938,1798,1339
phase,4000,1.1,71,2193,797,1813,1338
phase,4000,1.1,72,2229,881,1782,1320
phase,4000,1.1,73,2256,602,1746,1291
phase,4000,1.1,74,2206,726,1796,1327
phase,4000,1.1,75,2177,404,1825,1347
phase,4000,1.1,76,2187,244,1814,1344
phase,4000,1.1,77,2201,789,1803,1344
phase,4000,1.1,78,2181,549,1823,1366
phase,4000,1.1,79,2175,763,1831,1380
phase,4000,1.1,80,2309,906,1695,1234
phase,4000,1.1,81,2254,898,1754,1319
phase,4000,1.1,82,2171,654,1831,1337
phase,4000,1.1,83,2279,751,1731,1273
phase,4000,1.1,84,2222,548,1782,1344
phase,4000,1.1,85,2215,937,1787,1304
phase,4000,1.1,86,2216,658,1790,1311
phase,4000,1.1,87,2165,818,1844,1382
phase,4000,1.1,88,2224,507,1780,1315
phase,4000,1.1,89,2144,368,1858,1359
phase,4000,1.1,90,2212,354,1791,1283
phase,4000,1.1,91,2137,701,1870,1389
phase,4000,1.1,92,2177,834,1832,1363
phase,4000,1.1,93,2186,622,1821,1354
phase,4000,1.1,94,2218,760,1792,1312
phase,4000,1.1,95,2207,879,1795,1328
phase,4000,1.1,96,2116,178,1884,1383
phase,4000,1.1,97,2254,958,1752,1283
phase,4000,1.1,98,2156,399,1844,1297
phase,4000,1.1,99,2252,857,1748,1290
phase,4000,1.1,100,2150,678,1855,1375
phase,4000,1.1,101,2153,526,1849,1330
phase,4000,1.1,102,2201,544,1804,1308
phase,4000,1.1,103,2161,444,1839,1376
phase,4000,1.1,104,2193,465,1811,1327
phase,4000,1.1,105,2178,439,1824,1347
phase,4000,1.1,106,2085,227,1916,1418
phase,4000,1.1,107,2229,875,1782,1313
phase,4000,1.1,108,2234,820,1771,1309
phase,4000,1.1,109,2183,279,1820,1305
phase,4000,1.1,110,2269,903,1735,1275
phase,4000,1.1,111,2171,420,1831,1322
phase,4000,1.1,112,2186,675,1819,1353
phase,4000,1.1,113,2221,411,1780,1308
phase,4000,1.1,114,2245,881,1763,1294
phase,4000,1.1,115,2211,412,1791,1294
phase,4000,1.1,116,2184,408,1817,1326
phase,4000,1.1,117,2141,456,1860,1359
phase,4000,1.1,118,2135,292,1867,1364
phase,4000,1.1,119,2200,679,1806,1350
phase,4000,1.1,120,2198,499,1804,1322
phase,4000,1.1,121,2227,914,1776,1345
phase,4000,1.1,122,2224,726,1781,1314
phase,4000,1.1,123,2186,572,1816,1332
phase,4000,1.1,124,2172,682,1833,1369
phase,4000,1.1,125,2219,950,1787,1298
phase,4000,1.1,126,2176,184,1825,1318
phase,4000,1.1,127,2155,793,1851,1397
phase,4000,1.1,128,2255,917,1752,1304
phase,4000,1.1,129,2189,776,1814,1329
phase,4000,1.1,130,2152,564,1851,1370
phase,4000,1.1,131,2170,337,1831,1345
phase,4000,1.1,132,2231,718,1775,1327
phase,4000,1.1,133,2244,942,1766,1297
phase,4000,1.1,134,2142,482,1862,1366
phase,4000,1.1,135,2190,696,1811,1353
phase,4000,1.1,136,2205,496,1799,1315
phase,4000,1.1,137,2278,550,1723,1278
phase,4000,1.1,138,2188,612,1815,1370
phase,4000,1.1,139,2265,237,1736,1253
phase,4000,1.1,140,2204,346,1798,1338
phase,4000,1.1,141,2193,597,1810,1335
phase,4000,1.1,142,2258,733,1743,1265
phase,4000,1.1,143,2280,1025,1736,1271
phase,4000,1.1,144,2186,531,1818,1338
phase,4000,1.1,145,2195,640,1808,1317
phase,4000,1.1,146,2219,1010,1789,1326
phase,4000,1.1,147,2265,968,1739,1270
phase,4000,1.1,148,2190,635,1817,1356
phase,4000,1.1,149,2195,997,1816,1339
phase,4000,1.1,150,2215,792,1796,1361
phase,4000,1.1,151,2218,753,1784,1318
phase,4000,1.1,152,2204,678,1803,1318
phase,4000,1.1,153,2198,693,1806,1360
phase,4000,1.1,154,2253,1115,1754,1305
phase,4000,1.1,155,2197,696,1809,1349
phase,4000,1.1,156,2174,789,1836,1372
phase,4000,1.1,157,2185,257,1816,1312
phase,4000,1.1,158,2139,339,1862,1341
phase,4000,1.1,159,2235,889,1772,1304
phase,4000,1.1,160,2192,886,1820,1331
phase,4000,1.1,161,2066,246,1935,1435
phase,4000,1.1,162,2221,655,1781,1326
phase,4000,1.1,163,2144,551,1858,1337
phase,4000,1.1,164,2219,895,1786,1341
phase,4000,1.1,165,2218,903,1789,1352
phase,4000,1.1,166,2145,381,1857,1360
phase,4000,1.1,167,2224,786,1780,1321
phase,4000,1.1,168,2155,412,1851,1330
phase,4000,1.1,169,2184,627,1821,1339
phase,4000,1.1,170,2197,723,1805,1343
phase,4000,1.1,171,2182,442,1826,1329
phase,4000,1.1,172,2207,158,1794,1319
phase,4000,1.1,173,2261,1123,1754,1297
phase,4000,1.1,174,2238,432,1763,1273
phase,4000,1.1,175,2271,722,1736,1293
phase,4000,1.1,176,2146,737,1861,1354
phase,4000,1.1,177,2215,662,1787,1318
phase,4000,1.1,178,2186,662,1816,1347
phase,4000,1.1,179,2156,361,1846,1354
phase,4000,1.1,180,2110,162,1893,1424
phase,4000,1.1,181,2262,691,1743,1309
phase,4000,1.1,182,2101,396,1902,1392
phase,4000,1.1,183,2222,1050,1793,1345
phase,4000,1.1,184,2193,745,1810,1320
phase,4000,1.1,185,2247,937,1759,1288
phase,4000,1.1,186,2265,971,1748,1254
phase,4000,1.1,187,2180,892,1823,1371
phase,4000,1.1,188,2255,762,1752,1322
phase,4000,1.1,189,2195,479,1807,1326
phase,4000,1.1,190,2268,955,1737,1301
phase,4000,1.1,191,2149,226,1854,1383
phase,4000,1.1,192,2175,577,1825,1320
phase,4000,1.1,193,2271,613,1730,1306
phase,4000,1.1,194,2278,1012,1732,1270
phase,4000,1.1,195,2205,560,1798,1323
phase,4000,1.1,196,2213,996,1792,1341
phase,4000,1.1,197,2161,774,1842,1378
phase,4000,1.1,198,2246,733,1763,1312
phase,4000,1.1,199,2155,338,1846,1350
phase,4000,1.2,0,2481,1622,1542,1180
phase,4000,1.2,1,2417,1264,1598,1171
phase,4000,1.2,2,2392,1078,1630,1200
phase,4000,1.2,3,2370,1150,1650,1239
phase,4000,1.2,4,2309,1026,1697,1254
phase,4000,1.2,5,2409,1263,1622,1221
phase,4000,1.2,6,2412,1163,1599,1182
phase,4000,1.2,7,2399,1240,1610,1185
phase,4000,1.2,8,2407,1222,1613,1207
phase,4000,1.2,9,2415,1070,1603,1153
phase,4000,1.2,10,2468,1267,1552,1145
phase,4000,1.2,11,2425,1275,1599,1182
phase,4000,1.2,12,2511,1602,1521,1146
phase,4000,1.2,13,2392,1308,1621,1223
phase,4000,1.2,14,2356,871,1658,1208
phase,4000,1.2,15,2451,1327,1576,1161
phase,4000,1.2,16,2356,1050,1653,1249
phase,4000,1.2,17,2324,1007,1690,1258
phase,4000,1.2,18,2446,1360,1564,1176
phase,4000,1.2,19,2393,976,1617,1182
phase,4000,1.2,20,2454,1473,1579,1196
phase,4000,1.2,21,2340,837,1668,1227
phase,4000,1.2,22,2367,792,1639,1182
phase,4000,1.2,23,2414,1397,1604,1198
phase,4000,1.2,24,2412,1136,1597,1181
phase,4000,1.2,25,2478,1448,1552,1176
phase,4000,1.2,26,2376,1116,1637,1245
phase,4000,1.2,27,2404,892,1600,1194
phase,4000,1.2,28,2379,1235,1633,1221
phase,4000,1.2,29,2400,1246,1616,1207
phase,4000,1.2,30,2402,1226,1608,1205
phase,4000,1.2,31,2383,1069,1632,1226
phase,4000,1.2,32,2369,1002,1642,1198
phase,4000,1.2,33,2468,1397,1557,1178
phase,4000,1.2,34,2393,844,1615,1211
phase,4000,1.2,35,2354,1099,1660,1252
phase,4000,1.2,36,2406,1364,1611,1214
phase,4000,1.2,37,2445,1241,1566,1171
phase,4000,1.2,38,2450,1205,1561,1152
phase,4000,1.2,39,2269,1054,1738,1301
phase,4000,1.2,40,2411,1281,1600,1189
phase,4000,1.2,41,2376,1364,1645,1239
phase,4000,1.2,42,2392,1385,1635,1229
phase,4000,1.2,43,2396,1253,1625,1209
phase,4000,1.2,44,2414,1203,1612,1221
phase,4000,1.2,45,2407,1235,1603,1188
phase,4000,1.2,46,2376,1287,1649,1213
phase,4000,1.2,47,2376,1074,1642,1205
phase,4000,1.2,48,2435,1386,1580,1195
phase,4000,1.2,49,2471,1579,1575,1208
phase,4000,1.2,50,2459,1261,1558,1149
phase,4000,1.2,51,2438,1346,1587,1187
phase,4000,1.2,52,2306,1095,1702,1264
phase,4000,1.2,53,2414,924,1598,1182
phase,4000,1.2,54,2390,1179,1623,1205
phase,4000,1.2,55,2324,1087,1688,1257
phase,4000,1.2,56,2360,1335,1661,1257
phase,4000,1.2,57,2322,847,1682,1225
phase,4000,1.2,58,2416,1334,1605,1212
phase,4000,1.2,59,2435,1298,1586,1165
phase,4000,1.2,60,2511,1463,1499,1129
phase,4000,1.2,61,2353,1121,1658,1246
phase,4000,1.2,62,2317,942,1693,1246
phase,4000,1.2,63,2434,1324,1582,1237
phase,4000,1.2,64,2447,1394,1574,1183
phase,4000,1.2,65,2295,1288,1727,1316
phase,4000,1.2,66,2329,1269,1686,1263
phase,4000,1.2,67,2344,1170,1665,1242
phase,4000,1.2,68,2446,1364,1574,1185
phase,4000,1.2,69,2424,1286,1591,1197
phase,4000,1.2,70,2354,1343,1679,1278
phase,4000,1.2,71,2423,1195,1595,1187
phase,4000,1.2,72,2565,1645,1471,1100
phase,4000,1.2,73,2452,1373,1562,1138
phase,4000,1.2,74,2364,1245,1651,1255
phase,4000,1.2,75,2441,1295,1581,1166
phase,4000,1.2,76,2344,1261,1668,1259
phase,4000,1.2,77,2334,983,1674,1225
phase,4000,1.2,78,2409,1364,1604,1216
phase,4000,1.2,79,2368,934,1640,1191
phase,4000,1.2,80,2401,1170,1615,1185
phase,4000,1.2,81,2359,1077,1665,1251
phase,4000,1.2,82,2452,1387,1571,1176
phase,4000,1.2,83,2395,951,1613,1197
phase,4000,1.2,84,2404,1013,1603,1183
phase,4000,1.2,85,2280,985,1726,1236
phase,4000,1.2,86,2366,1252,1650,1243
phase,4000,1.2,87,2473,1268,1545,1134
phase,4000,1.2,88,2441,1444,1590,1183
phase,4000,1.2,89,2412,1531,1607,1232
phase,4000,1.2,90,2422,1288,1597,1165
phase,4000,1.2,91,2353,951,1654,1221
phase,4000,1.2,92,2469,1268,1549,1131
phase,4000,1.2,93,2351,1048,1657,1238
phase,4000,1.2,94,2362,1152,1644,1213
phase,4000,1.2,95,2454,1339,1553,1154
phase,4000,1.2,96,2420,1310,1603,1204
phase,4000,1.2,97,2411,1216,1614,1208
phase,4000,1.2,98,2423,979,1584,1177
phase,4000,1.2,99,2355,1228,1655,1235
phase,4000,1.2,100,2451,1289,1565,1158
phase,4000,1.2,101,2360,1289,1655,1257
phase,4000,1.2,102,2418,1025,1595,1180
phase,4000,1.2,103,2373,1286,1650,1246
phase,4000,1.2,104,2345,988,1662,1219
phase,4000,1.2,105,2304,1006,1707,1251
phase,4000,1.2,106,2419,1380,1617,1210
phase,4000,1.2,107,2350,1066,1664,1258
phase,4000,1.2,108,2468,1469,1552,1168
phase,4000,1.2,109,2268,448,1732,1248
phase,4000,1.2,110,2454,1405,1565,1175
phase,4000,1.2,111,2377,1284,1633,1241
phase,4000,1.2,112,2375,1275,1640,1236
phase,4000,1.2,113,2394,1128,1621,1228
phase,4000,1.2,114,2410,1298,1615,1209
phase,4000,1.2,115,2480,1322,1549,1140
phase,4000,1.2,116,2403,1326,1612,1214
phase,4000,1.2,117,2462,1546,1548,1155
phase,4000,1.2,118,2446,1377,1574,1174
phase,4000,1.2,119,2410,1244,1605,1203
phase,4000,1.2,120,2358,1192,1652,1214
phase,4000,1.2,121,2410,1293,1603,1208
phase,4000,1.2,122,2347,1171,1666,1233
phase,4000,1.2,123,2506,1426,1508,1147
phase,4000,1.2,124,2328,1208,1694,1274
phase,4000,1.2,125,2319,972,1696,1229
phase,4000,1.2,126,2427,1150,1582,1141
phase,4000,1.2,127,2356,892,1648,1214
phase,4000,1.2,128,2393,1353,1634,1249
phase,4000,1.2,129,2386,1260,1628,1204
phase,4000,1.2,130,2438,1521,1603,1215
phase,4000,1.2,131,2385,1184,1627,1206
phase,4000,1.2,132,2367,1306,1648,1236
phase,4000,1.2,133,2341,833,1670,1192
phase,4000,1.2,134,2468,1571,1552,1182
phase,4000,1.2,135,2396,1213,1614,1194
phase,4000,1.2,136,2377,1125,1631,1208
phase,4000,1.2,137,2419,1290,1595,1200
phase,4000,1.2,138,2403,1223,1613,1174
phase,4000,1.2,139,2415,1462,1601,1221
phase,4000,1.2,140,2418,1349,1623,1218
phase,4000,1.2,141,2518,1466,1510,1132
phase,4000,1.2,142,2363,1297,1656,1266
phase,4000,1.2,143,2386,1105,1627,1232
phase,4000,1.2,144,2433,1396,1589,1198
phase,4000,1.2,145,2314,927,1699,1284
phase,4000,1.2,146,2351,1230,1671,1293
phase,4000,1.2,147,2398,1255,1620,1243
phase,4000,1.2,148,2381,1358,1638,1248
phase,4000,1.2,149,2358,1272,1653,1231
phase,4000,1.2,150,2338,945,1673,1207
phase,4000,1.2,151,2371,1175,1643,1209
phase,4000,1.2,152,2358,1300,1663,1248
phase,4000,1.2,153,2430,1338,1596,1188
phase,4000,1.2,154,2432,1422,1586,1161
phase,4000,1.2,155,2374,993,1640,1241
phase,4000,1.2,156,2360,1339,1656,1265
phase,4000,1.2,157,2347,1210,1665,1213
phase,4000,1.2,158,2389,1013,1613,1176
phase,4000,1.2,159,2416,1317,1603,1205
phase,4000,1.2,160,2371,956,1640,1189
phase,4000,1.2,161,2324,1149,1692,1269
phase,4000,1.2,162,2384,1138,1630,1234
phase,4000,1.2,163,2375,1330,1646,1233
phase,4000,1.2,164,2379,893,1632,1179
phase,4000,1.2,165,2393,1351,1616,1203
phase,4000,1.2,166,2443,1398,1578,1165
phase,4000,1.2,167,2371,1184,1650,1229
phase,4000,1.2,168,2416,1409,1613,1202
phase,4000,1.2,169,2331,928,1681,1239
phase,4000,1.2,170,2378,1298,1641,1205
phase,4000,1.2,171,2346,1066,1666,1216
phase,4000,1.2,172,2390,852,1616,1167
phase,4000,1.2,173,2465,1366,1565,1173
phase,4000,1.2,174,2378,1195,1641,1204
phase,4000,1.2,175,2384,1279,1632,1255
phase,4000,1.2,176,2385,1185,1624,1188
phase,4000,1.2,177,2457,1389,1565,1174
phase,4000,1.2,178,2435,1397,1591,1225
phase,4000,1.2,179,2404,1477,1630,1246
phase,4000,1.2,180,2397,1064,1615,1210
phase,4000,1.2,181,2402,1225,1613,1206
phase,4000,1.2,182,2477,1475,1543,1147
phase,4000,1.2,183,2445,1257,1576,1171
phase,4000,1.2,184,2386,1283,1625,1214
phase,4000,1.2,185,2353,1130,1665,1247
phase,4000,1.2,186,2487,1341,1540,1142
phase,4000,1.2,187,2400,1375,1620,1221
phase,4000,1.2,188,2401,1090,1619,1182
phase,4000,1.2,189,2467,1497,1557,1176
phase,4000,1.2,190,2425,1321,1603,1206
phase,4000,1.2,191,2374,1149,1637,1211
phase,4000,1.2,192,2406,1205,1601,1188
phase,4000,1.2,193,2354,1230,1674,1265
phase,4000,1.2,194,2418,1288,1605,1205
phase,4000,1.2,195,2423,1289,1590,1164
phase,4000,1.2,196,2423,1198,1588,1182
phase,4000,1.2,197,2411,1210,1613,1218
phase,4000,1.2,198,2399,1250,1615,1219
phase,4000,1.2,199,2309,869,1701,1262
phase,4000,1.4,0,2837,2097,1265,962
phase,4000,1.4,1,2812,1994,1268,928
phase,4000,1.4,2,2851,2087,1244,936
phase,4000,1.4,3,2809,1957,1259,952
phase,4000,1.4,4,2695,2000,1385,1085
phase,4000,1.4,5,2711,1960,1363,1051
phase,4000,1.4,6,2846,2102,1238,941
phase,4000,1.4,7,2796,2118,1310,1020
phase,4000,1.4,8,2887,2219,1240,976
phase,4000,1.4,9,2683,1863,1362,1037
phase,4000,1.4,10,2834,2165,1264,968
phase,4000,1.4,11,2738,1912,1337,1015
phase,4000,1.4,12,2748,1977,1308,991
phase,4000,1.4,13,2817,1988,1253,928
phase,4000,1.4,14,2792,2107,1317,1019
phase,4000,1.4,15,2735,1916,1336,1008
phase,4000,1.4,16,2785,2045,1293,972
phase,4000,1.4,17,2730,1845,1337,1014
phase,4000,1.4,18,2820,1951,1264,940
phase,4000,1.4,19,2781,1995,1288,979
phase,4000,1.4,20,2800,1947,1269,961
phase,4000,1.4,21,2821,2100,1260,942
phase,4000,1.4,22,2748,2040,1337,1030
phase,4000,1.4,23,2797,2087,1288,991
phase,4000,1.4,24,2798,2059,1285,977
phase,4000,1.4,25,2839,1984,1257,947
phase,4000,1.4,26,2774,1974,1312,993
phase,4000,1.4,27,2826,2167,1267,996
phase,4000,1.4,28,2798,2055,1289,985
phase,4000,1.4,29,2904,2189,1211,938
phase,4000,1.4,30,2784,2048,1305,1003
phase,4000,1.4,31,2754,1929,1321,978
phase,4000,1.4,32,2993,2337,1141,890
phase,4000,1.4,33,2746,1847,1337,1005
phase,4000,1.4,34,2822,2104,1265,959
phase,4000,1.4,35,2708,1757,1358,983
phase,4000,1.4,36,2771,1963,1328,1024
phase,4000,1.4,37,2880,2156,1238,939
phase,4000,1.4,38,2823,2077,1258,981
phase,4000,1.4,39,2816,2007,1266,960
phase,4000,1.4,40,2817,2059,1294,987
phase,4000,1.4,41,2737,1917,1325,1005
phase,4000,1.4,42,2764,2008,1322,1008
phase,4000,1.4,43,2849,2076,1245,958
phase,4000,1.4,44,2835,2090,1266,968
phase,4000,1.4,45,2768,1973,1332,1021
phase,4000,1.4,46,2828,2079,1274,978
phase,4000,1.4,47,2883,2246,1206,925
phase,4000,1.4,48,2819,2089,1279,995
phase,4000,1.4,49,2777,2103,1302,1013
phase,4000,1.4,50,2869,2075,1234,923
phase,4000,1.4,51,2779,2003,1301,982
phase,4000,1.4,52,2798,2109,1309,1009
phase,4000,1.4,53,2788,2063,1295,996
phase,4000,1.4,54,2790,1931,1301,972
phase,4000,1.4,55,2694,1861,1363,1026
phase,4000,1.4,56,2818,1991,1291,967
phase,4000,1.4,57,2765,1974,1322,1017
phase,4000,1.4,58,2783,2036,1299,1005
phase,4000,1.4,59,2800,2089,1294,982
phase,4000,1.4,60,2806,1958,1290,981
phase,4000,1.4,61,2795,2078,1301,1017
phase,4000,1.4,62,2819,2140,1299,1038
phase,4000,1.4,63,2764,1939,1310,1004
phase,4000,1.4,64,2807,2190,1282,1008
phase,4000,1.4,65,2680,1816,1364,1037
phase,4000,1.4,66,2774,2067,1286,989
phase,4000,1.4,67,2772,2045,1310,1001
phase,4000,1.4,68,2694,1925,1374,1057
phase,4000,1.4,69,2799,2046,1292,1000
phase,4000,1.4,70,2740,1944,1333,1020
phase,4000,1.4,71,2840,2084,1260,973
phase,4000,1.4,72,2857,2126,1243,980
phase,4000,1.4,73,2824,2053,1275,991
phase,4000,1.4,74,2810,2104,1278,992
phase,4000,1.4,75,2738,2001,1330,1026
phase,4000,1.4,76,2885,2215,1232,940
phase,4000,1.4,77,2790,1976,1282,975
phase,4000,1.4,78,2803,1923,1282,965
phase,4000,1.4,79,2800,2016,1292,1002
phase,4000,1.4,80,2756,1985,1319,1024
phase,4000,1.4,81,2805,2085,1280,975
phase,4000,1.4,82,2777,2016,1341,1027
phase,4000,1.4,83,2839,2030,1263,955
phase,4000,1.4,84,2747,1859,1315,985
phase,4000,1.4,85,2842,2097,1251,950
phase,4000,1.4,86,2767,1986,1317,1001
phase,4000,1.4,87,2931,2256,1202,927
phase,4000,1.4,88,2819,2060,1264,968
phase,4000,1.4,89,2805,2082,1282,984
phase,4000,1.4,90,2807,2079,1288,976
phase,4000,1.4,91,2907,2178,1235,977
phase,4000,1.4,92,2806,2048,1290,1003
phase,4000,1.4,93,2791,2069,1277,979
phase,4000,1.4,94,2800,2115,1302,1029
phase,4000,1.4,95,2816,2126,1267,1001
phase,4000,1.4,96,2753,1914,1328,998
phase,4000,1.4,97,2780,1943,1298,964
phase,4000,1.4,98,2795,2104,1291,1018
phase,4000,1.4,99,2814,2109,1282,986
phase,4000,1.4,100,2830,2045,1273,982
phase,4000,1.4,101,2871,2166,1228,942
phase,4000,1.4,102,2796,2043,1299,982
phase,4000,1.4,103,2738,1949,1324,992
phase,4000,1.4,104,2890,2089,1211,898
phase,4000,1.4,105,2858,2131,1250,970
phase,4000,1.4,106,2795,2033,1286,979
phase,4000,1.4,107,2719,1966,1356,1031
phase,4000,1.4,108,2930,2230,1182,912
phase,4000,1.4,109,2903,2220,1209,932
phase,4000,1.4,110,2811,2155,1264,986
phase,4000,1.4,111,2734,1929,1344,1031
phase,4000,1.4,112,2754,2006,1355,1045
phase,4000,1.4,113,2863,2158,1244,962
phase,4000,1.4,114,2747,1970,1344,1033
phase,4000,1.4,115,2829,2074,1275,966
phase,4000,1.4,116,2910,2093,1206,923
phase,4000,1.4,117,2771,1932,1311,1010
phase,4000,1.4,118,2847,2128,1238,942
phase,4000,1.4,119,2745,2069,1336,1030
phase,4000,1.4,120,2772,1966,1305,1011
phase,4000,1.4,121,2839,2071,1259,984
phase,4000,1.4,122,2714,1952,1349,1029
phase,4000,1.4,123,2898,2250,1231,972
phase,4000,1.4,124,2762,1921,1316,1006
phase,4000,1.4,125,2800,2064,1288,992
phase,4000,1.4,126,2803,2115,1279,991
phase,4000,1.4,127,2710,1931,1357,1028
phase,4000,1.4,128,2646,1665,1400,1060
phase,4000,1.4,129,2867,2259,1244,952
phase,4000,1.4,130,2819,2082,1273,973
phase,4000,1.4,131,2846,2161,1258,963
phase,4000,1.4,132,2846,2130,1273,979
phase,4000,1.4,133,2769,1926,1307,988
phase,4000,1.4,134,2870,2052,1238,926
phase,4000,1.4,135,2893,2242,1225,958
phase,4000,1.4,136,2777,2052,1313,1018
phase,4000,1.4,137,2907,2196,1185,900
phase,4000,1.4,138,2771,2018,1283,979
phase,4000,1.4,139,2836,2053,1246,933
phase,4000,1.4,140,2836,2079,1273,967
phase,4000,1.4,141,2824,2072,1272,990
phase,4000,1.4,142,2787,1994,1275,961
phase,4000,1.4,143,2824,2041,1254,923
phase,4000,1.4,144,2807,2010,1299,999
phase,4000,1.4,145,2884,2161,1226,939
phase,4000,1.4,146,2841,2101,1262,966
phase,4000,1.4,147,2804,2092,1266,963
phase,4000,1.4,148,2850,2087,1251,981
phase,4000,1.4,149,2811,2023,1277,954
phase,4000,1.4,150,2728,1909,1334,1007
phase,4000,1.4,151,2744,1923,1353,1009
phase,4000,1.4,152,2756,2025,1310,1013
phase,4000,1.4,153,2819,2153,1271,977
phase,4000,1.4,154,2887,2138,1217,947
phase,4000,1.4,155,2811,1965,1259,937
phase,4000,1.4,156,2756,1941,1316,1007
phase,4000,1.4,157,2796,2057,1293,997
phase,4000,1.4,158,2834,2169,1260,977
phase,4000,1.4,159,2889,2247,1235,975
phase,4000,1.4,160,2820,2109,1281,975
phase,4000,1.4,161,2756,1873,1302,972
phase,4000,1.4,162,2738,1998,1318,1010
phase,4000,1.4,163,2830,2068,1295,998
phase,4000,1.4,164,2805,2003,1282,980
phase,4000,1.4,165,2772,2058,1305,1010
phase,4000,1.4,166,2791,1928,1301,973
phase,4000,1.4,167,2839,2039,1257,970
phase,4000,1.4,168,2785,2091,1300,994
phase,4000,1.4,169,2829,2002,1247,942
phase,4000,1.4,170,2779,2022,1323,1029
phase,4000,1.4,171,2792,2081,1290,1019
phase,4000,1.4,172,2758,1961,1341,1017
phase,4000,1.4,173,2798,1985,1296,987
phase,4000,1.4,174,2782,1892,1290,978
phase,4000,1.4,175,2720,1941,1355,1029
phase,4000,1.4,176,2757,1970,1309,980
phase,4000,1.4,177,2739,2016,1325,1036
phase,4000,1.4,178,2898,2139,1226,958
phase,4000,1.4,179,2935,2221,1195,921
phase,4000,1.4,180,2909,2260,1207,940
phase,4000,1.4,181,2728,1880,1358,1009
phase,4000,1.4,182,2717,2050,1371,1062
phase,4000,1.4,183,2792,2065,1331,1037
phase,4000,1.4,184,2866,2206,1250,951
phase,4000,1.4,185,2775,2090,1310,1018
phase,4000,1.4,186,2799,2046,1283,990
phase,4000,1.4,187,2848,2025,1240,931
phase,4000,1.4,188,2793,2068,1294,994
phase,4000,1.4,189,2838,2114,1272,988
phase,4000,1.4,190,2728,1990,1333,1016
phase,4000,1.4,191,2726,1744,1328,974
phase,4000,1.4,192,2761,2069,1314,1022
phase,4000,1.4,193,2872,2115,1244,959
phase,4000,1.4,194,2885,2096,1227,935
phase,4000,1.4,195,2763,2042,1346,1054
phase,4000,1.4,196,2753,1901,1308,988
phase,4000,1.4,197,2829,2134,1286,1005
phase,4000,1.4,198,2862,2175,1250,979
phase,4000,1.4,199,2800,1950,1294,967
phase,4000,1.6,0,3262,2609,999,784
phase,4000,1.6,1,3201,2502,1031,809
phase,4000,1.6,2,3162,2537,1048,823
phase,4000,1.6,3,3226,2625,1008,796
phase,4000,1.6,4,3183,2560,1047,826
phase,4000,1.6,5,3192,2593,1046,837
phase,4000,1.6,6,3355,2656,965,775
phase,4000,1.6,7,3300,2635,952,737
phase,4000,1.6,8,3169,2526,1059,850
phase,4000,1.6,9,3131,2478,1060,821
phase,4000,1.6,10,3288,2645,962,754
phase,4000,1.6,11,3165,2472,1040,808
phase,4000,1.6,12,3152,2443,1085,850
phase,4000,1.6,13,3208,2599,1034,821
phase,4000,1.6,14,3220,2553,989,756
phase,4000,1.6,15,3115,2448,1081,833
phase,4000,1.6,16,3181,2552,1039,818
phase,4000,1.6,17,3189,2569,1028,820
phase,4000,1.6,18,3209,2611,1007,798
phase,4000,1.6,19,3166,2461,1050,814
phase,4000,1.6,20,3251,2545,1001,771
phase,4000,1.6,21,3211,2596,983,748
phase,4000,1.6,22,3308,2714,960,786
phase,4000,1.6,23,3211,2677,1025,839
phase,4000,1.6,24,3226,2537,1003,782
phase,4000,1.6,25,3117,2468,1043,844
phase,4000,1.6,26,3111,2487,1074,842
phase,4000,1.6,27,3146,2477,1064,853
phase,4000,1.6,28,3127,2410,1094,835
phase,4000,1.6,29,3167,2489,1033,813
phase,4000,1.6,30,3253,2626,988,789
phase,4000,1.6,31,3235,2594,1014,802
phase,4000,1.6,32,3198,2599,1008,795
phase,4000,1.6,33,3253,2649,1017,818
phase,4000,1.6,34,3196,2519,1032,807
phase,4000,1.6,35,3111,2409,1081,862
phase,4000,1.6,36,3129,2497,1070,845
phase,4000,1.6,37,3176,2545,1040,823
phase,4000,1.6,38,3238,2647,997,796
phase,4000,1.6,39,3202,2584,1009,791
phase,4000,1.6,40,3141,2543,1058,838
phase,4000,1.6,41,3100,2385,1079,823
phase,4000,1.6,42,3280,2623,980,789
phase,4000,1.6,43,3166,2487,1026,780
phase,4000,1.6,44,3193,2544,1044,833
phase,4000,1.6,45,3092,2476,1077,871
phase,4000,1.6,46,3218,2624,1014,808
phase,4000,1.6,47,3189,2575,1045,837
phase,4000,1.6,48,3152,2548,1055,833
phase,4000,1.6,49,3256,2602,1007,807
phase,4000,1.6,50,3187,2514,1020,801
phase,4000,1.6,51,3192,2554,1056,837
phase,4000,1.6,52,3251,2562,1006,773
phase,4000,1.6,53,3269,2632,984,788
phase,4000,1.6,54,3202,2621,998,778
phase,4000,1.6,55,3226,2619,1009,803
phase,4000,1.6,56,3208,2592,1008,795
phase,4000,1.6,57,3153,2571,1059,858
phase,4000,1.6,58,3227,2611,994,774
phase,4000,1.6,59,3132,2519,1066,843
phase,4000,1.6,60,3234,2631,974,775
phase,4000,1.6,61,3295,2697,964,772
phase,4000,1.6,62,3145,2562,1061,846
phase,4000,1.6,63,3177,2546,1055,838
phase,4000,1.6,64,3283,2606,995,783
phase,4000,1.6,65,3185,2456,1041,807
phase,4000,1.6,66,3191,2544,1039,813
phase,4000,1.6,67,3146,2547,1031,805
phase,4000,1.6,68,3122,2520,1042,811
phase,4000,1.6,69,3156,2533,1057,828
phase,4000,1.6,70,3178,2524,1015,804
phase,4000,1.6,71,3142,2542,1045,812
phase,4000,1.6,72,3271,2687,943,745
phase,4000,1.6,73,3054,2444,1087,832
phase,4000,1.6,74,3285,2671,996,809
phase,4000,1.6,75,3256,2569,994,767
phase,4000,1.6,76,3185,2535,1010,783
phase,4000,1.6,77,3236,2635,998,799
phase,4000,1.6,78,3092,2353,1108,851
phase,4000,1.6,79,3120,2508,1059,844
phase,4000,1.6,80,3088,2483,1080,851
phase,4000,1.6,81,3197,2640,1019,830
phase,4000,1.6,82,3269,2631,1004,787
phase,4000,1.6,83,3204,2495,1030,805
phase,4000,1.6,84,3083,2376,1100,857
phase,4000,1.6,85,3224,2552,1008,769
phase,4000,1.6,86,3234,2623,1003,797
phase,4000,1.6,87,3214,2580,990,777
phase,4000,1.6,88,3191,2555,1025,797
phase,4000,1.6,89,3124,2453,1080,837
phase,4000,1.6,90,3192,2537,1035,812
phase,4000,1.6,91,3370,2731,929,754
phase,4000,1.6,92,3190,2598,1032,830
phase,4000,1.6,93,3181,2575,1025,813
phase,4000,1.6,94,3255,2653,970,768
phase,4000,1.6,95,3233,2595,990,775
phase,4000,1.6,96,3227,2590,1007,780
phase,4000,1.6,97,3196,2599,1027,815
phase,4000,1.6,98,3186,2506,1034,805
phase,4000,1.6,99,3207,2568,1029,809
phase,4000,1.6,100,3273,2637,979,770
phase,4000,1.6,101,3206,2509,1034,814
phase,4000,1.6,102,3205,2524,1017,798
phase,4000,1.6,103,3202,2527,1027,803
phase,4000,1.6,104,3231,2610,980,776
phase,4000,1.6,105,3097,2450,1099,865
phase,4000,1.6,106,3225,2558,998,775
phase,4000,1.6,107,3147,2415,1055,812
phase,4000,1.6,108,3182,2456,1041,805
phase,4000,1.6,109,3239,2598,1012,789
phase,4000,1.6,110,3187,2574,1033,824
phase,4000,1.6,111,3066,2376,1136,887
phase,4000,1.6,112,3160,2526,1044,811
phase,4000,1.6,113,3148,2485,1053,810
phase,4000,1.6,114,3178,2556,1021,788
phase,4000,1.6,115,3235,2576,1021,817
phase,4000,1.6,116,3261,2654,997,790
phase,4000,1.6,117,3172,2542,1031,800
phase,4000,1.6,118,3223,2648,1001,798
phase,4000,1.6,119,3106,2505,1067,830
phase,4000,1.6,120,3085,2390,1085,842
phase,4000,1.6,121,3213,2623,1017,810
phase,4000,1.6,122,3169,2553,1039,839
phase,4000,1.6,123,3214,2600,999,790
phase,4000,1.6,124,3199,2576,1022,802
phase,4000,1.6,125,3198,2562,1006,800
phase,4000,1.6,126,3243,2594,983,760
phase,4000,1.6,127,3205,2586,1052,848
phase,4000,1.6,128,3257,2608,994,781
phase,4000,1.6,129,3227,2601,987,766
phase,4000,1.6,130,3277,2633,992,784
phase,4000,1.6,131,3189,2534,1023,803
phase,4000,1.6,132,3184,2570,1018,800
phase,4000,1.6,133,3157,2518,1034,806
phase,4000,1.6,134,3136,2463,1072,849
phase,4000,1.6,135,3131,2472,1071,844
phase,4000,1.6,136,3110,2408,1067,835
phase,4000,1.6,137,3293,2656,972,764
phase,4000,1.6,138,3197,2520,1014,775
phase,4000,1.6,139,3217,2544,1017,766
phase,4000,1.6,140,3185,2501,1055,821
phase,4000,1.6,141,3256,2665,965,773
phase,4000,1.6,142,3223,2612,1003,793
phase,4000,1.6,143,3142,2521,1064,837
phase,4000,1.6,144,3252,2608,973,771
phase,4000,1.6,145,3192,2588,1034,837
phase,4000,1.6,146,3239,2608,996,780
phase,4000,1.6,147,3279,2692,981,796
phase,4000,1.6,148,3087,2470,1105,868
phase,4000,1.6,149,3152,2454,1034,796
phase,4000,1.6,150,3200,2567,1037,816
phase,4000,1.6,151,3093,2405,1103,852
phase,4000,1.6,152,3164,2543,1027,801
phase,4000,1.6,153,3149,2573,1022,826
phase,4000,1.6,154,3224,2588,992,777
phase,4000,1.6,155,3294,2644,986,776
phase,4000,1.6,156,3192,2566,1050,831
phase,4000,1.6,157,3281,2666,982,775
phase,4000,1.6,158,3246,2565,1017,789
phase,4000,1.6,159,3103,2448,1066,832
phase,4000,1.6,160,3168,2530,1059,820
phase,4000,1.6,161,3245,2635,985,786
phase,4000,1.6,162,3205,2568,1020,802
phase,4000,1.6,163,3145,2460,1065,802
phase,4000,1.6,164,3185,2490,1029,799
phase,4000,1.6,165,3299,2654,965,759
phase,4000,1.6,166,3231,2618,1005,816
phase,4000,1.6,167,3157,2461,1049,822
phase,4000,1.6,168,3232,2560,1011,782
phase,4000,1.6,169,3281,2614,948,743
phase,4000,1.6,170,3104,2439,1066,826
phase,4000,1.6,171,3139,2467,1080,845
phase,4000,1.6,172,3296,2694,970,770
phase,4000,1.6,173,3236,2611,1007,808
phase,4000,1.6,174,3152,2558,1062,855
phase,4000,1.6,175,3202,2498,1051,816
phase,4000,1.6,176,3188,2550,1027,795
phase,4000,1.6,177,3180,2571,1053,848
phase,4000,1.6,178,3128,2421,1052,801
phase,4000,1.6,179,3258,2571,996,785
phase,4000,1.6,180,3224,2604,989,774
phase,4000,1.6,181,3219,2624,1009,798
phase,4000,1.6,182,3147,2570,1046,844
phase,4000,1.6,183,3149,2472,1047,802
phase,4000,1.6,184,3212,2559,1041,834
phase,4000,1.6,185,3279,2627,960,759
phase,4000,1.6,186,3199,2558,1023,789
phase,4000,1.6,187,3224,2574,984,761
phase,4000,1.6,188,3159,2505,1040,811
phase,4000,1.6,189,3189,2602,1017,808
phase,4000,1.6,190,3285,2671,967,770
phase,4000,1.6,191,3130,2497,1065,847
phase,4000,1.6,192,3181,2594,1036,830
phase,4000,1.6,193,3305,2691,963,781
phase,4000,1.6,194,3205,2572,1047,840
phase,4000,1.6,195,3210,2576,1015,812
phase,4000,1.6,196,3140,2541,1059,825
phase,4000,1.6,197,3235,2663,1011,812
phase,4000,1.6,198,3213,2632,1016,818
phase,4000,1.6,199,3123,2481,1063,832
phase,4000,1.8,0,3576,2938,807,655
phase,4000,1.8,1,3586,2909,824,679
phase,4000,1.8,2,3557,2903,822,660
phase,4000,1.8,3,3569,2870,830,665
phase,4000,1.8,4,3638,3013,781,645
phase,4000,1.8,5,3639,2971,803,658
phase,4000,1.8,6,3636,2932,796,643
phase,4000,1.8,7,3638,3019,785,661
phase,4000,1.8,8,3570,2932,839,687
phase,4000,1.8,9,3642,2971,779,621
phase,4000,1.8,10,3604,2916,809,655
phase,4000,1.8,11,3636,2928,839,691
phase,4000,1.8,12,3665,3014,758,632
phase,4000,1.8,13,3549,2882,843,689
phase,4000,1.8,14,3660,2979,773,631
phase,4000,1.8,15,3492,2863,858,691
phase,4000,1.8,16,3589,2886,819,663
phase,4000,1.8,17,3681,2986,763,611
phase,4000,1.8,18,3611,2946,769,603
phase,4000,1.8,19,3562,2893,844,687
phase,4000,1.8,20,3546,2873,844,683
phase,4000,1.8,21,3645,2957,812,671
phase,4000,1.8,22,3683,3016,764,631
phase,4000,1.8,23,3620,2963,797,641
phase,4000,1.8,24,3581,2900,831,673
phase,4000,1.8,25,3801,3120,700,594
phase,4000,1.8,26,3632,2973,812,666
phase,4000,1.8,27,3645,2930,808,662
phase,4000,1.8,28,3555,2919,830,695
phase,4000,1.8,29,3651,2955,780,630
phase,4000,1.8,30,3579,2902,835,694
phase,4000,1.8,31,3613,2904,836,687
phase,4000,1.8,32,3539,2873,871,718
phase,4000,1.8,33,3563,2876,826,658
phase,4000,1.8,34,3559,2890,822,670
phase,4000,1.8,35,3695,3014,766,633
phase,4000,1.8,36,3634,2930,803,645
phase,4000,1.8,37,3571,2902,836,667
phase,4000,1.8,38,3589,2901,837,677
phase,4000,1.8,39,3611,2994,782,630
phase,4000,1.8,40,3611,2917,804,660
phase,4000,1.8,41,3632,2939,788,633
phase,4000,1.8,42,3605,2919,813,649
phase,4000,1.8,43,3530,2840,853,689
phase,4000,1.8,44,3637,2971,809,678
phase,4000,1.8,45,3496,2833,883,717
phase,4000,1.8,46,3687,2990,766,616
phase,4000,1.8,47,3695,2971,793,653
phase,4000,1.8,48,3556,2882,849,674
phase,4000,1.8,49,3692,3041,761,625
phase,4000,1.8,50,3609,2938,817,660
phase,4000,1.8,51,3639,2974,795,646
phase,4000,1.8,52,3691,3019,773,627
phase,4000,1.8,53,3574,2911,813,656
phase,4000,1.8,54,3594,2903,820,650
phase,4000,1.8,55,3551,2875,841,675
phase,4000,1.8,56,3594,2901,819,665
phase,4000,1.8,57,3589,2933,814,657
phase,4000,1.8,58,3652,2976,780,637
phase,4000,1.8,59,3540,2923,847,700
phase,4000,1.8,60,3528,2873,839,689
phase,4000,1.8,61,3476,2793,872,700
phase,4000,1.8,62,3560,2868,827,668
phase,4000,1.8,63,3626,2933,816,671
phase,4000,1.8,64,3556,2902,834,669
phase,4000,1.8,65,3610,2952,810,672
phase,4000,1.8,66,3689,2976,800,654
phase,4000,1.8,67,3555,2822,870,705
phase,4000,1.8,68,3564,2938,823,691
phase,4000,1.8,69,3631,2958,793,630
phase,4000,1.8,70,3535,2880,877,728
phase,4000,1.8,71,3602,2911,812,645
phase,4000,1.8,72,3584,2967,832,696
phase,4000,1.8,73,3621,2944,817,677
phase,4000,1.8,74,3603,2924,801,657
phase,4000,1.8,75,3556,2888,839,687
phase,4000,1.8,76,3594,2966,797,658
phase,4000,1.8,77,3662,2910,814,654
phase,4000,1.8,78,3641,2969,777,628
phase,4000,1.8,79,3515,2906,813,671
phase,4000,1.8,80,3642,2949,801,645
phase,4000,1.8,81,3501,2835,865,708
phase,4000,1.8,82,3713,3034,763,621
phase,4000,1.8,83,3583,2893,846,678
phase,4000,1.8,84,3569,2907,804,644
phase,4000,1.8,85,3469,2854,875,712
phase,4000,1.8,86,3557,2894,804,643
phase,4000,1.8,87,3567,2918,810,655
phase,4000,1.8,88,3636,2980,800,669
phase,4000,1.8,89,3604,2948,819,679
phase,4000,1.8,90,3697,2993,776,633
phase,4000,1.8,91,3554,2870,859,699
phase,4000,1.8,92,3662,2995,786,654
phase,4000,1.8,93,3746,3000,758,608
phase,4000,1.8,94,3664,3008,764,622
phase,4000,1.8,95,3646,2979,795,653
phase,4000,1.8,96,3530,2871,824,656
phase,4000,1.8,97,3562,2942,818,676
phase,4000,1.8,98,3588,2890,825,662
phase,4000,1.8,99,3654,3022,775,645
phase,4000,1.8,100,3663,2984,770,628
phase,4000,1.8,101,3705,3008,761,639
phase,4000,1.8,102,3606,2926,806,672
phase,4000,1.8,103,3626,2924,831,680
phase,4000,1.8,104,3635,2924,819,659
phase,4000,1.8,105,3599,2903,818,675
phase,4000,1.8,106,3644,2969,788,648
phase,4000,1.8,107,3541,2896,830,672
phase,4000,1.8,108,3612,2929,804,639
phase,4000,1.8,109,3540,2926,832,679
phase,4000,1.8,110,3595,2939,814,665
phase,4000,1.8,111,3596,2926,800,640
phase,4000,1.8,112,3648,2957,790,648
phase,4000,1.8,113,3592,2899,817,648
phase,4000,1.8,114,3649,3002,773,635
phase,4000,1.8,115,3548,2917,830,668
phase,4000,1.8,116,3611,2906,857,696
phase,4000,1.8,117,3538,2858,860,699
phase,4000,1.8,118,3685,2948,770,619
phase,4000,1.8,119,3603,2925,823,675
phase,4000,1.8,120,3530,2914,853,697
phase,4000,1.8,121,3503,2879,855,689
phase,4000,1.8,122,3726,3031,766,632
phase,4000,1.8,123,3562,2870,826,646
phase,4000,1.8,124,3569,2916,835,670
phase,4000,1.8,125,3651,2962,782,623
phase,4000,1.8,126,3510,2809,869,708
phase,4000,1.8,127,3604,2917,831,677
phase,4000,1.8,128,3644,2990,793,656
phase,4000,1.8,129,3642,2980,773,627
phase,4000,1.8,130,3551,2925,821,664
phase,4000,1.8,131,3524,2953,824,683
phase,4000,1.8,132,3641,2906,771,596
phase,4000,1.8,133,3584,2955,807,658
phase,4000,1.8,134,3574,2937,818,684
phase,4000,1.8,135,3569,2888,817,643
phase,4000,1.8,136,3612,2925,812,663
phase,4000,1.8,137,3607,2904,826,681
phase,4000,1.8,138,3571,2880,853,697
phase,4000,1.8,139,3518,2880,854,688
phase,4000,1.8,140,3618,2962,783,636
phase,4000,1.8,141,3638,2931,823,673
phase,4000,1.8,142,3638,2964,772,621
phase,4000,1.8,143,3630,2958,768,618
phase,4000,1.8,144,3589,2912,815,659
phase,4000,1.8,145,3638,2949,804,653
phase,4000,1.8,146,3570,2894,830,663
phase,4000,1.8,147,3459,2860,892,737
phase,4000,1.8,148,3561,2893,822,662
phase,4000,1.8,149,3563,3003,798,673
phase,4000,1.8,150,3569,2868,861,683
phase,4000,1.8,151,3547,2948,829,678
phase,4000,1.8,152,3541,2879,866,715
phase,4000,1.8,153,3543,2905,854,705
phase,4000,1.8,154,3597,2908,808,655
phase,4000,1.8,155,3573,2848,820,636
phase,4000,1.8,156,3717,3024,762,629
phase,4000,1.8,157,3524,2919,836,678
phase,4000,1.8,158,3606,2905,839,674
phase,4000,1.8,159,3571,2902,818,653
phase,4000,1.8,160,3587,2930,824,676
phase,4000,1.8,161,3605,2913,808,652
phase,4000,1.8,162,3626,2940,808,660
phase,4000,1.8,163,3611,2984,772,628
phase,4000,1.8,164,3633,2954,805,660
phase,4000,1.8,165,3610,2952,821,691
phase,4000,1.8,166,3594,2916,792,639
phase,4000,1.8,167,3566,2899,830,673
phase,4000,1.8,168,3611,2946,796,646
phase,4000,1.8,169,3596,2885,840,685
phase,4000,1.8,170,3639,2978,784,631
phase,4000,1.8,171,3528,2818,856,673
phase,4000,1.8,172,3699,2998,765,623
phase,4000,1.8,173,3576,2931,836,688
phase,4000,1.8,174,3694,3038,761,639
phase,4000,1.8,175,3610,2917,818,658
phase,4000,1.8,176,3592,2913,794,630
phase,4000,1.8,177,3595,2957,814,672
phase,4000,1.8,178,3681,2968,770,622
phase,4000,1.8,179,3725,3039,757,625
phase,4000,1.8,180,3556,2866,859,694
phase,4000,1.8,181,3575,2929,805,647
phase,4000,1.8,182,3642,2960,787,630
phase,4000,1.8,183,3674,2986,785,643
phase,4000,1.8,184,3671,2996,784,644
phase,4000,1.8,185,3554,2900,826,660
phase,4000,1.8,186,3499,2871,877,723
phase,4000,1.8,187,3645,2987,793,643
phase,4000,1.8,188,3630,2917,818,654
phase,4000,1.8,189,3714,3014,776,651
phase,4000,1.8,190,3661,2958,800,647
phase,4000,1.8,191,3616,3004,797,669
phase,4000,1.8,192,3599,2891,804,631
phase,4000,1.8,193,3656,2948,786,624
phase,4000,1.8,194,3584,2907,860,713
phase,4000,1.8,195,3515,2858,857,690
phase,4000,1.8,196,3601,2904,827,668
phase,4000,1.8,197,3546,2942,824,689
phase,4000,1.8,198,3515,2860,847,672
phase,4000,1.8,199,3583,2956,786,624
phase,4000,2.0,0,3979,3128,673,535
phase,4000,2.0,1,3923,3139,701,604
phase,4000,2.0,2,3969,3119,674,547
phase,4000,2.0,3,4078,3267,608,525
phase,4000,2.0,4,3878,3066,691,560
phase,4000,2.0,5,3987,3198,643,550
phase,4000,2.0,6,4005,3150,656,543
phase,4000,2.0,7,4063,3254,622,537
phase,4000,2.0,8,4060,3253,596,492
phase,4000,2.0,9,3999,3191,650,546
phase,4000,2.0,10,3943,3138,682,568
phase,4000,2.0,11,3981,3208,651,552
phase,4000,2.0,12,3975,3163,628,505
phase,4000,2.0,13,4011,3190,648,545
phase,4000,2.0,14,4081,3199,635,533
phase,4000,2.0,15,3937,3207,653,548
phase,4000,2.0,16,3894,3155,671,564
phase,4000,2.0,17,4065,3172,650,530
phase,4000,2.0,18,3941,3169,657,545
phase,4000,2.0,19,3935,3167,657,542
phase,4000,2.0,20,4017,3217,642,556
phase,4000,2.0,21,4034,3223,612,497
phase,4000,2.0,22,3993,3203,646,545
phase,4000,2.0,23,3900,3090,707,580
phase,4000,2.0,24,3983,3181,645,543
phase,4000,2.0,25,3893,3117,687,568
phase,4000,2.0,26,4046,3205,627,536
phase,4000,2.0,27,4168,3279,577,478
phase,4000,2.0,28,4098,3211,608,510
phase,4000,2.0,29,3983,3160,671,556
phase,4000,2.0,30,3999,3201,638,541
phase,4000,2.0,31,3989,3180,629,512
phase,4000,2.0,32,3989,3191,641,539
phase,4000,2.0,33,3942,3149,680,574
phase,4000,2.0,34,3969,3153,655,536
phase,4000,2.0,35,4025,3186,663,564
phase,4000,2.0,36,3975,3136,694,585
phase,4000,2.0,37,3827,3075,735,603
phase,4000,2.0,38,3903,3138,686,566
phase,4000,2.0,39,4009,3165,663,549
phase,4000,2.0,40,4047,3217,624,523
phase,4000,2.0,41,3938,3128,691,593
phase,4000,2.0,42,4016,3192,654,556
phase,4000,2.0,43,4057,3214,643,546
phase,4000,2.0,44,4004,3207,641,543
phase,4000,2.0,45,3955,3170,651,531
phase,4000,2.0,46,4037,3177,657,544
phase,4000,2.0,47,4001,3192,641,534
phase,4000,2.0,48,4070,3250,615,521
phase,4000,2.0,49,3967,3095,703,586
phase,4000,2.0,50,3944,3107,719,608
phase,4000,2.0,51,4028,3236,648,560
phase,4000,2.0,52,4014,3198,641,531
phase,4000,2.0,53,3972,3176,664,563
phase,4000,2.0,54,3971,3191,649,539
phase,4000,2.0,55,3921,3197,656,555
phase,4000,2.0,56,3923,3144,685,571
phase,4000,2.0,57,4059,3187,651,552
phase,4000,2.0,58,3964,3147,685,571
phase,4000,2.0,59,4037,3197,629,518
phase,4000,2.0,60,3962,3179,656,545
phase,4000,2.0,61,4151,3285,576,480
phase,4000,2.0,62,3972,3158,671,555
phase,4000,2.0,63,4081,3243,599,501
phase,4000,2.0,64,4001,3216,636,533
phase,4000,2.0,65,3935,3185,653,545
phase,4000,2.0,66,3963,3214,649,549
phase,4000,2.0,67,3968,3186,653,555
phase,4000,2.0,68,4054,3231,643,556
phase,4000,2.0,69,3959,3147,666,550
phase,4000,2.0,70,3980,3192,660,564
phase,4000,2.0,71,3977,3152,679,572
phase,4000,2.0,72,3970,3204,639,547
phase,4000,2.0,73,4037,3161,638,513
phase,4000,2.0,74,3994,3220,610,503
phase,4000,2.0,75,4007,3167,650,548
phase,4000,2.0,76,4030,3233,612,515
phase,4000,2.0,77,4009,3203,653,550
phase,4000,2.0,78,3961,3156,663,547
phase,4000,2.0,79,3905,3155,680,570
phase,4000,2.0,80,3996,3175,672,561
phase,4000,2.0,81,3907,3127,686,568
phase,4000,2.0,82,4023,3180,648,539
phase,4000,2.0,83,4068,3229,621,517
phase,4000,2.0,84,4002,3178,654,541
phase,4000,2.0,85,3980,3201,637,534
phase,4000,2.0,86,3878,3088,719,597
phase,4000,2.0,87,3940,3151,677,557
phase,4000,2.0,88,4054,3254,607,510
phase,4000,2.0,89,4122,3279,589,496
phase,4000,2.0,90,4070,3258,594,488
phase,4000,2.0,91,3959,3204,631,524
phase,4000,2.0,92,3939,3145,678,576
phase,4000,2.0,93,3990,3199,649,543
phase,4000,2.0,94,4053,3160,651,529
phase,4000,2.0,95,4017,3209,626,527
phase,4000,2.0,96,3925,3127,707,602
phase,4000,2.0,97,3980,3208,653,553
phase,4000,2.0,98,4009,3183,674,569
phase,4000,2.0,99,4047,3228,618,508
phase,4000,2.0,100,3968,3151,674,557
phase,4000,2.0,101,3902,3204,674,587
phase,4000,2.0,102,3978,3182,639,520
phase,4000,2.0,103,3982,3179,626,517
phase,4000,2.0,104,3995,3160,648,527
phase,4000,2.0,105,3864,3129,686,567
phase,4000,2.0,106,3899,3130,698,581
phase,4000,2.0,107,3933,3136,695,587
phase,4000,2.0,108,4022,3157,656,550
phase,4000,2.0,109,3977,3183,665,571
phase,4000,2.0,110,3978,3145,687,571
phase,4000,2.0,111,4034,3176,640,520
phase,4000,2.0,112,3942,3157,685,576
phase,4000,2.0,113,4085,3253,588,481
phase,4000,2.0,114,3936,3173,641,530
phase,4000,2.0,115,3969,3178,661,560
phase,4000,2.0,116,3870,3141,702,586
phase,4000,2.0,117,4012,3192,660,562
phase,4000,2.0,118,3941,3124,701,579
phase,4000,2.0,119,3961,3182,653,541
phase,4000,2.0,120,4162,3259,595,497
phase,4000,2.0,121,4086,3276,592,499
phase,4000,2.0,122,4031,3182,650,542
phase,4000,2.0,123,3912,3133,688,568
phase,4000,2.0,124,3983,3204,633,527
phase,4000,2.0,125,3943,3187,648,533
phase,4000,2.0,126,4100,3240,622,529
phase,4000,2.0,127,4030,3168,659,548
phase,4000,2.0,128,3824,3129,705,586
phase,4000,2.0,129,3994,3201,658,555
phase,4000,2.0,130,4013,3220,625,531
phase,4000,2.0,131,4028,3174,668,555
phase,4000,2.0,132,4078,3235,619,516
phase,4000,2.0,133,4071,3222,609,501
phase,4000,2.0,134,3953,3186,659,557
phase,4000,2.0,135,4166,3270,612,521
phase,4000,2.0,136,3935,3140,684,580
phase,4000,2.0,137,3931,3129,698,578
phase,4000,2.0,138,3888,3065,720,593
phase,4000,2.0,139,4093,3240,605,517
phase,4000,2.0,140,3855,3106,712,600
phase,4000,2.0,141,3921,3130,671,560
phase,4000,2.0,142,3930,3170,643,532
phase,4000,2.0,143,4051,3157,674,566
phase,4000,2.0,144,4137,3281,600,515
phase,4000,2.0,145,4061,3243,615,522
phase,4000,2.0,146,4026,3217,630,526
phase,4000,2.0,147,4002,3206,637,531
phase,4000,2.0,148,4083,3231,602,499
phase,4000,2.0,149,4097,3282,584,496
phase,4000,2.0,150,4050,3208,630,519
phase,4000,2.0,151,4012,3197,654,550
phase,4000,2.0,152,4018,3201,637,526
phase,4000,2.0,153,4064,3252,610,508
phase,4000,2.0,154,3898,3140,683,558
phase,4000,2.0,155,3878,3130,684,570
phase,4000,2.0,156,3936,3166,663,558
phase,4000,2.0,157,3921,3105,690,564
phase,4000,2.0,158,4082,3253,594,501
phase,4000,2.0,159,4033,3198,648,542
phase,4000,2.0,160,3981,3159,674,554
phase,4000,2.0,161,3964,3174,671,572
phase,4000,2.0,162,3944,3224,636,544
phase,4000,2.0,163,3996,3149,669,557
phase,4000,2.0,164,3835,3077,732,601
phase,4000,2.0,165,3972,3193,652,543
phase,4000,2.0,166,3971,3175,667,561
phase,4000,2.0,167,3954,3182,648,531
phase,4000,2.0,168,4044,3184,658,556
phase,4000,2.0,169,3875,3150,690,590
phase,4000,2.0,170,3980,3208,641,536
phase,4000,2.0,171,3965,3160,675,567
phase,4000,2.0,172,3955,3185,658,548
phase,4000,2.0,173,3964,3160,672,560
phase,4000,2.0,174,3940,3096,675,540
phase,4000,2.0,175,3996,3168,664,551
phase,4000,2.0,176,4053,3183,640,528
phase,4000,2.0,177,3975,3206,640,536
phase,4000,2.0,178,3971,3149,671,567
phase,4000,2.0,179,4025,3177,653,537
phase,4000,2.0,180,3972,3188,638,531
phase,4000,2.0,181,4031,3145,652,533
phase,4000,2.0,182,4036,3195,636,533
phase,4000,2.0,183,4081,3250,592,487
phase,4000,2.0,184,3974,3206,640,541
phase,4000,2.0,185,4090,3266,610,509
phase,4000,2.0,186,3990,3192,652,552
phase,4000,2.0,187,4082,3263,589,490
phase,4000,2.0,188,3933,3137,680,558
phase,4000,2.0,189,4043,3224,621,516
phase,4000,2.0,190,3964,3199,633,526
phase,4000,2.0,191,4059,3212,634,525
phase,4000,2.0,192,3900,3164,676,566
phase,4000,2.0,193,4013,3182,645,529
phase,4000,2.0,194,4008,3227,642,545
phase,4000,2.0,195,4048,3262,598,511
phase,4000,2.0,196,4047,3170,666,559
phase,4000,2.0,197,3966,3167,668,560
phase,4000,2.0,198,4071,3187,644,528
phase,4000,2.0,199,4006,3165,661,547
phase,4000,2.25,0,4539,3446,463,393
phase,4000,2.25,1,4417,3433,494,435
phase,4000,2.25,2,4621,3420,494,433
phase,4000,2.25,3,4471,3372,529,463
phase,4000,2.25,4,4462,3382,515,440
phase,4000,2.25,5,4409,3379,496,424
phase,4000,2.25,6,4499,3428,485,421
phase,4000,2.25,7,4495,3405,512,445
phase,4000,2.25,8,4491,3422,488,423
phase,4000,2.25,9,4443,3401,492,419
phase,4000,2.25,10,4553,3386,498,415
phase,4000,2.25,11,4439,3370,518,438
phase,4000,2.25,12,4514,3430,479,420
phase,4000,2.25,13,4344,3327,563,486
phase,4000,2.25,14,4477,3412,486,408
phase,4000,2.25,15,4526,3412,508,447
phase,4000,2.25,16,4539,3431,477,418
phase,4000,2.25,17,4587,3423,489,418
phase,4000,2.25,18,4333,3357,524,444
phase,4000,2.25,19,4547,3400,493,415
phase,4000,2.25,20,4444,3400,486,400
phase,4000,2.25,21,4476,3365,541,463
phase,4000,2.25,22,4487,3419,483,410
phase,4000,2.25,23,4414,3375,509,428
phase,4000,2.25,24,4522,3420,481,410
phase,4000,2.25,25,4447,3429,514,462
phase,4000,2.25,26,4456,3442,474,408
phase,4000,2.25,27,4494,3391,511,441
phase,4000,2.25,28,4433,3392,526,464
phase,4000,2.25,29,4608,3474,453,393
phase,4000,2.25,30,4587,3404,505,441
phase,4000,2.25,31,4642,3492,432,377
phase,4000,2.25,32,4584,3441,474,415
phase,4000,2.25,33,4565,3465,469,418
phase,4000,2.25,34,4515,3434,474,416
phase,4000,2.25,35,4542,3388,499,425
phase,4000,2.25,36,4442,3333,544,467
phase,4000,2.25,37,4505,3418,492,420
phase,4000,2.25,38,4451,3401,510,439
phase,4000,2.25,39,4489,3363,526,452
phase,4000,2.25,40,4542,3435,498,442
phase,4000,2.25,41,4438,3426,481,411
phase,4000,2.25,42,4451,3424,488,424
phase,4000,2.25,43,4462,3396,499,431
phase,4000,2.25,44,4371,3390,517,451
phase,4000,2.25,45,4485,3405,514,454
phase,4000,2.25,46,4582,3421,473,389
phase,4000,2.25,47,4536,3434,473,405
phase,4000,2.25,48,4479,3379,517,443
phase,4000,2.25,49,4552,3430,469,397
phase,4000,2.25,50,4481,3400,499,427
phase,4000,2.25,51,4505,3448,478,420
phase,4000,2.25,52,4482,3421,499,439
phase,4000,2.25,53,4452,3390,524,452
phase,4000,2.25,54,4428,3427,485,421
phase,4000,2.25,55,4460,3407,501,430
phase,4000,2.25,56,4586,3461,458,397
phase,4000,2.25,57,4425,3350,523,441
phase,4000,2.25,58,4519,3463,453,393
phase,4000,2.25,59,4376,3394,516,446
phase,4000,2.25,60,4621,3464,449,383
phase,4000,2.25,61,4452,3391,516,442
phase,4000,2.25,62,4298,3332,547,464
phase,4000,2.25,63,4366,3359,528,446
phase,4000,2.25,64,4272,3336,562,484
phase,4000,2.25,65,4503,3404,490,413
phase,4000,2.25,66,4503,3425,479,408
phase,4000,2.25,67,4592,3421,477,406
phase,4000,2.25,68,4426,3391,524,462
phase,4000,2.25,69,4472,3383,502,422
phase,4000,2.25,70,4491,3422,499,439
phase,4000,2.25,71,4517,3422,495,429
phase,4000,2.25,72,4507,3424,493,428
phase,4000,2.25,73,4535,3411,492,425
phase,4000,2.25,74,4563,3466,449,389
phase,4000,2.25,75,4478,3407,481,406
phase,4000,2.25,76,4492,3424,473,401
phase,4000,2.25,77,4465,3422,489,423
phase,4000,2.25,78,4499,3431,489,421
phase,4000,2.25,79,4403,3412,496,428
phase,4000,2.25,80,4453,3371,534,461
phase,4000,2.25,81,4354,3380,514,431
phase,4000,2.25,82,4344,3347,555,494
phase,4000,2.25,83,4484,3422,480,409
phase,4000,2.25,84,4515,3449,475,419
phase,4000,2.25,85,4453,3396,497,419
phase,4000,2.25,86,4556,3460,452,390
phase,4000,2.25,87,4491,3372,528,447
phase,4000,2.25,88,4557,3447,481,425
phase,4000,2.25,89,4400,3392,508,433
phase,4000,2.25,90,4481,3411,480,405
phase,4000,2.25,91,4566,3438,473,406
phase,4000,2.25,92,4457,3399,472,397
phase,4000,2.25,93,4511,3433,483,420
phase,4000,2.25,94,4518,3426,484,419
phase,4000,2.25,95,4452,3372,524,445
phase,4000,2.25,96,4425,3394,516,451
phase,4000,2.25,97,4441,3380,538,478
phase,4000,2.25,98,4535,3408,484,410
phase,4000,2.25,99,4361,3355,529,452
phase,4000,2.25,100,4428,3353,535,450
phase,4000,2.25,101,4471,3400,503,432
phase,4000,2.25,102,4475,3422,502,445
phase,4000,2.25,103,4510,3417,483,411
phase,4000,2.25,104,4488,3367,522,444
phase,4000,2.25,105,4407,3431,481,411
phase,4000,2.25,106,4506,3389,510,436
phase,4000,2.25,107,4278,3284,587,491
phase,4000,2.25,108,4500,3359,537,462
phase,4000,2.25,109,4560,3431,487,431
phase,4000,2.25,110,4515,3416,488,420
phase,4000,2.25,111,4416,3367,522,446
phase,4000,2.25,112,4540,3415,496,430
phase,4000,2.25,113,4596,3460,460,393
phase,4000,2.25,114,4561,3427,497,439
phase,4000,2.25,115,4589,3460,462,398
phase,4000,2.25,116,4486,3405,488,413
phase,4000,2.25,117,4601,3471,467,421
phase,4000,2.25,118,4541,3394,498,420
phase,4000,2.25,119,4487,3391,520,456
phase,4000,2.25,120,4354,3375,525,457
phase,4000,2.25,121,4567,3442,485,433
phase,4000,2.25,122,4341,3355,527,445
phase,4000,2.25,123,4423,3396,514,444
phase,4000,2.25,124,4541,3388,496,417
phase,4000,2.25,125,4553,3452,472,413
phase,4000,2.25,126,4509,3388,508,429
phase,4000,2.25,127,4503,3430,470,397
phase,4000,2.25,128,4411,3382,505,420
phase,4000,2.25,129,4514,3379,508,426
phase,4000,2.25,130,4520,3376,505,425
phase,4000,2.25,131,4542,3446,477,415
phase,4000,2.25,132,4485,3433,481,416
phase,4000,2.25,133,4561,3412,501,431
phase,4000,2.25,134,4425,3362,513,418
phase,4000,2.25,135,4438,3371,524,451
phase,4000,2.25,136,4402,3371,519,438
phase,4000,2.25,137,4479,3399,482,406
phase,4000,2.25,138,4360,3331,554,472
phase,4000,2.25,139,4589,3447,470,408
phase,4000,2.25,140,4417,3346,525,438
phase,4000,2.25,141,4503,3419,469,398
phase,4000,2.25,142,4551,3422,490,424
phase,4000,2.25,143,4534,3439,483,418
phase,4000,2.25,144,4509,3412,487,417
phase,4000,2.25,145,4492,3419,488,425
phase,4000,2.25,146,4600,3442,483,424
phase,4000,2.25,147,4619,3462,462,402
phase,4000,2.25,148,4554,3470,443,376
phase,4000,2.25,149,4582,3468,447,382
phase,4000,2.25,150,4479,3418,471,401
phase,4000,2.25,151,4596,3460,466,407
phase,4000,2.25,152,4372,3398,518,449
phase,4000,2.25,153,4528,3417,484,414
phase,4000,2.25,154,4456,3426,494,434
phase,4000,2.25,155,4439,3396,498,418
phase,4000,2.25,156,4579,3407,491,419
phase,4000,2.25,157,4546,3396,497,431
phase,4000,2.25,158,4387,3350,523,432
phase,4000,2.25,159,4341,3349,548,469
phase,4000,2.25,160,4473,3395,491,417
phase,4000,2.25,161,4476,3440,475,415
phase,4000,2.25,162,4435,3394,524,458
phase,4000,2.25,163,4468,3424,493,430
phase,4000,2.25,164,4485,3452,456,390
phase,4000,2.25,165,4464,3409,505,441
phase,4000,2.25,166,4340,3331,551,461
phase,4000,2.25,167,4534,3430,481,413
phase,4000,2.25,168,4450,3390,512,440
phase,4000,2.25,169,4632,3462,465,405
phase,4000,2.25,170,4704,3473,439,377
phase,4000,2.25,171,4474,3443,463,393
phase,4000,2.25,172,4611,3434,468,398
phase,4000,2.25,173,4408,3379,514,441
phase,4000,2.25,174,4554,3464,441,368
phase,4000,2.25,175,4430,3449,463,400
phase,4000,2.25,176,4514,3415,491,420
phase,4000,2.25,177,4560,3463,451,384
phase,4000,2.25,178,4433,3388,483,395
phase,4000,2.25,179,4434,3366,536,459
phase,4000,2.25,180,4619,3428,475,401
phase,4000,2.25,181,4530,3438,503,452
phase,4000,2.25,182,4545,3400,488,414
phase,4000,2.25,183,4572,3449,478,423
phase,4000,2.25,184,4542,3450,470,410
phase,4000,2.25,185,4505,3431,471,399
phase,4000,2.25,186,4521,3422,485,419
phase,4000,2.25,187,4408,3402,499,429
phase,4000,2.25,188,4422,3380,530,464
phase,4000,2.25,189,4518,3421,487,419
phase,4000,2.25,190,4557,3433,485,423
phase,4000,2.25,191,4527,3443,478,417
phase,4000,2.25,192,4517,3395,507,432
phase,4000,2.25,193,4539,3415,505,440
phase,4000,2.25,194,4426,3431,486,415
phase,4000,2.25,195,4517,3410,485,407
phase,4000,2.25,196,4461,3402,489,410
phase,4000,2.25,197,4512,3435,479,412
phase,4000,2.25,198,4547,3447,479,423
phase,4000,2.25,199,4468,3443,464,395
phase,4000,2.5,0,4938,3553,383,334
phase,4000,2.5,1,4966,3559,372,324
phase,4000,2.5,2,5025,3584,358,313
phase,4000,2.5,3,5018,3570,376,337
phase,4000,2.5,4,4992,3567,378,333
phase,4000,2.5,5,4916,3510,423,380
phase,4000,2.5,6,4908,3541,389,338
phase,4000,2.5,7,5026,3575,357,306
phase,4000,2.5,8,4949,3542,400,355
phase,4000,2.5,9,4959,3591,351,309
phase,4000,2.5,10,5124,3616,337,300
phase,4000,2.5,11,4879,3545,389,344
phase,4000,2.5,12,5054,3571,376,335
phase,4000,2.5,13,5082,3618,336,296
phase,4000,2.5,14,4892,3551,388,340
phase,4000,2.5,15,4955,3559,386,337
phase,4000,2.5,16,5152,3632,327,290
phase,4000,2.5,17,4955,3564,385,342
phase,4000,2.5,18,4932,3560,395,361
phase,4000,2.5,19,4992,3558,391,352
phase,4000,2.5,20,5028,3597,356,317
phase,4000,2.5,21,4892,3549,381,327
phase,4000,2.5,22,4983,3570,381,341
phase,4000,2.5,23,4976,3560,396,358
phase,4000,2.5,24,5030,3562,386,338
phase,4000,2.5,25,4975,3566,394,360
phase,4000,2.5,26,5059,3608,339,297
phase,4000,2.5,27,4935,3581,371,334
phase,4000,2.5,28,5014,3553,384,335
phase,4000,2.5,29,4910,3564,382,335
phase,4000,2.5,30,5089,3601,358,323
phase,4000,2.5,31,5019,3583,355,311
phase,4000,2.5,32,4981,3562,384,333
phase,4000,2.5,33,5133,3567,370,324
phase,4000,2.5,34,4946,3568,366,314
phase,4000,2.5,35,5111,3591,363,324
phase,4000,2.5,36,4946,3538,401,356
phase,4000,2.5,37,5105,3632,325,291
phase,4000,2.5,38,4975,3552,385,333
phase,4000,2.5,39,5054,3572,358,309
phase,4000,2.5,40,4970,3584,354,313
phase,4000,2.5,41,4956,3584,353,304
phase,4000,2.5,42,5114,3616,325,279
phase,4000,2.5,43,4996,3562,383,340
phase,4000,2.5,44,5000,3563,374,326
phase,4000,2.5,45,5004,3565,380,333
phase,4000,2.5,46,4987,3595,360,319
phase,4000,2.5,47,5084,3606,337,289
phase,4000,2.5,48,4980,3593,368,335
phase,4000,2.5,49,5013,3583,366,321
phase,4000,2.5,50,5073,3594,345,294
phase,4000,2.5,51,5057,3580,363,320
phase,4000,2.5,52,4996,3567,370,325
phase,4000,2.5,53,4944,3565,370,320
phase,4000,2.5,54,4925,3564,383,338
phase,4000,2.5,55,5031,3582,357,313
phase,4000,2.5,56,4976,3518,400,339
phase,4000,2.5,57,5003,3591,361,321
phase,4000,2.5,58,4967,3576,372,330
phase,4000,2.5,59,4941,3555,389,343
phase,4000,2.5,60,4989,3557,385,340
phase,4000,2.5,61,5076,3611,351,313
phase,4000,2.5,62,5014,3592,360,321
phase,4000,2.5,63,4975,3558,379,330
phase,4000,2.5,64,4970,3563,369,324
phase,4000,2.5,65,4878,3527,401,344
phase,4000,2.5,66,4993,3554,382,330
phase,4000,2.5,67,5009,3572,370,333
phase,4000,2.5,68,4953,3575,373,330
phase,4000,2.5,69,5012,3557,376,329
phase,4000,2.5,70,5027,3586,363,322
phase,4000,2.5,71,5032,3552,379,331
phase,4000,2.5,72,5059,3612,331,290
phase,4000,2.5,73,4895,3523,397,336
phase,4000,2.5,74,5112,3577,354,295
phase,4000,2.5,75,4897,3493,421,362
phase,4000,2.5,76,5038,3610,335,290
phase,4000,2.5,77,4884,3559,393,350
phase,4000,2.5,78,4934,3536,385,322
phase,4000,2.5,79,5133,3614,343,307
phase,4000,2.5,80,5027,3608,357,328
phase,4000,2.5,81,4883,3563,389,348
phase,4000,2.5,82,5058,3637,319,282
phase,4000,2.5,83,5095,3606,356,321
phase,4000,2.5,84,5036,3576,364,319
phase,4000,2.5,85,4974,3538,403,363
phase,4000,2.5,86,5046,3603,350,311
phase,4000,2.5,87,5083,3598,346,303
phase,4000,2.5,88,4910,3554,380,328
phase,4000,2.5,89,4984,3534,400,347
phase,4000,2.5,90,4939,3559,388,345
phase,4000,2.5,91,5093,3613,344,306
phase,4000,2.5,92,4966,3538,412,367
phase,4000,2.5,93,4978,3584,359,314
phase,4000,2.5,94,4972,3561,378,330
phase,4000,2.5,95,4959,3590,364,324
phase,4000,2.5,96,5008,3584,373,338
phase,4000,2.5,97,4924,3580,371,330
phase,4000,2.5,98,4914,3558,384,346
phase,4000,2.5,99,5060,3560,368,317
phase,4000,2.5,100,5080,3586,365,323
phase,4000,2.5,101,5124,3574,354,299
phase,4000,2.5,102,5082,3603,332,287
phase,4000,2.5,103,4958,3541,391,341
phase,4000,2.5,104,4995,3541,393,349
phase,4000,2.5,105,4964,3521,416,369
phase,4000,2.5,106,5058,3595,346,302
phase,4000,2.5,107,5022,3576,372,327
phase,4000,2.5,108,4966,3557,386,342
phase,4000,2.5,109,4953,3568,369,322
phase,4000,2.5,110,5043,3588,357,316
phase,4000,2.5,111,5088,3590,354,308
phase,4000,2.5,112,4986,3582,355,306
phase,4000,2.5,113,5026,3595,358,315
phase,4000,2.5,114,5049,3610,359,331
phase,4000,2.5,115,5043,3560,365,318
phase,4000,2.5,116,5039,3588,359,316
phase,4000,2.5,117,4931,3548,401,363
phase,4000,2.5,118,5072,3596,358,321
phase,4000,2.5,119,5030,3564,374,323
phase,4000,2.5,120,4988,3587,352,298
phase,4000,2.5,121,5079,3622,341,308
phase,4000,2.5,122,5021,3556,383,339
phase,4000,2.5,123,4943,3565,391,355
phase,4000,2.5,124,4989,3580,359,306
phase,4000,2.5,125,4947,3560,367,311
phase,4000,2.5,126,5054,3592,346,301
phase,4000,2.5,127,4923,3550,386,341
phase,4000,2.5,128,5120,3610,334,290
phase,4000,2.5,129,5033,3575,374,331
phase,4000,2.5,130,5100,3630,331,293
phase,4000,2.5,131,5088,3580,368,324
phase,4000,2.5,132,4922,3513,424,381
phase,4000,2.5,133,5045,3596,355,312
phase,4000,2.5,134,5104,3605,362,334
phase,4000,2.5,135,4891,3527,402,342
phase,4000,2.5,136,4945,3571,370,320
phase,4000,2.5,137,5028,3548,392,346
phase,4000,2.5,138,5075,3650,312,282
phase,4000,2.5,139,4916,3528,408,361
phase,4000,2.5,140,5014,3589,363,321
phase,4000,2.5,141,5109,3597,367,332
phase,4000,2.5,142,5012,3529,412,361
phase,4000,2.5,143,4911,3556,379,325
phase,4000,2.5,144,4997,3586,370,332
phase,4000,2.5,145,4981,3562,368,310
phase,4000,2.5,146,4908,3537,395,344
phase,4000,2.5,147,4977,3539,402,360
phase,4000,2.5,148,5160,3590,348,306
phase,4000,2.5,149,4995,3561,373,317
phase,4000,2.5,150,4958,3577,364,321
phase,4000,2.5,151,5042,3570,368,330
phase,4000,2.5,152,4973,3582,375,336
phase,4000,2.5,153,4883,3535,406,361
phase,4000,2.5,154,4933,3589,368,333
phase,4000,2.5,155,4936,3536,381,323
phase,4000,2.5,156,5097,3634,328,297
phase,4000,2.5,157,4866,3530,395,347
phase,4000,2.5,158,4939,3540,388,335
phase,4000,2.5,159,5055,3585,365,324
phase,4000,2.5,160,4953,3562,387,348
phase,4000,2.5,161,4934,3553,395,350
phase,4000,2.5,162,5055,3593,347,300
phase,4000,2.5,163,4968,3541,404,359
phase,4000,2.5,164,5031,3598,348,310
phase,4000,2.5,165,4884,3535,414,374
phase,4000,2.5,166,5079,3584,362,321
phase,4000,2.5,167,5108,3617,333,291
phase,4000,2.5,168,4966,3522,412,359
phase,4000,2.5,169,5103,3573,378,336
phase,4000,2.5,170,4982,3579,370,327
phase,4000,2.5,171,5014,3608,351,311
phase,4000,2.5,172,5040,3584,372,335
phase,4000,2.5,173,5055,3612,330,290
phase,4000,2.5,174,4965,3579,370,325
phase,4000,2.5,175,5101,3604,348,307
phase,4000,2.5,176,4986,3580,376,340
phase,4000,2.5,177,5114,3625,331,299
phase,4000,2.5,178,5002,3558,374,323
phase,4000,2.5,179,5063,3618,339,304
phase,4000,2.5,180,4929,3560,370,318
phase,4000,2.5,181,4990,3564,382,337
phase,4000,2.5,182,4913,3542,389,341
phase,4000,2.5,183,5076,3589,348,302
phase,4000,2.5,184,5085,3581,369,331
phase,4000,2.5,185,5047,3586,357,314
phase,4000,2.5,186,5067,3589,356,314
phase,4000,2.5,187,4986,3577,373,332
phase,4000,2.5,188,5016,3581,374,337
phase,4000,2.5,189,5094,3599,354,319
phase,4000,2.5,190,5091,3607,351,313
phase,4000,2.5,191,4868,3562,380,335
phase,4000,2.5,192,4975,3600,344,302
phase,4000,2.5,193,5037,3599,347,311
phase,4000,2.5,194,5187,3608,345,302
phase,4000,2.5,195,4863,3564,391,351
phase,4000,2.5,196,5011,3578,365,324
phase,4000,2.5,197,5021,3604,332,283
phase,4000,2.5,198,5047,3564,378,330
phase,4000,2.5,199,4836,3534,385,328
phase,4000,2.75,0,5494,3686,282,254
phase,4000,2.75,1,5483,3666,279,233
phase,4000,2.75,2,5539,3708,270,249
phase,4000,2.75,3,5458,3656,305,276
phase,4000,2.75,4,5472,3677,286,255
phase,4000,2.75,5,5279,3608,342,305
phase,4000,2.75,6,5444,3680,268,235
phase,4000,2.75,7,5470,3681,285,258
phase,4000,2.75,8,5589,3693,269,240
phase,4000,2.75,9,5532,3718,257,235
phase,4000,2.75,10,5378,3633,318,286
phase,4000,2.75,11,5379,3693,279,253
phase,4000,2.75,12,5525,3686,279,247
phase,4000,2.75,13,5662,3727,230,196
phase,4000,2.75,14,5445,3657,293,258
phase,4000,2.75,15,5607,3705,264,237
phase,4000,2.75,16,5596,3718,252,229
phase,4000,2.75,17,5504,3670,295,266
phase,4000,2.75,18,5450,3633,324,288
phase,4000,2.75,19,5618,3716,264,245
phase,4000,2.75,20,5426,3676,296,273
phase,4000,2.75,21,5591,3700,278,257
phase,4000,2.75,22,5478,3679,291,265
phase,4000,2.75,23,5497,3686,286,262
phase,4000,2.75,24,5624,3708,263,236
phase,4000,2.75,25,5432,3644,315,280
phase,4000,2.75,26,5496,3684,276,239
phase,4000,2.75,27,5683,3728,247,224
phase,4000,2.75,28,5462,3693,284,260
phase,4000,2.75,29,5514,3670,286,251
phase,4000,2.75,30,5479,3655,298,255
phase,4000,2.75,31,5537,3680,288,261
phase,4000,2.75,32,5544,3707,263,241
phase,4000,2.75,33,5279,3602,353,317
phase,4000,2.75,34,5461,3671,300,275
phase,4000,2.75,35,5495,3659,293,259
phase,4000,2.75,36,5555,3699,280,262
phase,4000,2.75,37,5560,3690,274,246
phase,4000,2.75,38,5463,3677,288,255
phase,4000,2.75,39,5396,3653,312,279
phase,4000,2.75,40,5582,3690,278,248
phase,4000,2.75,41,5437,3670,286,251
phase,4000,2.75,42,5676,3699,275,252
phase,4000,2.75,43,5411,3675,293,265
phase,4000,2.75,44,5517,3646,306,267
phase,4000,2.75,45,5761,3719,263,247
phase,4000,2.75,46,5507,3687,284,254
phase,4000,2.75,47,5372,3646,311,272
phase,4000,2.75,48,5485,3681,280,248
phase,4000,2.75,49,5507,3670,289,257
phase,4000,2.75,50,5346,3672,291,259
phase,4000,2.75,51,5465,3683,283,258
phase,4000,2.75,52,5524,3660,303,271
phase,4000,2.75,53,5528,3674,300,280
phase,4000,2.75,54,5563,3755,228,209
phase,4000,2.75,55,5495,3680,288,261
phase,4000,2.75,56,5482,3660,300,270
phase,4000,2.75,57,5558,3722,260,242
phase,4000,2.75,58,5504,3645,309,272
phase,4000,2.75,59,5400,3659,307,276
phase,4000,2.75,60,5391,3661,296,258
phase,4000,2.75,61,5500,3697,273,247
phase,4000,2.75,62,5419,3674,297,270
phase,4000,2.75,63,5441,3645,316,283
phase,4000,2.75,64,5467,3661,302,265
phase,4000,2.75,65,5287,3664,303,275
phase,4000,2.75,66,5467,3674,282,246
phase,4000,2.75,67,5559,3662,291,251
phase,4000,2.75,68,5357,3661,307,277
phase,4000,2.75,69,5605,3699,273,248
phase,4000,2.75,70,5461,3676,291,263
phase,4000,2.75,71,5517,3677,283,251
phase,4000,2.75,72,5405,3696,276,252
phase,4000,2.75,73,5529,3693,277,248
phase,4000,2.75,74,5609,3685,276,245
phase,4000,2.75,75,5560,3680,287,256
phase,4000,2.75,76,5367,3656,296,258
phase,4000,2.75,77,5481,3667,293,260
phase,4000,2.75,78,5568,3679,293,268
phase,4000,2.75,79,5370,3636,317,275
phase,4000,2.75,80,5411,3642,319,285
phase,4000,2.75,81,5579,3673,282,247
phase,4000,2.75,82,5514,3701,273,250
phase,4000,2.75,83,5438,3697,273,247
phase,4000,2.75,84,5570,3687,280,250
phase,4000,2.75,85,5469,3659,303,269
phase,4000,2.75,86,5371,3678,278,244
phase,4000,2.75,87,5489,3717,261,239
phase,4000,2.75,88,5460,3676,287,259
phase,4000,2.75,89,5406,3655,315,288
phase,4000,2.75,90,5416,3690,273,242
phase,4000,2.75,91,5432,3667,290,253
phase,4000,2.75,92,5446,3672,277,240
phase,4000,2.75,93,5541,3663,298,265
phase,4000,2.75,94,5531,3727,250,230
phase,4000,2.75,95,5477,3689,283,257
phase,4000,2.75,96,5473,3692,287,267
phase,4000,2.75,97,5592,3692,285,264
phase,4000,2.75,98,5361,3673,295,265
phase,4000,2.75,99,5467,3687,283,254
phase,4000,2.75,100,5516,3680,282,254
phase,4000,2.75,101,5562,3697,273,245
phase,4000,2.75,102,5460,3673,296,267
phase,4000,2.75,103,5525,3694,270,241
phase,4000,2.75,104,5476,3693,272,241
phase,4000,2.75,105,5445,3671,292,260
phase,4000,2.75,106,5487,3675,289,258
phase,4000,2.75,107,5432,3662,281,240
phase,4000,2.75,108,5433,3682,287,260
phase,4000,2.75,109,5387,3653,312,283
phase,4000,2.75,110,5505,3696,260,231
phase,4000,2.75,111,5536,3683,290,264
phase,4000,2.75,112,5541,3690,281,254
phase,4000,2.75,113,5609,3691,288,266
phase,4000,2.75,114,5363,3646,308,270
phase,4000,2.75,115,5403,3659,312,285
phase,4000,2.75,116,5389,3653,307,272
phase,4000,2.75,117,5391,3673,294,263
phase,4000,2.75,118,5515,3677,286,254
phase,4000,2.75,119,5580,3674,291,256
phase,4000,2.75,120,5610,3701,274,252
phase,4000,2.75,121,5527,3691,269,240
phase,4000,2.75,122,5600,3714,266,248
phase,4000,2.75,123,5637,3702,264,232
phase,4000,2.75,124,5506,3697,262,231
phase,4000,2.75,125,5408,3655,303,273
phase,4000,2.75,126,5434,3655,312,279
phase,4000,2.75,127,5557,3679,266,219
phase,4000,2.75,128,5598,3723,258,237
phase,4000,2.75,129,5592,3702,276,253
phase,4000,2.75,130,5388,3668,300,273
phase,4000,2.75,131,5402,3668,289,255
phase,4000,2.75,132,5389,3671,287,251
phase,4000,2.75,133,5517,3687,279,249
phase,4000,2.75,134,5501,3672,290,259
phase,4000,2.75,135,5400,3659,299,265
phase,4000,2.75,136,5609,3715,248,214
phase,4000,2.75,137,5440,3684,286,258
phase,4000,2.75,138,5527,3714,260,236
phase,4000,2.75,139,5421,3690,279,254
phase,4000,2.75,140,5603,3685,283,252
phase,4000,2.75,141,5463,3654,302,266
phase,4000,2.75,142,5484,3694,281,257
phase,4000,2.75,143,5497,3677,289,263
phase,4000,2.75,144,5604,3708,259,229
phase,4000,2.75,145,5485,3670,303,279
phase,4000,2.75,146,5467,3705,269,245
phase,4000,2.75,147,5509,3701,269,241
phase,4000,2.75,148,5501,3665,295,261
phase,4000,2.75,149,5623,3710,273,255
phase,4000,2.75,150,5523,3665,300,268
phase,4000,2.75,151,5453,3704,262,235
phase,4000,2.75,152,5557,3684,287,263
phase,4000,2.75,153,5610,3721,244,217
phase,4000,2.75,154,5670,3708,270,248
phase,4000,2.75,155,5485,3663,297,262
phase,4000,2.75,156,5510,3688,281,251
phase,4000,2.75,157,5590,3712,255,229
phase,4000,2.75,158,5441,3687,274,246
phase,4000,2.75,159,5470,3696,278,251
phase,4000,2.75,160,5529,3701,273,248
phase,4000,2.75,161,5603,3702,271,250
phase,4000,2.75,162,5498,3669,302,272
phase,4000,2.75,163,5550,3693,275,251
phase,4000,2.75,164,5505,3663,304,273
phase,4000,2.75,165,5689,3726,245,219
phase,4000,2.75,166,5598,3692,277,245
phase,4000,2.75,167,5481,3719,259,239
phase,4000,2.75,168,5477,3648,308,273
phase,4000,2.75,169,5549,3686,287,260
phase,4000,2.75,170,5429,3645,302,264
phase,4000,2.75,171,5544,3678,295,272
phase,4000,2.75,172,5663,3723,259,240
phase,4000,2.75,173,5464,3685,269,241
phase,4000,2.75,174,5579,3704,267,240
phase,4000,2.75,175,5444,3636,323,288
phase,4000,2.75,176,5524,3700,271,250
phase,4000,2.75,177,5467,3678,285,252
phase,4000,2.75,178,5562,3658,296,258
phase,4000,2.75,179,5520,3674,288,261
phase,4000,2.75,180,5394,3641,321,290
phase,4000,2.75,181,5384,3645,317,280
phase,4000,2.75,182,5494,3667,295,260
phase,4000,2.75,183,5433,3663,300,264
phase,4000,2.75,184,5644,3727,247,226
phase,4000,2.75,185,5515,3673,279,237
phase,4000,2.75,186,5570,3716,264,244
phase,4000,2.75,187,5648,3747,232,213
phase,4000,2.75,188,5484,3670,304,281
phase,4000,2.75,189,5372,3666,288,254
phase,4000,2.75,190,5440,3682,282,251
phase,4000,2.75,191,5606,3722,254,232
phase,4000,2.75,192,5523,3698,279,258
phase,4000,2.75,193,5453,3664,296,263
phase,4000,2.75,194,5565,3712,262,241
phase,4000,2.75,195,5499,3702,265,238
phase,4000,2.75,196,5509,3713,257,231
phase,4000,2.75,197,5477,3689,286,262
phase,4000,2.75,198,5508,3668,279,242
phase,4000,2.75,199,5470,3692,272,245
phase,4000,3.0,0,6094,3765,211,188
phase,4000,3.0,1,5945,3746,219,190
phase,4000,3.0,2,6127,3780,201,182
phase,4000,3.0,3,6015,3757,223,203
phase,4000,3.0,4,6071,3768,216,198
phase,4000,3.0,5,6069,3765,213,196
phase,4000,3.0,6,6086,3798,188,175
phase,4000,3.0,7,5905,3751,223,199
phase,4000,3.0,8,6193,3780,199,181
phase,4000,3.0,9,6058,3773,207,188
phase,4000,3.0,10,6084,3786,198,182
phase,4000,3.0,11,5963,3748,226,208
phase,4000,3.0,12,6043,3754,225,207
phase,4000,3.0,13,6033,3756,228,214
phase,4000,3.0,14,6062,3774,212,197
phase,4000,3.0,15,6051,3790,194,180
phase,4000,3.0,16,6144,3805,180,164
phase,4000,3.0,17,5902,3745,233,214
phase,4000,3.0,18,6053,3771,206,188
phase,4000,3.0,19,6142,3783,196,180
phase,4000,3.0,20,6045,3799,176,153
phase,4000,3.0,21,6003,3775,205,184
phase,4000,3.0,22,5992,3749,230,213
phase,4000,3.0,23,6055,3783,200,183
phase,4000,3.0,24,5768,3744,238,220
phase,4000,3.0,25,6011,3750,232,215
phase,4000,3.0,26,5941,3766,209,188
phase,4000,3.0,27,6222,3804,183,170
phase,4000,3.0,28,5936,3757,219,196
phase,4000,3.0,29,5895,3733,238,210
phase,4000,3.0,30,6005,3784,195,178
phase,4000,3.0,31,5987,3759,217,192
phase,4000,3.0,32,6068,3758,222,203
phase,4000,3.0,33,6021,3773,209,191
phase,4000,3.0,34,5927,3779,203,189
phase,4000,3.0,35,5981,3779,201,186
phase,4000,3.0,36,6077,3796,193,181
phase,4000,3.0,37,5999,3755,225,205
phase,4000,3.0,38,6087,3778,206,190
phase,4000,3.0,39,5993,3753,220,196
phase,4000,3.0,40,6030,3766,215,198
phase,4000,3.0,41,6093,3770,204,180
phase,4000,3.0,42,5958,3768,215,199
phase,4000,3.0,43,6154,3796,191,178
phase,4000,3.0,44,6064,3793,199,190
phase,4000,3.0,45,6115,3795,188,172
phase,4000,3.0,46,5881,3770,216,202
phase,4000,3.0,47,6032,3783,199,180
phase,4000,3.0,48,5780,3720,255,229
phase,4000,3.0,49,6077,3753,229,215
phase,4000,3.0,50,5935,3748,233,215
phase,4000,3.0,51,6010,3743,233,218
phase,4000,3.0,52,5949,3761,225,211
phase,4000,3.0,53,6039,3766,207,183
phase,4000,3.0,54,5953,3710,259,232
phase,4000,3.0,55,5966,3781,213,206
phase,4000,3.0,56,5864,3739,231,206
phase,4000,3.0,57,6077,3756,227,210
phase,4000,3.0,58,6168,3793,191,176
phase,4000,3.0,59,6037,3754,221,196
phase,4000,3.0,60,5981,3764,211,191
phase,4000,3.0,61,5932,3756,224,204
phase,4000,3.0,62,5974,3795,193,181
phase,4000,3.0,63,6102,3752,217,198
phase,4000,3.0,64,6141,3761,225,210
phase,4000,3.0,65,6136,3760,222,204
phase,4000,3.0,66,5895,3753,229,212
phase,4000,3.0,67,5907,3785,199,182
phase,4000,3.0,68,6058,3778,208,195
phase,4000,3.0,69,5926,3753,228,211
phase,4000,3.0,70,5887,3726,243,216
phase,4000,3.0,71,5842,3736,240,217
phase,4000,3.0,72,6101,3772,204,185
phase,4000,3.0,73,5932,3729,245,222
phase,4000,3.0,74,5963,3757,225,208
phase,4000,3.0,75,6040,3770,211,195
phase,4000,3.0,76,5971,3778,206,190
phase,4000,3.0,77,6032,3777,209,193
phase,4000,3.0,78,6040,3800,184,169
phase,4000,3.0,79,6135,3773,209,193
phase,4000,3.0,80,5983,3774,209,194
phase,4000,3.0,81,5923,3748,231,213
phase,4000,3.0,82,6089,3776,210,197
phase,4000,3.0,83,6218,3807,180,167
phase,4000,3.0,84,5987,3776,208,193
phase,4000,3.0,85,6002,3774,210,194
phase,4000,3.0,86,5907,3747,232,213
phase,4000,3.0,87,6035,3764,221,207
phase,4000,3.0,88,6114,3739,239,219
phase,4000,3.0,89,6007,3753,226,209
phase,4000,3.0,90,5981,3781,200,185
phase,4000,3.0,91,5962,3758,222,205
phase,4000,3.0,92,5940,3775,212,199
phase,4000,3.0,93,6021,3776,205,184
phase,4000,3.0,94,6026,3753,227,207
phase,4000,3.0,95,6016,3785,199,188
phase,4000,3.0,96,5906,3753,214,196
phase,4000,3.0,97,6030,3755,225,206
phase,4000,3.0,98,5969,3753,224,200
phase,4000,3.0,99,6040,3759,222,204
phase,4000,3.0,100,6084,3760,214,194
phase,4000,3.0,101,5949,3756,224,204
phase,4000,3.0,102,5938,3769,211,193
phase,4000,3.0,103,6095,3779,210,200
phase,4000,3.0,104,6035,3769,212,194
phase,4000,3.0,105,5944,3734,244,223
phase,4000,3.0,106,6000,3764,211,187
phase,4000,3.0,107,5962,3776,201,180
phase,4000,3.0,108,5963,3779,204,189
phase,4000,3.0,109,5986,3787,188,166
phase,4000,3.0,110,6035,3771,212,194
phase,4000,3.0,111,6014,3780,206,192
phase,4000,3.0,112,6062,3784,203,190
phase,4000,3.0,113,5971,3762,217,198
phase,4000,3.0,114,5945,3761,222,204
phase,4000,3.0,115,6022,3768,210,191
phase,4000,3.0,116,5976,3750,224,202
phase,4000,3.0,117,6095,3789,192,173
phase,4000,3.0,118,6087,3760,226,211
phase,4000,3.0,119,5990,3795,191,176
phase,4000,3.0,120,6011,3745,234,211
phase,4000,3.0,121,5996,3777,209,194
phase,4000,3.0,122,5976,3774,211,197
phase,4000,3.0,123,6004,3773,210,192
phase,4000,3.0,124,5967,3770,206,184
phase,4000,3.0,125,6083,3769,223,213
phase,4000,3.0,126,5941,3735,252,239
phase,4000,3.0,127,6008,3754,222,201
phase,4000,3.0,128,5946,3771,208,188
phase,4000,3.0,129,6077,3771,211,193
phase,4000,3.0,130,5940,3760,220,202
phase,4000,3.0,131,6003,3762,224,210
phase,4000,3.0,132,5926,3749,234,216
phase,4000,3.0,133,5985,3748,236,221
phase,4000,3.0,134,6011,3763,214,194
phase,4000,3.0,135,5989,3764,214,194
phase,4000,3.0,136,5929,3748,238,224
phase,4000,3.0,137,5972,3774,211,195
phase,4000,3.0,138,5786,3754,228,214
phase,4000,3.0,139,5935,3779,204,188
phase,4000,3.0,140,5882,3750,230,211
phase,4000,3.0,141,5938,3770,217,202
phase,4000,3.0,142,6056,3776,212,198
phase,4000,3.0,143,6050,3745,228,204
phase,4000,3.0,144,6120,3779,200,183
phase,4000,3.0,145,6082,3748,231,210
phase,4000,3.0,146,5928,3748,237,221
phase,4000,3.0,147,5919,3759,222,202
phase,4000,3.0,148,6076,3774,213,200
phase,4000,3.0,149,5934,3770,203,182
phase,4000,3.0,150,6014,3767,214,197
phase,4000,3.0,151,5997,3762,214,191
phase,4000,3.0,152,5967,3755,223,201
phase,4000,3.0,153,5951,3740,225,199
phase,4000,3.0,154,6033,3755,230,217
phase,4000,3.0,155,5987,3761,225,212
phase,4000,3.0,156,6069,3758,219,202
phase,4000,3.0,157,6005,3771,202,179
phase,4000,3.0,158,6079,3754,220,196
phase,4000,3.0,159,5933,3762,224,212
phase,4000,3.0,160,5927,3781,204,188
phase,4000,3.0,161,6060,3761,223,207
phase,4000,3.0,162,6093,3760,232,222
phase,4000,3.0,163,5978,3785,198,179
phase,4000,3.0,164,5941,3731,237,211
phase,4000,3.0,165,5931,3759,216,194
phase,4000,3.0,166,6030,3768,209,191
phase,4000,3.0,167,5922,3751,227,205
phase,4000,3.0,168,5994,3754,225,204
phase,4000,3.0,169,5995,3764,213,191
phase,4000,3.0,170,6089,3786,201,187
phase,4000,3.0,171,5964,3773,210,194
phase,4000,3.0,172,5965,3774,213,200
phase,4000,3.0,173,6050,3786,198,182
phase,4000,3.0,174,5988,3779,207,192
phase,4000,3.0,175,5934,3746,238,221
phase,4000,3.0,176,5859,3726,247,225
phase,4000,3.0,177,6210,3781,202,184
phase,4000,3.0,178,5913,3734,239,212
phase,4000,3.0,179,6143,3788,191,171
phase,4000,3.0,180,5918,3752,230,212
phase,4000,3.0,181,6038,3781,194,171
phase,4000,3.0,182,6164,3790,191,175
phase,4000,3.0,183,6052,3757,224,204
phase,4000,3.0,184,6029,3783,203,187
phase,4000,3.0,185,6000,3737,242,222
phase,4000,3.0,186,6087,3772,213,198
phase,4000,3.0,187,6029,3761,211,187
phase,4000,3.0,188,5989,3779,204,188
phase,4000,3.0,189,5959,3762,215,194
phase,4000,3.0,190,6058,3788,195,178
phase,4000,3.0,191,5935,3759,223,203
phase,4000,3.0,192,6041,3777,211,197
phase,4000,3.0,193,6099,3783,208,198
phase,4000,3.0,194,6085,3765,210,188
phase,4000,3.0,195,6017,3784,195,180
phase,4000,3.0,196,5970,3739,229,204
phase,4000,3.0,197,5962,3771,212,193
phase,4000,3.0,198,5953,3764,213,191
phase,4000,3.0,199,6029,3785,200,184
scaling,250,1.0,0,119,15,131,98
scaling,250,1.0,1,125,35,127,99
scaling,250,1.0,2,163,125,91,71
scaling,250,1.0,3,114,25,137,105
scaling,250,1.0,4,120,40,132,95
scaling,250,1.0,5,113,35,137,101
scaling,250,1.0,6,135,54,116,83
scaling,250,1.0,7,130,51,120,88
scaling,250,1.0,8,115,19,135,100
scaling,250,1.0,9,122,15,130,89
scaling,250,1.0,10,125,68,125,97
scaling,250,1.0,11,145,44,105,69
scaling,250,1.0,12,136,41,115,81
scaling,250,1.0,13,127,44,123,88
scaling,250,1.0,14,141,36,109,79
scaling,250,1.0,15,134,33,116,91
scaling,250,1.0,16,136,69,114,87
scaling,250,1.0,17,132,37,118,85
scaling,250,1.0,18,136,77,114,84
scaling,250,1.0,19,142,64,110,82
scaling,250,1.0,20,128,45,123,96
scaling,250,1.0,21,118,24,133,93
scaling,250,1.0,22,147,107,110,87
scaling,250,1.0,23,121,24,130,95
scaling,250,1.0,24,126,20,124,86
scaling,250,1.0,25,111,27,139,99
scaling,250,1.0,26,126,30,124,86
scaling,250,1.0,27,123,16,128,83
scaling,250,1.0,28,127,21,123,91
scaling,250,1.0,29,110,25,140,101
scaling,250,1.0,30,133,23,117,82
scaling,250,1.0,31,109,42,142,104
scaling,250,1.0,32,105,14,145,109
scaling,250,1.0,33,145,80,106,79
scaling,250,1.0,34,116,17,134,98
scaling,250,1.0,35,123,22,127,94
scaling,250,1.0,36,119,46,133,99
scaling,250,1.0,37,114,31,137,111
scaling,250,1.0,38,130,22,120,87
scaling,250,1.0,39,123,18,129,94
scaling,250,1.0,40,125,20,125,88
scaling,250,1.0,41,124,27,127,98
scaling,250,1.0,42,115,69,135,103
scaling,250,1.0,43,127,48,124,86
scaling,250,1.0,44,109,11,141,87
scaling,250,1.0,45,131,71,120,89
scaling,250,1.0,46,142,72,111,83
scaling,250,1.0,47,128,25,122,85
scaling,250,1.0,48,132,100,119,100
scaling,250,1.0,49,134,19,116,77
scaling,250,1.0,50,130,59,122,86
scaling,250,1.0,51,150,44,100,78
scaling,250,1.0,52,127,28,124,91
scaling,250,1.0,53,137,32,114,87
scaling,250,1.0,54,126,68,126,94
scaling,250,1.0,55,118,11,132,85
scaling,250,1.0,56,121,36,130,105
scaling,250,1.0,57,130,41,122,89
scaling,250,1.0,58,108,13,142,105
scaling,250,1.0,59,115,18,135,102
scaling,250,1.0,60,139,27,111,76
scaling,250,1.0,61,109,16,141,104
scaling,250,1.0,62,119,16,131,91
scaling,250,1.0,63,116,17,134,98
scaling,250,1.0,64,114,16,136,100
scaling,250,1.0,65,125,19,125,90
scaling,250,1.0,66,118,30,132,96
scaling,250,1.0,67,131,27,120,81
scaling,250,1.0,68,108,17,142,106
scaling,250,1.0,69,112,31,138,109
scaling,250,1.0,70,112,16,139,100
scaling,250,1.0,71,106,16,144,100
scaling,250,1.0,72,109,29,141,109
scaling,250,1.0,73,124,35,126,87
scaling,250,1.0,74,144,59,108,71
scaling,250,1.0,75,133,30,118,88
scaling,250,1.0,76,131,50,120,89
scaling,250,1.0,77,132,47,119,95
scaling,250,1.0,78,126,22,125,87
scaling,250,1.0,79,109,15,141,97
scaling,250,1.0,80,125,31,125,89
scaling,250,1.0,81,122,21,128,94
scaling,250,1.0,82,120,19,130,90
scaling,250,1.0,83,139,31,113,77
scaling,250,1.0,84,141,78,112,80
scaling,250,1.0,85,117,30,136,105
scaling,250,1.0,86,112,35,140,98
scaling,250,1.0,87,110,20,140,101
scaling,250,1.0,88,119,41,131,99
scaling,250,1.0,89,133,48,121,83
scaling,250,1.0,90,110,13,140,111
scaling,250,1.0,91,115,27,138,105
scaling,250,1.0,92,118,21,133,94
scaling,250,1.0,93,114,26,136,109
scaling,250,1.0,94,127,26,123,85
scaling,250,1.0,95,125,40,125,97
scaling,250,1.0,96,124,27,126,85
scaling,250,1.0,97,132,40,118,91
scaling,250,1.0,98,118,11,132,90
scaling,250,1.0,99,118,13,132,91
scaling,250,1.0,100,123,28,128,85
scaling,250,1.0,101,143,90,110,85
scaling,250,1.0,102,138,57,112,73
scaling,250,1.0,103,119,21,131,98
scaling,250,1.0,104,120,19,130,90
scaling,250,1.0,105,136,43,114,78
scaling,250,1.0,106,114,26,136,94
scaling,250,1.0,107,124,48,127,90
scaling,250,1.0,108,127,21,123,90
scaling,250,1.0,109,118,24,133,94
scaling,250,1.0,110,122,24,128,91
scaling,250,1.0,111,117,41,133,102
scaling,250,1.0,112,114,22,137,101
scaling,250,1.0,113,128,29,122,90
scaling,250,1.0,114,114,18,137,101
scaling,250,1.0,115,130,46,120,84
scaling,250,1.0,116,130,49,121,92
scaling,250,1.0,117,123,24,127,91
scaling,250,1.0,118,134,31,117,91
scaling,250,1.0,119,139,48,112,81
scaling,250,1.0,120,136,43,115,80
scaling,250,1.0,121,122,22,128,97
scaling,250,1.0,122,115,21,135,93
scaling,250,1.0,123,148,49,103,69
scaling,250,1.0,124,105,10,145,99
scaling,250,1.0,125,134,29,116,76
scaling,250,1.0,126,123,50,127,100
scaling,250,1.0,127,141,36,111,78
scaling,250,1.0,128,130,26,120,86
scaling,250,1.0,129,147,111,109,87
scaling,250,1.0,130,124,40,128,90
scaling,250,1.0,131,130,34,120,93
scaling,250,1.0,132,131,64,121,89
scaling,250,1.0,133,119,23,132,100
scaling,250,1.0,134,129,32,121,93
scaling,250,1.0,135,153,58,97,74
scaling,250,1.0,136,120,48,130,100
scaling,250,1.0,137,110,19,141,107
scaling,250,1.0,138,120,25,132,100
scaling,250,1.0,139,129,48,122,92
scaling,250,1.0,140,120,22,130,100
scaling,250,1.0,141,99,20,151,110
scaling,250,1.0,142,123,30,128,94
scaling,250,1.0,143,130,43,120,86
scaling,250,1.0,144,128,45,122,90
scaling,250,1.0,145,114,14,136,92
scaling,250,1.0,146,136,24,115,78
scaling,250,1.0,147,141,48,109,83
scaling,250,1.0,148,150,107,102,79
scaling,250,1.0,149,124,29,126,94
scaling,250,1.0,150,134,49,118,92
scaling,250,1.0,151,129,18,121,79
scaling,250,1.0,152,135,76,115,89
scaling,250,1.0,153,118,24,133,92
scaling,250,1.0,154,128,25,123,92
scaling,250,1.0,155,132,39,121,89
scaling,250,1.0,156,118,60,133,103
scaling,250,1.0,157,147,72,103,84
scaling,250,1.0,158,131,27,120,88
scaling,250,1.0,159,113,37,139,108
scaling,250,1.0,160,126,26,124,76
scaling,250,1.0,161,131,50,122,92
scaling,250,1.0,162,122,35,128,99
scaling,250,1.0,163,104,12,147,110
scaling,250,1.0,164,149,63,105,78
scaling,250,1.0,165,102,19,149,115
scaling,250,1.0,166,130,45,121,93
scaling,250,1.0,167,117,18,133,99
scaling,250,1.0,168,113,39,137,104
scaling,250,1.0,169,133,56,118,87
scaling,250,1.0,170,128,61,123,97
scaling,250,1.0,171,123,34,127,91
scaling,250,1.0,172,108,16,142,104
scaling,250,1.0,173,111,34,139,106
scaling,250,1.0,174,140,73,112,86
scaling,250,1.0,175,122,26,129,95
scaling,250,1.0,176,123,41,129,98
scaling,250,1.0,177,123,53,127,102
scaling,250,1.0,178,132,73,119,98
scaling,250,1.0,179,122,30,129,103
scaling,250,1.0,180,127,28,124,89
scaling,250,1.0,181,122,49,128,94
scaling,250,1.0,182,119,22,132,100
scaling,250,1.0,183,129,37,122,87
scaling,250,1.0,184,109,17,142,112
scaling,250,1.0,185,129,48,121,89
scaling,250,1.0,186,125,54,125,97
scaling,250,1.0,187,112,12,138,98
scaling,250,1.0,188,126,15,124,84
scaling,250,1.0,189,130,26,120,87
scaling,250,1.0,190,114,25,138,100
scaling,250,1.0,191,115,20,135,99
scaling,250,1.0,192,108,21,142,104
scaling,250,1.0,193,100,41,150,124
scaling,250,1.0,194,117,19,135,88
scaling,250,1.0,195,108,31,142,109
scaling,250,1.0,196,113,32,138,106
scaling,250,1.0,197,129,58,122,94
scaling,250,1.0,198,118,15,132,91
scaling,250,1.0,199,104,15,146,105
scaling,250,1.0,200,130,62,120,90
scaling,250,1.0,201,129,32,123,85
scaling,250,1.0,202,117,36,133,102
scaling,250,1.0,203,119,36,132,104
scaling,250,1.0,204,135,45,116,87
scaling,250,1.0,205,109,30,142,108
scaling,250,1.0,206,121,48,130,98
scaling,250,1.0,207,118,42,133,99
scaling,250,1.0,208,119,48,131,101
scaling,250,1.0,209,106,21,144,102
scaling,250,1.0,210,116,15,134,89
scaling,250,1.0,211,114,19,136,101
scaling,250,1.0,212,130,49,120,93
scaling,250,1.0,213,135,20,115,77
scaling,250,1.0,214,115,19,135,92
scaling,250,1.0,215,113,30,138,108
scaling,250,1.0,216,121,37,130,102
scaling,250,1.0,217,118,16,133,90
scaling,250,1.0,218,112,21,139,99
scaling,250,1.0,219,111,29,139,107
scaling,250,1.0,220,126,21,125,89
scaling,250,1.0,221,126,54,126,91
scaling,250,1.0,222,118,16,132,90
scaling,250,1.0,223,137,43,115,77
scaling,250,1.0,224,123,29,127,93
scaling,250,1.0,225,128,39,122,87
scaling,250,1.0,226,134,22,116,79
scaling,250,1.0,227,135,59,117,87
scaling,250,1.0,228,142,46,109,80
scaling,250,1.0,229,116,20,134,95
scaling,250,1.0,230,124,38,127,91
scaling,250,1.0,231,152,69,99,78
scaling,250,1.0,232,126,34,124,92
scaling,250,1.0,233,97,11,153,115
scaling,250,1.0,234,114,31,136,102
scaling,250,1.0,235,123,26,127,96
scaling,250,1.0,236,130,42,122,87
scaling,250,1.0,237,122,30,128,93
scaling,250,1.0,238,119,14,131,94
scaling,250,1.0,239,125,62,126,86
scaling,250,1.0,240,144,63,106,74
scaling,250,1.0,241,131,27,119,87
scaling,250,1.0,242,118,23,132,95
scaling,250,1.0,243,98,16,152,117
scaling,250,1.0,244,122,50,129,97
scaling,250,1.0,245,110,21,140,93
scaling,250,1.0,246,124,53,127,91
scaling,250,1.0,247,114,42,136,105
scaling,250,1.0,248,131,55,121,83
scaling,250,1.0,249,130,56,120,88
scaling,500,1.0,0,255,69,246,177
scaling,500,1.0,1,274,63,227,157
scaling,500,1.0,2,245,35,255,191
scaling,500,1.0,3,238,47,264,188
scaling,500,1.0,4,251,85,250,182
scaling,500,1.0,5,249,59,253,189
scaling,500,1.0,6,258,80,242,186
scaling,500,1.0,7,230,36,271,195
scaling,500,1.0,8,247,45,253,184
scaling,500,1.0,9,255,32,245,180
scaling,500,1.0,10,224,29,276,203
scaling,500,1.0,11,246,22,255,175
scaling,500,1.0,12,243,25,258,183
scaling,500,1.0,13,252,77,248,182
scaling,500,1.0,14,253,24,248,175
scaling,500,1.0,15,266,127,235,173
scaling,500,1.0,16,262,59,238,178
scaling,500,1.0,17,291,131,210,149
scaling,500,1.0,18,227,66,274,206
scaling,500,1.0,19,239,26,261,183
scaling,500,1.0,20,275,172,226,167
scaling,500,1.0,21,250,75,250,191
scaling,500,1.0,22,257,51,243,171
scaling,500,1.0,23,275,61,227,170
scaling,500,1.0,24,262,46,239,180
scaling,500,1.0,25,271,137,231,180
scaling,500,1.0,26,258,78,243,178
scaling,500,1.0,27,274,114,227,168
scaling,500,1.0,28,250,37,250,175
scaling,500,1.0,29,254,36,246,180
scaling,500,1.0,30,247,26,254,185
scaling,500,1.0,31,238,26,266,205
scaling,500,1.0,32,252,61,248,178
scaling,500,1.0,33,220,59,280,208
scaling,500,1.0,34,238,41,262,192
scaling,500,1.0,35,224,20,276,199
scaling,500,1.0,36,230,24,271,209
scaling,500,1.0,37,279,122,224,159
scaling,500,1.0,38,269,84,233,171
scaling,500,1.0,39,258,38,244,175
scaling,500,1.0,40,246,57,255,189
scaling,500,1.0,41,234,62,267,189
scaling,500,1.0,42,237,38,263,188
scaling,500,1.0,43,245,43,255,188
scaling,500,1.0,44,234,20,267,196
scaling,500,1.0,45,251,123,250,191
scaling,500,1.0,46,250,41,250,183
scaling,500,1.0,47,237,29,265,185
scaling,500,1.0,48,267,100,234,177
scaling,500,1.0,49,205,23,295,225
scaling,500,1.0,50,235,60,265,195
scaling,500,1.0,51,238,25,262,190
scaling,500,1.0,52,252,26,248,176
scaling,500,1.0,53,267,113,235,172
scaling,500,1.0,54,281,104,221,157
scaling,500,1.0,55,254,87,246,182
scaling,500,1.0,56,255,47,246,183
scaling,500,1.0,57,246,42,256,192
scaling,500,1.0,58,241,40,259,192
scaling,500,1.0,59,249,23,251,177
scaling,500,1.0,60,249,126,253,194
scaling,500,1.0,61,231,25,270,199
scaling,500,1.0,62,232,67,268,190
scaling,500,1.0,63,242,47,258,193
scaling,500,1.0,64,244,35,256,180
scaling,500,1.0,65,236,31,264,188
scaling,500,1.0,66,265,26,235,162
scaling,500,1.0,67,265,67,239,166
scaling,500,1.0,68,252,67,249,179
scaling,500,1.0,69,252,21,248,173
scaling,500,1.0,70,246,79,254,182
scaling,500,1.0,71,243,42,257,192
scaling,500,1.0,72,228,28,273,199
scaling,500,1.0,73,255,49,245,170
scaling,500,1.0,74,246,41,255,183
scaling,500,1.0,75,253,49,248,184
scaling,500,1.0,76,242,24,258,180
scaling,500,1.0,77,247,53,254,180
scaling,500,1.0,78,222,34,279,193
scaling,500,1.0,79,246,48,254,170
scaling,500,1.0,80,249,64,252,177
scaling,500,1.0,81,253,22,247,174
scaling,500,1.0,82,264,58,237,171
scaling,500,1.0,83,259,127,242,173
scaling,500,1.0,84,263,61,237,158
scaling,500,1.0,85,240,31,260,185
scaling,500,1.0,86,254,28,246,172
scaling,500,1.0,87,215,24,285,208
scaling,500,1.0,88,269,38,232,172
scaling,500,1.0,89,259,58,241,166
scaling,500,1.0,90,229,28,271,202
scaling,500,1.0,91,255,99,245,183
scaling,500,1.0,92,269,65,232,167
scaling,500,1.0,93,248,41,253,173
scaling,500,1.0,94,234,66,266,202
scaling,500,1.0,95,248,32,252,180
scaling,500,1.0,96,258,30,243,174
scaling,500,1.0,97,251,86,249,190
scaling,500,1.0,98,266,137,236,179
scaling,500,1.0,99,277,75,223,164
scaling,500,1.0,100,255,137,245,197
scaling,500,1.0,101,234,64,266,185
scaling,500,1.0,102,209,12,291,216
scaling,500,1.0,103,267,66,233,166
scaling,500,1.0,104,243,36,257,184
scaling,500,1.0,105,252,95,249,177
scaling,500,1.0,106,241,59,259,188
scaling,500,1.0,107,231,79,270,208
scaling,500,1.0,108,247,48,254,190
scaling,500,1.0,109,231,63,269,198
scaling,500,1.0,110,268,100,235,171
scaling,500,1.0,111,259,124,244,181
scaling,500,1.0,112,262,138,242,178
scaling,500,1.0,113,251,53,249,173
scaling,500,1.0,114,228,53,272,193
scaling,500,1.0,115,202,16,299,225
scaling,500,1.0,116,264,92,237,178
scaling,500,1.0,117,262,98,238,187
scaling,500,1.0,118,243,60,257,188
scaling,500,1.0,119,269,70,234,174
scaling,500,1.0,120,258,44,242,171
scaling,500,1.0,121,246,54,256,193
scaling,500,1.0,122,253,96,248,178
scaling,500,1.0,123,253,32,247,172
scaling,500,1.0,124,243,44,257,193
scaling,500,1.0,125,231,31,270,193
scaling,500,1.0,126,243,41,258,190
scaling,500,1.0,127,272,123,228,168
scaling,500,1.0,128,255,80,245,181
scaling,500,1.0,129,253,33,247,173
scaling,500,1.0,130,238,27,263,192
scaling,500,1.0,131,207,17,293,214
scaling,500,1.0,132,232,18,268,192
scaling,500,1.0,133,269,61,232,166
scaling,500,1.0,134,277,55,223,155
scaling,500,1.0,135,269,43,231,164
scaling,500,1.0,136,235,69,266,189
scaling,500,1.0,137,253,62,249,193
scaling,500,1.0,138,242,37,260,197
scaling,500,1.0,139,248,32,252,184
scaling,500,1.0,140,264,68,239,183
scaling,500,1.0,141,240,29,260,192
scaling,500,1.0,142,244,33,258,192
scaling,500,1.0,143,250,34,250,197
scaling,500,1.0,144,228,25,272,204
scaling,500,1.0,145,259,41,242,183
scaling,500,1.0,146,252,24,249,175
scaling,500,1.0,147,253,41,248,177
scaling,500,1.0,148,248,118,253,199
scaling,500,1.0,149,228,24,273,199
scaling,500,1.0,150,270,103,230,166
scaling,500,1.0,151,236,45,264,203
scaling,500,1.0,152,241,59,259,191
scaling,500,1.0,153,234,35,266,196
scaling,500,1.0,154,239,103,263,199
scaling,500,1.0,155,267,33,234,166
scaling,500,1.0,156,244,43,256,178
scaling,500,1.0,157,235,77,265,208
scaling,500,1.0,158,252,96,248,195
scaling,500,1.0,159,252,80,249,187
scaling,500,1.0,160,246,26,255,184
scaling,500,1.0,161,259,45,241,179
scaling,500,1.0,162,241,62,260,195
scaling,500,1.0,163,236,31,264,194
scaling,500,1.0,164,252,35,249,176
scaling,500,1.0,165,223,26,277,198
scaling,500,1.0,166,248,35,252,192
scaling,500,1.0,167,242,27,258,188
scaling,500,1.0,168,248,92,252,182
scaling,500,1.0,169,255,82,246,183
scaling,500,1.0,170,236,35,264,198
scaling,500,1.0,171,248,79,255,185
scaling,500,1.0,172,255,55,246,176
scaling,500,1.0,173,241,42,259,189
scaling,500,1.0,174,230,51,271,205
scaling,500,1.0,175,258,91,242,180
scaling,500,1.0,176,239,48,261,187
scaling,500,1.0,177,242,55,259,197
scaling,500,1.0,178,237,70,265,198
scaling,500,1.0,179,239,74,262,197
scaling,500,1.0,180,225,50,276,207
scaling,500,1.0,181,246,54,254,189
scaling,500,1.0,182,252,66,249,177
scaling,500,1.0,183,257,135,244,196
scaling,500,1.0,184,271,72,231,173
scaling,500,1.0,185,257,54,244,178
scaling,500,1.0,186,259,41,242,175
scaling,500,1.0,187,253,55,248,181
scaling,500,1.0,188,228,18,272,198
scaling,500,1.0,189,251,64,250,180
scaling,500,1.0,190,255,36,246,175
scaling,500,1.0,191,242,27,258,190
scaling,500,1.0,192,258,103,242,184
scaling,500,1.0,193,276,69,225,164
scaling,500,1.0,194,217,25,284,213
scaling,500,1.0,195,263,63,238,178
scaling,500,1.0,196,261,70,242,188
scaling,500,1.0,197,231,27,270,179
scaling,500,1.0,198,230,11,271,189
scaling,500,1.0,199,237,22,263,184
scaling,500,1.0,200,270,87,230,166
scaling,500,1.0,201,282,158,225,172
scaling,500,1.0,202,262,76,239,174
scaling,500,1.0,203,242,50,258,189
scaling,500,1.0,204,220,21,280,203
scaling,500,1.0,205,230,51,270,200
scaling,500,1.0,206,235,77,265,195
scaling,500,1.0,207,244,99,256,202
scaling,500,1.0,208,257,76,243,173
scaling,500,1.0,209,245,48,257,191
scaling,500,1.0,210,281,125,222,163
scaling,500,1.0,211,242,87,260,199
scaling,500,1.0,212,220,19,282,212
scaling,500,1.0,213,262,23,239,167
scaling,500,1.0,214,269,66,232,169
scaling,500,1.0,215,242,37,258,186
scaling,500,1.0,216,276,129,229,185
scaling,500,1.0,217,280,106,222,169
scaling,500,1.0,218,239,34,261,192
scaling,500,1.0,219,245,101,256,199
scaling,500,1.0,220,273,44,228,165
scaling,500,1.0,221,258,115,244,188
scaling,500,1.0,222,248,27,253,193
scaling,500,1.0,223,249,63,251,182
scaling,500,1.0,224,248,114,253,196
scaling,500,1.0,225,279,60,223,161
scaling,500,1.0,226,249,97,254,196
scaling,500,1.0,227,238,41,262,187
scaling,500,1.0,228,263,70,239,178
scaling,500,1.0,229,264,140,237,177
scaling,500,1.0,230,239,20,263,171
scaling,500,1.0,231,242,19,259,188
scaling,500,1.0,232,244,113,259,206
scaling,500,1.0,233,230,43,271,206
scaling,500,1.0,234,241,33,259,194
scaling,500,1.0,235,276,40,226,160
scaling,500,1.0,236,232,25,268,192
scaling,500,1.0,237,243,40,257,195
scaling,500,1.0,238,259,38,241,176
scaling,500,1.0,239,258,59,243,185
scaling,500,1.0,240,254,87,248,183
scaling,500,1.0,241,242,109,259,191
scaling,500,1.0,242,256,122,245,188
scaling,500,1.0,243,252,66,248,180
scaling,500,1.0,244,254,98,246,179
scaling,500,1.0,245,247,38,254,189
scaling,500,1.0,246,253,88,248,192
scaling,500,1.0,247,256,22,244,169
scaling,500,1.0,248,223,37,278,197
scaling,500,1.0,249,255,41,245,185
scaling,1000,1.0,0,483,183,518,387
scaling,1000,1.0,1,523,119,479,362
scaling,1000,1.0,2,525,219,475,364
scaling,1000,1.0,3,492,70,508,367
scaling,1000,1.0,4,505,44,495,350
scaling,1000,1.0,5,474,53,527,381
scaling,1000,1.0,6,487,31,513,367
scaling,1000,1.0,7,521,46,479,349
scaling,1000,1.0,8,478,76,523,399
scaling,1000,1.0,9,524,140,478,346
scaling,1000,1.0,10,500,138,501,364
scaling,1000,1.0,11,515,51,486,357
scaling,1000,1.0,12,491,113,511,368
scaling,1000,1.0,13,516,72,484,341
scaling,1000,1.0,14,539,64,462,316
scaling,1000,1.0,15,476,49,526,382
scaling,1000,1.0,16,506,128,494,373
scaling,1000,1.0,17,494,179,506,366
scaling,1000,1.0,18,481,54,519,374
scaling,1000,1.0,19,478,46,522,383
scaling,1000,1.0,20,500,82,500,350
scaling,1000,1.0,21,495,130,505,364
scaling,1000,1.0,22,500,74,500,362
scaling,1000,1.0,23,501,60,499,382
scaling,1000,1.0,24,524,139,477,346
scaling,1000,1.0,25,475,70,526,380
scaling,1000,1.0,26,541,154,462,339
scaling,1000,1.0,27,481,50,520,370
scaling,1000,1.0,28,512,153,493,362
scaling,1000,1.0,29,520,62,480,355
scaling,1000,1.0,30,498,163,504,384
scaling,1000,1.0,31,496,52,505,369
scaling,1000,1.0,32,494,82,508,360
scaling,1000,1.0,33,504,43,496,352
scaling,1000,1.0,34,521,85,483,351
scaling,1000,1.0,35,490,71,510,367
scaling,1000,1.0,36,516,55,485,353
scaling,1000,1.0,37,482,88,520,401
scaling,1000,1.0,38,502,48,499,355
scaling,1000,1.0,39,558,111,442,327
scaling,1000,1.0,40,524,49,476,341
scaling,1000,1.0,41,525,225,477,355
scaling,1000,1.0,42,546,143,457,330
scaling,1000,1.0,43,499,105,501,367
scaling,1000,1.0,44,496,57,505,365
scaling,1000,1.0,45,482,67,519,380
scaling,1000,1.0,46,480,108,521,374
scaling,1000,1.0,47,506,60,495,352
scaling,1000,1.0,48,502,49,501,345
scaling,1000,1.0,49,545,169,456,353
scaling,1000,1.0,50,519,253,485,375
scaling,1000,1.0,51,476,48,524,387
scaling,1000,1.0,52,461,30,539,389
scaling,1000,1.0,53,506,108,494,355
scaling,1000,1.0,54,491,126,510,367
scaling,1000,1.0,55,493,117,507,367
scaling,1000,1.0,56,499,63,502,361
scaling,1000,1.0,57,500,89,502,380
scaling,1000,1.0,58,506,81,495,371
scaling,1000,1.0,59,500,188,502,368
scaling,1000,1.0,60,508,145,494,363
scaling,1000,1.0,61,534,95,466,350
scaling,1000,1.0,62,537,62,464,316
scaling,1000,1.0,63,506,103,497,371
scaling,1000,1.0,64,473,37,527,390
scaling,1000,1.0,65,491,47,509,371
scaling,1000,1.0,66,492,139,511,388
scaling,1000,1.0,67,515,173,487,362
scaling,1000,1.0,68,461,36,539,393
scaling,1000,1.0,69,525,65,475,342
scaling,1000,1.0,70,526,86,474,351
scaling,1000,1.0,71,466,41,534,400
scaling,1000,1.0,72,500,54,500,360
scaling,1000,1.0,73,473,42,528,385
scaling,1000,1.0,74,502,69,498,358
scaling,1000,1.0,75,502,51,499,349
scaling,1000,1.0,76,495,78,506,361
scaling,1000,1.0,77,470,44,530,390
scaling,1000,1.0,78,499,42,501,361
scaling,1000,1.0,79,529,43,472,336
scaling,1000,1.0,80,532,54,469,346
scaling,1000,1.0,81,511,95,489,373
scaling,1000,1.0,82,433,56,568,432
scaling,1000,1.0,83,479,80,521,382
scaling,1000,1.0,84,485,79,515,362
scaling,1000,1.0,85,523,72,478,351
scaling,1000,1.0,86,511,114,489,351
scaling,1000,1.0,87,504,123,496,363
scaling,1000,1.0,88,553,116,448,299
scaling,1000,1.0,89,470,42,531,388
scaling,1000,1.0,90,518,117,483,363
scaling,1000,1.0,91,486,129,517,362
scaling,1000,1.0,92,512,95,488,358
scaling,1000,1.0,93,531,61,469,334
scaling,1000,1.0,94,437,23,563,407
scaling,1000,1.0,95,495,96,505,377
scaling,1000,1.0,96,525,59,476,343
scaling,1000,1.0,97,505,62,499,370
scaling,1000,1.0,98,468,108,532,397
scaling,1000,1.0,99,507,136,493,366
scaling,1000,1.0,100,476,37,524,366
scaling,1000,1.0,101,519,162,482,367
scaling,1000,1.0,102,527,110,473,348
scaling,1000,1.0,103,485,130,517,389
scaling,1000,1.0,104,506,82,495,360
scaling,1000,1.0,105,503,69,497,373
scaling,1000,1.0,106,504,110,498,365
scaling,1000,1.0,107,478,60,523,378
scaling,1000,1.0,108,462,87,538,403
scaling,1000,1.0,109,444,25,557,397
scaling,1000,1.0,110,503,42,498,358
scaling,1000,1.0,111,502,68,499,356
scaling,1000,1.0,112,493,54,507,364
scaling,1000,1.0,113,474,39,526,381
scaling,1000,1.0,114,476,163,528,403
scaling,1000,1.0,115,483,34,517,376
scaling,1000,1.0,116,494,120,506,373
scaling,1000,1.0,117,496,37,504,366
scaling,1000,1.0,118,522,89,479,349
scaling,1000,1.0,119,480,44,521,392
scaling,1000,1.0,120,486,40,515,362
scaling,1000,1.0,121,476,50,524,379
scaling,1000,1.0,122,498,56,503,367
scaling,1000,1.0,123,481,69,519,382
scaling,1000,1.0,124,497,92,503,371
scaling,1000,1.0,125,500,71,500,367
scaling,1000,1.0,126,488,84,513,373
scaling,1000,1.0,127,465,46,536,389
scaling,1000,1.0,128,502,100,498,364
scaling,1000,1.0,129,533,74,469,345
scaling,1000,1.0,130,470,37,532,381
scaling,1000,1.0,131,496,145,504,370
scaling,1000,1.0,132,494,130,507,378
scaling,1000,1.0,133,486,44,514,363
scaling,1000,1.0,134,469,151,531,406
scaling,1000,1.0,135,519,132,482,368
scaling,1000,1.0,136,506,114,495,367
scaling,1000,1.0,137,489,53,511,370
scaling,1000,1.0,138,466,73,535,397
scaling,1000,1.0,139,486,82,514,378
scaling,1000,1.0,140,481,77,519,390
scaling,1000,1.0,141,479,28,522,396
scaling,1000,1.0,142,465,48,535,394
scaling,1000,1.0,143,472,75,529,383
scaling,1000,1.0,144,469,35,531,369
scaling,1000,1.0,145,475,42,526,392
scaling,1000,1.0,146,508,129,493,362
scaling,1000,1.0,147,498,126,503,368
scaling,1000,1.0,148,496,98,504,369
scaling,1000,1.0,149,498,34,502,356
scaling,1000,1.0,150,519,145,481,370
scaling,1000,1.0,151,493,82,508,376
scaling,1000,1.0,152,450,37,550,407
scaling,1000,1.0,153,529,184,472,343
scaling,1000,1.0,154,485,98,515,384
scaling,1000,1.0,155,471,69,529,385
scaling,1000,1.0,156,520,148,482,370
scaling,1000,1.0,157,566,184,435,329
scaling,1000,1.0,158,517,66,483,353
scaling,1000,1.0,159,502,36,498,374
scaling,1000,1.0,160,505,90,497,371
scaling,1000,1.0,161,470,141,530,392
scaling,1000,1.0,162,512,71,489,357
scaling,1000,1.0,163,528,97,472,339
scaling,1000,1.0,164,508,74,493,361
scaling,1000,1.0,165,505,146,497,369
scaling,1000,1.0,166,495,110,506,372
scaling,1000,1.0,167,484,67,517,382
scaling,1000,1.0,168,529,133,475,336
scaling,1000,1.0,169,500,78,500,373
scaling,1000,1.0,170,505,96,495,386
scaling,1000,1.0,171,513,171,488,364
scaling,1000,1.0,172,530,144,471,343
scaling,1000,1.0,173,509,83,494,360
scaling,1000,1.0,174,500,60,501,367
scaling,1000,1.0,175,444,68,556,407
scaling,1000,1.0,176,481,86,519,388
scaling,1000,1.0,177,478,46,522,377
scaling,1000,1.0,178,546,77,456,338
scaling,1000,1.0,179,455,30,545,391
scaling,1000,1.0,180,459,127,542,403
scaling,1000,1.0,181,496,169,504,364
scaling,1000,1.0,182,496,77,504,351
scaling,1000,1.0,183,477,57,523,372
scaling,1000,1.0,184,489,62,512,360
scaling,1000,1.0,185,505,115,496,369
scaling,1000,1.0,186,525,108,477,340
scaling,1000,1.0,187,486,100,514,376
scaling,1000,1.0,188,496,77,504,380
scaling,1000,1.0,189,490,149,511,377
scaling,1000,1.0,190,511,62,489,363
scaling,1000,1.0,191,507,195,496,380
scaling,1000,1.0,192,562,93,441,316
scaling,1000,1.0,193,530,156,471,372
scaling,1000,1.0,194,470,108,530,377
scaling,1000,1.0,195,510,116,490,369
scaling,1000,1.0,196,520,56,480,337
scaling,1000,1.0,197,478,88,522,389
scaling,1000,1.0,198,504,75,497,384
scaling,1000,1.0,199,511,116,490,372
scaling,1000,1.0,200,482,65,519,369
scaling,1000,1.0,201,520,152,480,365
scaling,1000,1.0,202,495,159,507,387
scaling,1000,1.0,203,529,55,471,359
scaling,1000,1.0,204,477,43,525,385
scaling,1000,1.0,205,503,62,499,356
scaling,1000,1.0,206,547,104,459,351
scaling,1000,1.0,207,479,64,522,394
scaling,1000,1.0,208,506,98,496,363
scaling,1000,1.0,209,526,181,477,349
scaling,1000,1.0,210,511,52,491,344
scaling,1000,1.0,211,521,232,483,357
scaling,1000,1.0,212,513,52,489,344
scaling,1000,1.0,213,468,45,532,413
scaling,1000,1.0,214,478,105,522,380
scaling,1000,1.0,215,533,126,469,344
scaling,1000,1.0,216,525,98,478,365
scaling,1000,1.0,217,518,37,482,340
scaling,1000,1.0,218,481,44,519,389
scaling,1000,1.0,219,473,80,528,386
scaling,1000,1.0,220,492,113,509,386
scaling,1000,1.0,221,523,97,479,347
scaling,1000,1.0,222,474,29,526,385
scaling,1000,1.0,223,490,71,510,371
scaling,1000,1.0,224,512,93,488,360
scaling,1000,1.0,225,524,118,479,353
scaling,1000,1.0,226,476,77,524,396
scaling,1000,1.0,227,474,77,526,395
scaling,1000,1.0,228,481,61,519,397
scaling,1000,1.0,229,504,144,498,378
scaling,1000,1.0,230,467,76,534,389
scaling,1000,1.0,231,523,68,478,362
scaling,1000,1.0,232,495,72,505,371
scaling,1000,1.0,233,503,59,498,365
scaling,1000,1.0,234,484,74,519,381
scaling,1000,1.0,235,531,126,472,345
scaling,1000,1.0,236,481,61,520,393
scaling,1000,1.0,237,479,50,522,376
scaling,1000,1.0,238,518,105,484,364
scaling,1000,1.0,239,489,58,512,373
scaling,1000,1.0,240,467,34,533,389
scaling,1000,1.0,241,510,111,494,368
scaling,1000,1.0,242,525,132,476,353
scaling,1000,1.0,243,507,89,493,364
scaling,1000,1.0,244,485,47,515,371
scaling,1000,1.0,245,499,51,502,375
scaling,1000,1.0,246,524,218,478,346
scaling,1000,1.0,247,517,97,485,358
scaling,1000,1.0,248,510,126,492,350
scaling,1000,1.0,249,505,70,496,363
scaling,2000,1.0,0,992,112,1008,714
scaling,2000,1.0,1,995,126,1005,719
scaling,2000,1.0,2,1025,107,975,725
scaling,2000,1.0,3,953,149,1047,761
scaling,2000,1.0,4,1005,103,995,729
scaling,2000,1.0,5,1034,194,968,737
scaling,2000,1.0,6,1034,90,968,717
scaling,2000,1.0,7,989,109,1011,730
scaling,2000,1.0,8,1037,286,966,715
scaling,2000,1.0,9,995,52,1005,727
scaling,2000,1.0,10,1014,152,988,746
scaling,2000,1.0,11,984,70,1016,741
scaling,2000,1.0,12,1001,144,1001,746
scaling,2000,1.0,13,973,77,1027,737
scaling,2000,1.0,14,1004,79,997,737
scaling,2000,1.0,15,1043,234,959,723
scaling,2000,1.0,16,1065,113,935,684
scaling,2000,1.0,17,983,83,1017,749
scaling,2000,1.0,18,993,125,1007,736
scaling,2000,1.0,19,995,70,1005,742
scaling,2000,1.0,20,1015,94,985,721
scaling,2000,1.0,21,1003,55,998,704
scaling,2000,1.0,22,954,118,1046,765
scaling,2000,1.0,23,1041,111,959,690
scaling,2000,1.0,24,981,79,1020,729
scaling,2000,1.0,25,1054,199,947,702
scaling,2000,1.0,26,1016,127,985,735
scaling,2000,1.0,27,1021,225,980,740
scaling,2000,1.0,28,1033,251,968,714
scaling,2000,1.0,29,943,132,1057,758
scaling,2000,1.0,30,1014,169,989,740
scaling,2000,1.0,31,954,65,1046,761
scaling,2000,1.0,32,966,95,1034,764
scaling,2000,1.0,33,988,150,1015,755
scaling,2000,1.0,34,1000,82,1000,738
scaling,2000,1.0,35,969,62,1031,758
scaling,2000,1.0,36,971,107,1029,758
scaling,2000,1.0,37,964,74,1037,769
scaling,2000,1.0,38,998,334,1005,746
scaling,2000,1.0,39,964,77,1037,769
scaling,2000,1.0,40,1027,355,974,718
scaling,2000,1.0,41,992,108,1008,718
scaling,2000,1.0,42,1011,295,990,735
scaling,2000,1.0,43,1025,284,975,716
scaling,2000,1.0,44,968,202,1032,742
scaling,2000,1.0,45,984,37,1016,741
scaling,2000,1.0,46,987,119,1013,779
scaling,2000,1.0,47,909,52,1092,815
scaling,2000,1.0,48,983,156,1017,764
scaling,2000,1.0,49,1047,194,955,711
scaling,2000,1.0,50,1033,174,967,693
scaling,2000,1.0,51,1025,112,975,708
scaling,2000,1.0,52,1061,196,939,673
scaling,2000,1.0,53,1039,150,962,690
scaling,2000,1.0,54,995,266,1008,738
scaling,2000,1.0,55,1007,174,994,733
scaling,2000,1.0,56,1011,82,990,732
scaling,2000,1.0,57,999,197,1002,746
scaling,2000,1.0,58,1017,218,983,701
scaling,2000,1.0,59,1013,242,988,744
scaling,2000,1.0,60,1025,101,976,726
scaling,2000,1.0,61,967,44,1033,745
scaling,2000,1.0,62,951,123,1050,790
scaling,2000,1.0,63,1008,58,992,696
scaling,2000,1.0,64,1035,171,966,732
scaling,2000,1.0,65,993,148,1007,745
scaling,2000,1.0,66,1019,183,982,734
scaling,2000,1.0,67,1011,115,989,720
scaling,2000,1.0,68,1002,192,1002,722
scaling,2000,1.0,69,1006,137,995,755
scaling,2000,1.0,70,936,63,1065,776
scaling,2000,1.0,71,995,78,1007,723
scaling,2000,1.0,72,994,197,1006,746
scaling,2000,1.0,73,991,114,1010,760
scaling,2000,1.0,74,970,132,1030,744
scaling,2000,1.0,75,1008,100,992,747
scaling,2000,1.0,76,992,78,1008,738
scaling,2000,1.0,77,1040,126,960,685
scaling,2000,1.0,78,957,107,1044,752
scaling,2000,1.0,79,989,53,1011,740
scaling,2000,1.0,80,1012,87,988,728
scaling,2000,1.0,81,1035,235,967,710
scaling,2000,1.0,82,975,99,1027,734
scaling,2000,1.0,83,1005,119,999,734
scaling,2000,1.0,84,1017,134,985,731
scaling,2000,1.0,85,1000,94,1000,730
scaling,2000,1.0,86,989,53,1013,726
scaling,2000,1.0,87,1009,102,992,721
scaling,2000,1.0,88,1007,170,997,725
scaling,2000,1.0,89,1056,176,944,699
scaling,2000,1.0,90,968,55,1032,733
scaling,2000,1.0,91,949,42,1052,778
scaling,2000,1.0,92,1041,174,960,702
scaling,2000,1.0,93,1003,171,999,727
scaling,2000,1.0,94,1008,123,992,741
scaling,2000,1.0,95,1000,116,1001,737
scaling,2000,1.0,96,1019,83,985,716
scaling,2000,1.0,97,1014,252,988,737
scaling,2000,1.0,98,1022,198,979,707
scaling,2000,1.0,99,959,173,1041,767
scaling,2000,1.0,100,1002,53,998,725
scaling,2000,1.0,101,984,264,1018,740
scaling,2000,1.0,102,970,102,1030,751
scaling,2000,1.0,103,988,219,1014,742
scaling,2000,1.0,104,991,98,1009,739
scaling,2000,1.0,105,980,31,1022,732
scaling,2000,1.0,106,986,211,1015,734
scaling,2000,1.0,107,1033,116,967,696
scaling,2000,1.0,108,1019,167,983,734
scaling,2000,1.0,109,999,55,1001,708
scaling,2000,1.0,110,984,125,1016,732
scaling,2000,1.0,111,971,68,1029,756
scaling,2000,1.0,112,981,88,1019,747
scaling,2000,1.0,113,965,87,1035,767
scaling,2000,1.0,114,1006,156,995,737
scaling,2000,1.0,115,1010,46,990,708
scaling,2000,1.0,116,964,199,1037,765
scaling,2000,1.0,117,1006,279,997,764
scaling,2000,1.0,118,1029,244,973,718
scaling,2000,1.0,119,991,158,1009,722
scaling,2000,1.0,120,992,139,1008,747
scaling,2000,1.0,121,1035,357,967,729
scaling,2000,1.0,122,959,261,1045,791
scaling,2000,1.0,123,1017,134,984,727
scaling,2000,1.0,124,991,138,1010,741
scaling,2000,1.0,125,1057,215,945,694
scaling,2000,1.0,126,1038,147,964,713
scaling,2000,1.0,127,1008,108,993,740
scaling,2000,1.0,128,978,71,1023,725
scaling,2000,1.0,129,1034,335,967,722
scaling,2000,1.0,130,945,329,1058,785
scaling,2000,1.0,131,1043,241,964,706
scaling,2000,1.0,132,979,105,1021,759
scaling,2000,1.0,133,1004,76,998,728
scaling,2000,1.0,134,974,110,1028,743
scaling,2000,1.0,135,1015,225,985,738
scaling,2000,1.0,136,1056,230,944,681
scaling,2000,1.0,137,999,93,1003,725
scaling,2000,1.0,138,1020,208,982,728
scaling,2000,1.0,139,1010,229,991,714
scaling,2000,1.0,140,997,55,1003,732
scaling,2000,1.0,141,946,162,1054,778
scaling,2000,1.0,142,961,67,1040,769
scaling,2000,1.0,143,1022,212,980,710
scaling,2000,1.0,144,990,179,1011,735
scaling,2000,1.0,145,986,87,1015,724
scaling,2000,1.0,146,987,93,1014,746
scaling,2000,1.0,147,993,108,1007,751
scaling,2000,1.0,148,985,160,1016,739
scaling,2000,1.0,149,1047,330,955,718
scaling,2000,1.0,150,1017,455,986,740
scaling,2000,1.0,151,1005,129,997,760
scaling,2000,1.0,152,1000,140,1000,723
scaling,2000,1.0,153,998,78,1004,708
scaling,2000,1.0,154,965,45,1036,758
scaling,2000,1.0,155,1055,173,945,694
scaling,2000,1.0,156,995,310,1008,746
scaling,2000,1.0,157,970,75,1031,760
scaling,2000,1.0,158,977,148,1023,754
scaling,2000,1.0,159,1029,189,974,715
scaling,2000,1.0,160,971,80,1030,762
scaling,2000,1.0,161,988,58,1012,736
scaling,2000,1.0,162,996,132,1004,736
scaling,2000,1.0,163,993,106,1007,730
scaling,2000,1.0,164,1012,186,988,713
scaling,2000,1.0,165,983,56,1017,751
scaling,2000,1.0,166,994,122,1007,735
scaling,2000,1.0,167,1008,164,995,741
scaling,2000,1.0,168,950,50,1051,753
scaling,2000,1.0,169,953,283,1051,781
scaling,2000,1.0,170,993,127,1009,758
scaling,2000,1.0,171,975,84,1026,735
scaling,2000,1.0,172,982,100,1019,764
scaling,2000,1.0,173,1032,235,969,692
scaling,2000,1.0,174,1043,144,959,686
scaling,2000,1.0,175,1042,451,960,709
scaling,2000,1.0,176,921,122,1080,800
scaling,2000,1.0,177,1004,160,997,727
scaling,2000,1.0,178,1015,282,991,721
scaling,2000,1.0,179,1031,73,969,718
scaling,2000,1.0,180,983,137,1017,741
scaling,2000,1.0,181,1002,181,999,727
scaling,2000,1.0,182,1004,123,998,767
scaling,2000,1.0,183,991,80,1011,752
scaling,2000,1.0,184,972,77,1028,755
scaling,2000,1.0,185,968,81,1032,764
scaling,2000,1.0,186,1022,152,980,714
scaling,2000,1.0,187,1045,168,955,693
scaling,2000,1.0,188,948,133,1053,749
scaling,2000,1.0,189,966,90,1034,754
scaling,2000,1.0,190,1038,284,965,724
scaling,2000,1.0,191,967,56,1034,771
scaling,2000,1.0,192,1010,162,992,739
scaling,2000,1.0,193,1024,144,979,709
scaling,2000,1.0,194,1005,244,996,722
scaling,2000,1.0,195,1018,81,983,717
scaling,2000,1.0,196,1024,216,977,728
scaling,2000,1.0,197,993,209,1010,735
scaling,2000,1.0,198,1021,131,980,720
scaling,2000,1.0,199,980,92,1020,749
scaling,2000,1.0,200,970,112,1030,772
scaling,2000,1.0,201,953,124,1049,790
scaling,2000,1.0,202,949,109,1052,800
scaling,2000,1.0,203,943,303,1061,773
scaling,2000,1.0,204,992,86,1009,735
scaling,2000,1.0,205,948,78,1052,775
scaling,2000,1.0,206,1018,157,982,725
scaling,2000,1.0,207,1059,51,941,677
scaling,2000,1.0,208,955,85,1045,765
scaling,2000,1.0,209,1025,70,977,708
scaling,2000,1.0,210,974,118,1027,759
scaling,2000,1.0,211,1018,162,983,742
scaling,2000,1.0,212,1004,115,996,736
scaling,2000,1.0,213,1028,184,975,717
scaling,2000,1.0,214,1041,217,960,696
scaling,2000,1.0,215,1019,153,983,709
scaling,2000,1.0,216,985,109,1016,741
scaling,2000,1.0,217,945,53,1056,746
scaling,2000,1.0,218,979,101,1022,764
scaling,2000,1.0,219,974,73,1027,739
scaling,2000,1.0,220,996,77,1005,731
scaling,2000,1.0,221,1016,112,984,739
scaling,2000,1.0,222,1016,268,988,722
scaling,2000,1.0,223,976,60,1025,744
scaling,2000,1.0,224,984,66,1017,723
scaling,2000,1.0,225,999,236,1003,731
scaling,2000,1.0,226,1032,163,970,712
scaling,2000,1.0,227,996,243,1004,742
scaling,2000,1.0,228,962,239,1038,782
scaling,2000,1.0,229,1023,116,978,703
scaling,2000,1.0,230,1003,225,999,747
scaling,2000,1.0,231,1028,123,973,713
scaling,2000,1.0,232,996,387,1010,755
scaling,2000,1.0,233,1002,138,998,709
scaling,2000,1.0,234,1042,145,958,703
scaling,2000,1.0,235,1069,433,932,679
scaling,2000,1.0,236,1025,129,975,731
scaling,2000,1.0,237,1043,141,957,688
scaling,2000,1.0,238,994,82,1006,745
scaling,2000,1.0,239,998,139,1002,733
scaling,2000,1.0,240,1012,261,990,706
scaling,2000,1.0,241,1073,260,928,684
scaling,2000,1.0,242,991,204,1010,750
scaling,2000,1.0,243,1007,97,994,733
scaling,2000,1.0,244,1029,240,971,709
scaling,2000,1.0,245,1035,184,965,711
scaling,2000,1.0,246,984,181,1017,728
scaling,2000,1.0,247,972,85,1028,731
scaling,2000,1.0,248,934,82,1066,780
scaling,2000,1.0,249,975,58,1025,745
scaling,4000,1.0,0,1976,167,2024,1474
scaling,4000,1.0,1,2017,182,1984,1458
scaling,4000,1.0,2,2010,329,1993,1454
scaling,4000,1.0,3,1892,164,2108,1519
scaling,4000,1.0,4,2009,132,1992,1461
scaling,4000,1.0,5,1958,203,2044,1539
scaling,4000,1.0,6,1903,123,2097,1556
scaling,4000,1.0,7,1947,136,2054,1512
scaling,4000,1.0,8,2030,121,1970,1460
scaling,4000,1.0,9,1889,252,2111,1566
scaling,4000,1.0,10,2050,161,1951,1451
scaling,4000,1.0,11,1943,139,2059,1483
scaling,4000,1.0,12,1994,251,2008,1478
scaling,4000,1.0,13,1942,124,2058,1510
scaling,4000,1.0,14,1984,308,2019,1513
scaling,4000,1.0,15,1964,312,2036,1505
scaling,4000,1.0,16,1974,225,2026,1503
scaling,4000,1.0,17,1988,261,2013,1461
scaling,4000,1.0,18,1949,91,2051,1505
scaling,4000,1.0,19,2029,207,1972,1454
scaling,4000,1.0,20,2025,266,1976,1454
scaling,4000,1.0,21,2051,293,1951,1438
scaling,4000,1.0,22,2040,208,1962,1458
scaling,4000,1.0,23,2036,395,1967,1468
scaling,4000,1.0,24,1924,220,2077,1555
scaling,4000,1.0,25,1951,91,2050,1514
scaling,4000,1.0,26,2011,289,1992,1462
scaling,4000,1.0,27,2003,177,1999,1453
scaling,4000,1.0,28,2017,314,1983,1482
scaling,4000,1.0,29,1931,227,2070,1538
scaling,4000,1.0,30,2012,222,1988,1466
scaling,4000,1.0,31,2038,316,1965,1460
scaling,4000,1.0,32,1913,76,2091,1570
scaling,4000,1.0,33,2048,620,1957,1423
scaling,4000,1.0,34,1990,626,2012,1474
scaling,4000,1.0,35,2002,252,2001,1458
scaling,4000,1.0,36,1919,95,2081,1527
scaling,4000,1.0,37,1992,113,2008,1482
scaling,4000,1.0,38,1914,124,2088,1548
scaling,4000,1.0,39,2088,584,1914,1408
scaling,4000,1.0,40,1970,478,2036,1531
scaling,4000,1.0,41,1954,141,2047,1492
scaling,4000,1.0,42,2009,222,1991,1491
scaling,4000,1.0,43,2010,352,1990,1490
scaling,4000,1.0,44,1984,200,2017,1450
scaling,4000,1.0,45,1972,119,2029,1479
scaling,4000,1.0,46,2032,252,1971,1434
scaling,4000,1.0,47,2020,633,1985,1532
scaling,4000,1.0,48,2026,191,1974,1457
scaling,4000,1.0,49,1998,226,2002,1474
scaling,4000,1.0,50,2040,201,1961,1446
scaling,4000,1.0,51,2031,218,1970,1401
scaling,4000,1.0,52,1994,467,2008,1501
scaling,4000,1.0,53,2055,248,1946,1444
scaling,4000,1.0,54,2022,336,1978,1486
scaling,4000,1.0,55,1975,127,2026,1464
scaling,4000,1.0,56,1989,87,2012,1486
scaling,4000,1.0,57,1974,163,2029,1455
scaling,4000,1.0,58,2011,260,1989,1502
scaling,4000,1.0,59,2009,113,1992,1465
scaling,4000,1.0,60,2025,289,1976,1426
scaling,4000,1.0,61,1991,174,2009,1450
scaling,4000,1.0,62,1991,104,2010,1444
scaling,4000,1.0,63,1962,139,2038,1501
scaling,4000,1.0,64,1985,303,2016,1488
scaling,4000,1.0,65,2124,241,1878,1369
scaling,4000,1.0,66,1953,83,2047,1467
scaling,4000,1.0,67,2007,314,1993,1467
scaling,4000,1.0,68,1928,150,2073,1478
scaling,4000,1.0,69,2018,327,1983,1470
scaling,4000,1.0,70,2025,295,1978,1443
scaling,4000,1.0,71,1999,124,2004,1485
scaling,4000,1.0,72,2046,283,1955,1439
scaling,4000,1.0,73,2054,136,1948,1414
scaling,4000,1.0,74,1880,124,2120,1565
scaling,4000,1.0,75,2025,127,1977,1446
scaling,4000,1.0,76,2044,317,1957,1474
scaling,4000,1.0,77,1933,105,2068,1520
scaling,4000,1.0,78,1956,106,2045,1511
scaling,4000,1.0,79,1953,122,2048,1526
scaling,4000,1.0,80,1916,168,2085,1540
scaling,4000,1.0,81,2011,95,1991,1438
scaling,4000,1.0,82,2026,337,1976,1446
scaling,4000,1.0,83,1960,173,2041,1523
scaling,4000,1.0,84,2066,244,1936,1447
scaling,4000,1.0,85,2021,536,1985,1482
scaling,4000,1.0,86,1915,169,2087,1581
scaling,4000,1.0,87,2016,238,1986,1479
scaling,4000,1.0,88,1952,139,2048,1467
scaling,4000,1.0,89,2045,219,1957,1433
scaling,4000,1.0,90,1930,185,2072,1545
scaling,4000,1.0,91,1942,344,2059,1532
scaling,4000,1.0,92,1985,201,2016,1453
scaling,4000,1.0,93,2032,535,1972,1483
scaling,4000,1.0,94,1969,101,2032,1499
scaling,4000,1.0,95,1993,118,2009,1510
scaling,4000,1.0,96,1958,346,2044,1487
scaling,4000,1.0,97,2042,417,1959,1420
scaling,4000,1.0,98,1966,184,2035,1491
scaling,4000,1.0,99,2000,314,2000,1466
scaling,4000,1.0,100,1949,278,2052,1518
scaling,4000,1.0,101,2055,484,1945,1447
scaling,4000,1.0,102,2009,305,1991,1469
scaling,4000,1.0,103,2004,222,1996,1444
scaling,4000,1.0,104,2074,377,1930,1423
scaling,4000,1.0,105,2054,82,1946,1432
scaling,4000,1.0,106,1987,307,2014,1480
scaling,4000,1.0,107,2096,386,1907,1407
scaling,4000,1.0,108,2003,294,1998,1468
scaling,4000,1.0,109,1984,128,2016,1493
scaling,4000,1.0,110,1950,165,2050,1525
scaling,4000,1.0,111,1967,229,2034,1508
scaling,4000,1.0,112,2046,145,1956,1421
scaling,4000,1.0,113,1986,199,2016,1469
scaling,4000,1.0,114,2018,238,1984,1466
scaling,4000,1.0,115,2055,269,1947,1442
scaling,4000,1.0,116,1951,190,2049,1539
scaling,4000,1.0,117,2027,160,1973,1435
scaling,4000,1.0,118,1964,131,2036,1493
scaling,4000,1.0,119,1965,136,2035,1475
scaling,4000,1.0,120,2000,213,2000,1475
scaling,4000,1.0,121,1912,93,2089,1540
scaling,4000,1.0,122,2005,484,1996,1464
scaling,4000,1.0,123,2020,310,1983,1475
scaling,4000,1.0,124,2024,252,1979,1452
scaling,4000,1.0,125,2077,516,1928,1390
scaling,4000,1.0,126,2031,538,1972,1441
scaling,4000,1.0,127,2077,186,1924,1448
scaling,4000,1.0,128,1981,160,2019,1471
scaling,4000,1.0,129,1981,182,2019,1510
scaling,4000,1.0,130,1955,145,2045,1501
scaling,4000,1.0,131,1989,105,2011,1487
scaling,4000,1.0,132,1935,119,2067,1528
scaling,4000,1.0,133,2028,402,1976,1442
scaling,4000,1.0,134,1999,190,2001,1455
scaling,4000,1.0,135,1964,237,2036,1511
scaling,4000,1.0,136,1967,99,2033,1493
scaling,4000,1.0,137,1991,227,2011,1494
scaling,4000,1.0,138,2054,512,1948,1429
scaling,4000,1.0,139,1965,72,2035,1517
scaling,4000,1.0,140,1959,169,2042,1500
scaling,4000,1.0,141,2025,407,1976,1498
scaling,4000,1.0,142,2041,120,1959,1426
scaling,4000,1.0,143,2011,714,1990,1506
scaling,4000,1.0,144,2044,82,1957,1452
scaling,4000,1.0,145,2022,235,1979,1439
scaling,4000,1.0,146,1982,144,2018,1493
scaling,4000,1.0,147,2022,117,1978,1427
scaling,4000,1.0,148,2047,178,1953,1421
scaling,4000,1.0,149,2025,561,1977,1446
scaling,4000,1.0,150,2044,247,1960,1439
scaling,4000,1.0,151,2021,414,1980,1436
scaling,4000,1.0,152,1881,82,2120,1532
scaling,4000,1.0,153,1945,177,2056,1527
scaling,4000,1.0,154,1944,160,2056,1492
scaling,4000,1.0,155,1988,165,2013,1471
scaling,4000,1.0,156,1963,108,2038,1529
scaling,4000,1.0,157,2046,511,1958,1466
scaling,4000,1.0,158,1962,157,2039,1513
scaling,4000,1.0,159,1967,157,2033,1488
scaling,4000,1.0,160,1971,70,2029,1466
scaling,4000,1.0,161,2014,188,1987,1428
scaling,4000,1.0,162,2039,263,1961,1389
scaling,4000,1.0,163,2019,226,1982,1465
scaling,4000,1.0,164,2069,603,1932,1455
scaling,4000,1.0,165,2008,146,1995,1460
scaling,4000,1.0,166,2048,230,1954,1473
scaling,4000,1.0,167,2038,240,1964,1411
scaling,4000,1.0,168,2004,374,1996,1458
scaling,4000,1.0,169,1966,297,2034,1498
scaling,4000,1.0,170,2025,196,1976,1460
scaling,4000,1.0,171,2007,327,1994,1512
scaling,4000,1.0,172,1988,214,2014,1489
scaling,4000,1.0,173,1996,151,2005,1486
scaling,4000,1.0,174,1993,154,2007,1479
scaling,4000,1.0,175,1984,156,2016,1479
scaling,4000,1.0,176,1988,198,2012,1484
scaling,4000,1.0,177,2004,221,1996,1441
scaling,4000,1.0,178,1955,79,2046,1517
scaling,4000,1.0,179,1903,81,2097,1501
scaling,4000,1.0,180,2020,207,1982,1466
scaling,4000,1.0,181,2020,260,1982,1422
scaling,4000,1.0,182,1989,397,2015,1515
scaling,4000,1.0,183,2089,374,1914,1393
scaling,4000,1.0,184,1979,151,2023,1501
scaling,4000,1.0,185,1937,230,2063,1523
scaling,4000,1.0,186,2001,100,2000,1473
scaling,4000,1.0,187,2027,545,1976,1510
scaling,4000,1.0,188,1978,144,2022,1472
scaling,4000,1.0,189,1936,230,2064,1495
scaling,4000,1.0,190,1955,224,2047,1506
scaling,4000,1.0,191,1959,160,2042,1514
scaling,4000,1.0,192,1879,140,2123,1562
scaling,4000,1.0,193,1990,121,2011,1436
scaling,4000,1.0,194,2012,310,1990,1420
scaling,4000,1.0,195,1976,270,2026,1486
scaling,4000,1.0,196,2034,125,1966,1445
scaling,4000,1.0,197,2019,525,1984,1457
scaling,4000,1.0,198,1983,135,2017,1460
scaling,4000,1.0,199,1998,196,2002,1447
scaling,4000,1.0,200,2004,91,1997,1451
scaling,4000,1.0,201,2039,155,1962,1427
scaling,4000,1.0,202,1996,308,2008,1488
scaling,4000,1.0,203,1939,254,2063,1541
scaling,4000,1.0,204,1905,118,2096,1512
scaling,4000,1.0,205,1933,157,2067,1540
scaling,4000,1.0,206,1955,112,2045,1498
scaling,4000,1.0,207,1964,120,2036,1509
scaling,4000,1.0,208,2006,190,1995,1435
scaling,4000,1.0,209,1973,379,2029,1457
scaling,4000,1.0,210,2052,164,1949,1427
scaling,4000,1.0,211,2025,109,1975,1462
scaling,4000,1.0,212,1957,197,2044,1501
scaling,4000,1.0,213,1934,187,2069,1522
scaling,4000,1.0,214,1995,110,2006,1499
scaling,4000,1.0,215,2045,200,1955,1454
scaling,4000,1.0,216,2026,226,1974,1458
scaling,4000,1.0,217,1961,322,2041,1514
scaling,4000,1.0,218,1999,164,2002,1435
scaling,4000,1.0,219,1983,129,2017,1456
scaling,4000,1.0,220,2058,601,1944,1484
scaling,4000,1.0,221,2009,206,1992,1446
scaling,4000,1.0,222,2024,402,1977,1425
scaling,4000,1.0,223,1981,245,2021,1465
scaling,4000,1.0,224,1957,222,2043,1543
scaling,4000,1.0,225,2017,124,1985,1435
scaling,4000,1.0,226,2011,187,1989,1481
scaling,4000,1.0,227,2011,93,1990,1427
scaling,4000,1.0,228,1996,329,2006,1477
scaling,4000,1.0,229,1968,87,2033,1495
scaling,4000,1.0,230,1990,110,2010,1455
scaling,4000,1.0,231,1860,91,2140,1574
scaling,4000,1.0,232,1995,269,2005,1465
scaling,4000,1.0,233,2041,114,1959,1437
scaling,4000,1.0,234,2019,230,1981,1449
scaling,4000,1.0,235,2081,391,1920,1412
scaling,4000,1.0,236,2013,234,1988,1440
scaling,4000,1.0,237,2003,179,1997,1438
scaling,4000,1.0,238,1976,173,2024,1482
scaling,4000,1.0,239,1961,231,2039,1510
scaling,4000,1.0,240,1979,277,2024,1490
scaling,4000,1.0,241,1939,452,2063,1512
scaling,4000,1.0,242,1936,163,2064,1492
scaling,4000,1.0,243,2000,130,2002,1449
scaling,4000,1.0,244,2030,251,1971,1478
scaling,4000,1.0,245,2006,131,1995,1444
scaling,4000,1.0,246,1976,158,2026,1508
scaling,4000,1.0,247,2024,101,1978,1454
scaling,4000,1.0,248,2037,104,1964,1426
scaling,4000,1.0,249,1923,164,2077,1514
scaling,8000,1.0,0,3989,316,4014,2970
scaling,8000,1.0,1,3892,219,4108,3014
scaling,8000,1.0,2,3930,177,4071,3012
scaling,8000,1.0,3,4021,203,3980,2878
scaling,8000,1.0,4,3937,216,4063,2976
scaling,8000,1.0,5,4076,159,3926,2853
scaling,8000,1.0,6,4019,278,3982,2918
scaling,8000,1.0,7,4023,329,3983,2888
scaling,8000,1.0,8,4083,297,3918,2851
scaling,8000,1.0,9,3997,152,4004,2914
scaling,8000,1.0,10,3924,681,4078,3029
scaling,8000,1.0,11,3998,521,4002,2984
scaling,8000,1.0,12,4067,393,3935,2905
scaling,8000,1.0,13,4003,269,3998,2970
scaling,8000,1.0,14,4046,504,3955,2933
scaling,8000,1.0,15,3921,285,4081,2984
scaling,8000,1.0,16,3939,254,4061,2966
scaling,8000,1.0,17,3983,338,4017,2996
scaling,8000,1.0,18,3925,109,4075,2977
scaling,8000,1.0,19,4036,248,3966,2905
scaling,8000,1.0,20,4061,213,3940,2846
scaling,8000,1.0,21,3910,367,4091,2966
scaling,8000,1.0,22,3973,242,4028,2981
scaling,8000,1.0,23,3941,244,4059,3027
scaling,8000,1.0,24,4151,301,3850,2843
scaling,8000,1.0,25,4019,685,3981,2908
scaling,8000,1.0,26,4060,690,3941,2911
scaling,8000,1.0,27,3996,849,4005,2975
scaling,8000,1.0,28,4044,241,3956,2896
scaling,8000,1.0,29,4035,199,3965,2930
scaling,8000,1.0,30,4114,358,3887,2872
scaling,8000,1.0,31,3957,222,4047,2946
scaling,8000,1.0,32,4097,828,3904,2922
scaling,8000,1.0,33,4269,1334,3738,2791
scaling,8000,1.0,34,4057,289,3944,2903
scaling,8000,1.0,35,4016,130,3984,2907
scaling,8000,1.0,36,4117,532,3884,2872
scaling,8000,1.0,37,4100,685,3903,2820
scaling,8000,1.0,38,4045,567,3957,2950
scaling,8000,1.0,39,3951,328,4049,2963
scaling,8000,1.0,40,4139,191,3864,2828
scaling,8000,1.0,41,4078,127,3924,2890
scaling,8000,1.0,42,3967,216,4034,2985
scaling,8000,1.0,43,4044,574,3959,2927
scaling,8000,1.0,44,3946,255,4057,2967
scaling,8000,1.0,45,4039,314,3961,2949
scaling,8000,1.0,46,4045,140,3957,2903
scaling,8000,1.0,47,4159,573,3844,2817
scaling,8000,1.0,48,4022,241,3980,2947
scaling,8000,1.0,49,4064,442,3938,2847
scaling,8000,1.0,50,3999,302,4002,2958
scaling,8000,1.0,51,4067,362,3936,2936
scaling,8000,1.0,52,4075,661,3929,2897
scaling,8000,1.0,53,3977,521,4025,2958
scaling,8000,1.0,54,4048,732,3955,2927
scaling,8000,1.0,55,3864,127,4136,3056
scaling,8000,1.0,56,4051,998,3952,2967
scaling,8000,1.0,57,4005,416,3996,2985
scaling,8000,1.0,58,3983,540,4019,2947
scaling,8000,1.0,59,4005,480,3996,2930
scaling,8000,1.0,60,3956,126,4047,2974
scaling,8000,1.0,61,3943,104,4059,3004
scaling,8000,1.0,62,3931,399,4071,3031
scaling,8000,1.0,63,4065,165,3937,2872
scaling,8000,1.0,64,3980,299,4022,2974
scaling,8000,1.0,65,4089,318,3912,2914
scaling,8000,1.0,66,3892,329,4108,3031
scaling,8000,1.0,67,4031,348,3971,2936
scaling,8000,1.0,68,3999,317,4003,2953
scaling,8000,1.0,69,4054,273,3948,2953
scaling,8000,1.0,70,4030,364,3970,2934
scaling,8000,1.0,71,3970,788,4034,2973
scaling,8000,1.0,72,3920,165,4080,2975
scaling,8000,1.0,73,4014,363,3987,2937
scaling,8000,1.0,74,3984,299,4017,2977
scaling,8000,1.0,75,4080,328,3920,2858
scaling,8000,1.0,76,3979,545,4023,2963
scaling,8000,1.0,77,4010,852,3992,2958
scaling,8000,1.0,78,3883,164,4118,3042
scaling,8000,1.0,79,4082,411,3921,2906
scaling,8000,1.0,80,3897,88,4105,2992
scaling,8000,1.0,81,4118,522,3885,2896
scaling,8000,1.0,82,4196,1277,3808,2828
scaling,8000,1.0,83,3980,446,4020,3012
scaling,8000,1.0,84,4013,333,3992,2931
scaling,8000,1.0,85,3961,148,4039,2981
scaling,8000,1.0,86,4094,341,3907,2824
scaling,8000,1.0,87,3873,216,4127,3001
scaling,8000,1.0,88,3997,130,4003,2907
scaling,8000,1.0,89,3999,576,4004,2972
scaling,8000,1.0,90,4021,243,3980,2926
scaling,8000,1.0,91,3916,284,4084,3027
scaling,8000,1.0,92,3951,201,4050,3004
scaling,8000,1.0,93,3928,192,4073,3009
scaling,8000,1.0,94,4001,148,4000,2944
scaling,8000,1.0,95,3968,185,4032,2935
scaling,8000,1.0,96,3999,367,4001,2957
scaling,8000,1.0,97,3952,231,4049,2986
scaling,8000,1.0,98,3946,391,4057,3016
scaling,8000,1.0,99,3891,116,4110,2964
scaling,8000,1.0,100,3915,187,4086,3016
scaling,8000,1.0,101,4112,283,3888,2880
scaling,8000,1.0,102,3956,307,4044,3015
scaling,8000,1.0,103,3985,80,4016,2911
scaling,8000,1.0,104,4101,908,3902,2853
scaling,8000,1.0,105,4065,636,3935,2944
scaling,8000,1.0,106,3990,173,4010,2968
scaling,8000,1.0,107,3996,314,4004,2976
scaling,8000,1.0,108,4097,861,3904,2908
scaling,8000,1.0,109,4080,381,3923,2875
scaling,8000,1.0,110,3926,350,4074,3054
scaling,8000,1.0,111,3982,434,4019,2923
scaling,8000,1.0,112,3939,613,4062,3014
scaling,8000,1.0,113,4078,807,3923,2943
scaling,8000,1.0,114,4056,412,3944,2903
scaling,8000,1.0,115,3960,273,4041,2965
scaling,8000,1.0,116,3935,243,4066,2953
scaling,8000,1.0,117,4076,600,3924,2912
scaling,8000,1.0,118,4021,567,3982,2896
scaling,8000,1.0,119,4021,280,3982,2929
scaling,8000,1.0,120,3953,608,4049,2943
scaling,8000,1.0,121,4012,250,3991,2910
scaling,8000,1.0,122,3878,178,4123,3051
scaling,8000,1.0,123,3946,403,4055,2997
scaling,8000,1.0,124,3999,149,4003,2950
scaling,8000,1.0,125,3949,501,4054,3011
scaling,8000,1.0,126,3973,125,4027,2970
scaling,8000,1.0,127,4110,606,3891,2882
scaling,8000,1.0,128,4015,154,3986,2886
scaling,8000,1.0,129,3980,399,4021,2918
scaling,8000,1.0,130,4085,746,3919,2935
scaling,8000,1.0,131,3969,527,4034,2950
scaling,8000,1.0,132,3974,118,4027,2972
scaling,8000,1.0,133,3973,167,4027,2964
scaling,8000,1.0,134,3999,164,4001,2881
scaling,8000,1.0,135,4004,170,3999,2967
scaling,8000,1.0,136,3988,336,4015,2943
scaling,8000,1.0,137,3941,201,4060,2986
scaling,8000,1.0,138,4081,284,3922,2849
scaling,8000,1.0,139,4032,504,3969,2881
scaling,8000,1.0,140,3982,364,4020,2940
scaling,8000,1.0,141,4045,836,3957,2923
scaling,8000,1.0,142,4141,398,3862,2823
scaling,8000,1.0,143,3997,377,4004,2982
scaling,8000,1.0,144,4096,265,3906,2855
scaling,8000,1.0,145,4029,199,3973,2921
scaling,8000,1.0,146,3957,177,4043,2984
scaling,8000,1.0,147,3834,178,4166,3045
scaling,8000,1.0,148,4037,425,3968,2915
scaling,8000,1.0,149,3976,186,4025,2968
scaling,8000,1.0,150,3935,108,4065,2994
scaling,8000,1.0,151,4034,469,3968,2942
scaling,8000,1.0,152,4020,646,3986,2902
scaling,8000,1.0,153,3974,184,4027,2978
scaling,8000,1.0,154,3977,486,4024,2964
scaling,8000,1.0,155,3996,171,4004,2948
scaling,8000,1.0,156,3984,260,4019,2927
scaling,8000,1.0,157,3996,464,4006,2930
scaling,8000,1.0,158,4007,275,3994,2936
scaling,8000,1.0,159,3956,568,4045,2966
scaling,8000,1.0,160,3973,305,4029,2960
scaling,8000,1.0,161,4022,176,3980,2930
scaling,8000,1.0,162,3941,660,4059,3007
scaling,8000,1.0,163,4018,576,3984,2961
scaling,8000,1.0,164,3961,126,4039,2954
scaling,8000,1.0,165,4081,1000,3923,2930
scaling,8000,1.0,166,3929,235,4073,2997
scaling,8000,1.0,167,3989,194,4011,2945
scaling,8000,1.0,168,3984,616,4018,2947
scaling,8000,1.0,169,3996,250,4006,2950
scaling,8000,1.0,170,4016,189,3984,2911
scaling,8000,1.0,171,4053,464,3949,2896
scaling,8000,1.0,172,4037,817,3965,2957
scaling,8000,1.0,173,4055,363,3946,2903
scaling,8000,1.0,174,4000,734,4003,2949
scaling,8000,1.0,175,3920,327,4080,2999
scaling,8000,1.0,176,4024,513,3977,2959
scaling,8000,1.0,177,4026,503,3976,2949
scaling,8000,1.0,178,3960,658,4044,3006
scaling,8000,1.0,179,3904,112,4096,2972
scaling,8000,1.0,180,3961,341,4040,2943
scaling,8000,1.0,181,4054,427,3948,2910
scaling,8000,1.0,182,3982,122,4018,2953
scaling,8000,1.0,183,3997,212,4005,2973
scaling,8000,1.0,184,3945,187,4056,3011
scaling,8000,1.0,185,4100,1089,3905,2934
scaling,8000,1.0,186,4034,172,3966,2899
scaling,8000,1.0,187,4057,304,3944,2883
scaling,8000,1.0,188,3942,444,4059,2980
scaling,8000,1.0,189,3963,498,4038,2996
scaling,8000,1.0,190,4032,261,3969,2915
scaling,8000,1.0,191,3931,318,4071,3042
scaling,8000,1.0,192,3997,371,4005,2949
scaling,8000,1.0,193,3932,666,4070,3013
scaling,8000,1.0,194,3907,96,4093,3008
scaling,8000,1.0,195,3954,116,4047,2962
scaling,8000,1.0,196,3999,165,4002,2942
scaling,8000,1.0,197,3906,195,4094,3075
scaling,8000,1.0,198,4107,336,3895,2897
scaling,8000,1.0,199,3945,496,4057,3000
scaling,8000,1.0,200,3843,196,4158,3095
scaling,8000,1.0,201,4069,454,3934,2876
scaling,8000,1.0,202,4007,448,3996,2939
scaling,8000,1.0,203,3923,346,4078,2970
scaling,8000,1.0,204,3987,394,4014,2956
scaling,8000,1.0,205,3919,117,4083,3030
scaling,8000,1.0,206,3999,325,4002,2947
scaling,8000,1.0,207,4085,266,3917,2873
scaling,8000,1.0,208,3957,255,4045,3005
scaling,8000,1.0,209,4077,556,3926,2878
scaling,8000,1.0,210,4163,843,3840,2829
scaling,8000,1.0,211,4046,297,3955,2894
scaling,8000,1.0,212,4020,288,3982,2955
scaling,8000,1.0,213,3937,314,4063,2987
scaling,8000,1.0,214,3972,132,4029,2926
scaling,8000,1.0,215,4102,480,3899,2880
scaling,8000,1.0,216,3964,192,4038,2944
scaling,8000,1.0,217,4020,421,3982,2917
scaling,8000,1.0,218,3990,175,4010,2925
scaling,8000,1.0,219,3994,304,4006,2946
scaling,8000,1.0,220,4052,246,3948,2929
scaling,8000,1.0,221,3995,360,4007,2909
scaling,8000,1.0,222,3947,282,4053,3007
scaling,8000,1.0,223,3936,231,4064,2970
scaling,8000,1.0,224,4040,751,3960,2909
scaling,8000,1.0,225,3957,522,4044,3017
scaling,8000,1.0,226,3940,781,4061,2996
scaling,8000,1.0,227,3957,166,4043,2968
scaling,8000,1.0,228,3959,272,4042,2994
scaling,8000,1.0,229,3916,185,4084,2997
scaling,8000,1.0,230,4109,353,3893,2884
scaling,8000,1.0,231,3968,438,4032,2998
scaling,8000,1.0,232,3908,307,4095,2978
scaling,8000,1.0,233,3977,157,4023,2936
scaling,8000,1.0,234,3997,205,4004,2925
scaling,8000,1.0,235,3910,145,4091,3000
scaling,8000,1.0,236,3924,791,4077,2995
scaling,8000,1.0,237,3956,130,4045,2946
scaling,8000,1.0,238,3934,121,4067,2986
scaling,8000,1.0,239,3911,226,4089,2987
scaling,8000,1.0,240,4024,577,3979,2937
scaling,8000,1.0,241,3922,260,4078,3030
scaling,8000,1.0,242,4116,593,3886,2830
scaling,8000,1.0,243,3929,219,4071,2981
scaling,8000,1.0,244,4017,655,3986,2896
scaling,8000,1.0,245,4019,518,3983,2955
scaling,8000,1.0,246,4032,857,3968,2922
scaling,8000,1.0,247,4010,259,3991,2890
scaling,8000,1.0,248,4031,186,3969,2871
scaling,8000,1.0,249,3937,562,4066,3021
connectivity,1000,-3.0,0,1962,983,18,17
connectivity,1000,-3.0,1,1965,974,27,26
connectivity,1000,-3.0,2,1923,975,26,25
connectivity,1000,-3.0,3,1945,976,24,22
connectivity,1000,-3.0,4,1910,977,24,23
connectivity,1000,-3.0,5,2017,981,19,17
connectivity,1000,-3.0,6,1945,971,30,29
connectivity,1000,-3.0,7,1983,979,21,19
connectivity,1000,-3.0,8,1970,981,20,19
connectivity,1000,-3.0,9,2037,980,21,20
connectivity,1000,-3.0,10,1942,968,30,27
connectivity,1000,-3.0,11,1921,970,30,28
connectivity,1000,-3.0,12,1977,975,24,21
connectivity,1000,-3.0,13,2012,981,20,19
connectivity,1000,-3.0,14,1937,971,30,29
connectivity,1000,-3.0,15,1967,975,25,23
connectivity,1000,-3.0,16,1963,982,18,16
connectivity,1000,-3.0,17,2032,987,13,11
connectivity,1000,-3.0,18,1955,979,21,19
connectivity,1000,-3.0,19,1887,981,17,14
connectivity,1000,-3.0,20,2001,979,22,21
connectivity,1000,-3.0,21,1960,980,20,18
connectivity,1000,-3.0,22,1942,981,20,19
connectivity,1000,-3.0,23,1996,978,22,20
connectivity,1000,-3.0,24,1946,985,14,11
connectivity,1000,-3.0,25,1980,980,20,18
connectivity,1000,-3.0,26,1948,979,20,17
connectivity,1000,-3.0,27,1891,980,21,20
connectivity,1000,-3.0,28,1907,970,31,30
connectivity,1000,-3.0,29,2008,975,26,25
connectivity,1000,-3.0,30,2021,987,14,13
connectivity,1000,-3.0,31,1890,973,28,27
connectivity,1000,-3.0,32,1926,971,30,29
connectivity,1000,-3.0,33,1882,980,19,16
connectivity,1000,-3.0,34,1912,975,24,22
connectivity,1000,-3.0,35,1939,979,22,21
connectivity,1000,-3.0,36,1950,979,22,21
connectivity,1000,-3.0,37,1965,982,15,12
connectivity,1000,-3.0,38,1895,968,32,30
connectivity,1000,-3.0,39,1893,979,21,19
connectivity,1000,-3.0,40,1945,983,18,17
connectivity,1000,-3.0,41,1943,974,27,26
connectivity,1000,-3.0,42,1980,976,25,24
connectivity,1000,-3.0,43,1980,974,27,26
connectivity,1000,-3.0,44,1977,987,14,13
connectivity,1000,-3.0,45,1956,975,25,23
connectivity,1000,-3.0,46,1880,979,22,21
connectivity,1000,-3.0,47,1935,978,23,22
connectivity,1000,-3.0,48,2009,982,19,18
connectivity,1000,-3.0,49,1952,969,30,28
connectivity,1000,-3.0,50,1928,968,32,30
connectivity,1000,-3.0,51,1944,981,19,17
connectivity,1000,-3.0,52,2036,984,16,14
connectivity,1000,-3.0,53,2029,985,16,15
connectivity,1000,-3.0,54,1942,982,18,16
connectivity,1000,-3.0,55,1990,981,17,13
connectivity,1000,-3.0,56,1958,976,24,22
connectivity,1000,-3.0,57,1990,977,23,21
connectivity,1000,-3.0,58,1996,984,17,16
connectivity,1000,-3.0,59,1894,974,24,21
connectivity,1000,-3.0,60,1897,973,25,23
connectivity,1000,-3.0,61,2013,980,21,20
connectivity,1000,-3.0,62,1972,971,28,25
connectivity,1000,-3.0,63,1930,984,16,14
connectivity,1000,-3.0,64,2004,975,25,23
connectivity,1000,-3.0,65,1903,979,22,21
connectivity,1000,-3.0,66,1940,975,26,25
connectivity,1000,-3.0,67,1896,972,29,28
connectivity,1000,-3.0,68,1990,987,14,13
connectivity,1000,-3.0,69,1981,984,17,16
connectivity,1000,-3.0,70,1923,975,25,23
connectivity,1000,-3.0,71,1979,983,18,17
connectivity,1000,-3.0,72,1990,976,24,22
connectivity,1000,-3.0,73,1951,988,13,12
connectivity,1000,-3.0,74,1951,974,26,24
connectivity,1000,-3.0,75,2008,979,21,19
connectivity,1000,-3.0,76,1920,972,29,28
connectivity,1000,-3.0,77,1927,976,22,18
connectivity,1000,-3.0,78,1938,978,21,18
connectivity,1000,-3.0,79,2012,989,12,11
connectivity,1000,-3.0,80,2016,989,12,11
connectivity,1000,-3.0,81,1950,975,26,25
connectivity,1000,-3.0,82,1939,980,20,18
connectivity,1000,-3.0,83,1924,983,18,17
connectivity,1000,-3.0,84,1988,976,23,21
connectivity,1000,-3.0,85,1963,979,21,19
connectivity,1000,-3.0,86,1909,981,18,16
connectivity,1000,-3.0,87,1999,979,22,21
connectivity,1000,-3.0,88,2006,977,23,21
connectivity,1000,-3.0,89,1929,975,23,19
connectivity,1000,-3.0,90,1925,974,25,22
connectivity,1000,-3.0,91,1891,976,23,20
connectivity,1000,-3.0,92,1954,977,23,21
connectivity,1000,-3.0,93,1991,973,24,20
connectivity,1000,-3.0,94,1926,976,24,22
connectivity,1000,-3.0,95,2011,978,22,20
connectivity,1000,-3.0,96,1974,974,26,24
connectivity,1000,-3.0,97,1946,980,20,18
connectivity,1000,-3.0,98,1866,979,21,19
connectivity,1000,-3.0,99,1918,983,17,15
connectivity,1000,-3.0,100,2010,973,27,25
connectivity,1000,-3.0,101,2043,981,19,17
connectivity,1000,-3.0,102,1890,979,21,19
connectivity,1000,-3.0,103,1926,975,26,25
connectivity,1000,-3.0,104,2029,982,18,16
connectivity,1000,-3.0,105,1910,975,26,25
connectivity,1000,-3.0,106,2062,989,11,9
connectivity,1000,-3.0,107,1889,976,25,24
connectivity,1000,-3.0,108,1922,983,18,17
connectivity,1000,-3.0,109,1930,977,23,21
connectivity,1000,-3.0,110,1995,979,22,21
connectivity,1000,-3.0,111,1981,982,18,16
connectivity,1000,-3.0,112,1973,976,25,24
connectivity,1000,-3.0,113,1951,976,23,20
connectivity,1000,-3.0,114,2016,980,20,18
connectivity,1000,-3.0,115,2008,984,17,16
connectivity,1000,-3.0,116,1901,976,24,22
connectivity,1000,-3.0,117,1916,976,25,24
connectivity,1000,-3.0,118,1925,973,26,23
connectivity,1000,-3.0,119,1963,976,23,20
connectivity,1000,-3.0,120,1995,980,19,16
connectivity,1000,-3.0,121,1936,982,18,16
connectivity,1000,-3.0,122,2019,979,21,19
connectivity,1000,-3.0,123,1903,974,26,24
connectivity,1000,-3.0,124,2006,983,18,17
connectivity,1000,-3.0,125,1905,979,21,19
connectivity,1000,-3.0,126,1938,980,20,18
connectivity,1000,-3.0,127,1941,982,19,18
connectivity,1000,-3.0,128,1942,979,20,17
connectivity,1000,-3.0,129,1985,980,20,18
connectivity,1000,-3.0,130,1968,989,12,11
connectivity,1000,-3.0,131,2013,980,20,18
connectivity,1000,-3.0,132,1915,974,26,24
connectivity,1000,-3.0,133,1952,973,25,21
connectivity,1000,-3.0,134,2031,977,24,23
connectivity,1000,-3.0,135,1939,979,22,21
connectivity,1000,-3.0,136,1837,971,30,29
connectivity,1000,-3.0,137,2031,982,18,16
connectivity,1000,-3.0,138,1908,971,30,29
connectivity,1000,-3.0,139,1963,983,17,15
connectivity,1000,-3.0,140,1927,967,30,25
connectivity,1000,-3.0,141,1972,981,20,19
connectivity,1000,-3.0,142,2016,978,23,22
connectivity,1000,-3.0,143,1964,983,17,15
connectivity,1000,-3.0,144,2044,982,18,16
connectivity,1000,-3.0,145,1965,980,20,18
connectivity,1000,-3.0,146,1955,977,22,20
connectivity,1000,-3.0,147,1963,978,21,18
connectivity,1000,-3.0,148,1862,973,26,23
connectivity,1000,-3.0,149,1880,968,30,27
connectivity,1000,-3.0,150,2022,984,17,16
connectivity,1000,-3.0,151,1951,983,18,17
connectivity,1000,-3.0,152,1881,977,22,19
connectivity,1000,-3.0,153,1974,985,16,15
connectivity,1000,-3.0,154,1966,979,22,21
connectivity,1000,-3.0,155,1956,980,21,20
connectivity,1000,-3.0,156,1947,967,32,29
connectivity,1000,-3.0,157,1939,980,20,18
connectivity,1000,-3.0,158,1968,978,22,20
connectivity,1000,-3.0,159,2073,982,19,18
connectivity,1000,-3.0,160,1936,980,20,18
connectivity,1000,-3.0,161,1944,980,20,18
connectivity,1000,-3.0,162,2037,989,12,11
connectivity,1000,-3.0,163,1877,972,29,28
connectivity,1000,-3.0,164,2030,981,18,15
connectivity,1000,-3.0,165,1984,985,15,13
connectivity,1000,-3.0,166,1929,979,22,21
connectivity,1000,-3.0,167,1936,979,20,17
connectivity,1000,-3.0,168,1939,981,18,15
connectivity,1000,-3.0,169,2013,983,18,17
connectivity,1000,-3.0,170,1957,982,19,18
connectivity,1000,-3.0,171,1958,980,21,20
connectivity,1000,-3.0,172,1923,975,26,25
connectivity,1000,-3.0,173,1968,977,22,19
connectivity,1000,-3.0,174,1941,976,24,22
connectivity,1000,-3.0,175,1902,983,18,17
connectivity,1000,-3.0,176,1917,984,16,14
connectivity,1000,-3.0,177,1987,977,22,19
connectivity,1000,-3.0,178,1896,978,23,22
connectivity,1000,-3.0,179,1939,975,25,23
connectivity,1000,-3.0,180,1992,981,20,19
connectivity,1000,-3.0,181,1968,981,19,17
connectivity,1000,-3.0,182,1909,977,23,21
connectivity,1000,-3.0,183,1929,972,27,24
connectivity,1000,-3.0,184,2048,973,26,23
connectivity,1000,-3.0,185,1931,973,26,23
connectivity,1000,-3.0,186,1925,975,26,25
connectivity,1000,-3.0,187,1976,976,22,18
connectivity,1000,-3.0,188,1963,982,19,18
connectivity,1000,-3.0,189,2005,978,21,18
connectivity,1000,-3.0,190,1907,974,24,21
connectivity,1000,-3.0,191,1915,970,29,26
connectivity,1000,-3.0,192,1948,982,19,18
connectivity,1000,-3.0,193,1888,975,25,23
connectivity,1000,-3.0,194,1925,968,31,28
connectivity,1000,-3.0,195,1974,980,21,20
connectivity,1000,-3.0,196,1983,980,20,18
connectivity,1000,-3.0,197,1906,980,21,20
connectivity,1000,-3.0,198,2055,979,22,21
connectivity,1000,-3.0,199,1926,981,20,19
connectivity,1000,-3.0,200,1884,980,21,20
connectivity,1000,-3.0,201,1962,987,14,13
connectivity,1000,-3.0,202,1965,979,21,19
connectivity,1000,-3.0,203,1959,979,22,21
connectivity,1000,-3.0,204,2006,981,20,19
connectivity,1000,-3.0,205,1965,980,20,18
connectivity,1000,-3.0,206,1913,976,24,22
connectivity,1000,-3.0,207,1859,968,33,32
connectivity,1000,-3.0,208,1991,977,23,21
connectivity,1000,-3.0,209,1946,984,17,16
connectivity,1000,-3.0,210,2004,981,20,19
connectivity,1000,-3.0,211,1994,981,18,15
connectivity,1000,-3.0,212,1954,981,19,17
connectivity,1000,-3.0,213,1971,981,19,17
connectivity,1000,-3.0,214,1974,980,20,18
connectivity,1000,-3.0,215,1883,975,24,22
connectivity,1000,-3.0,216,1947,979,22,21
connectivity,1000,-3.0,217,1911,969,30,27
connectivity,1000,-3.0,218,1946,965,33,29
connectivity,1000,-3.0,219,1947,973,23,17
connectivity,1000,-3.0,220,2011,990,11,10
connectivity,1000,-3.0,221,1933,971,27,25
connectivity,1000,-3.0,222,1925,976,25,24
connectivity,1000,-3.0,223,1984,972,28,26
connectivity,1000,-3.0,224,2010,982,18,16
connectivity,1000,-3.0,225,1908,974,25,22
connectivity,1000,-3.0,226,2023,988,13,12
connectivity,1000,-3.0,227,1891,975,26,25
connectivity,1000,-3.0,228,1945,978,22,20
connectivity,1000,-3.0,229,1986,974,27,26
connectivity,1000,-3.0,230,2042,977,23,21
connectivity,1000,-3.0,231,1954,973,25,22
connectivity,1000,-3.0,232,1993,984,16,14
connectivity,1000,-3.0,233,2004,977,24,23
connectivity,1000,-3.0,234,1931,975,24,21
connectivity,1000,-3.0,235,1918,977,22,19
connectivity,1000,-3.0,236,1919,972,28,26
connectivity,1000,-3.0,237,2005,985,16,15
connectivity,1000,-3.0,238,1987,989,12,11
connectivity,1000,-3.0,239,1984,974,27,26
connectivity,1000,-3.0,240,2044,982,18,16
connectivity,1000,-3.0,241,2005,978,21,18
connectivity,1000,-3.0,242,2017,971,29,27
connectivity,1000,-3.0,243,1985,976,25,24
connectivity,1000,-3.0,244,1844,974,27,26
connectivity,1000,-3.0,245,1966,978,22,20
connectivity,1000,-3.0,246,1936,988,13,12
connectivity,1000,-3.0,247,1975,980,20,18
connectivity,1000,-3.0,248,1827,969,29,25
connectivity,1000,-3.0,249,1975,974,25,22
connectivity,1000,-3.0,250,1978,977,22,19
connectivity,1000,-3.0,251,1944,981,19,17
connectivity,1000,-3.0,252,1907,979,20,18
connectivity,1000,-3.0,253,1983,983,17,15
connectivity,1000,-3.0,254,2001,973,26,23
connectivity,1000,-3.0,255,2041,971,30,29
connectivity,1000,-3.0,256,1946,979,21,19
connectivity,1000,-3.0,257,1948,977,23,21
connectivity,1000,-3.0,258,1960,975,25,23
connectivity,1000,-3.0,259,2051,985,16,15
connectivity,1000,-3.0,260,1954,966,32,28
connectivity,1000,-3.0,261,1985,978,22,20
connectivity,1000,-3.0,262,1924,973,25,21
connectivity,1000,-3.0,263,1913,977,24,23
connectivity,1000,-3.0,264,1952,981,20,19
connectivity,1000,-3.0,265,2003,984,17,16
connectivity,1000,-3.0,266,1982,983,18,17
connectivity,1000,-3.0,267,1981,976,24,22
connectivity,1000,-3.0,268,1935,978,19,14
connectivity,1000,-3.0,269,1937,970,28,24
connectivity,1000,-3.0,270,2002,972,26,23
connectivity,1000,-3.0,271,2027,977,24,23
connectivity,1000,-3.0,272,1987,978,22,20
connectivity,1000,-3.0,273,1949,973,26,24
connectivity,1000,-3.0,274,1988,987,13,11
connectivity,1000,-3.0,275,1920,981,19,17
connectivity,1000,-3.0,276,1921,975,26,25
connectivity,1000,-3.0,277,1980,978,20,16
connectivity,1000,-3.0,278,1906,976,25,24
connectivity,1000,-3.0,279,2005,974,27,26
connectivity,1000,-3.0,280,1964,988,13,12
connectivity,1000,-3.0,281,1947,977,24,23
connectivity,1000,-3.0,282,1899,968,29,26
connectivity,1000,-3.0,283,1980,978,22,20
connectivity,1000,-3.0,284,1966,982,19,18
connectivity,1000,-3.0,285,1967,981,17,14
connectivity,1000,-3.0,286,1933,973,27,25
connectivity,1000,-3.0,287,1928,973,27,25
connectivity,1000,-3.0,288,1833,982,19,18
connectivity,1000,-3.0,289,1954,974,26,24
connectivity,1000,-3.0,290,1976,981,20,19
connectivity,1000,-3.0,291,1950,984,17,16
connectivity,1000,-3.0,292,1905,980,21,20
connectivity,1000,-3.0,293,1992,976,23,20
connectivity,1000,-3.0,294,2002,983,17,15
connectivity,1000,-3.0,295,1869,963,34,30
connectivity,1000,-3.0,296,1943,980,21,20
connectivity,1000,-3.0,297,1922,972,26,23
connectivity,1000,-3.0,298,1937,974,27,26
connectivity,1000,-3.0,299,1953,979,21,19
connectivity,1000,-3.0,300,2028,976,24,22
connectivity,1000,-3.0,301,1959,974,27,26
connectivity,1000,-3.0,302,1915,978,23,22
connectivity,1000,-3.0,303,1851,965,33,29
connectivity,1000,-3.0,304,1902,981,20,19
connectivity,1000,-3.0,305,2075,979,22,21
connectivity,1000,-3.0,306,2003,983,17,15
connectivity,1000,-3.0,307,1897,976,24,22
connectivity,1000,-3.0,308,1968,980,21,20
connectivity,1000,-3.0,309,1992,983,18,17
connectivity,1000,-3.0,310,2029,985,16,15
connectivity,1000,-3.0,311,1885,979,21,19
connectivity,1000,-3.0,312,1956,977,21,17
connectivity,1000,-3.0,313,1943,977,23,21
connectivity,1000,-3.0,314,1974,977,24,23
connectivity,1000,-3.0,315,1986,979,22,21
connectivity,1000,-3.0,316,1867,969,30,27
connectivity,1000,-3.0,317,1987,981,20,19
connectivity,1000,-3.0,318,1901,977,22,20
connectivity,1000,-3.0,319,1958,971,30,29
connectivity,1000,-3.0,320,1933,974,26,24
connectivity,1000,-3.0,321,1997,986,14,12
connectivity,1000,-3.0,322,1926,981,20,19
connectivity,1000,-3.0,323,1991,985,16,15
connectivity,1000,-3.0,324,1905,983,17,15
connectivity,1000,-3.0,325,1953,980,21,20
connectivity,1000,-3.0,326,1958,974,24,20
connectivity,1000,-3.0,327,1916,983,17,15
connectivity,1000,-3.0,328,1886,979,21,19
connectivity,1000,-3.0,329,1878,972,28,26
connectivity,1000,-3.0,330,1978,985,16,15
connectivity,1000,-3.0,331,1889,966,35,34
connectivity,1000,-3.0,332,1925,979,20,17
connectivity,1000,-3.0,333,1989,980,19,16
connectivity,1000,-3.0,334,1939,968,33,32
connectivity,1000,-3.0,335,2009,982,18,16
connectivity,1000,-3.0,336,2019,976,24,22
connectivity,1000,-3.0,337,1987,985,16,15
connectivity,1000,-3.0,338,1952,980,21,20
connectivity,1000,-3.0,339,1916,979,21,19
connectivity,1000,-3.0,340,1986,983,18,17
connectivity,1000,-3.0,341,1937,981,18,15
connectivity,1000,-3.0,342,2021,978,23,22
connectivity,1000,-3.0,343,2037,989,11,9
connectivity,1000,-3.0,344,1940,980,20,18
connectivity,1000,-3.0,345,1938,972,27,24
connectivity,1000,-3.0,346,1996,985,16,15
connectivity,1000,-3.0,347,1941,983,17,15
connectivity,1000,-3.0,348,1950,976,23,20
connectivity,1000,-3.0,349,2002,988,13,12
connectivity,1000,-3.0,350,1979,978,22,20
connectivity,1000,-3.0,351,1878,966,33,30
connectivity,1000,-3.0,352,1915,983,17,15
connectivity,1000,-3.0,353,1974,978,21,19
connectivity,1000,-3.0,354,1975,988,13,12
connectivity,1000,-3.0,355,1888,978,21,18
connectivity,1000,-3.0,356,1905,982,19,18
connectivity,1000,-3.0,357,1924,974,25,22
connectivity,1000,-3.0,358,1899,983,17,15
connectivity,1000,-3.0,359,1924,977,23,21
connectivity,1000,-3.0,360,1941,970,31,30
connectivity,1000,-3.0,361,2012,977,23,21
connectivity,1000,-3.0,362,2009,987,14,13
connectivity,1000,-3.0,363,1943,977,22,19
connectivity,1000,-3.0,364,1973,975,26,25
connectivity,1000,-3.0,365,1954,965,33,29
connectivity,1000,-3.0,366,1973,980,20,18
connectivity,1000,-3.0,367,1979,975,26,25
connectivity,1000,-3.0,368,2019,974,24,20
connectivity,1000,-3.0,369,1932,978,23,22
connectivity,1000,-3.0,370,1974,971,30,29
connectivity,1000,-3.0,371,1920,977,23,21
connectivity,1000,-3.0,372,1950,982,17,15
connectivity,1000,-3.0,373,1941,978,22,20
connectivity,1000,-3.0,374,1923,976,22,18
connectivity,1000,-3.0,375,1921,966,30,26
connectivity,1000,-3.0,376,1883,985,16,15
connectivity,1000,-3.0,377,1973,977,24,23
connectivity,1000,-3.0,378,2009,985,16,15
connectivity,1000,-3.0,379,1876,976,23,20
connectivity,1000,-3.0,380,1985,987,14,13
connectivity,1000,-3.0,381,1975,978,21,18
connectivity,1000,-3.0,382,1938,978,23,22
connectivity,1000,-3.0,383,1863,966,33,30
connectivity,1000,-3.0,384,2051,980,20,18
connectivity,1000,-3.0,385,1947,975,26,25
connectivity,1000,-3.0,386,1977,981,19,17
connectivity,1000,-3.0,387,1959,979,22,21
connectivity,1000,-3.0,388,1982,980,19,16
connectivity,1000,-3.0,389,1972,984,17,16
connectivity,1000,-3.0,390,1988,980,21,20
connectivity,1000,-3.0,391,1941,976,24,22
connectivity,1000,-3.0,392,1958,975,25,23
connectivity,1000,-3.0,393,2009,982,18,16
connectivity,1000,-3.0,394,2065,991,9,7
connectivity,1000,-3.0,395,1962,971,29,27
connectivity,1000,-3.0,396,1966,983,18,17
connectivity,1000,-3.0,397,1963,983,18,17
connectivity,1000,-3.0,398,1934,977,24,23
connectivity,1000,-3.0,399,1922,980,21,20
connectivity,1000,-2.0,0,2465,992,8,6
connectivity,1000,-2.0,1,2413,992,7,5
connectivity,1000,-2.0,2,2360,990,11,10
connectivity,1000,-2.0,3,2507,989,12,11
connectivity,1000,-2.0,4,2433,990,11,10
connectivity,1000,-2.0,5,2465,994,7,6
connectivity,1000,-2.0,6,2429,987,13,11
connectivity,1000,-2.0,7,2508,987,14,13
connectivity,1000,-2.0,8,2362,995,6,5
connectivity,1000,-2.0,9,2370,986,15,14
connectivity,1000,-2.0,10,2501,995,6,5
connectivity,1000,-2.0,11,2536,994,7,6
connectivity,1000,-2.0,12,2480,995,6,5
connectivity,1000,-2.0,13,2502,998,3,2
connectivity,1000,-2.0,14,2508,995,6,5
connectivity,1000,-2.0,15,2475,993,7,5
connectivity,1000,-2.0,16,2445,996,5,4
connectivity,1000,-2.0,17,2455,993,8,7
connectivity,1000,-2.0,18,2501,993,8,7
connectivity,1000,-2.0,19,2443,994,7,6
connectivity,1000,-2.0,20,2450,991,10,9
connectivity,1000,-2.0,21,2505,995,6,5
connectivity,1000,-2.0,22,2373,996,5,4
connectivity,1000,-2.0,23,2542,994,7,6
connectivity,1000,-2.0,24,2536,995,6,5
connectivity,1000,-2.0,25,2451,989,12,11
connectivity,1000,-2.0,26,2526,990,11,10
connectivity,1000,-2.0,27,2461,991,10,9
connectivity,1000,-2.0,28,2396,984,17,16
connectivity,1000,-2.0,29,2452,994,7,6
connectivity,1000,-2.0,30,2483,993,8,7
connectivity,1000,-2.0,31,2442,991,10,9
connectivity,1000,-2.0,32,2473,990,11,10
connectivity,1000,-2.0,33,2424,987,14,13
connectivity,1000,-2.0,34,2484,999,2,1
connectivity,1000,-2.0,35,2381,992,9,8
connectivity,1000,-2.0,36,2441,991,9,7
connectivity,1000,-2.0,37,2550,993,8,7
connectivity,1000,-2.0,38,2509,995,5,3
connectivity,1000,-2.0,39,2475,997,4,3
connectivity,1000,-2.0,40,2352,991,9,7
connectivity,1000,-2.0,41,2450,989,11,9
connectivity,1000,-2.0,42,2428,997,4,3
connectivity,1000,-2.0,43,2458,994,7,6
connectivity,1000,-2.0,44,2404,992,9,8
connectivity,1000,-2.0,45,2485,991,10,9
connectivity,1000,-2.0,46,2414,988,13,12
connectivity,1000,-2.0,47,2471,993,8,7
connectivity,1000,-2.0,48,2497,994,7,6
connectivity,1000,-2.0,49,2403,985,15,13
connectivity,1000,-2.0,50,2417,995,6,5
connectivity,1000,-2.0,51,2499,991,10,9
connectivity,1000,-2.0,52,2462,996,5,4
connectivity,1000,-2.0,53,2580,995,6,5
connectivity,1000,-2.0,54,2466,991,10,9
connectivity,1000,-2.0,55,2481,991,10,9
connectivity,1000,-2.0,56,2493,996,5,4
connectivity,1000,-2.0,57,2364,995,6,5
connectivity,1000,-2.0,58,2445,993,8,7
connectivity,1000,-2.0,59,2465,997,4,3
connectivity,1000,-2.0,60,2495,994,7,6
connectivity,1000,-2.0,61,2515,988,13,12
connectivity,1000,-2.0,62,2464,992,9,8
connectivity,1000,-2.0,63,2422,992,9,8
connectivity,1000,-2.0,64,2466,996,5,4
connectivity,1000,-2.0,65,2435,992,9,8
connectivity,1000,-2.0,66,2356,991,10,9
connectivity,1000,-2.0,67,2460,995,5,3
connectivity,1000,-2.0,68,2468,991,10,9
connectivity,1000,-2.0,69,2421,990,11,10
connectivity,1000,-2.0,70,2462,994,7,6
connectivity,1000,-2.0,71,2456,989,11,9
connectivity,1000,-2.0,72,2477,993,8,7
connectivity,1000,-2.0,73,2437,991,9,7
connectivity,1000,-2.0,74,2514,989,10,7
connectivity,1000,-2.0,75,2406,989,12,11
connectivity,1000,-2.0,76,2436,992,9,8
connectivity,1000,-2.0,77,2453,991,10,9
connectivity,1000,-2.0,78,2432,992,9,8
connectivity,1000,-2.0,79,2454,995,6,5
connectivity,1000,-2.0,80,2479,990,11,10
connectivity,1000,-2.0,81,2511,998,3,2
connectivity,1000,-2.0,82,2387,989,12,11
connectivity,1000,-2.0,83,2420,991,10,9
connectivity,1000,-2.0,84,2447,991,10,9
connectivity,1000,-2.0,85,2393,995,6,5
connectivity,1000,-2.0,86,2413,995,6,5
connectivity,1000,-2.0,87,2419,994,7,6
connectivity,1000,-2.0,88,2463,994,7,6
connectivity,1000,-2.0,89,2501,999,2,1
connectivity,1000,-2.0,90,2361,993,8,7
connectivity,1000,-2.0,91,2563,995,6,5
connectivity,1000,-2.0,92,2367,993,8,7
connectivity,1000,-2.0,93,2402,992,9,8
connectivity,1000,-2.0,94,2472,993,8,7
connectivity,1000,-2.0,95,2408,994,7,6
connectivity,1000,-2.0,96,2360,993,8,7
connectivity,1000,-2.0,97,2296,995,6,5
connectivity,1000,-2.0,98,2394,992,8,6
connectivity,1000,-2.0,99,2478,993,8,7
connectivity,1000,-2.0,100,2423,992,9,8
connectivity,1000,-2.0,101,2506,994,7,6
connectivity,1000,-2.0,102,2450,990,11,10
connectivity,1000,-2.0,103,2496,990,11,10
connectivity,1000,-2.0,104,2434,986,12,8
connectivity,1000,-2.0,105,2457,997,4,3
connectivity,1000,-2.0,106,2537,996,5,4
connectivity,1000,-2.0,107,2420,991,10,9
connectivity,1000,-2.0,108,2473,988,12,10
connectivity,1000,-2.0,109,2571,990,10,8
connectivity,1000,-2.0,110,2501,996,5,4
connectivity,1000,-2.0,111,2443,992,9,8
connectivity,1000,-2.0,112,2426,993,8,7
connectivity,1000,-2.0,113,2429,994,7,6
connectivity,1000,-2.0,114,2417,989,11,9
connectivity,1000,-2.0,115,2449,995,6,5
connectivity,1000,-2.0,116,2435,990,11,10
connectivity,1000,-2.0,117,2475,995,6,5
connectivity,1000,-2.0,118,2513,995,6,5
connectivity,1000,-2.0,119,2434,987,14,13
connectivity,1000,-2.0,120,2463,988,13,12
connectivity,1000,-2.0,121,2372,993,8,7
connectivity,1000,-2.0,122,2412,994,7,6
connectivity,1000,-2.0,123,2395,991,10,9
connectivity,1000,-2.0,124,2448,992,9,8
connectivity,1000,-2.0,125,2398,997,4,3
connectivity,1000,-2.0,126,2428,988,13,12
connectivity,1000,-2.0,127,2382,992,9,8
connectivity,1000,-2.0,128,2442,991,10,9
connectivity,1000,-2.0,129,2462,991,10,9
connectivity,1000,-2.0,130,2408,994,7,6
connectivity,1000,-2.0,131,2397,987,12,9
connectivity,1000,-2.0,132,2506,994,7,6
connectivity,1000,-2.0,133,2522,991,9,7
connectivity,1000,-2.0,134,2457,992,8,6
connectivity,1000,-2.0,135,2439,993,8,7
connectivity,1000,-2.0,136,2411,994,7,6
connectivity,1000,-2.0,137,2397,988,12,10
connectivity,1000,-2.0,138,2403,989,12,11
connectivity,1000,-2.0,139,2501,996,5,4
connectivity,1000,-2.0,140,2440,998,3,2
connectivity,1000,-2.0,141,2456,993,8,7
connectivity,1000,-2.0,142,2390,991,10,9
connectivity,1000,-2.0,143,2451,992,9,8
connectivity,1000,-2.0,144,2456,990,10,8
connectivity,1000,-2.0,145,2498,992,9,8
connectivity,1000,-2.0,146,2417,990,11,10
connectivity,1000,-2.0,147,2466,995,6,5
connectivity,1000,-2.0,148,2416,991,10,9
connectivity,1000,-2.0,149,2509,993,8,7
connectivity,1000,-2.0,150,2521,997,4,3
connectivity,1000,-2.0,151,2461,992,9,8
connectivity,1000,-2.0,152,2500,996,5,4
connectivity,1000,-2.0,153,2418,992,9,8
connectivity,1000,-2.0,154,2511,994,7,6
connectivity,1000,-2.0,155,2421,992,8,6
connectivity,1000,-2.0,156,2446,992,9,8
connectivity,1000,-2.0,157,2479,992,9,8
connectivity,1000,-2.0,158,2376,990,11,10
connectivity,1000,-2.0,159,2469,996,5,4
connectivity,1000,-2.0,160,2418,992,9,8
connectivity,1000,-2.0,161,2404,993,8,7
connectivity,1000,-2.0,162,2502,997,4,3
connectivity,1000,-2.0,163,2496,994,7,6
connectivity,1000,-2.0,164,2502,994,7,6
connectivity,1000,-2.0,165,2505,992,9,8
connectivity,1000,-2.0,166,2454,986,15,14
connectivity,1000,-2.0,167,2447,994,7,6
connectivity,1000,-2.0,168,2553,993,8,7
connectivity,1000,-2.0,169,2395,990,11,10
connectivity,1000,-2.0,170,2482,993,8,7
connectivity,1000,-2.0,171,2415,990,11,10
connectivity,1000,-2.0,172,2433,992,9,8
connectivity,1000,-2.0,173,2501,999,2,1
connectivity,1000,-2.0,174,2501,995,6,5
connectivity,1000,-2.0,175,2478,994,6,4
connectivity,1000,-2.0,176,2504,992,9,8
connectivity,1000,-2.0,177,2402,991,10,9
connectivity,1000,-2.0,178,2475,993,8,7
connectivity,1000,-2.0,179,2401,990,11,10
connectivity,1000,-2.0,180,2508,994,7,6
connectivity,1000,-2.0,181,2439,993,8,7
connectivity,1000,-2.0,182,2461,994,7,6
connectivity,1000,-2.0,183,2512,993,8,7
connectivity,1000,-2.0,184,2417,994,7,6
connectivity,1000,-2.0,185,2500,991,10,9
connectivity,1000,-2.0,186,2457,993,8,7
connectivity,1000,-2.0,187,2523,993,8,7
connectivity,1000,-2.0,188,2437,988,12,10
connectivity,1000,-2.0,189,2429,992,9,8
connectivity,1000,-2.0,190,2433,993,8,7
connectivity,1000,-2.0,191,2495,991,10,9
connectivity,1000,-2.0,192,2490,991,9,7
connectivity,1000,-2.0,193,2453,992,9,8
connectivity,1000,-2.0,194,2413,990,11,10
connectivity,1000,-2.0,195,2427,996,5,4
connectivity,1000,-2.0,196,2547,991,10,9
connectivity,1000,-2.0,197,2378,994,7,6
connectivity,1000,-2.0,198,2459,993,8,7
connectivity,1000,-2.0,199,2454,993,7,5
connectivity,1000,-2.0,200,2442,987,14,13
connectivity,1000,-2.0,201,2446,994,7,6
connectivity,1000,-2.0,202,2553,997,4,3
connectivity,1000,-2.0,203,2426,990,9,6
connectivity,1000,-2.0,204,2431,991,9,7
connectivity,1000,-2.0,205,2482,991,10,9
connectivity,1000,-2.0,206,2468,998,3,2
connectivity,1000,-2.0,207,2470,999,2,1
connectivity,1000,-2.0,208,2456,986,15,14
connectivity,1000,-2.0,209,2486,993,8,7
connectivity,1000,-2.0,210,2434,996,5,4
connectivity,1000,-2.0,211,2381,993,8,7
connectivity,1000,-2.0,212,2521,997,4,3
connectivity,1000,-2.0,213,2559,996,5,4
connectivity,1000,-2.0,214,2480,995,6,5
connectivity,1000,-2.0,215,2397,994,7,6
connectivity,1000,-2.0,216,2443,993,8,7
connectivity,1000,-2.0,217,2516,992,8,6
connectivity,1000,-2.0,218,2404,992,8,6
connectivity,1000,-2.0,219,2491,994,7,6
connectivity,1000,-2.0,220,2493,998,3,2
connectivity,1000,-2.0,221,2439,993,8,7
connectivity,1000,-2.0,222,2513,994,7,6
connectivity,1000,-2.0,223,2529,993,8,7
connectivity,1000,-2.0,224,2514,996,5,4
connectivity,1000,-2.0,225,2394,991,10,9
connectivity,1000,-2.0,226,2396,995,6,5
connectivity,1000,-2.0,227,2510,995,6,5
connectivity,1000,-2.0,228,2486,995,6,5
connectivity,1000,-2.0,229,2447,985,16,15
connectivity,1000,-2.0,230,2349,992,9,8
connectivity,1000,-2.0,231,2428,992,9,8
connectivity,1000,-2.0,232,2422,990,10,8
connectivity,1000,-2.0,233,2395,987,14,13
connectivity,1000,-2.0,234,2425,991,10,9
connectivity,1000,-2.0,235,2494,994,7,6
connectivity,1000,-2.0,236,2426,989,10,7
connectivity,1000,-2.0,237,2485,994,7,6
connectivity,1000,-2.0,238,2470,991,10,9
connectivity,1000,-2.0,239,2390,993,8,7
connectivity,1000,-2.0,240,2446,993,8,7
connectivity,1000,-2.0,241,2439,991,10,9
connectivity,1000,-2.0,242,2470,994,7,6
connectivity,1000,-2.0,243,2482,992,9,8
connectivity,1000,-2.0,244,2435,994,7,6
connectivity,1000,-2.0,245,2400,992,9,8
connectivity,1000,-2.0,246,2458,989,12,11
connectivity,1000,-2.0,247,2403,986,15,14
connectivity,1000,-2.0,248,2411,990,11,10
connectivity,1000,-2.0,249,2484,994,7,6
connectivity,1000,-2.0,250,2405,994,7,6
connectivity,1000,-2.0,251,2498,996,5,4
connectivity,1000,-2.0,252,2456,991,10,9
connectivity,1000,-2.0,253,2380,983,18,17
connectivity,1000,-2.0,254,2494,995,6,5
connectivity,1000,-2.0,255,2442,995,6,5
connectivity,1000,-2.0,256,2523,994,7,6
connectivity,1000,-2.0,257,2441,993,7,5
connectivity,1000,-2.0,258,2441,992,9,8
connectivity,1000,-2.0,259,2432,988,13,12
connectivity,1000,-2.0,260,2421,995,6,5
connectivity,1000,-2.0,261,2340,987,14,13
connectivity,1000,-2.0,262,2525,994,7,6
connectivity,1000,-2.0,263,2492,993,8,7
connectivity,1000,-2.0,264,2425,988,13,12
connectivity,1000,-2.0,265,2433,989,12,11
connectivity,1000,-2.0,266,2386,987,13,11
connectivity,1000,-2.0,267,2387,988,13,12
connectivity,1000,-2.0,268,2478,992,9,8
connectivity,1000,-2.0,269,2459,995,6,5
connectivity,1000,-2.0,270,2488,998,3,2
connectivity,1000,-2.0,271,2380,991,10,9
connectivity,1000,-2.0,272,2519,994,7,6
connectivity,1000,-2.0,273,2494,995,6,5
connectivity,1000,-2.0,274,2400,994,7,6
connectivity,1000,-2.0,275,2469,995,6,5
connectivity,1000,-2.0,276,2465,995,5,3
connectivity,1000,-2.0,277,2413,993,8,7
connectivity,1000,-2.0,278,2490,997,4,3
connectivity,1000,-2.0,279,2461,995,6,5
connectivity,1000,-2.0,280,2442,989,11,9
connectivity,1000,-2.0,281,2542,996,5,4
connectivity,1000,-2.0,282,2476,995,6,5
connectivity,1000,-2.0,283,2409,990,11,10
connectivity,1000,-2.0,284,2442,990,11,10
connectivity,1000,-2.0,285,2428,991,10,9
connectivity,1000,-2.0,286,2542,992,9,8
connectivity,1000,-2.0,287,2447,994,7,6
connectivity,1000,-2.0,288,2450,988,13,12
connectivity,1000,-2.0,289,2434,992,9,8
connectivity,1000,-2.0,290,2380,996,5,4
connectivity,1000,-2.0,291,2506,988,13,12
connectivity,1000,-2.0,292,2391,994,7,6
connectivity,1000,-2.0,293,2366,992,9,8
connectivity,1000,-2.0,294,2450,989,12,11
connectivity,1000,-2.0,295,2537,991,10,9
connectivity,1000,-2.0,296,2407,992,9,8
connectivity,1000,-2.0,297,2468,993,8,7
connectivity,1000,-2.0,298,2484,993,8,7
connectivity,1000,-2.0,299,2374,995,6,5
connectivity,1000,-2.0,300,2378,994,7,6
connectivity,1000,-2.0,301,2469,992,9,8
connectivity,1000,-2.0,302,2425,996,5,4
connectivity,1000,-2.0,303,2421,992,9,8
connectivity,1000,-2.0,304,2465,995,6,5
connectivity,1000,-2.0,305,2312,988,12,10
connectivity,1000,-2.0,306,2397,990,11,10
connectivity,1000,-2.0,307,2431,989,11,9
connectivity,1000,-2.0,308,2462,992,9,8
connectivity,1000,-2.0,309,2474,990,11,10
connectivity,1000,-2.0,310,2436,992,9,8
connectivity,1000,-2.0,311,2469,991,9,7
connectivity,1000,-2.0,312,2539,993,8,7
connectivity,1000,-2.0,313,2431,993,8,7
connectivity,1000,-2.0,314,2566,999,2,1
connectivity,1000,-2.0,315,2372,991,10,9
connectivity,1000,-2.0,316,2372,985,16,15
connectivity,1000,-2.0,317,2554,994,7,6
connectivity,1000,-2.0,318,2469,992,9,8
connectivity,1000,-2.0,319,2375,992,9,8
connectivity,1000,-2.0,320,2499,993,8,7
connectivity,1000,-2.0,321,2466,990,11,10
connectivity,1000,-2.0,322,2480,991,10,9
connectivity,1000,-2.0,323,2478,994,7,6
connectivity,1000,-2.0,324,2475,987,14,13
connectivity,1000,-2.0,325,2470,993,8,7
connectivity,1000,-2.0,326,2396,991,10,9
connectivity,1000,-2.0,327,2493,997,4,3
connectivity,1000,-2.0,328,2574,987,14,13
connectivity,1000,-2.0,329,2506,996,5,4
connectivity,1000,-2.0,330,2437,991,10,9
connectivity,1000,-2.0,331,2463,997,4,3
connectivity,1000,-2.0,332,2510,995,6,5
connectivity,1000,-2.0,333,2420,990,11,10
connectivity,1000,-2.0,334,2466,994,7,6
connectivity,1000,-2.0,335,2414,992,9,8
connectivity,1000,-2.0,336,2423,996,5,4
connectivity,1000,-2.0,337,2477,994,7,6
connectivity,1000,-2.0,338,2417,993,8,7
connectivity,1000,-2.0,339,2467,996,5,4
connectivity,1000,-2.0,340,2469,995,6,5
connectivity,1000,-2.0,341,2499,996,5,4
connectivity,1000,-2.0,342,2434,991,10,9
connectivity,1000,-2.0,343,2367,992,9,8
connectivity,1000,-2.0,344,2450,992,9,8
connectivity,1000,-2.0,345,2386,989,11,9
connectivity,1000,-2.0,346,2482,991,9,7
connectivity,1000,-2.0,347,2510,991,10,9
connectivity,1000,-2.0,348,2467,989,11,9
connectivity,1000,-2.0,349,2497,991,10,9
connectivity,1000,-2.0,350,2377,990,11,10
connectivity,1000,-2.0,351,2452,992,9,8
connectivity,1000,-2.0,352,2516,989,12,11
connectivity,1000,-2.0,353,2549,999,2,1
connectivity,1000,-2.0,354,2454,993,8,7
connectivity,1000,-2.0,355,2554,997,4,3
connectivity,1000,-2.0,356,2470,993,8,7
connectivity,1000,-2.0,357,2406,987,13,11
connectivity,1000,-2.0,358,2334,990,10,8
connectivity,1000,-2.0,359,2526,993,8,7
connectivity,1000,-2.0,360,2406,995,6,5
connectivity,1000,-2.0,361,2437,990,11,10
connectivity,1000,-2.0,362,2455,994,7,6
connectivity,1000,-2.0,363,2388,994,7,6
connectivity,1000,-2.0,364,2421,994,6,4
connectivity,1000,-2.0,365,2489,990,11,10
connectivity,1000,-2.0,366,2423,992,9,8
connectivity,1000,-2.0,367,2472,995,6,5
connectivity,1000,-2.0,368,2440,992,9,8
connectivity,1000,-2.0,369,2481,996,5,4
connectivity,1000,-2.0,370,2414,991,10,9
connectivity,1000,-2.0,371,2408,988,12,10
connectivity,1000,-2.0,372,2411,990,10,8
connectivity,1000,-2.0,373,2427,994,7,6
connectivity,1000,-2.0,374,2433,994,7,6
connectivity,1000,-2.0,375,2433,991,9,7
connectivity,1000,-2.0,376,2489,990,11,10
connectivity,1000,-2.0,377,2339,989,12,11
connectivity,1000,-2.0,378,2419,992,9,8
connectivity,1000,-2.0,379,2348,989,12,11
connectivity,1000,-2.0,380,2546,997,4,3
connectivity,1000,-2.0,381,2553,994,7,6
connectivity,1000,-2.0,382,2474,993,8,7
connectivity,1000,-2.0,383,2477,995,6,5
connectivity,1000,-2.0,384,2412,990,10,8
connectivity,1000,-2.0,385,2488,994,7,6
connectivity,1000,-2.0,386,2561,990,11,10
connectivity,1000,-2.0,387,2476,990,11,10
connectivity,1000,-2.0,388,2401,998,3,2
connectivity,1000,-2.0,389,2505,990,11,10
connectivity,1000,-2.0,390,2409,992,9,8
connectivity,1000,-2.0,391,2592,992,9,8
connectivity,1000,-2.0,392,2461,993,8,7
connectivity,1000,-2.0,393,2465,992,9,8
connectivity,1000,-2.0,394,2430,989,12,11
connectivity,1000,-2.0,395,2454,993,8,7
connectivity,1000,-2.0,396,2439,996,5,4
connectivity,1000,-2.0,397,2482,992,9,8
connectivity,1000,-2.0,398,2525,993,8,7
connectivity,1000,-2.0,399,2412,989,12,11
connectivity,1000,-1.0,0,2974,997,4,3
connectivity,1000,-1.0,1,2894,996,5,4
connectivity,1000,-1.0,2,2968,1000,1,0
connectivity,1000,-1.0,3,2937,999,2,1
connectivity,1000,-1.0,4,3033,999,2,1
connectivity,1000,-1.0,5,3087,999,2,1
connectivity,1000,-1.0,6,2980,996,5,4
connectivity,1000,-1.0,7,2885,997,4,3
connectivity,1000,-1.0,8,3019,997,4,3
connectivity,1000,-1.0,9,2916,996,5,4
connectivity,1000,-1.0,10,3056,1000,1,0
connectivity,1000,-1.0,11,2971,999,2,1
connectivity,1000,-1.0,12,2949,995,6,5
connectivity,1000,-1.0,13,2963,997,4,3
connectivity,1000,-1.0,14,2884,998,3,2
connectivity,1000,-1.0,15,2949,998,3,2
connectivity,1000,-1.0,16,2882,998,3,2
connectivity,1000,-1.0,17,2844,997,4,3
connectivity,1000,-1.0,18,2966,997,4,3
connectivity,1000,-1.0,19,2929,998,3,2
connectivity,1000,-1.0,20,3000,995,6,5
connectivity,1000,-1.0,21,2986,995,6,5
connectivity,1000,-1.0,22,2963,1000,1,0
connectivity,1000,-1.0,23,3024,1000,1,0
connectivity,1000,-1.0,24,2906,999,2,1
connectivity,1000,-1.0,25,2937,997,4,3
connectivity,1000,-1.0,26,2906,999,2,1
connectivity,1000,-1.0,27,2952,996,5,4
connectivity,1000,-1.0,28,2955,994,6,4
connectivity,1000,-1.0,29,3010,998,3,2
connectivity,1000,-1.0,30,2898,998,3,2
connectivity,1000,-1.0,31,2993,996,5,4
connectivity,1000,-1.0,32,3010,997,4,3
connectivity,1000,-1.0,33,2939,999,2,1
connectivity,1000,-1.0,34,2930,993,8,7
connectivity,1000,-1.0,35,3028,998,3,2
connectivity,1000,-1.0,36,2944,997,4,3
connectivity,1000,-1.0,37,2958,990,11,10
connectivity,1000,-1.0,38,2964,997,4,3
connectivity,1000,-1.0,39,2990,996,5,4
connectivity,1000,-1.0,40,2963,997,4,3
connectivity,1000,-1.0,41,2888,999,2,1
connectivity,1000,-1.0,42,2898,998,3,2
connectivity,1000,-1.0,43,3035,999,2,1
connectivity,1000,-1.0,44,2939,998,3,2
connectivity,1000,-1.0,45,2992,999,2,1
connectivity,1000,-1.0,46,2970,1000,1,0
connectivity,1000,-1.0,47,3030,998,3,2
connectivity,1000,-1.0,48,2983,997,4,3
connectivity,1000,-1.0,49,2946,998,3,2
connectivity,1000,-1.0,50,3011,1000,1,0
connectivity,1000,-1.0,51,2984,998,3,2
connectivity,1000,-1.0,52,3038,996,5,4
connectivity,1000,-1.0,53,2999,998,3,2
connectivity,1000,-1.0,54,3010,995,6,5
connectivity,1000,-1.0,55,2917,998,3,2
connectivity,1000,-1.0,56,2906,996,5,4
connectivity,1000,-1.0,57,2858,997,4,3
connectivity,1000,-1.0,58,3040,997,4,3
connectivity,1000,-1.0,59,2881,996,5,4
connectivity,1000,-1.0,60,2987,994,6,4
connectivity,1000,-1.0,61,2939,999,2,1
connectivity,1000,-1.0,62,2960,997,4,3
connectivity,1000,-1.0,63,2938,995,6,5
connectivity,1000,-1.0,64,2946,996,5,4
connectivity,1000,-1.0,65,2934,994,7,6
connectivity,1000,-1.0,66,2932,1000,1,0
connectivity,1000,-1.0,67,2900,997,4,3
connectivity,1000,-1.0,68,2917,996,5,4
connectivity,1000,-1.0,69,3065,999,2,1
connectivity,1000,-1.0,70,2983,999,2,1
connectivity,1000,-1.0,71,2991,999,2,1
connectivity,1000,-1.0,72,3003,998,3,2
connectivity,1000,-1.0,73,2893,997,4,3
connectivity,1000,-1.0,74,3058,995,6,5
connectivity,1000,-1.0,75,2993,998,3,2
connectivity,1000,-1.0,76,3019,998,3,2
connectivity,1000,-1.0,77,3050,997,4,3
connectivity,1000,-1.0,78,2938,996,5,4
connectivity,1000,-1.0,79,2906,998,3,2
connectivity,1000,-1.0,80,2930,996,5,4
connectivity,1000,-1.0,81,3012,995,6,5
connectivity,1000,-1.0,82,3022,1000,1,0
connectivity,1000,-1.0,83,3034,997,4,3
connectivity,1000,-1.0,84,2853,995,6,5
connectivity,1000,-1.0,85,2984,999,2,1
connectivity,1000,-1.0,86,2985,998,3,2
connectivity,1000,-1.0,87,2959,999,2,1
connectivity,1000,-1.0,88,2896,995,6,5
connectivity,1000,-1.0,89,2934,998,3,2
connectivity,1000,-1.0,90,3027,996,5,4
connectivity,1000,-1.0,91,2923,997,4,3
connectivity,1000,-1.0,92,2947,994,7,6
connectivity,1000,-1.0,93,2972,998,3,2
connectivity,1000,-1.0,94,2916,994,7,6
connectivity,1000,-1.0,95,2956,997,4,3
connectivity,1000,-1.0,96,2958,998,3,2
connectivity,1000,-1.0,97,2969,996,5,4
connectivity,1000,-1.0,98,2942,996,5,4
connectivity,1000,-1.0,99,2906,997,4,3
connectivity,1000,-1.0,100,3056,996,5,4
connectivity,1000,-1.0,101,2923,1000,1,0
connectivity,1000,-1.0,102,2922,996,5,4
connectivity,1000,-1.0,103,3034,1000,1,0
connectivity,1000,-1.0,104,2996,998,2,0
connectivity,1000,-1.0,105,3039,997,4,3
connectivity,1000,-1.0,106,2898,993,8,7
connectivity,1000,-1.0,107,2902,996,5,4
connectivity,1000,-1.0,108,2888,995,6,5
connectivity,1000,-1.0,109,3023,996,4,2
connectivity,1000,-1.0,110,3023,998,3,2
connectivity,1000,-1.0,111,2884,994,7,6
connectivity,1000,-1.0,112,3025,997,4,3
connectivity,1000,-1.0,113,2916,998,3,2
connectivity,1000,-1.0,114,3025,999,2,1
connectivity,1000,-1.0,115,2989,999,2,1
connectivity,1000,-1.0,116,2989,997,4,3
connectivity,1000,-1.0,117,2906,997,4,3
connectivity,1000,-1.0,118,2970,998,3,2
connectivity,1000,-1.0,119,3014,998,3,2
connectivity,1000,-1.0,120,3007,998,3,2
connectivity,1000,-1.0,121,2951,998,3,2
connectivity,1000,-1.0,122,2911,999,2,1
connectivity,1000,-1.0,123,2972,998,3,2
connectivity,1000,-1.0,124,2959,999,2,1
connectivity,1000,-1.0,125,2922,993,8,7
connectivity,1000,-1.0,126,2931,997,4,3
connectivity,1000,-1.0,127,3003,997,4,3
connectivity,1000,-1.0,128,2962,996,5,4
connectivity,1000,-1.0,129,2869,996,5,4
connectivity,1000,-1.0,130,3016,999,2,1
connectivity,1000,-1.0,131,2945,997,4,3
connectivity,1000,-1.0,132,2958,995,6,5
connectivity,1000,-1.0,133,2951,993,8,7
connectivity,1000,-1.0,134,2857,995,6,5
connectivity,1000,-1.0,135,2822,998,3,2
connectivity,1000,-1.0,136,2954,999,2,1
connectivity,1000,-1.0,137,2991,993,8,7
connectivity,1000,-1.0,138,2922,997,4,3
connectivity,1000,-1.0,139,2858,997,4,3
connectivity,1000,-1.0,140,2980,1000,1,0
connectivity,1000,-1.0,141,2972,998,3,2
connectivity,1000,-1.0,142,2957,997,4,3
connectivity,1000,-1.0,143,2983,994,7,6
connectivity,1000,-1.0,144,2984,997,4,3
connectivity,1000,-1.0,145,2949,996,5,4
connectivity,1000,-1.0,146,2993,996,5,4
connectivity,1000,-1.0,147,2974,999,2,1
connectivity,1000,-1.0,148,2956,1000,1,0
connectivity,1000,-1.0,149,2908,998,3,2
connectivity,1000,-1.0,150,2884,998,3,2
connectivity,1000,-1.0,151,2882,997,4,3
connectivity,1000,-1.0,152,3015,992,9,8
connectivity,1000,-1.0,153,2988,998,3,2
connectivity,1000,-1.0,154,2955,998,3,2
connectivity,1000,-1.0,155,2923,998,3,2
connectivity,1000,-1.0,156,2988,999,2,1
connectivity,1000,-1.0,157,2960,996,4,2
connectivity,1000,-1.0,158,2945,998,3,2
connectivity,1000,-1.0,159,2881,998,3,2
connectivity,1000,-1.0,160,2986,996,5,4
connectivity,1000,-1.0,161,3013,999,2,1
connectivity,1000,-1.0,162,3030,994,7,6
connectivity,1000,-1.0,163,2962,994,7,6
connectivity,1000,-1.0,164,2976,996,5,4
connectivity,1000,-1.0,165,2965,997,4,3
connectivity,1000,-1.0,166,2875,996,5,4
connectivity,1000,-1.0,167,2928,998,3,2
connectivity,1000,-1.0,168,2973,996,5,4
connectivity,1000,-1.0,169,2921,993,7,5
connectivity,1000,-1.0,170,2972,995,6,5
connectivity,1000,-1.0,171,2995,999,2,1
connectivity,1000,-1.0,172,2928,999,2,1
connectivity,1000,-1.0,173,2875,996,5,4
connectivity,1000,-1.0,174,2887,998,3,2
connectivity,1000,-1.0,175,2999,996,5,4
connectivity,1000,-1.0,176,2987,1000,1,0
connectivity,1000,-1.0,177,3037,999,2,1
connectivity,1000,-1.0,178,2964,999,2,1
connectivity,1000,-1.0,179,2870,997,4,3
connectivity,1000,-1.0,180,2881,994,7,6
connectivity,1000,-1.0,181,3025,998,3,2
connectivity,1000,-1.0,182,2855,997,4,3
connectivity,1000,-1.0,183,2965,998,3,2
connectivity,1000,-1.0,184,2930,998,3,2
connectivity,1000,-1.0,185,2984,998,3,2
connectivity,1000,-1.0,186,2987,998,3,2
connectivity,1000,-1.0,187,2875,993,8,7
connectivity,1000,-1.0,188,2978,997,4,3
connectivity,1000,-1.0,189,2955,991,10,9
connectivity,1000,-1.0,190,2929,996,5,4
connectivity,1000,-1.0,191,2909,995,6,5
connectivity,1000,-1.0,192,2882,997,4,3
connectivity,1000,-1.0,193,2906,998,3,2
connectivity,1000,-1.0,194,2979,997,4,3
connectivity,1000,-1.0,195,2935,997,4,3
connectivity,1000,-1.0,196,2925,996,5,4
connectivity,1000,-1.0,197,2993,999,2,1
connectivity,1000,-1.0,198,3016,1000,1,0
connectivity,1000,-1.0,199,2887,995,6,5
connectivity,1000,-1.0,200,2990,999,2,1
connectivity,1000,-1.0,201,2976,999,2,1
connectivity,1000,-1.0,202,2908,995,6,5
connectivity,1000,-1.0,203,2921,999,2,1
connectivity,1000,-1.0,204,2987,1000,1,0
connectivity,1000,-1.0,205,2947,998,3,2
connectivity,1000,-1.0,206,2936,998,3,2
connectivity,1000,-1.0,207,2958,997,4,3
connectivity,1000,-1.0,208,2936,997,4,3
connectivity,1000,-1.0,209,2958,999,2,1
connectivity,1000,-1.0,210,2921,998,3,2
connectivity,1000,-1.0,211,2793,998,3,2
connectivity,1000,-1.0,212,2872,992,9,8
connectivity,1000,-1.0,213,3017,998,3,2
connectivity,1000,-1.0,214,2935,997,4,3
connectivity,1000,-1.0,215,2966,997,4,3
connectivity,1000,-1.0,216,2948,995,6,5
connectivity,1000,-1.0,217,2950,998,3,2
connectivity,1000,-1.0,218,2974,996,5,4
connectivity,1000,-1.0,219,3060,998,3,2
connectivity,1000,-1.0,220,2922,1000,1,0
connectivity,1000,-1.0,221,2920,997,4,3
connectivity,1000,-1.0,222,2934,999,2,1
connectivity,1000,-1.0,223,2893,994,7,6
connectivity,1000,-1.0,224,2901,999,2,1
connectivity,1000,-1.0,225,2891,999,2,1
connectivity,1000,-1.0,226,2958,996,5,4
connectivity,1000,-1.0,227,3012,996,4,2
connectivity,1000,-1.0,228,2980,997,4,3
connectivity,1000,-1.0,229,2920,998,3,2
connectivity,1000,-1.0,230,3056,998,3,2
connectivity,1000,-1.0,231,2992,996,5,4
connectivity,1000,-1.0,232,2980,996,4,2
connectivity,1000,-1.0,233,2965,997,4,3
connectivity,1000,-1.0,234,2907,998,3,2
connectivity,1000,-1.0,235,2922,996,5,4
connectivity,1000,-1.0,236,2879,995,6,5
connectivity,1000,-1.0,237,2881,997,4,3
connectivity,1000,-1.0,238,2995,997,4,3
connectivity,1000,-1.0,239,2814,998,3,2
connectivity,1000,-1.0,240,2967,995,6,5
connectivity,1000,-1.0,241,2914,998,3,2
connectivity,1000,-1.0,242,2961,999,2,1
connectivity,1000,-1.0,243,2985,997,3,1
connectivity,1000,-1.0,244,2950,997,4,3
connectivity,1000,-1.0,245,2989,998,3,2
connectivity,1000,-1.0,246,2975,997,4,3
connectivity,1000,-1.0,247,2888,996,5,4
connectivity,1000,-1.0,248,3024,996,5,4
connectivity,1000,-1.0,249,2979,998,3,2
connectivity,1000,-1.0,250,2991,999,2,1
connectivity,1000,-1.0,251,2984,998,3,2
connectivity,1000,-1.0,252,2865,997,4,3
connectivity,1000,-1.0,253,2934,999,2,1
connectivity,1000,-1.0,254,2972,997,4,3
connectivity,1000,-1.0,255,2884,997,4,3
connectivity,1000,-1.0,256,2896,999,2,1
connectivity,1000,-1.0,257,2980,1000,1,0
connectivity,1000,-1.0,258,2976,996,5,4
connectivity,1000,-1.0,259,2932,997,4,3
connectivity,1000,-1.0,260,2894,992,8,6
connectivity,1000,-1.0,261,2982,996,4,2
connectivity,1000,-1.0,262,2924,997,4,3
connectivity,1000,-1.0,263,3011,999,2,1
connectivity,1000,-1.0,264,3036,998,3,2
connectivity,1000,-1.0,265,3017,998,3,2
connectivity,1000,-1.0,266,2889,996,5,4
connectivity,1000,-1.0,267,2962,999,2,1
connectivity,1000,-1.0,268,2955,997,4,3
connectivity,1000,-1.0,269,2903,998,3,2
connectivity,1000,-1.0,270,2953,997,4,3
connectivity,1000,-1.0,271,2967,997,4,3
connectivity,1000,-1.0,272,3062,1000,1,0
connectivity,1000,-1.0,273,2935,998,3,2
connectivity,1000,-1.0,274,2897,998,3,2
connectivity,1000,-1.0,275,2968,996,5,4
connectivity,1000,-1.0,276,2980,999,2,1
connectivity,1000,-1.0,277,2938,1000,1,0
connectivity,1000,-1.0,278,3010,1000,1,0
connectivity,1000,-1.0,279,2878,996,5,4
connectivity,1000,-1.0,280,2959,997,4,3
connectivity,1000,-1.0,281,2932,995,6,5
connectivity,1000,-1.0,282,2857,997,4,3
connectivity,1000,-1.0,283,2973,999,2,1
connectivity,1000,-1.0,284,2912,999,2,1
connectivity,1000,-1.0,285,2882,995,6,5
connectivity,1000,-1.0,286,2991,994,7,6
connectivity,1000,-1.0,287,2936,995,6,5
connectivity,1000,-1.0,288,3046,996,5,4
connectivity,1000,-1.0,289,2996,998,3,2
connectivity,1000,-1.0,290,2889,997,4,3
connectivity,1000,-1.0,291,2941,995,6,5
connectivity,1000,-1.0,292,2944,996,5,4
connectivity,1000,-1.0,293,2923,996,5,4
connectivity,1000,-1.0,294,2947,998,3,2
connectivity,1000,-1.0,295,3062,999,2,1
connectivity,1000,-1.0,296,2971,999,2,1
connectivity,1000,-1.0,297,2982,998,3,2
connectivity,1000,-1.0,298,3003,998,3,2
connectivity,1000,-1.0,299,2886,994,7,6
connectivity,1000,-1.0,300,3045,998,3,2
connectivity,1000,-1.0,301,2911,999,2,1
connectivity,1000,-1.0,302,2969,998,3,2
connectivity,1000,-1.0,303,3040,998,3,2
connectivity,1000,-1.0,304,2961,998,3,2
connectivity,1000,-1.0,305,3052,996,5,4
connectivity,1000,-1.0,306,3001,997,4,3
connectivity,1000,-1.0,307,2984,999,2,1
connectivity,1000,-1.0,308,3000,995,6,5
connectivity,1000,-1.0,309,2987,998,3,2
connectivity,1000,-1.0,310,2971,998,3,2
connectivity,1000,-1.0,311,2966,996,5,4
connectivity,1000,-1.0,312,2962,994,7,6
connectivity,1000,-1.0,313,2973,998,3,2
connectivity,1000,-1.0,314,2984,998,3,2
connectivity,1000,-1.0,315,3038,997,4,3
connectivity,1000,-1.0,316,2962,997,4,3
connectivity,1000,-1.0,317,2961,996,5,4
connectivity,1000,-1.0,318,2927,993,8,7
connectivity,1000,-1.0,319,2995,997,4,3
connectivity,1000,-1.0,320,2881,999,2,1
connectivity,1000,-1.0,321,3010,998,3,2
connectivity,1000,-1.0,322,2893,996,5,4
connectivity,1000,-1.0,323,3022,998,3,2
connectivity,1000,-1.0,324,3022,995,6,5
connectivity,1000,-1.0,325,2950,998,3,2
connectivity,1000,-1.0,326,2981,996,5,4
connectivity,1000,-1.0,327,2972,998,3,2
connectivity,1000,-1.0,328,2988,994,7,6
connectivity,1000,-1.0,329,2963,997,4,3
connectivity,1000,-1.0,330,3007,996,5,4
connectivity,1000,-1.0,331,2996,997,4,3
connectivity,1000,-1.0,332,2963,994,7,6
connectivity,1000,-1.0,333,2998,997,4,3
connectivity,1000,-1.0,334,2975,996,5,4
connectivity,1000,-1.0,335,2968,997,4,3
connectivity,1000,-1.0,336,2907,1000,1,0
connectivity,1000,-1.0,337,2945,995,6,5
connectivity,1000,-1.0,338,2940,997,4,3
connectivity,1000,-1.0,339,2969,999,2,1
connectivity,1000,-1.0,340,2896,999,2,1
connectivity,1000,-1.0,341,2994,997,4,3
connectivity,1000,-1.0,342,2909,997,4,3
connectivity,1000,-1.0,343,3073,999,2,1
connectivity,1000,-1.0,344,2930,999,2,1
connectivity,1000,-1.0,345,3047,996,5,4
connectivity,1000,-1.0,346,2939,995,6,5
connectivity,1000,-1.0,347,2924,996,5,4
connectivity,1000,-1.0,348,3038,999,2,1
connectivity,1000,-1.0,349,2933,995,6,5
connectivity,1000,-1.0,350,2900,999,2,1
connectivity,1000,-1.0,351,2951,996,5,4
connectivity,1000,-1.0,352,2934,996,5,4
connectivity,1000,-1.0,353,2998,996,5,4
connectivity,1000,-1.0,354,2945,997,4,3
connectivity,1000,-1.0,355,2883,998,3,2
connectivity,1000,-1.0,356,2824,1000,1,0
connectivity,1000,-1.0,357,2890,997,4,3
connectivity,1000,-1.0,358,2889,999,2,1
connectivity,1000,-1.0,359,3001,999,2,1
connectivity,1000,-1.0,360,2943,998,3,2
connectivity,1000,-1.0,361,2845,997,4,3
connectivity,1000,-1.0,362,2987,997,4,3
connectivity,1000,-1.0,363,2924,998,3,2
connectivity,1000,-1.0,364,2856,996,5,4
connectivity,1000,-1.0,365,2903,999,2,1
connectivity,1000,-1.0,366,2899,999,2,1
connectivity,1000,-1.0,367,2883,998,3,2
connectivity,1000,-1.0,368,2931,998,3,2
connectivity,1000,-1.0,369,2888,996,5,4
connectivity,1000,-1.0,370,3033,994,7,6
connectivity,1000,-1.0,371,3023,998,3,2
connectivity,1000,-1.0,372,2956,997,4,3
connectivity,1000,-1.0,373,3010,997,4,3
connectivity,1000,-1.0,374,2908,995,6,5
connectivity,1000,-1.0,375,2998,999,2,1
connectivity,1000,-1.0,376,2982,997,4,3
connectivity,1000,-1.0,377,2920,994,6,4
connectivity,1000,-1.0,378,3062,998,3,2
connectivity,1000,-1.0,379,3157,998,3,2
connectivity,1000,-1.0,380,2882,998,3,2
connectivity,1000,-1.0,381,2864,999,2,1
connectivity,1000,-1.0,382,2968,999,2,1
connectivity,1000,-1.0,383,3015,997,4,3
connectivity,1000,-1.0,384,2969,1000,1,0
connectivity,1000,-1.0,385,2897,997,4,3
connectivity,1000,-1.0,386,3023,994,7,6
connectivity,1000,-1.0,387,2931,997,4,3
connectivity,1000,-1.0,388,2935,996,5,4
connectivity,1000,-1.0,389,2940,998,3,2
connectivity,1000,-1.0,390,3004,994,7,6
connectivity,1000,-1.0,391,2975,997,4,3
connectivity,1000,-1.0,392,2928,996,5,4
connectivity,1000,-1.0,393,3007,998,3,2
connectivity,1000,-1.0,394,2914,997,4,3
connectivity,1000,-1.0,395,2998,996,5,4
connectivity,1000,-1.0,396,2848,994,7,6
connectivity,1000,-1.0,397,3024,999,2,1
connectivity,1000,-1.0,398,2923,994,7,6
connectivity,1000,-1.0,399,3069,998,3,2
connectivity,1000,0.0,0,3459,1000,1,0
connectivity,1000,0.0,1,3468,1000,1,0
connectivity,1000,0.0,2,3527,1000,1,0
connectivity,1000,0.0,3,3459,999,2,1
connectivity,1000,0.0,4,3479,999,2,1
connectivity,1000,0.0,5,3409,1000,1,0
connectivity,1000,0.0,6,3517,999,2,1
connectivity,1000,0.0,7,3512,1000,1,0
connectivity,1000,0.0,8,3423,1000,1,0
connectivity,1000,0.0,9,3433,999,2,1
connectivity,1000,0.0,10,3276,999,2,1
connectivity,1000,0.0,11,3406,999,2,1
connectivity,1000,0.0,12,3541,1000,1,0
connectivity,1000,0.0,13,3400,1000,1,0
connectivity,1000,0.0,14,3393,997,4,3
connectivity,1000,0.0,15,3479,999,2,1
connectivity,1000,0.0,16,3488,999,2,1
connectivity,1000,0.0,17,3444,999,2,1
connectivity,1000,0.0,18,3510,999,2,1
connectivity,1000,0.0,19,3481,999,2,1
connectivity,1000,0.0,20,3426,997,4,3
connectivity,1000,0.0,21,3455,1000,1,0
connectivity,1000,0.0,22,3460,999,2,1
connectivity,1000,0.0,23,3572,1000,1,0
connectivity,1000,0.0,24,3395,999,2,1
connectivity,1000,0.0,25,3540,1000,1,0
connectivity,1000,0.0,26,3476,999,2,1
connectivity,1000,0.0,27,3363,1000,1,0
connectivity,1000,0.0,28,3448,1000,1,0
connectivity,1000,0.0,29,3367,998,3,2
connectivity,1000,0.0,30,3438,997,4,3
connectivity,1000,0.0,31,3413,1000,1,0
connectivity,1000,0.0,32,3387,999,2,1
connectivity,1000,0.0,33,3544,999,2,1
connectivity,1000,0.0,34,3449,999,2,1
connectivity,1000,0.0,35,3402,999,2,1
connectivity,1000,0.0,36,3487,1000,1,0
connectivity,1000,0.0,37,3431,1000,1,0
connectivity,1000,0.0,38,3463,1000,1,0
connectivity,1000,0.0,39,3447,999,2,1
connectivity,1000,0.0,40,3355,998,3,2
connectivity,1000,0.0,41,3449,1000,1,0
connectivity,1000,0.0,42,3441,1000,1,0
connectivity,1000,0.0,43,3442,998,3,2
connectivity,1000,0.0,44,3497,999,2,1
connectivity,1000,0.0,45,3424,1000,1,0
connectivity,1000,0.0,46,3475,998,3,2
connectivity,1000,0.0,47,3534,999,2,1
connectivity,1000,0.0,48,3478,998,3,2
connectivity,1000,0.0,49,3438,1000,1,0
connectivity,1000,0.0,50,3396,998,3,2
connectivity,1000,0.0,51,3424,1000,1,0
connectivity,1000,0.0,52,3465,1000,1,0
connectivity,1000,0.0,53,3491,1000,1,0
connectivity,1000,0.0,54,3453,1000,1,0
connectivity,1000,0.0,55,3446,999,2,1
connectivity,1000,0.0,56,3523,999,2,1
connectivity,1000,0.0,57,3510,998,3,2
connectivity,1000,0.0,58,3494,999,2,1
connectivity,1000,0.0,59,3444,1000,1,0
connectivity,1000,0.0,60,3483,999,2,1
connectivity,1000,0.0,61,3519,1000,1,0
connectivity,1000,0.0,62,3385,999,2,1
connectivity,1000,0.0,63,3453,999,2,1
connectivity,1000,0.0,64,3474,1000,1,0
connectivity,1000,0.0,65,3505,998,3,2
connectivity,1000,0.0,66,3412,998,3,2
connectivity,1000,0.0,67,3451,998,3,2
connectivity,1000,0.0,68,3427,999,2,1
connectivity,1000,0.0,69,3511,1000,1,0
connectivity,1000,0.0,70,3460,1000,1,0
connectivity,1000,0.0,71,3471,1000,1,0
connectivity,1000,0.0,72,3413,1000,1,0
connectivity,1000,0.0,73,3530,1000,1,0
connectivity,1000,0.0,74,3409,999,2,1
connectivity,1000,0.0,75,3514,1000,1,0
connectivity,1000,0.0,76,3437,1000,1,0
connectivity,1000,0.0,77,3422,1000,1,0
connectivity,1000,0.0,78,3453,998,3,2
connectivity,1000,0.0,79,3327,998,3,2
connectivity,1000,0.0,80,3394,998,3,2
connectivity,1000,0.0,81,3483,1000,1,0
connectivity,1000,0.0,82,3438,999,2,1
connectivity,1000,0.0,83,3461,1000,1,0
connectivity,1000,0.0,84,3462,998,3,2
connectivity,1000,0.0,85,3479,999,2,1
connectivity,1000,0.0,86,3378,1000,1,0
connectivity,1000,0.0,87,3410,1000,1,0
connectivity,1000,0.0,88,3453,999,2,1
connectivity,1000,0.0,89,3397,998,3,2
connectivity,1000,0.0,90,3484,999,2,1
connectivity,1000,0.0,91,3366,998,3,2
connectivity,1000,0.0,92,3433,998,3,2
connectivity,1000,0.0,93,3328,999,2,1
connectivity,1000,0.0,94,3463,999,2,1
connectivity,1000,0.0,95,3549,1000,1,0
connectivity,1000,0.0,96,3415,999,2,1
connectivity,1000,0.0,97,3520,999,2,1
connectivity,1000,0.0,98,3573,998,3,2
connectivity,1000,0.0,99,3438,999,2,1
connectivity,1000,0.0,100,3502,1000,1,0
connectivity,1000,0.0,101,3377,998,3,2
connectivity,1000,0.0,102,3523,999,2,1
connectivity,1000,0.0,103,3476,1000,1,0
connectivity,1000,0.0,104,3517,999,2,1
connectivity,1000,0.0,105,3493,1000,1,0
connectivity,1000,0.0,106,3431,1000,1,0
connectivity,1000,0.0,107,3365,999,2,1
connectivity,1000,0.0,108,3494,1000,1,0
connectivity,1000,0.0,109,3502,998,3,2
connectivity,1000,0.0,110,3434,999,2,1
connectivity,1000,0.0,111,3489,999,2,1
connectivity,1000,0.0,112,3484,999,2,1
connectivity,1000,0.0,113,3476,997,4,3
connectivity,1000,0.0,114,3426,999,2,1
connectivity,1000,0.0,115,3368,1000,1,0
connectivity,1000,0.0,116,3441,999,2,1
connectivity,1000,0.0,117,3453,1000,1,0
connectivity,1000,0.0,118,3386,1000,1,0
connectivity,1000,0.0,119,3468,1000,1,0
connectivity,1000,0.0,120,3403,999,2,1
connectivity,1000,0.0,121,3501,998,3,2
connectivity,1000,0.0,122,3509,1000,1,0
connectivity,1000,0.0,123,3558,996,5,4
connectivity,1000,0.0,124,3549,998,3,2
connectivity,1000,0.0,125,3446,999,2,1
connectivity,1000,0.0,126,3414,999,2,1
connectivity,1000,0.0,127,3470,998,3,2
connectivity,1000,0.0,128,3456,999,2,1
connectivity,1000,0.0,129,3412,998,3,2
connectivity,1000,0.0,130,3424,1000,1,0
connectivity,1000,0.0,131,3482,999,2,1
connectivity,1000,0.0,132,3480,999,2,1
connectivity,1000,0.0,133,3425,1000,1,0
connectivity,1000,0.0,134,3465,999,2,1
connectivity,1000,0.0,135,3420,999,2,1
connectivity,1000,0.0,136,3475,998,3,2
connectivity,1000,0.0,137,3300,998,3,2
connectivity,1000,0.0,138,3481,1000,1,0
connectivity,1000,0.0,139,3513,999,2,1
connectivity,1000,0.0,140,3367,999,2,1
connectivity,1000,0.0,141,3531,1000,1,0
connectivity,1000,0.0,142,3485,1000,1,0
connectivity,1000,0.0,143,3456,997,4,3
connectivity,1000,0.0,144,3406,999,2,1
connectivity,1000,0.0,145,3462,999,2,1
connectivity,1000,0.0,146,3463,997,4,3
connectivity,1000,0.0,147,3359,999,2,1
connectivity,1000,0.0,148,3455,999,2,1
connectivity,1000,0.0,149,3401,1000,1,0
connectivity,1000,0.0,150,3349,999,2,1
connectivity,1000,0.0,151,3473,998,3,2
connectivity,1000,0.0,152,3456,1000,1,0
connectivity,1000,0.0,153,3394,1000,1,0
connectivity,1000,0.0,154,3571,1000,1,0
connectivity,1000,0.0,155,3438,995,6,5
connectivity,1000,0.0,156,3454,1000,1,0
connectivity,1000,0.0,157,3415,998,3,2
connectivity,1000,0.0,158,3317,1000,1,0
connectivity,1000,0.0,159,3509,999,2,1
connectivity,1000,0.0,160,3417,999,2,1
connectivity,1000,0.0,161,3471,999,2,1
connectivity,1000,0.0,162,3472,999,2,1
connectivity,1000,0.0,163,3433,998,3,2
connectivity,1000,0.0,164,3476,999,2,1
connectivity,1000,0.0,165,3433,999,2,1
connectivity,1000,0.0,166,3441,997,4,3
connectivity,1000,0.0,167,3533,999,2,1
connectivity,1000,0.0,168,3485,996,5,4
connectivity,1000,0.0,169,3465,1000,1,0
connectivity,1000,0.0,170,3494,998,3,2
connectivity,1000,0.0,171,3482,999,2,1
connectivity,1000,0.0,172,3537,999,2,1
connectivity,1000,0.0,173,3384,1000,1,0
connectivity,1000,0.0,174,3464,1000,1,0
connectivity,1000,0.0,175,3477,999,2,1
connectivity,1000,0.0,176,3511,1000,1,0
connectivity,1000,0.0,177,3386,999,2,1
connectivity,1000,0.0,178,3445,997,4,3
connectivity,1000,0.0,179,3385,999,2,1
connectivity,1000,0.0,180,3409,999,2,1
connectivity,1000,0.0,181,3435,999,2,1
connectivity,1000,0.0,182,3456,1000,1,0
connectivity,1000,0.0,183,3383,999,2,1
connectivity,1000,0.0,184,3445,999,2,1
connectivity,1000,0.0,185,3447,1000,1,0
connectivity,1000,0.0,186,3426,999,2,1
connectivity,1000,0.0,187,3478,1000,1,0
connectivity,1000,0.0,188,3542,1000,1,0
connectivity,1000,0.0,189,3426,997,4,3
connectivity,1000,0.0,190,3518,1000,1,0
connectivity,1000,0.0,191,3442,1000,1,0
connectivity,1000,0.0,192,3442,997,4,3
connectivity,1000,0.0,193,3518,999,2,1
connectivity,1000,0.0,194,3500,998,3,2
connectivity,1000,0.0,195,3403,1000,1,0
connectivity,1000,0.0,196,3486,999,2,1
connectivity,1000,0.0,197,3405,1000,1,0
connectivity,1000,0.0,198,3388,1000,1,0
connectivity,1000,0.0,199,3508,1000,1,0
connectivity,1000,0.0,200,3467,999,2,1
connectivity,1000,0.0,201,3563,1000,1,0
connectivity,1000,0.0,202,3529,1000,1,0
connectivity,1000,0.0,203,3476,997,4,3
connectivity,1000,0.0,204,3507,1000,1,0
connectivity,1000,0.0,205,3441,1000,1,0
connectivity,1000,0.0,206,3470,998,3,2
connectivity,1000,0.0,207,3421,999,2,1
connectivity,1000,0.0,208,3445,1000,1,0
connectivity,1000,0.0,209,3495,999,2,1
connectivity,1000,0.0,210,3512,997,4,3
connectivity,1000,0.0,211,3384,998,3,2
connectivity,1000,0.0,212,3435,999,2,1
connectivity,1000,0.0,213,3452,999,2,1
connectivity,1000,0.0,214,3407,1000,1,0
connectivity,1000,0.0,215,3416,998,3,2
connectivity,1000,0.0,216,3421,999,2,1
connectivity,1000,0.0,217,3404,999,2,1
connectivity,1000,0.0,218,3426,999,2,1
connectivity,1000,0.0,219,3428,997,4,3
connectivity,1000,0.0,220,3414,999,2,1
connectivity,1000,0.0,221,3449,1000,1,0
connectivity,1000,0.0,222,3489,999,2,1
connectivity,1000,0.0,223,3523,999,2,1
connectivity,1000,0.0,224,3551,1000,1,0
connectivity,1000,0.0,225,3600,999,2,1
connectivity,1000,0.0,226,3432,998,3,2
connectivity,1000,0.0,227,3535,997,4,3
connectivity,1000,0.0,228,3435,999,2,1
connectivity,1000,0.0,229,3519,1000,1,0
connectivity,1000,0.0,230,3454,997,4,3
connectivity,1000,0.0,231,3401,999,2,1
connectivity,1000,0.0,232,3484,1000,1,0
connectivity,1000,0.0,233,3375,1000,1,0
connectivity,1000,0.0,234,3422,998,3,2
connectivity,1000,0.0,235,3456,997,4,3
connectivity,1000,0.0,236,3418,1000,1,0
connectivity,1000,0.0,237,3380,1000,1,0
connectivity,1000,0.0,238,3495,998,3,2
connectivity,1000,0.0,239,3545,998,3,2
connectivity,1000,0.0,240,3368,1000,1,0
connectivity,1000,0.0,241,3474,996,5,4
connectivity,1000,0.0,242,3473,1000,1,0
connectivity,1000,0.0,243,3377,1000,1,0
connectivity,1000,0.0,244,3420,1000,1,0
connectivity,1000,0.0,245,3461,997,4,3
connectivity,1000,0.0,246,3529,1000,1,0
connectivity,1000,0.0,247,3476,999,2,1
connectivity,1000,0.0,248,3522,1000,1,0
connectivity,1000,0.0,249,3519,1000,1,0
connectivity,1000,0.0,250,3519,1000,1,0
connectivity,1000,0.0,251,3435,999,2,1
connectivity,1000,0.0,252,3499,1000,1,0
connectivity,1000,0.0,253,3454,998,3,2
connectivity,1000,0.0,254,3511,999,2,1
connectivity,1000,0.0,255,3337,998,3,2
connectivity,1000,0.0,256,3442,999,2,1
connectivity,1000,0.0,257,3439,999,2,1
connectivity,1000,0.0,258,3441,1000,1,0
connectivity,1000,0.0,259,3423,998,3,2
connectivity,1000,0.0,260,3407,999,2,1
connectivity,1000,0.0,261,3480,999,2,1
connectivity,1000,0.0,262,3286,997,4,3
connectivity,1000,0.0,263,3372,998,3,2
connectivity,1000,0.0,264,3470,1000,1,0
connectivity,1000,0.0,265,3488,998,3,2
connectivity,1000,0.0,266,3448,999,2,1
connectivity,1000,0.0,267,3498,997,4,3
connectivity,1000,0.0,268,3491,1000,1,0
connectivity,1000,0.0,269,3419,1000,1,0
connectivity,1000,0.0,270,3431,999,2,1
connectivity,1000,0.0,271,3500,1000,1,0
connectivity,1000,0.0,272,3494,999,2,1
connectivity,1000,0.0,273,3494,999,2,1
connectivity,1000,0.0,274,3540,999,2,1
connectivity,1000,0.0,275,3538,1000,1,0
connectivity,1000,0.0,276,3420,998,3,2
connectivity,1000,0.0,277,3393,999,2,1
connectivity,1000,0.0,278,3332,999,2,1
connectivity,1000,0.0,279,3446,999,2,1
connectivity,1000,0.0,280,3600,1000,1,0
connectivity,1000,0.0,281,3404,999,2,1
connectivity,1000,0.0,282,3554,1000,1,0
connectivity,1000,0.0,283,3511,999,2,1
connectivity,1000,0.0,284,3494,999,2,1
connectivity,1000,0.0,285,3401,999,2,1
connectivity,1000,0.0,286,3447,996,5,4
connectivity,1000,0.0,287,3429,999,2,1
connectivity,1000,0.0,288,3530,998,3,2
connectivity,1000,0.0,289,3397,997,4,3
connectivity,1000,0.0,290,3407,998,3,2
connectivity,1000,0.0,291,3416,998,3,2
connectivity,1000,0.0,292,3510,1000,1,0
connectivity,1000,0.0,293,3316,997,4,3
connectivity,1000,0.0,294,3417,999,2,1
connectivity,1000,0.0,295,3380,998,3,2
connectivity,1000,0.0,296,3448,999,2,1
connectivity,1000,0.0,297,3493,1000,1,0
connectivity,1000,0.0,298,3458,1000,1,0
connectivity,1000,0.0,299,3577,1000,1,0
connectivity,1000,0.0,300,3455,998,3,2
connectivity,1000,0.0,301,3517,1000,1,0
connectivity,1000,0.0,302,3482,999,2,1
connectivity,1000,0.0,303,3488,998,3,2
connectivity,1000,0.0,304,3349,999,2,1
connectivity,1000,0.0,305,3421,1000,1,0
connectivity,1000,0.0,306,3462,1000,1,0
connectivity,1000,0.0,307,3409,1000,1,0
connectivity,1000,0.0,308,3391,1000,1,0
connectivity,1000,0.0,309,3498,1000,1,0
connectivity,1000,0.0,310,3521,1000,1,0
connectivity,1000,0.0,311,3508,997,4,3
connectivity,1000,0.0,312,3461,998,3,2
connectivity,1000,0.0,313,3516,997,4,3
connectivity,1000,0.0,314,3408,999,2,1
connectivity,1000,0.0,315,3574,998,3,2
connectivity,1000,0.0,316,3381,1000,1,0
connectivity,1000,0.0,317,3482,1000,1,0
connectivity,1000,0.0,318,3513,999,2,1
connectivity,1000,0.0,319,3526,1000,1,0
connectivity,1000,0.0,320,3498,1000,1,0
connectivity,1000,0.0,321,3444,1000,1,0
connectivity,1000,0.0,322,3514,997,4,3
connectivity,1000,0.0,323,3490,1000,1,0
connectivity,1000,0.0,324,3502,1000,1,0
connectivity,1000,0.0,325,3443,997,4,3
connectivity,1000,0.0,326,3432,1000,1,0
connectivity,1000,0.0,327,3506,999,2,1
connectivity,1000,0.0,328,3378,996,5,4
connectivity,1000,0.0,329,3440,1000,1,0
connectivity,1000,0.0,330,3445,1000,1,0
connectivity,1000,0.0,331,3564,999,2,1
connectivity,1000,0.0,332,3511,1000,1,0
connectivity,1000,0.0,333,3454,998,3,2
connectivity,1000,0.0,334,3455,996,5,4
connectivity,1000,0.0,335,3325,999,2,1
connectivity,1000,0.0,336,3589,1000,1,0
connectivity,1000,0.0,337,3411,1000,1,0
connectivity,1000,0.0,338,3464,1000,1,0
connectivity,1000,0.0,339,3462,1000,1,0
connectivity,1000,0.0,340,3550,997,4,3
connectivity,1000,0.0,341,3385,998,3,2
connectivity,1000,0.0,342,3395,1000,1,0
connectivity,1000,0.0,343,3363,998,3,2
connectivity,1000,0.0,344,3373,995,6,5
connectivity,1000,0.0,345,3425,998,3,2
connectivity,1000,0.0,346,3323,1000,1,0
connectivity,1000,0.0,347,3453,999,2,1
connectivity,1000,0.0,348,3383,998,3,2
connectivity,1000,0.0,349,3489,1000,1,0
connectivity,1000,0.0,350,3483,1000,1,0
connectivity,1000,0.0,351,3391,998,3,2
connectivity,1000,0.0,352,3438,998,3,2
connectivity,1000,0.0,353,3401,999,2,1
connectivity,1000,0.0,354,3556,1000,1,0
connectivity,1000,0.0,355,3417,1000,1,0
connectivity,1000,0.0,356,3456,999,2,1
connectivity,1000,0.0,357,3429,997,4,3
connectivity,1000,0.0,358,3443,997,4,3
connectivity,1000,0.0,359,3485,1000,1,0
connectivity,1000,0.0,360,3475,1000,1,0
connectivity,1000,0.0,361,3438,1000,1,0
connectivity,1000,0.0,362,3333,1000,1,0
connectivity,1000,0.0,363,3462,999,2,1
connectivity,1000,0.0,364,3392,1000,1,0
connectivity,1000,0.0,365,3414,999,2,1
connectivity,1000,0.0,366,3455,999,2,1
connectivity,1000,0.0,367,3432,1000,1,0
connectivity,1000,0.0,368,3389,999,2,1
connectivity,1000,0.0,369,3464,1000,1,0
connectivity,1000,0.0,370,3517,1000,1,0
connectivity,1000,0.0,371,3515,1000,1,0
connectivity,1000,0.0,372,3424,999,2,1
connectivity,1000,0.0,373,3422,997,4,3
connectivity,1000,0.0,374,3384,999,2,1
connectivity,1000,0.0,375,3535,1000,1,0
connectivity,1000,0.0,376,3411,999,2,1
connectivity,1000,0.0,377,3496,999,2,1
connectivity,1000,0.0,378,3420,999,2,1
connectivity,1000,0.0,379,3447,998,3,2
connectivity,1000,0.0,380,3445,999,2,1
connectivity,1000,0.0,381,3371,1000,1,0
connectivity,1000,0.0,382,3510,1000,1,0
connectivity,1000,0.0,383,3503,999,2,1
connectivity,1000,0.0,384,3361,999,2,1
connectivity,1000,0.0,385,3428,999,2,1
connectivity,1000,0.0,386,3508,999,2,1
connectivity,1000,0.0,387,3450,999,2,1
connectivity,1000,0.0,388,3567,1000,1,0
connectivity,1000,0.0,389,3418,999,2,1
connectivity,1000,0.0,390,3304,999,2,1
connectivity,1000,0.0,391,3400,999,2,1
connectivity,1000,0.0,392,3555,1000,1,0
connectivity,1000,0.0,393,3415,998,3,2
connectivity,1000,0.0,394,3387,999,2,1
connectivity,1000,0.0,395,3445,999,2,1
connectivity,1000,0.0,396,3543,1000,1,0
connectivity,1000,0.0,397,3513,1000,1,0
connectivity,1000,0.0,398,3387,1000,1,0
connectivity,1000,0.0,399,3495,999,2,1
connectivity,1000,1.0,0,3969,1000,1,0
connectivity,1000,1.0,1,3866,999,2,1
connectivity,1000,1.0,2,4101,999,2,1
connectivity,1000,1.0,3,3829,1000,1,0
connectivity,1000,1.0,4,4026,1000,1,0
connectivity,1000,1.0,5,3937,1000,1,0
connectivity,1000,1.0,6,3788,1000,1,0
connectivity,1000,1.0,7,3940,1000,1,0
connectivity,1000,1.0,8,4029,1000,1,0
connectivity,1000,1.0,9,3896,1000,1,0
connectivity,1000,1.0,10,3951,999,2,1
connectivity,1000,1.0,11,3943,1000,1,0
connectivity,1000,1.0,12,3923,1000,1,0
connectivity,1000,1.0,13,3912,999,2,1
connectivity,1000,1.0,14,3928,1000,1,0
connectivity,1000,1.0,15,3987,1000,1,0
connectivity,1000,1.0,16,4056,1000,1,0
connectivity,1000,1.0,17,3987,999,2,1
connectivity,1000,1.0,18,3981,999,2,1
connectivity,1000,1.0,19,3934,1000,1,0
connectivity,1000,1.0,20,3791,999,2,1
connectivity,1000,1.0,21,3860,1000,1,0
connectivity,1000,1.0,22,3955,1000,1,0
connectivity,1000,1.0,23,3869,1000,1,0
connectivity,1000,1.0,24,3897,1000,1,0
connectivity,1000,1.0,25,4023,998,3,2
connectivity,1000,1.0,26,3960,1000,1,0
connectivity,1000,1.0,27,3910,1000,1,0
connectivity,1000,1.0,28,3917,1000,1,0
connectivity,1000,1.0,29,3918,1000,1,0
connectivity,1000,1.0,30,3844,1000,1,0
connectivity,1000,1.0,31,3937,999,2,1
connectivity,1000,1.0,32,3940,1000,1,0
connectivity,1000,1.0,33,3900,998,3,2
connectivity,1000,1.0,34,3899,999,2,1
connectivity,1000,1.0,35,3961,1000,1,0
connectivity,1000,1.0,36,3969,1000,1,0
connectivity,1000,1.0,37,3952,999,2,1
connectivity,1000,1.0,38,3914,1000,1,0
connectivity,1000,1.0,39,3891,1000,1,0
connectivity,1000,1.0,40,4007,1000,1,0
connectivity,1000,1.0,41,3986,999,2,1
connectivity,1000,1.0,42,3871,1000,1,0
connectivity,1000,1.0,43,3970,1000,1,0
connectivity,1000,1.0,44,3844,999,2,1
connectivity,1000,1.0,45,3936,999,2,1
connectivity,1000,1.0,46,3995,1000,1,0
connectivity,1000,1.0,47,3972,1000,1,0
connectivity,1000,1.0,48,4040,999,2,1
connectivity,1000,1.0,49,4012,998,3,2
connectivity,1000,1.0,50,3908,1000,1,0
connectivity,1000,1.0,51,3840,1000,1,0
connectivity,1000,1.0,52,4020,1000,1,0
connectivity,1000,1.0,53,3964,1000,1,0
connectivity,1000,1.0,54,3950,1000,1,0
connectivity,1000,1.0,55,3976,999,2,1
connectivity,1000,1.0,56,3953,1000,1,0
connectivity,1000,1.0,57,3901,1000,1,0
connectivity,1000,1.0,58,3932,998,3,2
connectivity,1000,1.0,59,3981,1000,1,0
connectivity,1000,1.0,60,3897,1000,1,0
connectivity,1000,1.0,61,3978,1000,1,0
connectivity,1000,1.0,62,3992,1000,1,0
connectivity,1000,1.0,63,3870,1000,1,0
connectivity,1000,1.0,64,4102,1000,1,0
connectivity,1000,1.0,65,3955,1000,1,0
connectivity,1000,1.0,66,3992,1000,1,0
connectivity,1000,1.0,67,3975,1000,1,0
connectivity,1000,1.0,68,3907,999,2,1
connectivity,1000,1.0,69,4043,1000,1,0
connectivity,1000,1.0,70,3831,1000,1,0
connectivity,1000,1.0,71,3947,1000,1,0
connectivity,1000,1.0,72,3916,1000,1,0
connectivity,1000,1.0,73,4076,999,2,1
connectivity,1000,1.0,74,4102,998,3,2
connectivity,1000,1.0,75,3887,999,2,1
connectivity,1000,1.0,76,3979,998,3,2
connectivity,1000,1.0,77,3941,1000,1,0
connectivity,1000,1.0,78,3988,999,2,1
connectivity,1000,1.0,79,4064,1000,1,0
connectivity,1000,1.0,80,4013,999,2,1
connectivity,1000,1.0,81,3858,1000,1,0
connectivity,1000,1.0,82,3952,1000,1,0
connectivity,1000,1.0,83,3847,1000,1,0
connectivity,1000,1.0,84,3893,1000,1,0
connectivity,1000,1.0,85,4036,1000,1,0
connectivity,1000,1.0,86,3803,999,2,1
connectivity,1000,1.0,87,3957,1000,1,0
connectivity,1000,1.0,88,3968,1000,1,0
connectivity,1000,1.0,89,3886,1000,1,0
connectivity,1000,1.0,90,3973,1000,1,0
connectivity,1000,1.0,91,3932,999,2,1
connectivity,1000,1.0,92,3952,999,2,1
connectivity,1000,1.0,93,3853,999,2,1
connectivity,1000,1.0,94,4003,1000,1,0
connectivity,1000,1.0,95,4032,1000,1,0
connectivity,1000,1.0,96,3993,1000,1,0
connectivity,1000,1.0,97,3909,999,2,1
connectivity,1000,1.0,98,3958,1000,1,0
connectivity,1000,1.0,99,4060,1000,1,0
connectivity,1000,1.0,100,3958,1000,1,0
connectivity,1000,1.0,101,3897,1000,1,0
connectivity,1000,1.0,102,3998,1000,1,0
connectivity,1000,1.0,103,4008,1000,1,0
connectivity,1000,1.0,104,3921,999,2,1
connectivity,1000,1.0,105,3851,1000,1,0
connectivity,1000,1.0,106,3853,999,2,1
connectivity,1000,1.0,107,3979,1000,1,0
connectivity,1000,1.0,108,3844,1000,1,0
connectivity,1000,1.0,109,3978,1000,1,0
connectivity,1000,1.0,110,4017,999,2,1
connectivity,1000,1.0,111,3969,1000,1,0
connectivity,1000,1.0,112,3934,1000,1,0
connectivity,1000,1.0,113,3741,1000,1,0
connectivity,1000,1.0,114,3875,1000,1,0
connectivity,1000,1.0,115,3984,1000,1,0
connectivity,1000,1.0,116,3981,1000,1,0
connectivity,1000,1.0,117,4021,1000,1,0
connectivity,1000,1.0,118,3993,999,2,1
connectivity,1000,1.0,119,3853,1000,1,0
connectivity,1000,1.0,120,3891,1000,1,0
connectivity,1000,1.0,121,3977,998,3,2
connectivity,1000,1.0,122,3954,1000,1,0
connectivity,1000,1.0,123,3894,1000,1,0
connectivity,1000,1.0,124,3986,1000,1,0
connectivity,1000,1.0,125,3932,1000,1,0
connectivity,1000,1.0,126,3967,999,2,1
connectivity,1000,1.0,127,3894,999,2,1
connectivity,1000,1.0,128,3890,997,4,3
connectivity,1000,1.0,129,3867,1000,1,0
connectivity,1000,1.0,130,4036,1000,1,0
connectivity,1000,1.0,131,4024,1000,1,0
connectivity,1000,1.0,132,3998,1000,1,0
connectivity,1000,1.0,133,3938,1000,1,0
connectivity,1000,1.0,134,3956,999,2,1
connectivity,1000,1.0,135,4046,1000,1,0
connectivity,1000,1.0,136,3949,1000,1,0
connectivity,1000,1.0,137,3958,999,2,1
connectivity,1000,1.0,138,3849,1000,1,0
connectivity,1000,1.0,139,3902,999,2,1
connectivity,1000,1.0,140,3774,1000,1,0
connectivity,1000,1.0,141,4013,1000,1,0
connectivity,1000,1.0,142,3989,1000,1,0
connectivity,1000,1.0,143,4074,1000,1,0
connectivity,1000,1.0,144,3803,998,3,2
connectivity,1000,1.0,145,3940,1000,1,0
connectivity,1000,1.0,146,3927,1000,1,0
connectivity,1000,1.0,147,3980,1000,1,0
connectivity,1000,1.0,148,3864,1000,1,0
connectivity,1000,1.0,149,3874,1000,1,0
connectivity,1000,1.0,150,3856,1000,1,0
connectivity,1000,1.0,151,3893,999,2,1
connectivity,1000,1.0,152,3898,1000,1,0
connectivity,1000,1.0,153,3938,1000,1,0
connectivity,1000,1.0,154,3946,1000,1,0
connectivity,1000,1.0,155,3958,999,2,1
connectivity,1000,1.0,156,3927,1000,1,0
connectivity,1000,1.0,157,3956,1000,1,0
connectivity,1000,1.0,158,3928,1000,1,0
connectivity,1000,1.0,159,3894,1000,1,0
connectivity,1000,1.0,160,3918,998,3,2
connectivity,1000,1.0,161,4145,1000,1,0
connectivity,1000,1.0,162,3914,1000,1,0
connectivity,1000,1.0,163,3907,999,2,1
connectivity,1000,1.0,164,3994,1000,1,0
connectivity,1000,1.0,165,3922,1000,1,0
connectivity,1000,1.0,166,3879,1000,1,0
connectivity,1000,1.0,167,3961,1000,1,0
connectivity,1000,1.0,168,3885,998,3,2
connectivity,1000,1.0,169,3967,999,2,1
connectivity,1000,1.0,170,4015,999,2,1
connectivity,1000,1.0,171,3977,1000,1,0
connectivity,1000,1.0,172,3916,999,2,1
connectivity,1000,1.0,173,3901,1000,1,0
connectivity,1000,1.0,174,3995,1000,1,0
connectivity,1000,1.0,175,4014,1000,1,0
connectivity,1000,1.0,176,4000,999,2,1
connectivity,1000,1.0,177,4053,1000,1,0
connectivity,1000,1.0,178,4035,999,2,1
connectivity,1000,1.0,179,3874,1000,1,0
connectivity,1000,1.0,180,3907,1000,1,0
connectivity,1000,1.0,181,3869,999,2,1
connectivity,1000,1.0,182,4023,1000,1,0
connectivity,1000,1.0,183,3965,1000,1,0
connectivity,1000,1.0,184,3908,998,3,2
connectivity,1000,1.0,185,3987,1000,1,0
connectivity,1000,1.0,186,3981,999,2,1
connectivity,1000,1.0,187,4026,1000,1,0
connectivity,1000,1.0,188,3982,1000,1,0
connectivity,1000,1.0,189,3870,1000,1,0
connectivity,1000,1.0,190,3742,1000,1,0
connectivity,1000,1.0,191,3934,998,3,2
connectivity,1000,1.0,192,3854,1000,1,0
connectivity,1000,1.0,193,3939,999,2,1
connectivity,1000,1.0,194,3862,1000,1,0
connectivity,1000,1.0,195,4024,1000,1,0
connectivity,1000,1.0,196,3927,1000,1,0
connectivity,1000,1.0,197,3940,1000,1,0
connectivity,1000,1.0,198,3926,1000,1,0
connectivity,1000,1.0,199,3912,999,2,1
connectivity,1000,1.0,200,3951,1000,1,0
connectivity,1000,1.0,201,4095,1000,1,0
connectivity,1000,1.0,202,3949,999,2,1
connectivity,1000,1.0,203,3827,998,3,2
connectivity,1000,1.0,204,3921,1000,1,0
connectivity,1000,1.0,205,4012,999,2,1
connectivity,1000,1.0,206,3948,1000,1,0
connectivity,1000,1.0,207,3955,1000,1,0
connectivity,1000,1.0,208,3902,999,2,1
connectivity,1000,1.0,209,3818,1000,1,0
connectivity,1000,1.0,210,3943,1000,1,0
connectivity,1000,1.0,211,3980,999,2,1
connectivity,1000,1.0,212,4124,1000,1,0
connectivity,1000,1.0,213,3885,1000,1,0
connectivity,1000,1.0,214,3958,999,2,1
connectivity,1000,1.0,215,3971,1000,1,0
connectivity,1000,1.0,216,3963,1000,1,0
connectivity,1000,1.0,217,3939,1000,1,0
connectivity,1000,1.0,218,3957,1000,1,0
connectivity,1000,1.0,219,3899,999,2,1
connectivity,1000,1.0,220,4067,1000,1,0
connectivity,1000,1.0,221,3975,1000,1,0
connectivity,1000,1.0,222,4014,1000,1,0
connectivity,1000,1.0,223,3973,1000,1,0
connectivity,1000,1.0,224,3936,999,2,1
connectivity,1000,1.0,225,4020,999,2,1
connectivity,1000,1.0,226,3866,1000,1,0
connectivity,1000,1.0,227,4012,1000,1,0
connectivity,1000,1.0,228,3912,1000,1,0
connectivity,1000,1.0,229,3904,999,2,1
connectivity,1000,1.0,230,3980,1000,1,0
connectivity,1000,1.0,231,3899,1000,1,0
connectivity,1000,1.0,232,3944,1000,1,0
connectivity,1000,1.0,233,3958,999,2,1
connectivity,1000,1.0,234,3931,1000,1,0
connectivity,1000,1.0,235,4033,1000,1,0
connectivity,1000,1.0,236,4002,1000,1,0
connectivity,1000,1.0,237,4096,1000,1,0
connectivity,1000,1.0,238,4041,1000,1,0
connectivity,1000,1.0,239,4082,1000,1,0
connectivity,1000,1.0,240,3954,1000,1,0
connectivity,1000,1.0,241,3943,1000,1,0
connectivity,1000,1.0,242,3930,999,2,1
connectivity,1000,1.0,243,3973,999,2,1
connectivity,1000,1.0,244,3925,1000,1,0
connectivity,1000,1.0,245,4003,999,2,1
connectivity,1000,1.0,246,3888,999,2,1
connectivity,1000,1.0,247,3816,1000,1,0
connectivity,1000,1.0,248,3921,999,2,1
connectivity,1000,1.0,249,3997,1000,1,0
connectivity,1000,1.0,250,3996,1000,1,0
connectivity,1000,1.0,251,4007,998,3,2
connectivity,1000,1.0,252,3952,999,2,1
connectivity,1000,1.0,253,3970,1000,1,0
connectivity,1000,1.0,254,4058,1000,1,0
connectivity,1000,1.0,255,4012,998,3,2
connectivity,1000,1.0,256,4010,1000,1,0
connectivity,1000,1.0,257,4015,1000,1,0
connectivity,1000,1.0,258,3921,1000,1,0
connectivity,1000,1.0,259,3971,1000,1,0
connectivity,1000,1.0,260,3894,1000,1,0
connectivity,1000,1.0,261,3814,999,2,1
connectivity,1000,1.0,262,4044,1000,1,0
connectivity,1000,1.0,263,3903,1000,1,0
connectivity,1000,1.0,264,4018,1000,1,0
connectivity,1000,1.0,265,3895,1000,1,0
connectivity,1000,1.0,266,3977,999,2,1
connectivity,1000,1.0,267,3990,1000,1,0
connectivity,1000,1.0,268,3957,999,2,1
connectivity,1000,1.0,269,3863,1000,1,0
connectivity,1000,1.0,270,3929,999,2,1
connectivity,1000,1.0,271,4003,1000,1,0
connectivity,1000,1.0,272,3823,1000,1,0
connectivity,1000,1.0,273,3975,1000,1,0
connectivity,1000,1.0,274,4041,1000,1,0
connectivity,1000,1.0,275,4010,999,2,1
connectivity,1000,1.0,276,4012,1000,1,0
connectivity,1000,1.0,277,4048,1000,1,0
connectivity,1000,1.0,278,3946,1000,1,0
connectivity,1000,1.0,279,3918,1000,1,0
connectivity,1000,1.0,280,4034,1000,1,0
connectivity,1000,1.0,281,4034,1000,1,0
connectivity,1000,1.0,282,3981,1000,1,0
connectivity,1000,1.0,283,4017,998,3,2
connectivity,1000,1.0,284,4008,1000,1,0
connectivity,1000,1.0,285,3892,1000,1,0
connectivity,1000,1.0,286,3823,999,2,1
connectivity,1000,1.0,287,3974,999,2,1
connectivity,1000,1.0,288,3913,998,3,2
connectivity,1000,1.0,289,3836,999,2,1
connectivity,1000,1.0,290,3854,1000,1,0
connectivity,1000,1.0,291,3915,1000,1,0
connectivity,1000,1.0,292,3909,999,2,1
connectivity,1000,1.0,293,4014,1000,1,0
connectivity,1000,1.0,294,4002,1000,1,0
connectivity,1000,1.0,295,3968,999,2,1
connectivity,1000,1.0,296,3973,1000,1,0
connectivity,1000,1.0,297,3977,999,2,1
connectivity,1000,1.0,298,3946,999,2,1
connectivity,1000,1.0,299,4010,1000,1,0
connectivity,1000,1.0,300,3962,1000,1,0
connectivity,1000,1.0,301,4079,1000,1,0
connectivity,1000,1.0,302,3957,1000,1,0
connectivity,1000,1.0,303,3961,999,2,1
connectivity,1000,1.0,304,3914,1000,1,0
connectivity,1000,1.0,305,3914,1000,1,0
connectivity,1000,1.0,306,3892,1000,1,0
connectivity,1000,1.0,307,3903,999,2,1
connectivity,1000,1.0,308,4050,1000,1,0
connectivity,1000,1.0,309,3979,1000,1,0
connectivity,1000,1.0,310,4025,1000,1,0
connectivity,1000,1.0,311,4042,999,2,1
connectivity,1000,1.0,312,3951,1000,1,0
connectivity,1000,1.0,313,4041,1000,1,0
connectivity,1000,1.0,314,3967,999,2,1
connectivity,1000,1.0,315,3914,1000,1,0
connectivity,1000,1.0,316,3920,999,2,1
connectivity,1000,1.0,317,3818,998,3,2
connectivity,1000,1.0,318,3866,999,2,1
connectivity,1000,1.0,319,3918,999,2,1
connectivity,1000,1.0,320,3878,1000,1,0
connectivity,1000,1.0,321,4059,999,2,1
connectivity,1000,1.0,322,3964,1000,1,0
connectivity,1000,1.0,323,4002,999,2,1
connectivity,1000,1.0,324,4006,999,2,1
connectivity,1000,1.0,325,3928,999,2,1
connectivity,1000,1.0,326,4008,999,2,1
connectivity,1000,1.0,327,3950,999,2,1
connectivity,1000,1.0,328,3979,999,2,1
connectivity,1000,1.0,329,3866,1000,1,0
connectivity,1000,1.0,330,3989,999,2,1
connectivity,1000,1.0,331,3893,1000,1,0
connectivity,1000,1.0,332,3903,998,3,2
connectivity,1000,1.0,333,4024,1000,1,0
connectivity,1000,1.0,334,3979,1000,1,0
connectivity,1000,1.0,335,3944,999,2,1
connectivity,1000,1.0,336,3914,1000,1,0
connectivity,1000,1.0,337,3983,1000,1,0
connectivity,1000,1.0,338,3857,1000,1,0
connectivity,1000,1.0,339,3936,999,2,1
connectivity,1000,1.0,340,3961,1000,1,0
connectivity,1000,1.0,341,3899,1000,1,0
connectivity,1000,1.0,342,3923,999,2,1
connectivity,1000,1.0,343,3913,1000,1,0
connectivity,1000,1.0,344,3860,1000,1,0
connectivity,1000,1.0,345,3966,1000,1,0
connectivity,1000,1.0,346,3878,999,2,1
connectivity,1000,1.0,347,3880,1000,1,0
connectivity,1000,1.0,348,3986,1000,1,0
connectivity,1000,1.0,349,4016,1000,1,0
connectivity,1000,1.0,350,4102,1000,1,0
connectivity,1000,1.0,351,3928,1000,1,0
connectivity,1000,1.0,352,4002,1000,1,0
connectivity,1000,1.0,353,3867,1000,1,0
connectivity,1000,1.0,354,3954,1000,1,0
connectivity,1000,1.0,355,3820,999,2,1
connectivity,1000,1.0,356,3965,997,4,3
connectivity,1000,1.0,357,3927,999,2,1
connectivity,1000,1.0,358,3862,1000,1,0
connectivity,1000,1.0,359,3869,1000,1,0
connectivity,1000,1.0,360,3912,1000,1,0
connectivity,1000,1.0,361,3927,1000,1,0
connectivity,1000,1.0,362,3911,998,3,2
connectivity,1000,1.0,363,3996,1000,1,0
connectivity,1000,1.0,364,3926,999,2,1
connectivity,1000,1.0,365,3812,1000,1,0
connectivity,1000,1.0,366,3813,1000,1,0
connectivity,1000,1.0,367,3947,1000,1,0
connectivity,1000,1.0,368,4037,1000,1,0
connectivity,1000,1.0,369,3921,1000,1,0
connectivity,1000,1.0,370,3910,1000,1,0
connectivity,1000,1.0,371,3912,1000,1,0
connectivity,1000,1.0,372,3951,1000,1,0
connectivity,1000,1.0,373,3950,999,2,1
connectivity,1000,1.0,374,3882,999,2,1
connectivity,1000,1.0,375,3993,1000,1,0
connectivity,1000,1.0,376,3944,999,2,1
connectivity,1000,1.0,377,3946,1000,1,0
connectivity,1000,1.0,378,3912,999,2,1
connectivity,1000,1.0,379,3967,999,2,1
connectivity,1000,1.0,380,3977,1000,1,0
connectivity,1000,1.0,381,3950,999,2,1
connectivity,1000,1.0,382,3884,1000,1,0
connectivity,1000,1.0,383,3933,998,3,2
connectivity,1000,1.0,384,3987,1000,1,0
connectivity,1000,1.0,385,4071,1000,1,0
connectivity,1000,1.0,386,3889,1000,1,0
connectivity,1000,1.0,387,3910,1000,1,0
connectivity,1000,1.0,388,4026,999,2,1
connectivity,1000,1.0,389,4037,1000,1,0
connectivity,1000,1.0,390,3864,1000,1,0
connectivity,1000,1.0,391,3968,1000,1,0
connectivity,1000,1.0,392,3987,1000,1,0
connectivity,1000,1.0,393,4005,1000,1,0
connectivity,1000,1.0,394,3908,1000,1,0
connectivity,1000,1.0,395,3946,1000,1,0
connectivity,1000,1.0,396,3861,1000,1,0
connectivity,1000,1.0,397,3891,999,2,1
connectivity,1000,1.0,398,4051,1000,1,0
connectivity,1000,1.0,399,3828,1000,1,0
connectivity,1000,2.0,0,4377,1000,1,0
connectivity,1000,2.0,1,4490,1000,1,0
connectivity,1000,2.0,2,4324,1000,1,0
connectivity,1000,2.0,3,4420,1000,1,0
connectivity,1000,2.0,4,4329,1000,1,0
connectivity,1000,2.0,5,4366,1000,1,0
connectivity,1000,2.0,6,4533,1000,1,0
connectivity,1000,2.0,7,4355,1000,1,0
connectivity,1000,2.0,8,4446,1000,1,0
connectivity,1000,2.0,9,4533,1000,1,0
connectivity,1000,2.0,10,4475,1000,1,0
connectivity,1000,2.0,11,4561,1000,1,0
connectivity,1000,2.0,12,4539,1000,1,0
connectivity,1000,2.0,13,4342,1000,1,0
connectivity,1000,2.0,14,4400,1000,1,0
connectivity,1000,2.0,15,4422,1000,1,0
connectivity,1000,2.0,16,4384,1000,1,0
connectivity,1000,2.0,17,4396,998,3,2
connectivity,1000,2.0,18,4346,1000,1,0
connectivity,1000,2.0,19,4456,1000,1,0
connectivity,1000,2.0,20,4450,999,2,1
connectivity,1000,2.0,21,4445,1000,1,0
connectivity,1000,2.0,22,4534,1000,1,0
connectivity,1000,2.0,23,4531,999,2,1
connectivity,1000,2.0,24,4367,1000,1,0
connectivity,1000,2.0,25,4387,1000,1,0
connectivity,1000,2.0,26,4275,1000,1,0
connectivity,1000,2.0,27,4480,1000,1,0
connectivity,1000,2.0,28,4632,1000,1,0
connectivity,1000,2.0,29,4520,1000,1,0
connectivity,1000,2.0,30,4400,1000,1,0
connectivity,1000,2.0,31,4438,1000,1,0
connectivity,1000,2.0,32,4535,1000,1,0
connectivity,1000,2.0,33,4349,1000,1,0
connectivity,1000,2.0,34,4552,1000,1,0
connectivity,1000,2.0,35,4484,1000,1,0
connectivity,1000,2.0,36,4431,1000,1,0
connectivity,1000,2.0,37,4373,1000,1,0
connectivity,1000,2.0,38,4417,1000,1,0
connectivity,1000,2.0,39,4519,1000,1,0
connectivity,1000,2.0,40,4475,1000,1,0
connectivity,1000,2.0,41,4477,999,2,1
connectivity,1000,2.0,42,4500,999,2,1
connectivity,1000,2.0,43,4391,1000,1,0
connectivity,1000,2.0,44,4359,999,2,1
connectivity,1000,2.0,45,4480,1000,1,0
connectivity,1000,2.0,46,4386,1000,1,0
connectivity,1000,2.0,47,4354,1000,1,0
connectivity,1000,2.0,48,4426,1000,1,0
connectivity,1000,2.0,49,4534,1000,1,0
connectivity,1000,2.0,50,4497,1000,1,0
connectivity,1000,2.0,51,4427,1000,1,0
connectivity,1000,2.0,52,4390,1000,1,0
connectivity,1000,2.0,53,4513,1000,1,0
connectivity,1000,2.0,54,4629,1000,1,0
connectivity,1000,2.0,55,4445,1000,1,0
connectivity,1000,2.0,56,4226,1000,1,0
connectivity,1000,2.0,57,4517,1000,1,0
connectivity,1000,2.0,58,4551,1000,1,0
connectivity,1000,2.0,59,4479,999,2,1
connectivity,1000,2.0,60,4506,1000,1,0
connectivity,1000,2.0,61,4487,1000,1,0
connectivity,1000,2.0,62,4415,999,2,1
connectivity,1000,2.0,63,4430,1000,1,0
connectivity,1000,2.0,64,4483,999,2,1
connectivity,1000,2.0,65,4454,1000,1,0
connectivity,1000,2.0,66,4344,1000,1,0
connectivity,1000,2.0,67,4359,1000,1,0
connectivity,1000,2.0,68,4429,1000,1,0
connectivity,1000,2.0,69,4385,1000,1,0
connectivity,1000,2.0,70,4343,1000,1,0
connectivity,1000,2.0,71,4442,1000,1,0
connectivity,1000,2.0,72,4413,1000,1,0
connectivity,1000,2.0,73,4335,1000,1,0
connectivity,1000,2.0,74,4440,1000,1,0
connectivity,1000,2.0,75,4603,999,2,1
connectivity,1000,2.0,76,4365,999,2,1
connectivity,1000,2.0,77,4434,1000,1,0
connectivity,1000,2.0,78,4423,1000,1,0
connectivity,1000,2.0,79,4409,1000,1,0
connectivity,1000,2.0,80,4377,1000,1,0
connectivity,1000,2.0,81,4515,1000,1,0
connectivity,1000,2.0,82,4457,1000,1,0
connectivity,1000,2.0,83,4424,1000,1,0
connectivity,1000,2.0,84,4535,1000,1,0
connectivity,1000,2.0,85,4490,1000,1,0
connectivity,1000,2.0,86,4493,1000,1,0
connectivity,1000,2.0,87,4533,1000,1,0
connectivity,1000,2.0,88,4445,1000,1,0
connectivity,1000,2.0,89,4567,1000,1,0
connectivity,1000,2.0,90,4450,1000,1,0
connectivity,1000,2.0,91,4451,1000,1,0
connectivity,1000,2.0,92,4553,999,2,1
connectivity,1000,2.0,93,4317,1000,1,0
connectivity,1000,2.0,94,4332,1000,1,0
connectivity,1000,2.0,95,4362,1000,1,0
connectivity,1000,2.0,96,4428,1000,1,0
connectivity,1000,2.0,97,4440,1000,1,0
connectivity,1000,2.0,98,4380,1000,1,0
connectivity,1000,2.0,99,4465,1000,1,0
connectivity,1000,2.0,100,4548,1000,1,0
connectivity,1000,2.0,101,4450,1000,1,0
connectivity,1000,2.0,102,4415,1000,1,0
connectivity,1000,2.0,103,4366,1000,1,0
connectivity,1000,2.0,104,4421,1000,1,0
connectivity,1000,2.0,105,4384,1000,1,0
connectivity,1000,2.0,106,4340,1000,1,0
connectivity,1000,2.0,107,4347,1000,1,0
connectivity,1000,2.0,108,4430,999,2,1
connectivity,1000,2.0,109,4418,999,2,1
connectivity,1000,2.0,110,4488,1000,1,0
connectivity,1000,2.0,111,4416,1000,1,0
connectivity,1000,2.0,112,4422,1000,1,0
connectivity,1000,2.0,113,4429,1000,1,0
connectivity,1000,2.0,114,4389,1000,1,0
connectivity,1000,2.0,115,4441,1000,1,0
connectivity,1000,2.0,116,4435,1000,1,0
connectivity,1000,2.0,117,4486,1000,1,0
connectivity,1000,2.0,118,4448,1000,1,0
connectivity,1000,2.0,119,4477,1000,1,0
connectivity,1000,2.0,120,4350,1000,1,0
connectivity,1000,2.0,121,4331,999,2,1
connectivity,1000,2.0,122,4452,1000,1,0
connectivity,1000,2.0,123,4489,999,2,1
connectivity,1000,2.0,124,4487,1000,1,0
connectivity,1000,2.0,125,4487,1000,1,0
connectivity,1000,2.0,126,4411,1000,1,0
connectivity,1000,2.0,127,4544,1000,1,0
connectivity,1000,2.0,128,4394,1000,1,0
connectivity,1000,2.0,129,4408,1000,1,0
connectivity,1000,2.0,130,4408,1000,1,0
connectivity,1000,2.0,131,4564,999,2,1
connectivity,1000,2.0,132,4498,1000,1,0
connectivity,1000,2.0,133,4281,1000,1,0
connectivity,1000,2.0,134,4604,1000,1,0
connectivity,1000,2.0,135,4410,1000,1,0
connectivity,1000,2.0,136,4352,1000,1,0
connectivity,1000,2.0,137,4551,999,2,1
connectivity,1000,2.0,138,4351,1000,1,0
connectivity,1000,2.0,139,4388,1000,1,0
connectivity,1000,2.0,140,4509,1000,1,0
connectivity,1000,2.0,141,4567,1000,1,0
connectivity,1000,2.0,142,4486,1000,1,0
connectivity,1000,2.0,143,4452,1000,1,0
connectivity,1000,2.0,144,4399,1000,1,0
connectivity,1000,2.0,145,4594,1000,1,0
connectivity,1000,2.0,146,4331,1000,1,0
connectivity,1000,2.0,147,4381,1000,1,0
connectivity,1000,2.0,148,4520,1000,1,0
connectivity,1000,2.0,149,4508,1000,1,0
connectivity,1000,2.0,150,4393,1000,1,0
connectivity,1000,2.0,151,4286,1000,1,0
connectivity,1000,2.0,152,4448,1000,1,0
connectivity,1000,2.0,153,4467,1000,1,0
connectivity,1000,2.0,154,4556,1000,1,0
connectivity,1000,2.0,155,4475,1000,1,0
connectivity,1000,2.0,156,4501,1000,1,0
connectivity,1000,2.0,157,4400,1000,1,0
connectivity,1000,2.0,158,4567,1000,1,0
connectivity,1000,2.0,159,4464,1000,1,0
connectivity,1000,2.0,160,4433,1000,1,0
connectivity,1000,2.0,161,4328,1000,1,0
connectivity,1000,2.0,162,4494,1000,1,0
connectivity,1000,2.0,163,4471,1000,1,0
connectivity,1000,2.0,164,4530,1000,1,0
connectivity,1000,2.0,165,4377,1000,1,0
connectivity,1000,2.0,166,4578,1000,1,0
connectivity,1000,2.0,167,4436,1000,1,0
connectivity,1000,2.0,168,4389,999,2,1
connectivity,1000,2.0,169,4513,1000,1,0
connectivity,1000,2.0,170,4425,1000,1,0
connectivity,1000,2.0,171,4429,1000,1,0
connectivity,1000,2.0,172,4522,1000,1,0
connectivity,1000,2.0,173,4394,1000,1,0
connectivity,1000,2.0,174,4415,999,2,1
connectivity,1000,2.0,175,4561,1000,1,0
connectivity,1000,2.0,176,4404,1000,1,0
connectivity,1000,2.0,177,4530,1000,1,0
connectivity,1000,2.0,178,4568,1000,1,0
connectivity,1000,2.0,179,4295,999,2,1
connectivity,1000,2.0,180,4508,1000,1,0
connectivity,1000,2.0,181,4423,1000,1,0
connectivity,1000,2.0,182,4416,1000,1,0
connectivity,1000,2.0,183,4417,1000,1,0
connectivity,1000,2.0,184,4473,1000,1,0
connectivity,1000,2.0,185,4573,1000,1,0
connectivity,1000,2.0,186,4569,1000,1,0
connectivity,1000,2.0,187,4475,1000,1,0
connectivity,1000,2.0,188,4429,1000,1,0
connectivity,1000,2.0,189,4533,1000,1,0
connectivity,1000,2.0,190,4494,1000,1,0
connectivity,1000,2.0,191,4477,1000,1,0
connectivity,1000,2.0,192,4351,1000,1,0
connectivity,1000,2.0,193,4369,1000,1,0
connectivity,1000,2.0,194,4491,1000,1,0
connectivity,1000,2.0,195,4445,1000,1,0
connectivity,1000,2.0,196,4509,999,2,1
connectivity,1000,2.0,197,4336,1000,1,0
connectivity,1000,2.0,198,4495,1000,1,0
connectivity,1000,2.0,199,4423,1000,1,0
connectivity,1000,2.0,200,4445,999,2,1
connectivity,1000,2.0,201,4404,1000,1,0
connectivity,1000,2.0,202,4499,1000,1,0
connectivity,1000,2.0,203,4423,1000,1,0
connectivity,1000,2.0,204,4419,1000,1,0
connectivity,1000,2.0,205,4437,1000,1,0
connectivity,1000,2.0,206,4341,1000,1,0
connectivity,1000,2.0,207,4478,1000,1,0
connectivity,1000,2.0,208,4489,1000,1,0
connectivity,1000,2.0,209,4436,1000,1,0
connectivity,1000,2.0,210,4408,1000,1,0
connectivity,1000,2.0,211,4411,1000,1,0
connectivity,1000,2.0,212,4330,999,2,1
connectivity,1000,2.0,213,4516,1000,1,0
connectivity,1000,2.0,214,4449,1000,1,0
connectivity,1000,2.0,215,4456,1000,1,0
connectivity,1000,2.0,216,4324,1000,1,0
connectivity,1000,2.0,217,4421,1000,1,0
connectivity,1000,2.0,218,4525,1000,1,0
connectivity,1000,2.0,219,4480,1000,1,0
connectivity,1000,2.0,220,4339,1000,1,0
connectivity,1000,2.0,221,4536,1000,1,0
connectivity,1000,2.0,222,4398,1000,1,0
connectivity,1000,2.0,223,4394,1000,1,0
connectivity,1000,2.0,224,4418,1000,1,0
connectivity,1000,2.0,225,4515,1000,1,0
connectivity,1000,2.0,226,4464,999,2,1
connectivity,1000,2.0,227,4401,1000,1,0
connectivity,1000,2.0,228,4466,999,2,1
connectivity,1000,2.0,229,4427,999,2,1
connectivity,1000,2.0,230,4421,1000,1,0
connectivity,1000,2.0,231,4240,1000,1,0
connectivity,1000,2.0,232,4503,1000,1,0
connectivity,1000,2.0,233,4385,1000,1,0
connectivity,1000,2.0,234,4422,1000,1,0
connectivity,1000,2.0,235,4499,1000,1,0
connectivity,1000,2.0,236,4332,1000,1,0
connectivity,1000,2.0,237,4420,1000,1,0
connectivity,1000,2.0,238,4396,1000,1,0
connectivity,1000,2.0,239,4506,1000,1,0
connectivity,1000,2.0,240,4408,1000,1,0
connectivity,1000,2.0,241,4485,999,2,1
connectivity,1000,2.0,242,4393,1000,1,0
connectivity,1000,2.0,243,4430,1000,1,0
connectivity,1000,2.0,244,4609,1000,1,0
connectivity,1000,2.0,245,4539,1000,1,0
connectivity,1000,2.0,246,4458,999,2,1
connectivity,1000,2.0,247,4411,1000,1,0
connectivity,1000,2.0,248,4501,1000,1,0
connectivity,1000,2.0,249,4461,1000,1,0
connectivity,1000,2.0,250,4537,999,2,1
connectivity,1000,2.0,251,4403,1000,1,0
connectivity,1000,2.0,252,4474,1000,1,0
connectivity,1000,2.0,253,4430,1000,1,0
connectivity,1000,2.0,254,4471,1000,1,0
connectivity,1000,2.0,255,4549,1000,1,0
connectivity,1000,2.0,256,4409,1000,1,0
connectivity,1000,2.0,257,4441,1000,1,0
connectivity,1000,2.0,258,4402,1000,1,0
connectivity,1000,2.0,259,4556,1000,1,0
connectivity,1000,2.0,260,4432,1000,1,0
connectivity,1000,2.0,261,4447,1000,1,0
connectivity,1000,2.0,262,4534,998,3,2
connectivity,1000,2.0,263,4429,1000,1,0
connectivity,1000,2.0,264,4558,1000,1,0
connectivity,1000,2.0,265,4371,999,2,1
connectivity,1000,2.0,266,4382,1000,1,0
connectivity,1000,2.0,267,4482,1000,1,0
connectivity,1000,2.0,268,4400,1000,1,0
connectivity,1000,2.0,269,4368,1000,1,0
connectivity,1000,2.0,270,4445,1000,1,0
connectivity,1000,2.0,271,4420,1000,1,0
connectivity,1000,2.0,272,4373,1000,1,0
connectivity,1000,2.0,273,4399,999,2,1
connectivity,1000,2.0,274,4474,1000,1,0
connectivity,1000,2.0,275,4459,1000,1,0
connectivity,1000,2.0,276,4467,1000,1,0
connectivity,1000,2.0,277,4467,999,2,1
connectivity,1000,2.0,278,4490,1000,1,0
connectivity,1000,2.0,279,4297,1000,1,0
connectivity,1000,2.0,280,4374,1000,1,0
connectivity,1000,2.0,281,4417,1000,1,0
connectivity,1000,2.0,282,4327,999,2,1
connectivity,1000,2.0,283,4445,999,2,1
connectivity,1000,2.0,284,4436,1000,1,0
connectivity,1000,2.0,285,4404,1000,1,0
connectivity,1000,2.0,286,4427,1000,1,0
connectivity,1000,2.0,287,4452,1000,1,0
connectivity,1000,2.0,288,4448,1000,1,0
connectivity,1000,2.0,289,4583,1000,1,0
connectivity,1000,2.0,290,4368,1000,1,0
connectivity,1000,2.0,291,4541,1000,1,0
connectivity,1000,2.0,292,4561,1000,1,0
connectivity,1000,2.0,293,4563,1000,1,0
connectivity,1000,2.0,294,4422,1000,1,0
connectivity,1000,2.0,295,4463,1000,1,0
connectivity,1000,2.0,296,4392,1000,1,0
connectivity,1000,2.0,297,4474,1000,1,0
connectivity,1000,2.0,298,4450,1000,1,0
connectivity,1000,2.0,299,4416,1000,1,0
connectivity,1000,2.0,300,4374,999,2,1
connectivity,1000,2.0,301,4444,1000,1,0
connectivity,1000,2.0,302,4314,1000,1,0
connectivity,1000,2.0,303,4468,1000,1,0
connectivity,1000,2.0,304,4415,1000,1,0
connectivity,1000,2.0,305,4602,1000,1,0
connectivity,1000,2.0,306,4398,1000,1,0
connectivity,1000,2.0,307,4462,998,3,2
connectivity,1000,2.0,308,4485,1000,1,0
connectivity,1000,2.0,309,4444,1000,1,0
connectivity,1000,2.0,310,4591,1000,1,0
connectivity,1000,2.0,311,4459,1000,1,0
connectivity,1000,2.0,312,4526,1000,1,0
connectivity,1000,2.0,313,4403,1000,1,0
connectivity,1000,2.0,314,4300,1000,1,0
connectivity,1000,2.0,315,4432,1000,1,0
connectivity,1000,2.0,316,4571,1000,1,0
connectivity,1000,2.0,317,4465,1000,1,0
connectivity,1000,2.0,318,4531,1000,1,0
connectivity,1000,2.0,319,4347,1000,1,0
connectivity,1000,2.0,320,4561,1000,1,0
connectivity,1000,2.0,321,4421,1000,1,0
connectivity,1000,2.0,322,4396,999,2,1
connectivity,1000,2.0,323,4519,1000,1,0
connectivity,1000,2.0,324,4506,999,2,1
connectivity,1000,2.0,325,4489,1000,1,0
connectivity,1000,2.0,326,4440,1000,1,0
connectivity,1000,2.0,327,4445,1000,1,0
connectivity,1000,2.0,328,4473,1000,1,0
connectivity,1000,2.0,329,4252,999,2,1
connectivity,1000,2.0,330,4393,1000,1,0
connectivity,1000,2.0,331,4370,1000,1,0
connectivity,1000,2.0,332,4480,1000,1,0
connectivity,1000,2.0,333,4442,1000,1,0
connectivity,1000,2.0,334,4390,1000,1,0
connectivity,1000,2.0,335,4348,1000,1,0
connectivity,1000,2.0,336,4376,1000,1,0
connectivity,1000,2.0,337,4434,1000,1,0
connectivity,1000,2.0,338,4300,1000,1,0
connectivity,1000,2.0,339,4434,1000,1,0
connectivity,1000,2.0,340,4561,1000,1,0
connectivity,1000,2.0,341,4415,1000,1,0
connectivity,1000,2.0,342,4480,1000,1,0
connectivity,1000,2.0,343,4550,1000,1,0
connectivity,1000,2.0,344,4375,1000,1,0
connectivity,1000,2.0,345,4501,1000,1,0
connectivity,1000,2.0,346,4379,1000,1,0
connectivity,1000,2.0,347,4538,1000,1,0
connectivity,1000,2.0,348,4293,1000,1,0
connectivity,1000,2.0,349,4472,1000,1,0
connectivity,1000,2.0,350,4467,1000,1,0
connectivity,1000,2.0,351,4362,1000,1,0
connectivity,1000,2.0,352,4610,1000,1,0
connectivity,1000,2.0,353,4428,1000,1,0
connectivity,1000,2.0,354,4488,1000,1,0
connectivity,1000,2.0,355,4440,1000,1,0
connectivity,1000,2.0,356,4341,1000,1,0
connectivity,1000,2.0,357,4357,999,2,1
connectivity,1000,2.0,358,4612,1000,1,0
connectivity,1000,2.0,359,4429,1000,1,0
connectivity,1000,2.0,360,4365,1000,1,0
connectivity,1000,2.0,361,4531,999,2,1
connectivity,1000,2.0,362,4390,1000,1,0
connectivity,1000,2.0,363,4561,1000,1,0
connectivity,1000,2.0,364,4481,1000,1,0
connectivity,1000,2.0,365,4420,1000,1,0
connectivity,1000,2.0,366,4486,1000,1,0
connectivity,1000,2.0,367,4434,1000,1,0
connectivity,1000,2.0,368,4527,1000,1,0
connectivity,1000,2.0,369,4440,999,2,1
connectivity,1000,2.0,370,4369,1000,1,0
connectivity,1000,2.0,371,4445,999,2,1
connectivity,1000,2.0,372,4430,1000,1,0
connectivity,1000,2.0,373,4344,1000,1,0
connectivity,1000,2.0,374,4596,1000,1,0
connectivity,1000,2.0,375,4572,1000,1,0
connectivity,1000,2.0,376,4429,999,2,1
connectivity,1000,2.0,377,4490,1000,1,0
connectivity,1000,2.0,378,4445,999,2,1
connectivity,1000,2.0,379,4419,1000,1,0
connectivity,1000,2.0,380,4569,1000,1,0
connectivity,1000,2.0,381,4382,1000,1,0
connectivity,1000,2.0,382,4337,1000,1,0
connectivity,1000,2.0,383,4409,999,2,1
connectivity,1000,2.0,384,4548,999,2,1
connectivity,1000,2.0,385,4361,1000,1,0
connectivity,1000,2.0,386,4495,1000,1,0
connectivity,1000,2.0,387,4367,999,2,1
connectivity,1000,2.0,388,4501,1000,1,0
connectivity,1000,2.0,389,4464,1000,1,0
connectivity,1000,2.0,390,4280,1000,1,0
connectivity,1000,2.0,391,4483,1000,1,0
connectivity,1000,2.0,392,4401,1000,1,0
connectivity,1000,2.0,393,4373,1000,1,0
connectivity,1000,2.0,394,4412,1000,1,0
connectivity,1000,2.0,395,4475,1000,1,0
connectivity,1000,2.0,396,4384,1000,1,0
connectivity,1000,2.0,397,4386,1000,1,0
connectivity,1000,2.0,398,4455,999,2,1
connectivity,1000,2.0,399,4488,1000,1,0
connectivity,1000,3.0,0,4931,1000,1,0
connectivity,1000,3.0,1,4804,1000,1,0
connectivity,1000,3.0,2,5013,1000,1,0
connectivity,1000,3.0,3,4997,1000,1,0
connectivity,1000,3.0,4,4973,1000,1,0
connectivity,1000,3.0,5,4955,1000,1,0
connectivity,1000,3.0,6,4972,1000,1,0
connectivity,1000,3.0,7,4907,1000,1,0
connectivity,1000,3.0,8,4972,1000,1,0
connectivity,1000,3.0,9,5088,1000,1,0
connectivity,1000,3.0,10,5040,1000,1,0
connectivity,1000,3.0,11,4946,1000,1,0
connectivity,1000,3.0,12,4972,999,2,1
connectivity,1000,3.0,13,4891,1000,1,0
connectivity,1000,3.0,14,4998,1000,1,0
connectivity,1000,3.0,15,4964,1000,1,0
connectivity,1000,3.0,16,4782,1000,1,0
connectivity,1000,3.0,17,4904,1000,1,0
connectivity,1000,3.0,18,5040,1000,1,0
connectivity,1000,3.0,19,4811,1000,1,0
connectivity,1000,3.0,20,4991,1000,1,0
connectivity,1000,3.0,21,4851,1000,1,0
connectivity,1000,3.0,22,4950,1000,1,0
connectivity,1000,3.0,23,4943,1000,1,0
connectivity,1000,3.0,24,5158,1000,1,0
connectivity,1000,3.0,25,5056,1000,1,0
connectivity,1000,3.0,26,4948,1000,1,0
connectivity,1000,3.0,27,4915,1000,1,0
connectivity,1000,3.0,28,4898,1000,1,0
connectivity,1000,3.0,29,4855,1000,1,0
connectivity,1000,3.0,30,5050,1000,1,0
connectivity,1000,3.0,31,4990,1000,1,0
connectivity,1000,3.0,32,4905,999,2,1
connectivity,1000,3.0,33,4962,1000,1,0
connectivity,1000,3.0,34,5002,1000,1,0
connectivity,1000,3.0,35,4805,1000,1,0
connectivity,1000,3.0,36,4934,1000,1,0
connectivity,1000,3.0,37,5053,1000,1,0
connectivity,1000,3.0,38,4893,1000,1,0
connectivity,1000,3.0,39,5083,1000,1,0
connectivity,1000,3.0,40,5034,1000,1,0
connectivity,1000,3.0,41,5007,1000,1,0
connectivity,1000,3.0,42,4899,1000,1,0
connectivity,1000,3.0,43,5022,999,2,1
connectivity,1000,3.0,44,4949,1000,1,0
connectivity,1000,3.0,45,4956,999,2,1
connectivity,1000,3.0,46,4999,1000,1,0
connectivity,1000,3.0,47,4925,1000,1,0
connectivity,1000,3.0,48,4950,1000,1,0
connectivity,1000,3.0,49,4996,1000,1,0
connectivity,1000,3.0,50,5024,1000,1,0
connectivity,1000,3.0,51,4888,1000,1,0
connectivity,1000,3.0,52,4965,1000,1,0
connectivity,1000,3.0,53,4923,1000,1,0
connectivity,1000,3.0,54,5046,1000,1,0
connectivity,1000,3.0,55,4999,1000,1,0
connectivity,1000,3.0,56,4916,1000,1,0
connectivity,1000,3.0,57,4961,1000,1,0
connectivity,1000,3.0,58,5009,1000,1,0
connectivity,1000,3.0,59,4761,1000,1,0
connectivity,1000,3.0,60,4855,1000,1,0
connectivity,1000,3.0,61,4964,1000,1,0
connectivity,1000,3.0,62,4904,1000,1,0
connectivity,1000,3.0,63,4896,1000,1,0
connectivity,1000,3.0,64,4989,1000,1,0
connectivity,1000,3.0,65,5001,1000,1,0
connectivity,1000,3.0,66,4928,1000,1,0
connectivity,1000,3.0,67,4995,1000,1,0
connectivity,1000,3.0,68,4957,1000,1,0
connectivity,1000,3.0,69,5019,999,2,1
connectivity,1000,3.0,70,4995,1000,1,0
connectivity,1000,3.0,71,4901,1000,1,0
connectivity,1000,3.0,72,4931,1000,1,0
connectivity,1000,3.0,73,4936,1000,1,0
connectivity,1000,3.0,74,4897,1000,1,0
connectivity,1000,3.0,75,4965,1000,1,0
connectivity,1000,3.0,76,4965,1000,1,0
connectivity,1000,3.0,77,4842,1000,1,0
connectivity,1000,3.0,78,4925,999,2,1
connectivity,1000,3.0,79,5049,1000,1,0
connectivity,1000,3.0,80,4982,1000,1,0
connectivity,1000,3.0,81,4962,1000,1,0
connectivity,1000,3.0,82,4848,1000,1,0
connectivity,1000,3.0,83,4869,1000,1,0
connectivity,1000,3.0,84,4915,1000,1,0
connectivity,1000,3.0,85,4903,1000,1,0
connectivity,1000,3.0,86,4942,1000,1,0
connectivity,1000,3.0,87,5086,1000,1,0
connectivity,1000,3.0,88,4881,1000,1,0
connectivity,1000,3.0,89,4929,1000,1,0
connectivity,1000,3.0,90,4812,1000,1,0
connectivity,1000,3.0,91,4872,1000,1,0
connectivity,1000,3.0,92,5079,1000,1,0
connectivity,1000,3.0,93,4965,999,2,1
connectivity,1000,3.0,94,4891,1000,1,0
connectivity,1000,3.0,95,4909,1000,1,0
connectivity,1000,3.0,96,4947,1000,1,0
connectivity,1000,3.0,97,4989,1000,1,0
connectivity,1000,3.0,98,5051,999,2,1
connectivity,1000,3.0,99,5034,1000,1,0
connectivity,1000,3.0,100,5018,999,2,1
connectivity,1000,3.0,101,4898,1000,1,0
connectivity,1000,3.0,102,4838,1000,1,0
connectivity,1000,3.0,103,4808,1000,1,0
connectivity,1000,3.0,104,5026,1000,1,0
connectivity,1000,3.0,105,4999,1000,1,0
connectivity,1000,3.0,106,4930,1000,1,0
connectivity,1000,3.0,107,4979,1000,1,0
connectivity,1000,3.0,108,4987,1000,1,0
connectivity,1000,3.0,109,4897,1000,1,0
connectivity,1000,3.0,110,5020,1000,1,0
connectivity,1000,3.0,111,4998,1000,1,0
connectivity,1000,3.0,112,4837,1000,1,0
connectivity,1000,3.0,113,4971,1000,1,0
connectivity,1000,3.0,114,5040,1000,1,0
connectivity,1000,3.0,115,4881,1000,1,0
connectivity,1000,3.0,116,4799,999,2,1
connectivity,1000,3.0,117,4989,1000,1,0
connectivity,1000,3.0,118,4987,1000,1,0
connectivity,1000,3.0,119,4966,1000,1,0
connectivity,1000,3.0,120,4889,1000,1,0
connectivity,1000,3.0,121,4885,1000,1,0
connectivity,1000,3.0,122,4904,1000,1,0
connectivity,1000,3.0,123,4896,1000,1,0
connectivity,1000,3.0,124,4987,1000,1,0
connectivity,1000,3.0,125,4986,1000,1,0
connectivity,1000,3.0,126,4847,999,2,1
connectivity,1000,3.0,127,4951,1000,1,0
connectivity,1000,3.0,128,5009,1000,1,0
connectivity,1000,3.0,129,4881,1000,1,0
connectivity,1000,3.0,130,5016,1000,1,0
connectivity,1000,3.0,131,4769,1000,1,0
connectivity,1000,3.0,132,4979,1000,1,0
connectivity,1000,3.0,133,4882,1000,1,0
connectivity,1000,3.0,134,4985,1000,1,0
connectivity,1000,3.0,135,4900,1000,1,0
connectivity,1000,3.0,136,4811,1000,1,0
connectivity,1000,3.0,137,4986,1000,1,0
connectivity,1000,3.0,138,4921,1000,1,0
connectivity,1000,3.0,139,4882,1000,1,0
connectivity,1000,3.0,140,4972,1000,1,0
connectivity,1000,3.0,141,4890,1000,1,0
connectivity,1000,3.0,142,5026,1000,1,0
connectivity,1000,3.0,143,4992,1000,1,0
connectivity,1000,3.0,144,4943,1000,1,0
connectivity,1000,3.0,145,4918,1000,1,0
connectivity,1000,3.0,146,4984,1000,1,0
connectivity,1000,3.0,147,4944,1000,1,0
connectivity,1000,3.0,148,4970,1000,1,0
connectivity,1000,3.0,149,4872,1000,1,0
connectivity,1000,3.0,150,4938,1000,1,0
connectivity,1000,3.0,151,4996,1000,1,0
connectivity,1000,3.0,152,4987,1000,1,0
connectivity,1000,3.0,153,4928,1000,1,0
connectivity,1000,3.0,154,4969,1000,1,0
connectivity,1000,3.0,155,4901,1000,1,0
connectivity,1000,3.0,156,5023,1000,1,0
connectivity,1000,3.0,157,4963,1000,1,0
connectivity,1000,3.0,158,5000,1000,1,0
connectivity,1000,3.0,159,4903,1000,1,0
connectivity,1000,3.0,160,4960,1000,1,0
connectivity,1000,3.0,161,5000,1000,1,0
connectivity,1000,3.0,162,4759,1000,1,0
connectivity,1000,3.0,163,4966,1000,1,0
connectivity,1000,3.0,164,4960,1000,1,0
connectivity,1000,3.0,165,5039,1000,1,0
connectivity,1000,3.0,166,4908,1000,1,0
connectivity,1000,3.0,167,4898,1000,1,0
connectivity,1000,3.0,168,4905,1000,1,0
connectivity,1000,3.0,169,4921,1000,1,0
connectivity,1000,3.0,170,5003,1000,1,0
connectivity,1000,3.0,171,4979,1000,1,0
connectivity,1000,3.0,172,4884,1000,1,0
connectivity,1000,3.0,173,4946,1000,1,0
connectivity,1000,3.0,174,4881,1000,1,0
connectivity,1000,3.0,175,4859,1000,1,0
connectivity,1000,3.0,176,4998,1000,1,0
connectivity,1000,3.0,177,4980,1000,1,0
connectivity,1000,3.0,178,5009,1000,1,0
connectivity,1000,3.0,179,4935,1000,1,0
connectivity,1000,3.0,180,4977,1000,1,0
connectivity,1000,3.0,181,4970,1000,1,0
connectivity,1000,3.0,182,4911,1000,1,0
connectivity,1000,3.0,183,4892,1000,1,0
connectivity,1000,3.0,184,4937,1000,1,0
connectivity,1000,3.0,185,4736,1000,1,0
connectivity,1000,3.0,186,4724,1000,1,0
connectivity,1000,3.0,187,4984,1000,1,0
connectivity,1000,3.0,188,4930,1000,1,0
connectivity,1000,3.0,189,5064,1000,1,0
connectivity,1000,3.0,190,4961,1000,1,0
connectivity,1000,3.0,191,4917,1000,1,0
connectivity,1000,3.0,192,4971,1000,1,0
connectivity,1000,3.0,193,4986,1000,1,0
connectivity,1000,3.0,194,4985,1000,1,0
connectivity,1000,3.0,195,4922,1000,1,0
connectivity,1000,3.0,196,4870,1000,1,0
connectivity,1000,3.0,197,4800,1000,1,0
connectivity,1000,3.0,198,4959,1000,1,0
connectivity,1000,3.0,199,4980,1000,1,0
connectivity,1000,3.0,200,4837,1000,1,0
connectivity,1000,3.0,201,4905,1000,1,0
connectivity,1000,3.0,202,4989,1000,1,0
connectivity,1000,3.0,203,4928,1000,1,0
connectivity,1000,3.0,204,4905,1000,1,0
connectivity,1000,3.0,205,4906,1000,1,0
connectivity,1000,3.0,206,4959,999,2,1
connectivity,1000,3.0,207,4922,1000,1,0
connectivity,1000,3.0,208,4952,1000,1,0
connectivity,1000,3.0,209,4907,1000,1,0
connectivity,1000,3.0,210,4850,1000,1,0
connectivity,1000,3.0,211,4966,1000,1,0
connectivity,1000,3.0,212,4870,1000,1,0
connectivity,1000,3.0,213,4850,1000,1,0
connectivity,1000,3.0,214,5021,1000,1,0
connectivity,1000,3.0,215,4853,1000,1,0
connectivity,1000,3.0,216,4854,1000,1,0
connectivity,1000,3.0,217,5084,1000,1,0
connectivity,1000,3.0,218,4963,1000,1,0
connectivity,1000,3.0,219,4893,1000,1,0
connectivity,1000,3.0,220,4992,1000,1,0
connectivity,1000,3.0,221,4951,1000,1,0
connectivity,1000,3.0,222,4900,1000,1,0
connectivity,1000,3.0,223,4949,1000,1,0
connectivity,1000,3.0,224,4973,1000,1,0
connectivity,1000,3.0,225,4919,1000,1,0
connectivity,1000,3.0,226,4745,999,2,1
connectivity,1000,3.0,227,4909,1000,1,0
connectivity,1000,3.0,228,5091,999,2,1
connectivity,1000,3.0,229,4923,1000,1,0
connectivity,1000,3.0,230,4968,1000,1,0
connectivity,1000,3.0,231,4836,1000,1,0
connectivity,1000,3.0,232,4903,1000,1,0
connectivity,1000,3.0,233,4998,1000,1,0
connectivity,1000,3.0,234,5014,1000,1,0
connectivity,1000,3.0,235,5069,1000,1,0
connectivity,1000,3.0,236,4917,1000,1,0
connectivity,1000,3.0,237,4867,1000,1,0
connectivity,1000,3.0,238,4773,1000,1,0
connectivity,1000,3.0,239,5037,1000,1,0
connectivity,1000,3.0,240,5003,1000,1,0
connectivity,1000,3.0,241,4922,1000,1,0
connectivity,1000,3.0,242,4898,1000,1,0
connectivity,1000,3.0,243,4967,1000,1,0
connectivity,1000,3.0,244,4960,1000,1,0
connectivity,1000,3.0,245,4997,1000,1,0
connectivity,1000,3.0,246,4960,1000,1,0
connectivity,1000,3.0,247,4936,1000,1,0
connectivity,1000,3.0,248,4975,1000,1,0
connectivity,1000,3.0,249,4990,1000,1,0
connectivity,1000,3.0,250,5003,1000,1,0
connectivity,1000,3.0,251,4979,1000,1,0
connectivity,1000,3.0,252,4970,1000,1,0
connectivity,1000,3.0,253,4901,1000,1,0
connectivity,1000,3.0,254,4879,1000,1,0
connectivity,1000,3.0,255,5029,1000,1,0
connectivity,1000,3.0,256,4878,1000,1,0
connectivity,1000,3.0,257,4976,1000,1,0
connectivity,1000,3.0,258,4899,1000,1,0
connectivity,1000,3.0,259,4854,1000,1,0
connectivity,1000,3.0,260,5025,1000,1,0
connectivity,1000,3.0,261,5044,1000,1,0
connectivity,1000,3.0,262,4910,1000,1,0
connectivity,1000,3.0,263,4870,1000,1,0
connectivity,1000,3.0,264,4936,1000,1,0
connectivity,1000,3.0,265,4894,1000,1,0
connectivity,1000,3.0,266,4908,1000,1,0
connectivity,1000,3.0,267,5029,1000,1,0
connectivity,1000,3.0,268,4978,1000,1,0
connectivity,1000,3.0,269,4919,1000,1,0
connectivity,1000,3.0,270,4931,1000,1,0
connectivity,1000,3.0,271,4905,1000,1,0
connectivity,1000,3.0,272,4977,1000,1,0
connectivity,1000,3.0,273,5028,1000,1,0
connectivity,1000,3.0,274,4962,1000,1,0
connectivity,1000,3.0,275,4867,1000,1,0
connectivity,1000,3.0,276,5013,1000,1,0
connectivity,1000,3.0,277,4969,1000,1,0
connectivity,1000,3.0,278,4934,1000,1,0
connectivity,1000,3.0,279,4949,1000,1,0
connectivity,1000,3.0,280,5026,1000,1,0
connectivity,1000,3.0,281,4868,1000,1,0
connectivity,1000,3.0,282,4889,1000,1,0
connectivity,1000,3.0,283,5049,1000,1,0
connectivity,1000,3.0,284,4918,1000,1,0
connectivity,1000,3.0,285,4960,1000,1,0
connectivity,1000,3.0,286,4929,1000,1,0
connectivity,1000,3.0,287,4965,1000,1,0
connectivity,1000,3.0,288,4966,1000,1,0
connectivity,1000,3.0,289,4956,1000,1,0
connectivity,1000,3.0,290,4991,1000,1,0
connectivity,1000,3.0,291,5034,1000,1,0
connectivity,1000,3.0,292,4878,1000,1,0
connectivity,1000,3.0,293,4949,1000,1,0
connectivity,1000,3.0,294,4939,1000,1,0
connectivity,1000,3.0,295,5032,1000,1,0
connectivity,1000,3.0,296,5008,1000,1,0
connectivity,1000,3.0,297,4938,1000,1,0
connectivity,1000,3.0,298,4844,1000,1,0
connectivity,1000,3.0,299,4867,1000,1,0
connectivity,1000,3.0,300,4906,1000,1,0
connectivity,1000,3.0,301,4917,1000,1,0
connectivity,1000,3.0,302,4936,1000,1,0
connectivity,1000,3.0,303,5026,1000,1,0
connectivity,1000,3.0,304,4897,1000,1,0
connectivity,1000,3.0,305,4970,1000,1,0
connectivity,1000,3.0,306,4985,1000,1,0
connectivity,1000,3.0,307,4927,1000,1,0
connectivity,1000,3.0,308,4962,1000,1,0
connectivity,1000,3.0,309,4967,1000,1,0
connectivity,1000,3.0,310,4837,1000,1,0
connectivity,1000,3.0,311,5102,1000,1,0
connectivity,1000,3.0,312,4921,1000,1,0
connectivity,1000,3.0,313,4966,1000,1,0
connectivity,1000,3.0,314,5020,1000,1,0
connectivity,1000,3.0,315,4961,1000,1,0
connectivity,1000,3.0,316,4991,1000,1,0
connectivity,1000,3.0,317,4876,1000,1,0
connectivity,1000,3.0,318,5076,1000,1,0
connectivity,1000,3.0,319,4952,1000,1,0
connectivity,1000,3.0,320,4947,1000,1,0
connectivity,1000,3.0,321,4953,1000,1,0
connectivity,1000,3.0,322,4866,1000,1,0
connectivity,1000,3.0,323,4809,1000,1,0
connectivity,1000,3.0,324,4929,1000,1,0
connectivity,1000,3.0,325,4918,1000,1,0
connectivity,1000,3.0,326,4872,1000,1,0
connectivity,1000,3.0,327,5013,1000,1,0
connectivity,1000,3.0,328,4922,1000,1,0
connectivity,1000,3.0,329,4848,1000,1,0
connectivity,1000,3.0,330,5030,1000,1,0
connectivity,1000,3.0,331,4879,1000,1,0
connectivity,1000,3.0,332,4917,1000,1,0
connectivity,1000,3.0,333,4952,1000,1,0
connectivity,1000,3.0,334,4829,1000,1,0
connectivity,1000,3.0,335,4822,1000,1,0
connectivity,1000,3.0,336,5017,1000,1,0
connectivity,1000,3.0,337,5013,1000,1,0
connectivity,1000,3.0,338,4970,1000,1,0
connectivity,1000,3.0,339,4978,1000,1,0
connectivity,1000,3.0,340,4905,1000,1,0
connectivity,1000,3.0,341,4897,1000,1,0
connectivity,1000,3.0,342,5039,1000,1,0
connectivity,1000,3.0,343,5174,1000,1,0
connectivity,1000,3.0,344,4917,1000,1,0
connectivity,1000,3.0,345,5001,999,2,1
connectivity,1000,3.0,346,5053,1000,1,0
connectivity,1000,3.0,347,4936,1000,1,0
connectivity,1000,3.0,348,4909,1000,1,0
connectivity,1000,3.0,349,4960,1000,1,0
connectivity,1000,3.0,350,5183,1000,1,0
connectivity,1000,3.0,351,4829,1000,1,0
connectivity,1000,3.0,352,4816,1000,1,0
connectivity,1000,3.0,353,4901,1000,1,0
connectivity,1000,3.0,354,4810,1000,1,0
connectivity,1000,3.0,355,4836,1000,1,0
connectivity,1000,3.0,356,4974,1000,1,0
connectivity,1000,3.0,357,4961,1000,1,0
connectivity,1000,3.0,358,5075,1000,1,0
connectivity,1000,3.0,359,5014,1000,1,0
connectivity,1000,3.0,360,4892,1000,1,0
connectivity,1000,3.0,361,4936,1000,1,0
connectivity,1000,3.0,362,5100,1000,1,0
connectivity,1000,3.0,363,4997,1000,1,0
connectivity,1000,3.0,364,4957,1000,1,0
connectivity,1000,3.0,365,4991,1000,1,0
connectivity,1000,3.0,366,5070,1000,1,0
connectivity,1000,3.0,367,5005,1000,1,0
connectivity,1000,3.0,368,4886,1000,1,0
connectivity,1000,3.0,369,4821,1000,1,0
connectivity,1000,3.0,370,4856,1000,1,0
connectivity,1000,3.0,371,4939,1000,1,0
connectivity,1000,3.0,372,4963,1000,1,0
connectivity,1000,3.0,373,4934,1000,1,0
connectivity,1000,3.0,374,4932,1000,1,0
connectivity,1000,3.0,375,5067,1000,1,0
connectivity,1000,3.0,376,4935,1000,1,0
connectivity,1000,3.0,377,4969,1000,1,0
connectivity,1000,3.0,378,4988,1000,1,0
connectivity,1000,3.0,379,4968,1000,1,0
connectivity,1000,3.0,380,5161,1000,1,0
connectivity,1000,3.0,381,4851,1000,1,0
connectivity,1000,3.0,382,4993,1000,1,0
connectivity,1000,3.0,383,4950,1000,1,0
connectivity,1000,3.0,384,5038,1000,1,0
connectivity,1000,3.0,385,5062,1000,1,0
connectivity,1000,3.0,386,4951,1000,1,0
connectivity,1000,3.0,387,4977,1000,1,0
connectivity,1000,3.0,388,4914,1000,1,0
connectivity,1000,3.0,389,4996,1000,1,0
connectivity,1000,3.0,390,4975,1000,1,0
connectivity,1000,3.0,391,4936,1000,1,0
connectivity,1000,3.0,392,4885,1000,1,0
connectivity,1000,3.0,393,4908,1000,1,0
connectivity,1000,3.0,394,4844,1000,1,0
connectivity,1000,3.0,395,4913,1000,1,0
connectivity,1000,3.0,396,4985,1000,1,0
connectivity,1000,3.0,397,5001,1000,1,0
connectivity,1000,3.0,398,4976,1000,1,0
connectivity,1000,3.0,399,4741,1000,1,0
connectivity,1000,4.0,0,5490,1000,1,0
connectivity,1000,4.0,1,5376,1000,1,0
connectivity,1000,4.0,2,5311,1000,1,0
connectivity,1000,4.0,3,5527,1000,1,0
connectivity,1000,4.0,4,5496,1000,1,0
connectivity,1000,4.0,5,5309,1000,1,0
connectivity,1000,4.0,6,5429,1000,1,0
connectivity,1000,4.0,7,5454,1000,1,0
connectivity,1000,4.0,8,5509,1000,1,0
connectivity,1000,4.0,9,5452,1000,1,0
connectivity,1000,4.0,10,5366,1000,1,0
connectivity,1000,4.0,11,5440,1000,1,0
connectivity,1000,4.0,12,5517,1000,1,0
connectivity,1000,4.0,13,5479,1000,1,0
connectivity,1000,4.0,14,5387,1000,1,0
connectivity,1000,4.0,15,5423,1000,1,0
connectivity,1000,4.0,16,5412,1000,1,0
connectivity,1000,4.0,17,5474,1000,1,0
connectivity,1000,4.0,18,5436,1000,1,0
connectivity,1000,4.0,19,5427,1000,1,0
connectivity,1000,4.0,20,5370,1000,1,0
connectivity,1000,4.0,21,5603,1000,1,0
connectivity,1000,4.0,22,5557,1000,1,0
connectivity,1000,4.0,23,5413,1000,1,0
connectivity,1000,4.0,24,5444,1000,1,0
connectivity,1000,4.0,25,5340,1000,1,0
connectivity,1000,4.0,26,5478,1000,1,0
connectivity,1000,4.0,27,5522,1000,1,0
connectivity,1000,4.0,28,5442,1000,1,0
connectivity,1000,4.0,29,5455,1000,1,0
connectivity,1000,4.0,30,5586,1000,1,0
connectivity,1000,4.0,31,5491,1000,1,0
connectivity,1000,4.0,32,5480,1000,1,0
connectivity,1000,4.0,33,5365,1000,1,0
connectivity,1000,4.0,34,5332,1000,1,0
connectivity,1000,4.0,35,5566,1000,1,0
connectivity,1000,4.0,36,5487,1000,1,0
connectivity,1000,4.0,37,5528,1000,1,0
connectivity,1000,4.0,38,5598,1000,1,0
connectivity,1000,4.0,39,5468,1000,1,0
connectivity,1000,4.0,40,5445,1000,1,0
connectivity,1000,4.0,41,5484,1000,1,0
connectivity,1000,4.0,42,5400,1000,1,0
connectivity,1000,4.0,43,5408,1000,1,0
connectivity,1000,4.0,44,5490,1000,1,0
connectivity,1000,4.0,45,5380,1000,1,0
connectivity,1000,4.0,46,5400,1000,1,0
connectivity,1000,4.0,47,5372,1000,1,0
connectivity,1000,4.0,48,5369,1000,1,0
connectivity,1000,4.0,49,5454,1000,1,0
connectivity,1000,4.0,50,5369,1000,1,0
connectivity,1000,4.0,51,5472,1000,1,0
connectivity,1000,4.0,52,5434,1000,1,0
connectivity,1000,4.0,53,5472,1000,1,0
connectivity,1000,4.0,54,5384,1000,1,0
connectivity,1000,4.0,55,5486,1000,1,0
connectivity,1000,4.0,56,5457,1000,1,0
connectivity,1000,4.0,57,5455,1000,1,0
connectivity,1000,4.0,58,5415,1000,1,0
connectivity,1000,4.0,59,5440,1000,1,0
connectivity,1000,4.0,60,5473,1000,1,0
connectivity,1000,4.0,61,5348,1000,1,0
connectivity,1000,4.0,62,5460,1000,1,0
connectivity,1000,4.0,63,5350,1000,1,0
connectivity,1000,4.0,64,5514,1000,1,0
connectivity,1000,4.0,65,5428,1000,1,0
connectivity,1000,4.0,66,5458,1000,1,0
connectivity,1000,4.0,67,5414,1000,1,0
connectivity,1000,4.0,68,5518,1000,1,0
connectivity,1000,4.0,69,5551,1000,1,0
connectivity,1000,4.0,70,5375,1000,1,0
connectivity,1000,4.0,71,5372,1000,1,0
connectivity,1000,4.0,72,5488,1000,1,0
connectivity,1000,4.0,73,5449,1000,1,0
connectivity,1000,4.0,74,5506,1000,1,0
connectivity,1000,4.0,75,5515,1000,1,0
connectivity,1000,4.0,76,5618,1000,1,0
connectivity,1000,4.0,77,5466,1000,1,0
connectivity,1000,4.0,78,5449,1000,1,0
connectivity,1000,4.0,79,5397,1000,1,0
connectivity,1000,4.0,80,5419,1000,1,0
connectivity,1000,4.0,81,5478,1000,1,0
connectivity,1000,4.0,82,5520,1000,1,0
connectivity,1000,4.0,83,5430,1000,1,0
connectivity,1000,4.0,84,5315,1000,1,0
connectivity,1000,4.0,85,5434,1000,1,0
connectivity,1000,4.0,86,5470,1000,1,0
connectivity,1000,4.0,87,5489,1000,1,0
connectivity,1000,4.0,88,5526,1000,1,0
connectivity,1000,4.0,89,5418,1000,1,0
connectivity,1000,4.0,90,5397,1000,1,0
connectivity,1000,4.0,91,5459,1000,1,0
connectivity,1000,4.0,92,5457,1000,1,0
connectivity,1000,4.0,93,5487,1000,1,0
connectivity,1000,4.0,94,5409,1000,1,0
connectivity,1000,4.0,95,5507,1000,1,0
connectivity,1000,4.0,96,5513,1000,1,0
connectivity,1000,4.0,97,5452,1000,1,0
connectivity,1000,4.0,98,5426,1000,1,0
connectivity,1000,4.0,99,5456,1000,1,0
connectivity,1000,4.0,100,5515,1000,1,0
connectivity,1000,4.0,101,5322,1000,1,0
connectivity,1000,4.0,102,5524,1000,1,0
connectivity,1000,4.0,103,5436,1000,1,0
connectivity,1000,4.0,104,5462,1000,1,0
connectivity,1000,4.0,105,5498,1000,1,0
connectivity,1000,4.0,106,5408,1000,1,0
connectivity,1000,4.0,107,5512,1000,1,0
connectivity,1000,4.0,108,5511,1000,1,0
connectivity,1000,4.0,109,5541,1000,1,0
connectivity,1000,4.0,110,5527,1000,1,0
connectivity,1000,4.0,111,5575,1000,1,0
connectivity,1000,4.0,112,5384,1000,1,0
connectivity,1000,4.0,113,5415,1000,1,0
connectivity,1000,4.0,114,5558,1000,1,0
connectivity,1000,4.0,115,5569,1000,1,0
connectivity,1000,4.0,116,5436,999,2,1
connectivity,1000,4.0,117,5481,1000,1,0
connectivity,1000,4.0,118,5525,1000,1,0
connectivity,1000,4.0,119,5480,1000,1,0
connectivity,1000,4.0,120,5298,1000,1,0
connectivity,1000,4.0,121,5390,1000,1,0
connectivity,1000,4.0,122,5414,1000,1,0
connectivity,1000,4.0,123,5533,1000,1,0
connectivity,1000,4.0,124,5489,1000,1,0
connectivity,1000,4.0,125,5321,1000,1,0
connectivity,1000,4.0,126,5463,1000,1,0
connectivity,1000,4.0,127,5487,1000,1,0
connectivity,1000,4.0,128,5568,1000,1,0
connectivity,1000,4.0,129,5424,1000,1,0
connectivity,1000,4.0,130,5424,1000,1,0
connectivity,1000,4.0,131,5391,1000,1,0
connectivity,1000,4.0,132,5439,1000,1,0
connectivity,1000,4.0,133,5516,1000,1,0
connectivity,1000,4.0,134,5542,1000,1,0
connectivity,1000,4.0,135,5418,1000,1,0
connectivity,1000,4.0,136,5378,1000,1,0
connectivity,1000,4.0,137,5608,1000,1,0
connectivity,1000,4.0,138,5554,1000,1,0
connectivity,1000,4.0,139,5387,1000,1,0
connectivity,1000,4.0,140,5412,999,2,1
connectivity,1000,4.0,141,5443,1000,1,0
connectivity,1000,4.0,142,5425,1000,1,0
connectivity,1000,4.0,143,5442,1000,1,0
connectivity,1000,4.0,144,5523,1000,1,0
connectivity,1000,4.0,145,5293,1000,1,0
connectivity,1000,4.0,146,5413,1000,1,0
connectivity,1000,4.0,147,5421,1000,1,0
connectivity,1000,4.0,148,5468,1000,1,0
connectivity,1000,4.0,149,5510,1000,1,0
connectivity,1000,4.0,150,5564,1000,1,0
connectivity,1000,4.0,151,5306,1000,1,0
connectivity,1000,4.0,152,5345,1000,1,0
connectivity,1000,4.0,153,5449,1000,1,0
connectivity,1000,4.0,154,5237,1000,1,0
connectivity,1000,4.0,155,5437,1000,1,0
connectivity,1000,4.0,156,5401,1000,1,0
connectivity,1000,4.0,157,5431,1000,1,0
connectivity,1000,4.0,158,5346,1000,1,0
connectivity,1000,4.0,159,5486,1000,1,0
connectivity,1000,4.0,160,5455,1000,1,0
connectivity,1000,4.0,161,5431,1000,1,0
connectivity,1000,4.0,162,5431,1000,1,0
connectivity,1000,4.0,163,5543,1000,1,0
connectivity,1000,4.0,164,5465,1000,1,0
connectivity,1000,4.0,165,5483,1000,1,0
connectivity,1000,4.0,166,5480,1000,1,0
connectivity,1000,4.0,167,5319,1000,1,0
connectivity,1000,4.0,168,5399,1000,1,0
connectivity,1000,4.0,169,5578,1000,1,0
connectivity,1000,4.0,170,5416,1000,1,0
connectivity,1000,4.0,171,5413,1000,1,0
connectivity,1000,4.0,172,5497,1000,1,0
connectivity,1000,4.0,173,5458,999,2,1
connectivity,1000,4.0,174,5497,1000,1,0
connectivity,1000,4.0,175,5468,1000,1,0
connectivity,1000,4.0,176,5468,1000,1,0
connectivity,1000,4.0,177,5487,1000,1,0
connectivity,1000,4.0,178,5504,1000,1,0
connectivity,1000,4.0,179,5379,1000,1,0
connectivity,1000,4.0,180,5367,1000,1,0
connectivity,1000,4.0,181,5418,1000,1,0
connectivity,1000,4.0,182,5615,1000,1,0
connectivity,1000,4.0,183,5498,1000,1,0
connectivity,1000,4.0,184,5507,1000,1,0
connectivity,1000,4.0,185,5414,1000,1,0
connectivity,1000,4.0,186,5443,1000,1,0
connectivity,1000,4.0,187,5324,999,2,1
connectivity,1000,4.0,188,5657,1000,1,0
connectivity,1000,4.0,189,5616,1000,1,0
connectivity,1000,4.0,190,5341,1000,1,0
connectivity,1000,4.0,191,5508,1000,1,0
connectivity,1000,4.0,192,5456,1000,1,0
connectivity,1000,4.0,193,5356,1000,1,0
connectivity,1000,4.0,194,5432,1000,1,0
connectivity,1000,4.0,195,5373,1000,1,0
connectivity,1000,4.0,196,5346,1000,1,0
connectivity,1000,4.0,197,5464,1000,1,0
connectivity,1000,4.0,198,5464,1000,1,0
connectivity,1000,4.0,199,5482,1000,1,0
connectivity,1000,4.0,200,5518,1000,1,0
connectivity,1000,4.0,201,5470,1000,1,0
connectivity,1000,4.0,202,5483,1000,1,0
connectivity,1000,4.0,203,5451,1000,1,0
connectivity,1000,4.0,204,5451,1000,1,0
connectivity,1000,4.0,205,5557,1000,1,0
connectivity,1000,4.0,206,5400,1000,1,0
connectivity,1000,4.0,207,5490,1000,1,0
connectivity,1000,4.0,208,5503,1000,1,0
connectivity,1000,4.0,209,5448,1000,1,0
connectivity,1000,4.0,210,5393,1000,1,0
connectivity,1000,4.0,211,5381,1000,1,0
connectivity,1000,4.0,212,5479,1000,1,0
connectivity,1000,4.0,213,5458,1000,1,0
connectivity,1000,4.0,214,5496,1000,1,0
connectivity,1000,4.0,215,5524,1000,1,0
connectivity,1000,4.0,216,5446,1000,1,0
connectivity,1000,4.0,217,5494,1000,1,0
connectivity,1000,4.0,218,5487,1000,1,0
connectivity,1000,4.0,219,5420,1000,1,0
connectivity,1000,4.0,220,5430,1000,1,0
connectivity,1000,4.0,221,5425,1000,1,0
connectivity,1000,4.0,222,5452,1000,1,0
connectivity,1000,4.0,223,5393,1000,1,0
connectivity,1000,4.0,224,5463,1000,1,0
connectivity,1000,4.0,225,5468,1000,1,0
connectivity,1000,4.0,226,5496,1000,1,0
connectivity,1000,4.0,227,5628,1000,1,0
connectivity,1000,4.0,228,5461,1000,1,0
connectivity,1000,4.0,229,5377,1000,1,0
connectivity,1000,4.0,230,5432,1000,1,0
connectivity,1000,4.0,231,5521,1000,1,0
connectivity,1000,4.0,232,5435,1000,1,0
connectivity,1000,4.0,233,5399,1000,1,0
connectivity,1000,4.0,234,5522,1000,1,0
connectivity,1000,4.0,235,5540,1000,1,0
connectivity,1000,4.0,236,5531,1000,1,0
connectivity,1000,4.0,237,5402,1000,1,0
connectivity,1000,4.0,238,5415,1000,1,0
connectivity,1000,4.0,239,5446,1000,1,0
connectivity,1000,4.0,240,5409,1000,1,0
connectivity,1000,4.0,241,5526,1000,1,0
connectivity,1000,4.0,242,5516,1000,1,0
connectivity,1000,4.0,243,5487,1000,1,0
connectivity,1000,4.0,244,5510,1000,1,0
connectivity,1000,4.0,245,5443,1000,1,0
connectivity,1000,4.0,246,5386,1000,1,0
connectivity,1000,4.0,247,5349,1000,1,0
connectivity,1000,4.0,248,5372,1000,1,0
connectivity,1000,4.0,249,5353,1000,1,0
connectivity,1000,4.0,250,5492,1000,1,0
connectivity,1000,4.0,251,5384,1000,1,0
connectivity,1000,4.0,252,5362,1000,1,0
connectivity,1000,4.0,253,5529,1000,1,0
connectivity,1000,4.0,254,5379,1000,1,0
connectivity,1000,4.0,255,5261,1000,1,0
connectivity,1000,4.0,256,5366,1000,1,0
connectivity,1000,4.0,257,5456,1000,1,0
connectivity,1000,4.0,258,5439,1000,1,0
connectivity,1000,4.0,259,5503,1000,1,0
connectivity,1000,4.0,260,5448,1000,1,0
connectivity,1000,4.0,261,5345,1000,1,0
connectivity,1000,4.0,262,5390,1000,1,0
connectivity,1000,4.0,263,5320,1000,1,0
connectivity,1000,4.0,264,5493,1000,1,0
connectivity,1000,4.0,265,5460,1000,1,0
connectivity,1000,4.0,266,5489,1000,1,0
connectivity,1000,4.0,267,5426,1000,1,0
connectivity,1000,4.0,268,5456,1000,1,0
connectivity,1000,4.0,269,5547,1000,1,0
connectivity,1000,4.0,270,5490,1000,1,0
connectivity,1000,4.0,271,5493,1000,1,0
connectivity,1000,4.0,272,5421,1000,1,0
connectivity,1000,4.0,273,5429,1000,1,0
connectivity,1000,4.0,274,5415,1000,1,0
connectivity,1000,4.0,275,5365,1000,1,0
connectivity,1000,4.0,276,5383,1000,1,0
connectivity,1000,4.0,277,5400,1000,1,0
connectivity,1000,4.0,278,5447,1000,1,0
connectivity,1000,4.0,279,5458,1000,1,0
connectivity,1000,4.0,280,5365,1000,1,0
connectivity,1000,4.0,281,5346,1000,1,0
connectivity,1000,4.0,282,5449,1000,1,0
connectivity,1000,4.0,283,5484,1000,1,0
connectivity,1000,4.0,284,5477,1000,1,0
connectivity,1000,4.0,285,5511,1000,1,0
connectivity,1000,4.0,286,5433,1000,1,0
connectivity,1000,4.0,287,5402,1000,1,0
connectivity,1000,4.0,288,5413,1000,1,0
connectivity,1000,4.0,289,5358,1000,1,0
connectivity,1000,4.0,290,5405,1000,1,0
connectivity,1000,4.0,291,5497,1000,1,0
connectivity,1000,4.0,292,5494,1000,1,0
connectivity,1000,4.0,293,5366,1000,1,0
connectivity,1000,4.0,294,5440,1000,1,0
connectivity,1000,4.0,295,5407,1000,1,0
connectivity,1000,4.0,296,5399,1000,1,0
connectivity,1000,4.0,297,5491,1000,1,0
connectivity,1000,4.0,298,5371,1000,1,0
connectivity,1000,4.0,299,5343,1000,1,0
connectivity,1000,4.0,300,5574,1000,1,0
connectivity,1000,4.0,301,5341,1000,1,0
connectivity,1000,4.0,302,5491,1000,1,0
connectivity,1000,4.0,303,5489,1000,1,0
connectivity,1000,4.0,304,5375,1000,1,0
connectivity,1000,4.0,305,5412,1000,1,0
connectivity,1000,4.0,306,5404,1000,1,0
connectivity,1000,4.0,307,5527,1000,1,0
connectivity,1000,4.0,308,5379,1000,1,0
connectivity,1000,4.0,309,5563,1000,1,0
connectivity,1000,4.0,310,5529,1000,1,0
connectivity,1000,4.0,311,5479,1000,1,0
connectivity,1000,4.0,312,5450,1000,1,0
connectivity,1000,4.0,313,5363,1000,1,0
connectivity,1000,4.0,314,5456,1000,1,0
connectivity,1000,4.0,315,5418,1000,1,0
connectivity,1000,4.0,316,5586,1000,1,0
connectivity,1000,4.0,317,5413,1000,1,0
connectivity,1000,4.0,318,5444,1000,1,0
connectivity,1000,4.0,319,5474,1000,1,0
connectivity,1000,4.0,320,5404,1000,1,0
connectivity,1000,4.0,321,5333,1000,1,0
connectivity,1000,4.0,322,5382,1000,1,0
connectivity,1000,4.0,323,5531,1000,1,0
connectivity,1000,4.0,324,5412,1000,1,0
connectivity,1000,4.0,325,5279,1000,1,0
connectivity,1000,4.0,326,5561,1000,1,0
connectivity,1000,4.0,327,5467,1000,1,0
connectivity,1000,4.0,328,5427,1000,1,0
connectivity,1000,4.0,329,5467,1000,1,0
connectivity,1000,4.0,330,5534,1000,1,0
connectivity,1000,4.0,331,5579,1000,1,0
connectivity,1000,4.0,332,5529,1000,1,0
connectivity,1000,4.0,333,5407,1000,1,0
connectivity,1000,4.0,334,5337,1000,1,0
connectivity,1000,4.0,335,5504,1000,1,0
connectivity,1000,4.0,336,5394,1000,1,0
connectivity,1000,4.0,337,5509,1000,1,0
connectivity,1000,4.0,338,5316,1000,1,0
connectivity,1000,4.0,339,5317,1000,1,0
connectivity,1000,4.0,340,5541,1000,1,0
connectivity,1000,4.0,341,5488,1000,1,0
connectivity,1000,4.0,342,5324,1000,1,0
connectivity,1000,4.0,343,5470,1000,1,0
connectivity,1000,4.0,344,5471,1000,1,0
connectivity,1000,4.0,345,5500,1000,1,0
connectivity,1000,4.0,346,5455,1000,1,0
connectivity,1000,4.0,347,5619,1000,1,0
connectivity,1000,4.0,348,5426,1000,1,0
connectivity,1000,4.0,349,5485,1000,1,0
connectivity,1000,4.0,350,5534,1000,1,0
connectivity,1000,4.0,351,5392,1000,1,0
connectivity,1000,4.0,352,5414,1000,1,0
connectivity,1000,4.0,353,5492,1000,1,0
connectivity,1000,4.0,354,5364,1000,1,0
connectivity,1000,4.0,355,5200,1000,1,0
connectivity,1000,4.0,356,5480,1000,1,0
connectivity,1000,4.0,357,5453,1000,1,0
connectivity,1000,4.0,358,5553,1000,1,0
connectivity,1000,4.0,359,5332,1000,1,0
connectivity,1000,4.0,360,5367,1000,1,0
connectivity,1000,4.0,361,5389,1000,1,0
connectivity,1000,4.0,362,5439,1000,1,0
connectivity,1000,4.0,363,5473,1000,1,0
connectivity,1000,4.0,364,5365,1000,1,0
connectivity,1000,4.0,365,5576,1000,1,0
connectivity,1000,4.0,366,5326,1000,1,0
connectivity,1000,4.0,367,5413,1000,1,0
connectivity,1000,4.0,368,5547,1000,1,0
connectivity,1000,4.0,369,5294,1000,1,0
connectivity,1000,4.0,370,5450,1000,1,0
connectivity,1000,4.0,371,5353,1000,1,0
connectivity,1000,4.0,372,5405,1000,1,0
connectivity,1000,4.0,373,5491,1000,1,0
connectivity,1000,4.0,374,5461,1000,1,0
connectivity,1000,4.0,375,5580,1000,1,0
connectivity,1000,4.0,376,5562,1000,1,0
connectivity,1000,4.0,377,5393,1000,1,0
connectivity,1000,4.0,378,5338,1000,1,0
connectivity,1000,4.0,379,5474,1000,1,0
connectivity,1000,4.0,380,5462,1000,1,0
connectivity,1000,4.0,381,5514,1000,1,0
connectivity,1000,4.0,382,5299,1000,1,0
connectivity,1000,4.0,383,5481,1000,1,0
connectivity,1000,4.0,384,5389,1000,1,0
connectivity,1000,4.0,385,5268,999,2,1
connectivity,1000,4.0,386,5425,1000,1,0
connectivity,1000,4.0,387,5487,1000,1,0
connectivity,1000,4.0,388,5498,1000,1,0
connectivity,1000,4.0,389,5337,1000,1,0
connectivity,1000,4.0,390,5548,1000,1,0
connectivity,1000,4.0,391,5384,1000,1,0
connectivity,1000,4.0,392,5340,1000,1,0
connectivity,1000,4.0,393,5349,1000,1,0
connectivity,1000,4.0,394,5635,1000,1,0
connectivity,1000,4.0,395,5388,1000,1,0
connectivity,1000,4.0,396,5388,1000,1,0
connectivity,1000,4.0,397,5408,1000,1,0
connectivity,1000,4.0,398,5292,1000,1,0
connectivity,1000,4.0,399,5480,1000,1,0
cycles,500,0.5,0,130,9,370,299
cycles,500,0.5,1,131,9,369,291
cycles,500,0.5,2,120,7,380,311
cycles,500,0.5,3,122,7,378,312
cycles,500,0.5,4,134,9,366,299
cycles,500,0.5,5,125,8,375,303
cycles,500,0.5,6,132,8,368,289
cycles,500,0.5,7,133,7,367,294
cycles,500,0.5,8,112,10,388,321
cycles,500,0.5,9,123,9,377,304
cycles,500,0.5,10,116,8,384,307
cycles,500,0.5,11,129,10,371,297
cycles,500,0.5,12,132,10,368,290
cycles,500,0.5,13,130,10,370,299
cycles,500,0.5,14,148,10,352,279
cycles,500,0.5,15,149,12,351,272
cycles,500,0.5,16,124,7,376,304
cycles,500,0.5,17,132,11,368,294
cycles,500,0.5,18,128,10,372,307
cycles,500,0.5,19,126,6,374,298
cycles,500,0.5,20,125,6,375,295
cycles,500,0.5,21,109,8,391,323
cycles,500,0.5,22,129,11,371,299
cycles,500,0.5,23,126,10,374,300
cycles,500,0.5,24,115,9,385,309
cycles,500,0.5,25,131,14,369,302
cycles,500,0.5,26,118,14,382,314
cycles,500,0.5,27,110,8,391,316
cycles,500,0.5,28,144,19,356,286
cycles,500,0.5,29,126,7,374,299
cycles,500,0.5,30,126,13,374,298
cycles,500,0.5,31,112,9,388,317
cycles,500,0.5,32,128,9,372,300
cycles,500,0.5,33,137,8,363,284
cycles,500,0.5,34,149,10,351,281
cycles,500,0.5,35,100,8,400,337
cycles,500,0.5,36,139,9,361,286
cycles,500,0.5,37,128,10,372,308
cycles,500,0.5,38,133,12,367,290
cycles,500,0.5,39,126,14,374,298
cycles,500,0.5,40,114,6,386,312
cycles,500,0.5,41,126,7,374,298
cycles,500,0.5,42,117,11,383,313
cycles,500,0.5,43,133,8,367,288
cycles,500,0.5,44,138,9,362,287
cycles,500,0.5,45,116,6,384,310
cycles,500,0.5,46,115,6,385,302
cycles,500,0.5,47,117,8,383,317
cycles,500,0.5,48,114,8,386,313
cycles,500,0.5,49,117,7,383,311
cycles,500,0.5,50,129,8,371,292
cycles,500,0.5,51,127,9,373,303
cycles,500,0.5,52,132,9,368,288
cycles,500,0.5,53,121,18,379,314
cycles,500,0.5,54,141,12,359,279
cycles,500,0.5,55,123,6,377,297
cycles,500,0.5,56,124,6,376,309
cycles,500,0.5,57,150,13,350,277
cycles,500,0.5,58,124,13,376,314
cycles,500,0.5,59,133,8,367,293
cycles,500,0.5,60,133,13,367,293
cycles,500,0.5,61,112,8,388,316
cycles,500,0.5,62,133,10,367,290
cycles,500,0.5,63,131,12,369,297
cycles,500,0.5,64,113,7,387,314
cycles,500,0.5,65,147,7,353,272
cycles,500,0.5,66,150,10,350,274
cycles,500,0.5,67,147,10,353,279
cycles,500,0.5,68,114,8,386,321
cycles,500,0.5,69,143,16,357,293
cycles,500,0.5,70,134,19,366,312
cycles,500,0.5,71,121,9,379,312
cycles,500,0.5,72,118,14,382,319
cycles,500,0.5,73,124,9,376,303
cycles,500,0.5,74,119,11,381,318
cycles,500,0.5,75,125,9,375,299
cycles,500,0.5,76,134,17,367,303
cycles,500,0.5,77,123,8,377,303
cycles,500,0.5,78,109,10,391,326
cycles,500,0.5,79,130,9,370,303
cycles,500,0.5,80,118,10,382,307
cycles,500,0.5,81,117,11,383,316
cycles,500,0.5,82,122,7,378,309
cycles,500,0.5,83,146,12,354,284
cycles,500,0.5,84,127,9,373,301
cycles,500,0.5,85,123,9,377,302
cycles,500,0.5,86,141,17,359,298
cycles,500,0.5,87,121,7,379,312
cycles,500,0.5,88,131,10,369,293
cycles,500,0.5,89,142,11,358,279
cycles,500,0.5,90,130,18,370,317
cycles,500,0.5,91,131,11,369,297
cycles,500,0.5,92,131,9,369,287
cycles,500,0.5,93,137,9,363,287
cycles,500,0.5,94,140,10,360,275
cycles,500,0.5,95,130,14,370,299
cycles,500,0.5,96,120,8,380,302
cycles,500,0.5,97,135,14,365,295
cycles,500,0.5,98,118,8,382,315
cycles,500,0.5,99,114,8,386,317
cycles,500,0.5,100,125,10,375,306
cycles,500,0.5,101,125,8,375,305
cycles,500,0.5,102,139,14,361,288
cycles,500,0.5,103,118,11,382,306
cycles,500,0.5,104,141,9,359,273
cycles,500,0.5,105,138,7,362,287
cycles,500,0.5,106,122,12,378,298
cycles,500,0.5,107,112,9,388,319
cycles,500,0.5,108,139,8,361,286
cycles,500,0.5,109,106,15,394,331
cycles,500,0.5,110,144,11,356,286
cycles,500,0.5,111,133,9,367,297
cycles,500,0.5,112,128,10,372,294
cycles,500,0.5,113,131,8,369,297
cycles,500,0.5,114,147,13,353,279
cycles,500,0.5,115,122,10,378,307
cycles,500,0.5,116,132,16,368,294
cycles,500,0.5,117,126,8,374,298
cycles,500,0.5,118,107,9,393,331
cycles,500,0.5,119,121,11,379,311
cycles,500,0.5,120,134,8,366,290
cycles,500,0.5,121,135,12,365,292
cycles,500,0.5,122,118,12,382,316
cycles,500,0.5,123,128,10,372,301
cycles,500,0.5,124,122,6,378,299
cycles,500,0.5,125,128,8,372,296
cycles,500,0.5,126,133,14,367,288
cycles,500,0.5,127,124,10,376,294
cycles,500,0.5,128,135,7,365,290
cycles,500,0.5,129,136,9,364,284
cycles,500,0.5,130,124,7,376,305
cycles,500,0.5,131,122,8,378,299
cycles,500,0.5,132,108,8,392,320
cycles,500,0.5,133,141,13,359,294
cycles,500,0.5,134,128,9,372,304
cycles,500,0.5,135,125,11,375,305
cycles,500,0.5,136,123,9,377,306
cycles,500,0.5,137,112,9,388,321
cycles,500,0.5,138,134,5,366,288
cycles,500,0.5,139,115,9,385,321
cycles,500,0.5,140,134,8,366,289
cycles,500,0.5,141,133,8,367,294
cycles,500,0.5,142,121,9,379,305
cycles,500,0.5,143,141,13,359,294
cycles,500,0.5,144,117,12,383,312
cycles,500,0.5,145,127,10,373,293
cycles,500,0.5,146,138,9,363,292
cycles,500,0.5,147,125,14,375,308
cycles,500,0.5,148,124,7,376,311
cycles,500,0.5,149,111,8,389,326
cycles,500,0.5,150,132,11,368,287
cycles,500,0.5,151,129,19,371,296
cycles,500,0.5,152,136,7,365,291
cycles,500,0.5,153,118,13,382,315
cycles,500,0.5,154,130,9,370,288
cycles,500,0.5,155,122,11,378,305
cycles,500,0.5,156,113,13,387,325
cycles,500,0.5,157,127,9,373,301
cycles,500,0.5,158,128,9,372,298
cycles,500,0.5,159,115,9,385,314
cycles,500,0.5,160,114,6,386,309
cycles,500,0.5,161,131,13,369,300
cycles,500,0.5,162,131,8,370,298
cycles,500,0.5,163,132,9,368,294
cycles,500,0.5,164,144,11,356,282
cycles,500,0.5,165,140,7,360,281
cycles,500,0.5,166,109,15,391,325
cycles,500,0.5,167,132,9,368,294
cycles,500,0.5,168,129,7,371,293
cycles,500,0.5,169,128,11,372,296
cycles,500,0.5,170,142,9,358,286
cycles,500,0.5,171,107,6,393,334
cycles,500,0.5,172,130,9,370,296
cycles,500,0.5,173,133,8,368,301
cycles,500,0.5,174,122,7,378,314
cycles,500,0.5,175,120,8,380,304
cycles,500,0.5,176,113,6,387,310
cycles,500,0.5,177,111,11,389,323
cycles,500,0.5,178,125,10,375,307
cycles,500,0.5,179,130,11,370,300
cycles,500,0.5,180,132,11,368,294
cycles,500,0.5,181,113,8,387,320
cycles,500,0.5,182,132,10,368,295
cycles,500,0.5,183,127,7,373,302
cycles,500,0.5,184,130,9,370,295
cycles,500,0.5,185,124,10,376,313
cycles,500,0.5,186,135,8,365,293
cycles,500,0.5,187,118,7,382,305
cycles,500,0.5,188,111,6,389,315
cycles,500,0.5,189,130,9,370,299
cycles,500,0.5,190,102,12,398,331
cycles,500,0.5,191,124,15,376,309
cycles,500,0.5,192,137,11,363,292
cycles,500,0.5,193,133,9,367,291
cycles,500,0.5,194,105,7,395,326
cycles,500,0.5,195,122,8,378,308
cycles,500,0.5,196,104,10,396,335
cycles,500,0.5,197,103,5,397,323
cycles,500,0.5,198,117,7,383,313
cycles,500,0.5,199,135,10,365,293
cycles,500,0.5,200,107,8,393,322
cycles,500,0.5,201,150,12,350,271
cycles,500,0.5,202,126,12,374,302
cycles,500,0.5,203,116,10,384,316
cycles,500,0.5,204,104,10,396,328
cycles,500,0.5,205,137,10,363,285
cycles,500,0.5,206,141,11,359,275
cycles,500,0.5,207,121,9,379,305
cycles,500,0.5,208,128,14,372,300
cycles,500,0.5,209,131,11,369,290
cycles,500,0.5,210,140,9,361,279
cycles,500,0.5,211,143,18,357,287
cycles,500,0.5,212,124,8,376,303
cycles,500,0.5,213,116,10,384,315
cycles,500,0.5,214,109,10,391,322
cycles,500,0.5,215,136,10,364,290
cycles,500,0.5,216,145,15,355,280
cycles,500,0.5,217,117,6,383,305
cycles,500,0.5,218,135,8,365,288
cycles,500,0.5,219,133,13,367,301
cycles,500,0.5,220,139,8,361,275
cycles,500,0.5,221,115,7,385,312
cycles,500,0.5,222,119,8,381,315
cycles,500,0.5,223,109,12,391,335
cycles,500,0.5,224,111,6,389,316
cycles,500,0.5,225,123,11,378,306
cycles,500,0.5,226,124,11,376,310
cycles,500,0.5,227,140,14,360,290
cycles,500,0.5,228,136,12,364,299
cycles,500,0.5,229,122,13,378,308
cycles,500,0.5,230,127,11,373,302
cycles,500,0.5,231,129,11,371,296
cycles,500,0.5,232,125,11,375,308
cycles,500,0.5,233,127,6,373,288
cycles,500,0.5,234,112,8,388,326
cycles,500,0.5,235,124,7,376,298
cycles,500,0.5,236,120,6,380,309
cycles,500,0.5,237,126,7,374,302
cycles,500,0.5,238,143,12,357,281
cycles,500,0.5,239,127,8,373,297
cycles,500,0.5,240,122,10,378,310
cycles,500,0.5,241,143,13,357,283
cycles,500,0.5,242,150,20,350,273
cycles,500,0.5,243,138,11,362,290
cycles,500,0.5,244,127,14,373,311
cycles,500,0.5,245,123,6,377,297
cycles,500,0.5,246,131,10,369,285
cycles,500,0.5,247,121,13,379,305
cycles,500,0.5,248,114,12,386,315
cycles,500,0.5,249,134,8,366,291
cycles,500,0.5,250,115,8,385,311
cycles,500,0.5,251,134,9,366,284
cycles,500,0.5,252,120,8,380,311
cycles,500,0.5,253,143,11,357,279
cycles,500,0.5,254,137,8,363,278
cycles,500,0.5,255,138,9,362,280
cycles,500,0.5,256,132,11,368,287
cycles,500,0.5,257,122,10,378,311
cycles,500,0.5,258,130,7,370,296
cycles,500,0.5,259,132,8,368,293
cycles,500,0.5,260,105,8,395,329
cycles,500,0.5,261,127,5,373,291
cycles,500,0.5,262,117,9,383,307
cycles,500,0.5,263,134,13,366,295
cycles,500,0.5,264,128,8,372,290
cycles,500,0.5,265,122,10,378,303
cycles,500,0.5,266,121,8,379,309
cycles,500,0.5,267,107,6,393,320
cycles,500,0.5,268,137,15,363,278
cycles,500,0.5,269,125,7,375,304
cycles,500,0.5,270,122,14,378,299
cycles,500,0.5,271,111,7,389,316
cycles,500,0.5,272,124,11,376,298
cycles,500,0.5,273,117,7,383,310
cycles,500,0.5,274,119,6,381,309
cycles,500,0.5,275,124,11,376,308
cycles,500,0.5,276,139,17,362,287
cycles,500,0.5,277,144,14,356,279
cycles,500,0.5,278,112,12,388,319
cycles,500,0.5,279,116,11,384,312
cycles,500,0.5,280,115,6,385,320
cycles,500,0.5,281,120,9,380,302
cycles,500,0.5,282,130,11,370,301
cycles,500,0.5,283,125,10,375,302
cycles,500,0.5,284,136,7,364,283
cycles,500,0.5,285,124,8,376,304
cycles,500,0.5,286,107,6,393,324
cycles,500,0.5,287,134,10,366,289
cycles,500,0.5,288,119,6,381,305
cycles,500,0.5,289,131,8,369,292
cycles,500,0.5,290,128,7,372,297
cycles,500,0.5,291,125,6,375,303
cycles,500,0.5,292,112,6,388,328
cycles,500,0.5,293,135,11,365,287
cycles,500,0.5,294,121,5,379,297
cycles,500,0.5,295,123,8,377,302
cycles,500,0.5,296,119,7,381,303
cycles,500,0.5,297,133,7,367,281
cycles,500,0.5,298,120,12,380,319
cycles,500,0.5,299,131,9,369,295
cycles,500,1.0,0,267,75,233,166
cycles,500,1.0,1,223,27,277,206
cycles,500,1.0,2,215,25,285,209
cycles,500,1.0,3,251,33,249,179
cycles,500,1.0,4,235,43,265,196
cycles,500,1.0,5,238,98,262,198
cycles,500,1.0,6,209,26,291,220
cycles,500,1.0,7,224,29,276,201
cycles,500,1.0,8,231,57,270,204
cycles,500,1.0,9,263,64,237,167
cycles,500,1.0,10,257,45,243,171
cycles,500,1.0,11,248,26,252,176
cycles,500,1.0,12,234,34,266,194
cycles,500,1.0,13,274,117,226,166
cycles,500,1.0,14,241,30,260,191
cycles,500,1.0,15,264,104,237,185
cycles,500,1.0,16,262,24,238,160
cycles,500,1.0,17,269,115,231,171
cycles,500,1.0,18,274,95,226,160
cycles,500,1.0,19,258,47,243,179
cycles,500,1.0,20,287,62,215,157
cycles,500,1.0,21,237,33,263,202
cycles,500,1.0,22,265,26,235,155
cycles,500,1.0,23,256,48,245,174
cycles,500,1.0,24,245,50,257,197
cycles,500,1.0,25,267,34,236,163
cycles,500,1.0,26,250,106,252,195
cycles,500,1.0,27,261,71,239,166
cycles,500,1.0,28,274,113,227,178
cycles,500,1.0,29,249,55,253,186
cycles,500,1.0,30,238,27,262,183
cycles,500,1.0,31,238,76,263,195
cycles,500,1.0,32,259,123,241,176
cycles,500,1.0,33,280,69,221,153
cycles,500,1.0,34,283,87,218,157
cycles,500,1.0,35,239,56,261,193
cycles,500,1.0,36,239,36,263,199
cycles,500,1.0,37,262,67,239,172
cycles,500,1.0,38,210,27,290,214
cycles,500,1.0,39,283,44,218,155
cycles,500,1.0,40,249,54,252,190
cycles,500,1.0,41,229,31,271,194
cycles,500,1.0,42,251,32,249,176
cycles,500,1.0,43,245,66,257,197
cycles,500,1.0,44,248,52,252,190
cycles,500,1.0,45,245,38,256,182
cycles,500,1.0,46,261,35,239,174
cycles,500,1.0,47,256,88,245,194
cycles,500,1.0,48,256,21,245,177
cycles,500,1.0,49,260,39,241,175
cycles,500,1.0,50,253,101,249,187
cycles,500,1.0,51,243,78,259,195
cycles,500,1.0,52,252,90,248,191
cycles,500,1.0,53,267,85,233,173
cycles,500,1.0,54,273,47,229,158
cycles,500,1.0,55,265,116,235,175
cycles,500,1.0,56,245,125,256,206
cycles,500,1.0,57,247,46,254,172
cycles,500,1.0,58,225,23,275,205
cycles,500,1.0,59,234,53,267,190
cycles,500,1.0,60,264,84,237,167
cycles,500,1.0,61,257,56,244,174
cycles,500,1.0,62,244,45,256,180
cycles,500,1.0,63,246,38,256,183
cycles,500,1.0,64,257,41,243,178
cycles,500,1.0,65,245,28,255,182
cycles,500,1.0,66,257,27,243,168
cycles,500,1.0,67,258,41,242,175
cycles,500,1.0,68,234,24,268,200
cycles,500,1.0,69,252,27,248,169
cycles,500,1.0,70,247,117,255,185
cycles,500,1.0,71,236,49,266,200
cycles,500,1.0,72,252,59,248,185
cycles,500,1.0,73,273,82,227,167
cycles,500,1.0,74,247,92,256,199
cycles,500,1.0,75,253,41,247,178
cycles,500,1.0,76,252,40,249,181
cycles,500,1.0,77,272,99,230,174
cycles,500,1.0,78,256,105,249,185
cycles,500,1.0,79,217,23,283,212
cycles,500,1.0,80,234,42,266,196
cycles,500,1.0,81,248,42,252,186
cycles,500,1.0,82,221,22,279,190
cycles,500,1.0,83,244,68,256,182
cycles,500,1.0,84,241,25,259,174
cycles,500,1.0,85,245,70,255,186
cycles,500,1.0,86,253,34,248,171
cycles,500,1.0,87,254,38,246,175
cycles,500,1.0,88,251,23,249,178
cycles,500,1.0,89,285,47,217,157
cycles,500,1.0,90,218,45,283,212
cycles,500,1.0,91,216,17,285,211
cycles,500,1.0,92,246,37,254,195
cycles,500,1.0,93,252,65,250,189
cycles,500,1.0,94,273,129,228,175
cycles,500,1.0,95,250,35,251,184
cycles,500,1.0,96,235,72,265,198
cycles,500,1.0,97,243,97,257,198
cycles,500,1.0,98,247,30,253,182
cycles,500,1.0,99,248,84,252,190
cycles,500,1.0,100,245,64,255,190
cycles,500,1.0,101,261,78,239,179
cycles,500,1.0,102,243,28,257,187
cycles,500,1.0,103,249,41,252,188
cycles,500,1.0,104,246,22,254,185
cycles,500,1.0,105,244,50,259,187
cycles,500,1.0,106,237,25,265,187
cycles,500,1.0,107,267,40,233,166
cycles,500,1.0,108,247,31,253,190
cycles,500,1.0,109,244,46,257,173
cycles,500,1.0,110,200,28,300,215
cycles,500,1.0,111,254,68,247,181
cycles,500,1.0,112,227,52,273,200
cycles,500,1.0,113,244,39,256,181
cycles,500,1.0,114,261,53,242,176
cycles,500,1.0,115,229,40,272,202
cycles,500,1.0,116,254,38,246,183
cycles,500,1.0,117,258,113,243,185
cycles,500,1.0,118,234,62,268,201
cycles,500,1.0,119,250,21,250,162
cycles,500,1.0,120,248,84,253,185
cycles,500,1.0,121,250,57,251,190
cycles,500,1.0,122,232,48,269,207
cycles,500,1.0,123,260,63,242,178
cycles,500,1.0,124,233,26,267,201
cycles,500,1.0,125,267,69,233,177
cycles,500,1.0,126,265,152,237,181
cycles,500,1.0,127,239,47,261,183
cycles,500,1.0,128,262,49,240,168
cycles,500,1.0,129,246,24,254,177
cycles,500,1.0,130,256,36,244,182
cycles,500,1.0,131,254,69,247,183
cycles,500,1.0,132,222,56,278,204
cycles,500,1.0,133,234,16,266,187
cycles,500,1.0,134,296,155,208,145
cycles,500,1.0,135,246,31,254,184
cycles,500,1.0,136,247,92,254,187
cycles,500,1.0,137,275,89,227,170
cycles,500,1.0,138,252,60,249,187
cycles,500,1.0,139,262,82,238,170
cycles,500,1.0,140,240,69,261,187
cycles,500,1.0,141,262,115,245,198
cycles,500,1.0,142,275,112,231,173
cycles,500,1.0,143,268,79,232,183
cycles,500,1.0,144,262,128,242,183
cycles,500,1.0,145,244,89,257,186
cycles,500,1.0,146,242,42,258,191
cycles,500,1.0,147,250,87,251,187
cycles,500,1.0,148,235,21,265,187
cycles,500,1.0,149,261,81,243,175
cycles,500,1.0,150,256,36,246,168
cycles,500,1.0,151,262,137,238,185
cycles,500,1.0,152,255,47,246,181
cycles,500,1.0,153,234,19,267,198
cycles,500,1.0,154,262,44,238,175
cycles,500,1.0,155,293,76,209,135
cycles,500,1.0,156,215,40,285,223
cycles,500,1.0,157,241,52,259,195
cycles,500,1.0,158,259,53,243,171
cycles,500,1.0,159,268,68,233,167
cycles,500,1.0,160,231,28,269,190
cycles,500,1.0,161,247,71,254,194
cycles,500,1.0,162,277,72,225,166
cycles,500,1.0,163,230,19,270,184
cycles,500,1.0,164,234,91,267,206
cycles,500,1.0,165,230,31,271,194
cycles,500,1.0,166,235,20,265,198
cycles,500,1.0,167,253,45,249,184
cycles,500,1.0,168,211,12,289,212
cycles,500,1.0,169,267,106,234,174
cycles,500,1.0,170,265,126,235,172
cycles,500,1.0,171,207,28,293,216
cycles,500,1.0,172,254,60,247,179
cycles,500,1.0,173,245,81,256,188
cycles,500,1.0,174,266,47,234,165
cycles,500,1.0,175,235,37,265,188
cycles,500,1.0,176,272,93,229,168
cycles,500,1.0,177,240,23,260,189
cycles,500,1.0,178,242,30,259,189
cycles,500,1.0,179,241,44,259,193
cycles,500,1.0,180,279,87,222,157
cycles,500,1.0,181,235,23,265,188
cycles,500,1.0,182,239,87,262,195
cycles,500,1.0,183,261,48,239,179
cycles,500,1.0,184,237,21,264,193
cycles,500,1.0,185,234,20,266,191
cycles,500,1.0,186,247,75,253,179
cycles,500,1.0,187,236,27,264,190
cycles,500,1.0,188,235,32,266,206
cycles,500,1.0,189,228,19,273,203
cycles,500,1.0,190,251,77,249,190
cycles,500,1.0,191,248,45,254,195
cycles,500,1.0,192,222,38,278,204
cycles,500,1.0,193,237,24,263,187
cycles,500,1.0,194,245,21,256,184
cycles,500,1.0,195,249,60,251,181
cycles,500,1.0,196,236,44,264,195
cycles,500,1.0,197,244,33,258,185
cycles,500,1.0,198,245,39,255,180
cycles,500,1.0,199,251,20,249,175
cycles,500,1.0,200,228,38,273,203
cycles,500,1.0,201,250,25,251,178
cycles,500,1.0,202,244,39,257,191
cycles,500,1.0,203,234,23,266,188
cycles,500,1.0,204,242,50,259,185
cycles,500,1.0,205,244,32,257,186
cycles,500,1.0,206,252,81,248,190
cycles,500,1.0,207,229,79,271,203
cycles,500,1.0,208,272,46,229,162
cycles,500,1.0,209,253,50,247,171
cycles,500,1.0,210,244,49,256,181
cycles,500,1.0,211,258,97,242,184
cycles,500,1.0,212,266,86,234,168
cycles,500,1.0,213,240,38,263,195
cycles,500,1.0,214,229,54,271,205
cycles,500,1.0,215,217,36,283,208
cycles,500,1.0,216,226,23,275,202
cycles,500,1.0,217,239,29,262,184
cycles,500,1.0,218,232,31,269,189
cycles,500,1.0,219,249,40,252,187
cycles,500,1.0,220,236,43,265,197
cycles,500,1.0,221,233,32,268,191
cycles,500,1.0,222,246,76,254,182
cycles,500,1.0,223,218,35,282,208
cycles,500,1.0,224,254,57,246,172
cycles,500,1.0,225,241,16,260,176
cycles,500,1.0,226,245,33,257,192
cycles,500,1.0,227,244,51,256,191
cycles,500,1.0,228,257,108,245,185
cycles,500,1.0,229,239,27,262,190
cycles,500,1.0,230,273,60,227,163
cycles,500,1.0,231,250,59,250,183
cycles,500,1.0,232,246,81,255,185
cycles,500,1.0,233,267,60,233,175
cycles,500,1.0,234,256,87,246,175
cycles,500,1.0,235,237,41,263,196
cycles,500,1.0,236,268,53,232,166
cycles,500,1.0,237,240,30,261,182
cycles,500,1.0,238,251,39,249,186
cycles,500,1.0,239,258,100,243,180
cycles,500,1.0,240,286,67,215,154
cycles,500,1.0,241,248,47,254,191
cycles,500,1.0,242,269,36,232,159
cycles,500,1.0,243,263,73,237,177
cycles,500,1.0,244,206,16,294,220
cycles,500,1.0,245,213,20,287,209
cycles,500,1.0,246,233,23,269,187
cycles,500,1.0,247,250,46,250,177
cycles,500,1.0,248,250,35,250,183
cycles,500,1.0,249,252,150,250,192
cycles,500,1.0,250,275,60,225,153
cycles,500,1.0,251,252,47,249,181
cycles,500,1.0,252,235,49,266,188
cycles,500,1.0,253,266,53,235,171
cycles,500,1.0,254,246,52,255,191
cycles,500,1.0,255,251,22,249,182
cycles,500,1.0,256,262,32,239,165
cycles,500,1.0,257,251,21,249,174
cycles,500,1.0,258,264,46,236,164
cycles,500,1.0,259,254,61,246,179
cycles,500,1.0,260,233,35,267,196
cycles,500,1.0,261,240,48,260,192
cycles,500,1.0,262,248,51,252,175
cycles,500,1.0,263,237,26,263,200
cycles,500,1.0,264,279,87,223,164
cycles,500,1.0,265,256,54,244,173
cycles,500,1.0,266,238,37,263,198
cycles,500,1.0,267,254,58,246,179
cycles,500,1.0,268,237,32,263,194
cycles,500,1.0,269,267,48,233,169
cycles,500,1.0,270,257,32,243,170
cycles,500,1.0,271,258,63,242,177
cycles,500,1.0,272,225,55,275,203
cycles,500,1.0,273,253,97,248,181
cycles,500,1.0,274,256,53,244,180
cycles,500,1.0,275,245,81,256,197
cycles,500,1.0,276,250,29,251,186
cycles,500,1.0,277,226,33,275,196
cycles,500,1.0,278,283,147,218,166
cycles,500,1.0,279,255,42,245,172
cycles,500,1.0,280,237,57,263,195
cycles,500,1.0,281,218,17,282,199
cycles,500,1.0,282,229,30,272,200
cycles,500,1.0,283,233,61,268,200
cycles,500,1.0,284,224,31,277,204
cycles,500,1.0,285,231,25,270,191
cycles,500,1.0,286,249,49,252,177
cycles,500,1.0,287,221,30,280,212
cycles,500,1.0,288,250,75,250,183
cycles,500,1.0,289,267,140,233,173
cycles,500,1.0,290,270,98,231,170
cycles,500,1.0,291,273,91,228,170
cycles,500,1.0,292,232,57,268,195
cycles,500,1.0,293,240,31,260,183
cycles,500,1.0,294,242,83,258,192
cycles,500,1.0,295,241,31,259,190
cycles,500,1.0,296,235,28,265,194
cycles,500,1.0,297,265,48,236,168
cycles,500,1.0,298,239,47,261,188
cycles,500,1.0,299,274,52,228,164
cycles,500,1.5,0,358,251,160,113
cycles,500,1.5,1,372,283,153,119
cycles,500,1.5,2,370,282,144,106
cycles,500,1.5,3,367,297,148,114
cycles,500,1.5,4,372,297,144,110
cycles,500,1.5,5,356,293,154,120
cycles,500,1.5,6,386,305,141,110
cycles,500,1.5,7,357,251,161,117
cycles,500,1.5,8,358,273,158,122
cycles,500,1.5,9,383,294,142,107
cycles,500,1.5,10,385,314,132,104
cycles,500,1.5,11,378,281,143,111
cycles,500,1.5,12,396,318,132,103
cycles,500,1.5,13,363,261,155,123
cycles,500,1.5,14,378,293,148,113
cycles,500,1.5,15,343,236,167,124
cycles,500,1.5,16,370,308,151,123
cycles,500,1.5,17,390,287,134,103
cycles,500,1.5,18,358,283,156,123
cycles,500,1.5,19,396,304,127,94
cycles,500,1.5,20,372,292,149,119
cycles,500,1.5,21,405,326,122,94
cycles,500,1.5,22,378,319,138,108
cycles,500,1.5,23,335,197,172,125
cycles,500,1.5,24,357,270,155,115
cycles,500,1.5,25,362,268,152,119
cycles,500,1.5,26,367,263,145,113
cycles,500,1.5,27,352,281,162,123
cycles,500,1.5,28,400,313,129,91
cycles,500,1.5,29,356,276,154,118
cycles,500,1.5,30,386,306,134,104
cycles,500,1.5,31,375,318,139,113
cycles,500,1.5,32,374,305,153,127
cycles,500,1.5,33,363,288,155,120
cycles,500,1.5,34,385,300,129,104
cycles,500,1.5,35,365,250,152,113
cycles,500,1.5,36,353,268,157,118
cycles,500,1.5,37,386,286,145,116
cycles,500,1.5,38,389,316,137,110
cycles,500,1.5,39,384,286,135,98
cycles,500,1.5,40,378,296,144,113
cycles,500,1.5,41,372,295,147,116
cycles,500,1.5,42,344,236,167,127
cycles,500,1.5,43,378,290,146,108
cycles,500,1.5,44,382,294,135,104
cycles,500,1.5,45,369,295,142,110
cycles,500,1.5,46,369,255,142,105
cycles,500,1.5,47,405,334,126,102
cycles,500,1.5,48,352,272,163,134
cycles,500,1.5,49,344,220,161,117
cycles,500,1.5,50,378,301,143,115
cycles,500,1.5,51,354,250,161,126
cycles,500,1.5,52,359,288,157,119
cycles,500,1.5,53,365,292,157,120
cycles,500,1.5,54,401,282,125,87
cycles,500,1.5,55,394,291,138,103
cycles,500,1.5,56,378,311,135,102
cycles,500,1.5,57,344,269,165,133
cycles,500,1.5,58,334,167,172,123
cycles,500,1.5,59,345,236,164,131
cycles,500,1.5,60,352,276,157,120
cycles,500,1.5,61,343,251,168,124
cycles,500,1.5,62,388,306,146,115
cycles,500,1.5,63,391,308,133,102
cycles,500,1.5,64,355,246,155,120
cycles,500,1.5,65,352,224,153,110
cycles,500,1.5,66,368,276,148,110
cycles,500,1.5,67,393,322,129,100
cycles,500,1.5,68,390,299,125,84
cycles,500,1.5,69,378,292,146,113
cycles,500,1.5,70,354,293,167,141
cycles,500,1.5,71,369,310,147,120
cycles,500,1.5,72,352,266,162,125
cycles,500,1.5,73,352,254,167,124
cycles,500,1.5,74,367,281,147,109
cycles,500,1.5,75,348,267,164,125
cycles,500,1.5,76,382,299,147,121
cycles,500,1.5,77,389,315,138,114
cycles,500,1.5,78,399,313,114,84
cycles,500,1.5,79,331,161,175,129
cycles,500,1.5,80,374,265,149,110
cycles,500,1.5,81,390,285,127,92
cycles,500,1.5,82,390,302,127,88
cycles,500,1.5,83,369,267,148,106
cycles,500,1.5,84,369,297,141,105
cycles,500,1.5,85,366,308,147,118
cycles,500,1.5,86,380,295,145,111
cycles,500,1.5,87,395,330,129,103
cycles,500,1.5,88,359,231,149,105
cycles,500,1.5,89,400,307,128,97
cycles,500,1.5,90,358,279,163,134
cycles,500,1.5,91,369,295,154,126
cycles,500,1.5,92,383,325,132,106
cycles,500,1.5,93,388,286,133,91
cycles,500,1.5,94,379,294,138,103
cycles,500,1.5,95,359,270,163,124
cycles,500,1.5,96,386,314,137,110
cycles,500,1.5,97,368,262,144,107
cycles,500,1.5,98,343,280,168,139
cycles,500,1.5,99,355,225,155,118
cycles,500,1.5,100,373,299,144,110
cycles,500,1.5,101,393,308,145,114
cycles,500,1.5,102,385,286,136,103
cycles,500,1.5,103,361,269,154,107
cycles,500,1.5,104,346,241,158,107
cycles,500,1.5,105,381,286,134,101
cycles,500,1.5,106,388,309,136,105
cycles,500,1.5,107,358,262,158,111
cycles,500,1.5,108,402,318,126,100
cycles,500,1.5,109,373,290,148,121
cycles,500,1.5,110,345,252,165,116
cycles,500,1.5,111,374,285,157,126
cycles,500,1.5,112,377,278,140,105
cycles,500,1.5,113,354,236,161,119
cycles,500,1.5,114,377,306,139,112
cycles,500,1.5,115,368,279,152,129
cycles,500,1.5,116,353,254,158,123
cycles,500,1.5,117,365,281,146,109
cycles,500,1.5,118,399,301,124,90
cycles,500,1.5,119,362,289,157,122
cycles,500,1.5,120,384,327,143,121
cycles,500,1.5,121,375,310,151,121
cycles,500,1.5,122,377,289,142,105
cycles,500,1.5,123,380,277,143,116
cycles,500,1.5,124,361,265,152,113
cycles,500,1.5,125,384,303,140,112
cycles,500,1.5,126,381,306,139,110
cycles,500,1.5,127,366,278,145,114
cycles,500,1.5,128,369,273,144,99
cycles,500,1.5,129,379,256,140,103
cycles,500,1.5,130,349,265,163,122
cycles,500,1.5,131,374,313,146,122
cycles,500,1.5,132,370,281,146,110
cycles,500,1.5,133,401,319,132,102
cycles,500,1.5,134,373,277,152,120
cycles,500,1.5,135,355,209,154,108
cycles,500,1.5,136,375,286,133,98
cycles,500,1.5,137,374,300,146,112
cycles,500,1.5,138,344,242,162,115
cycles,500,1.5,139,387,305,136,100
cycles,500,1.5,140,391,321,127,93
cycles,500,1.5,141,376,268,142,106
cycles,500,1.5,142,361,253,150,112
cycles,500,1.5,143,361,267,151,118
cycles,500,1.5,144,356,262,151,108
cycles,500,1.5,145,381,303,140,112
cycles,500,1.5,146,378,288,140,99
cycles,500,1.5,147,384,300,141,108
cycles,500,1.5,148,349,272,155,116
cycles,500,1.5,149,403,292,120,89
cycles,500,1.5,150,396,331,132,106
cycles,500,1.5,151,329,228,179,137
cycles,500,1.5,152,377,279,139,106
cycles,500,1.5,153,389,286,131,100
cycles,500,1.5,154,403,336,130,111
cycles,500,1.5,155,387,288,136,101
cycles,500,1.5,156,372,293,155,129
cycles,500,1.5,157,338,245,184,141
cycles,500,1.5,158,381,298,142,110
cycles,500,1.5,159,358,277,156,126
cycles,500,1.5,160,367,258,151,105
cycles,500,1.5,161,341,219,168,124
cycles,500,1.5,162,352,256,159,122
cycles,500,1.5,163,396,333,127,103
cycles,500,1.5,164,394,321,132,108
cycles,500,1.5,165,365,300,161,133
cycles,500,1.5,166,361,286,159,124
cycles,500,1.5,167,406,325,128,94
cycles,500,1.5,168,404,325,128,103
cycles,500,1.5,169,350,262,161,129
cycles,500,1.5,170,337,191,173,125
cycles,500,1.5,171,384,284,134,98
cycles,500,1.5,172,381,300,139,102
cycles,500,1.5,173,382,323,136,106
cycles,500,1.5,174,360,291,149,111
cycles,500,1.5,175,390,323,132,101
cycles,500,1.5,176,335,214,173,135
cycles,500,1.5,177,383,308,134,102
cycles,500,1.5,178,344,245,165,125
cycles,500,1.5,179,374,260,152,115
cycles,500,1.5,180,390,315,138,108
cycles,500,1.5,181,330,205,174,133
cycles,500,1.5,182,374,288,144,108
cycles,500,1.5,183,369,290,158,125
cycles,500,1.5,184,378,294,138,103
cycles,500,1.5,185,367,291,154,120
cycles,500,1.5,186,424,340,107,80
cycles,500,1.5,187,359,247,158,130
cycles,500,1.5,188,363,283,148,110
cycles,500,1.5,189,380,304,147,117
cycles,500,1.5,190,380,279,133,102
cycles,500,1.5,191,382,289,141,103
cycles,500,1.5,192,379,305,136,102
cycles,500,1.5,193,343,212,173,129
cycles,500,1.5,194,386,322,137,110
cycles,500,1.5,195,364,258,150,117
cycles,500,1.5,196,372,272,140,110
cycles,500,1.5,197,376,287,144,113
cycles,500,1.5,198,402,332,134,112
cycles,500,1.5,199,375,283,145,111
cycles,500,1.5,200,368,274,151,114
cycles,500,1.5,201,390,293,132,97
cycles,500,1.5,202,388,283,143,107
cycles,500,1.5,203,407,326,127,100
cycles,500,1.5,204,386,300,134,96
cycles,500,1.5,205,386,330,132,103
cycles,500,1.5,206,385,306,132,101
cycles,500,1.5,207,365,262,147,107
cycles,500,1.5,208,395,323,134,108
cycles,500,1.5,209,352,263,157,120
cycles,500,1.5,210,362,291,151,122
cycles,500,1.5,211,397,321,123,98
cycles,500,1.5,212,391,310,139,110
cycles,500,1.5,213,375,301,141,110
cycles,500,1.5,214,357,275,159,119
cycles,500,1.5,215,365,293,154,118
cycles,500,1.5,216,384,278,137,100
cycles,500,1.5,217,368,292,147,111
cycles,500,1.5,218,364,247,152,113
cycles,500,1.5,219,387,304,146,117
cycles,500,1.5,220,394,304,130,97
cycles,500,1.5,221,354,272,154,125
cycles,500,1.5,222,360,252,151,120
cycles,500,1.5,223,382,298,144,109
cycles,500,1.5,224,379,261,143,109
cycles,500,1.5,225,390,308,139,113
cycles,500,1.5,226,387,315,143,116
cycles,500,1.5,227,368,288,147,115
cycles,500,1.5,228,378,285,145,109
cycles,500,1.5,229,392,325,132,109
cycles,500,1.5,230,361,266,157,121
cycles,500,1.5,231,358,286,166,132
cycles,500,1.5,232,368,253,146,118
cycles,500,1.5,233,409,351,121,98
cycles,500,1.5,234,403,342,126,100
cycles,500,1.5,235,377,297,137,105
cycles,500,1.5,236,427,355,112,87
cycles,500,1.5,237,371,287,145,105
cycles,500,1.5,238,434,347,114,89
cycles,500,1.5,239,360,292,150,121
cycles,500,1.5,240,386,300,130,99
cycles,500,1.5,241,373,296,142,114
cycles,500,1.5,242,358,282,154,132
cycles,500,1.5,243,350,274,160,126
cycles,500,1.5,244,389,286,144,108
cycles,500,1.5,245,386,311,133,103
cycles,500,1.5,246,375,293,146,115
cycles,500,1.5,247,414,346,106,83
cycles,500,1.5,248,418,341,119,94
cycles,500,1.5,249,365,269,156,123
cycles,500,1.5,250,372,280,141,104
cycles,500,1.5,251,371,299,142,112
cycles,500,1.5,252,384,311,141,107
cycles,500,1.5,253,369,285,146,112
cycles,500,1.5,254,388,318,136,109
cycles,500,1.5,255,330,202,179,124
cycles,500,1.5,256,354,271,152,120
cycles,500,1.5,257,335,262,171,131
cycles,500,1.5,258,351,225,168,122
cycles,500,1.5,259,381,301,142,107
cycles,500,1.5,260,395,307,121,84
cycles,500,1.5,261,394,346,130,112
cycles,500,1.5,262,394,317,138,114
cycles,500,1.5,263,382,277,134,101
cycles,500,1.5,264,394,323,135,108
cycles,500,1.5,265,377,290,148,110
cycles,500,1.5,266,401,297,137,100
cycles,500,1.5,267,379,299,148,114
cycles,500,1.5,268,425,340,121,94
cycles,500,1.5,269,383,326,140,116
cycles,500,1.5,270,375,287,140,108
cycles,500,1.5,271,368,272,143,100
cycles,500,1.5,272,364,298,150,118
cycles,500,1.5,273,374,267,142,106
cycles,500,1.5,274,390,295,144,109
cycles,500,1.5,275,388,308,137,106
cycles,500,1.5,276,365,276,144,103
cycles,500,1.5,277,365,272,146,110
cycles,500,1.5,278,389,301,137,113
cycles,500,1.5,279,368,267,145,104
cycles,500,1.5,280,369,290,152,121
cycles,500,1.5,281,360,265,163,130
cycles,500,1.5,282,351,257,162,123
cycles,500,1.5,283,365,286,151,114
cycles,500,1.5,284,368,271,152,114
cycles,500,1.5,285,338,226,170,126
cycles,500,1.5,286,347,271,171,136
cycles,500,1.5,287,393,321,137,115
cycles,500,1.5,288,369,278,148,114
cycles,500,1.5,289,377,313,136,106
cycles,500,1.5,290,369,273,148,111
cycles,500,1.5,291,400,331,128,105
cycles,500,1.5,292,382,294,133,96
cycles,500,1.5,293,361,270,154,117
cycles,500,1.5,294,360,296,159,130
cycles,500,1.5,295,364,278,158,118
cycles,500,1.5,296,370,286,145,113
cycles,500,1.5,297,377,294,143,110
cycles,500,1.5,298,404,309,130,98
cycles,500,1.5,299,340,225,171,125
cycles,500,2.0,0,494,378,99,83
cycles,500,2.0,1,501,406,80,68
cycles,500,2.0,2,527,412,69,55
cycles,500,2.0,3,494,403,82,73
cycles,500,2.0,4,523,409,79,69
cycles,500,2.0,5,488,396,93,83
cycles,500,2.0,6,470,374,90,69
cycles,500,2.0,7,474,373,90,66
cycles,500,2.0,8,517,389,83,66
cycles,500,2.0,9,474,374,98,77
cycles,500,2.0,10,506,395,79,60
cycles,500,2.0,11,504,403,81,68
cycles,500,2.0,12,532,416,73,64
cycles,500,2.0,13,483,396,88,73
cycles,500,2.0,14,491,391,88,70
cycles,500,2.0,15,514,410,80,71
cycles,500,2.0,16,508,405,77,62
cycles,500,2.0,17,482,385,92,75
cycles,500,2.0,18,507,393,85,71
cycles,500,2.0,19,542,415,73,62
cycles,500,2.0,20,471,388,89,73
cycles,500,2.0,21,507,404,75,62
cycles,500,2.0,22,516,404,74,58
cycles,500,2.0,23,508,408,69,57
cycles,500,2.0,24,511,413,75,63
cycles,500,2.0,25,504,398,80,63
cycles,500,2.0,26,543,424,61,49
cycles,500,2.0,27,510,399,79,65
cycles,500,2.0,28,476,384,96,82
cycles,500,2.0,29,492,392,85,71
cycles,500,2.0,30,514,398,73,53
cycles,500,2.0,31,490,384,88,68
cycles,500,2.0,32,477,383,94,73
cycles,500,2.0,33,548,419,69,58
cycles,500,2.0,34,524,412,72,59
cycles,500,2.0,35,511,412,71,60
cycles,500,2.0,36,509,406,78,68
cycles,500,2.0,37,519,410,75,61
cycles,500,2.0,38,517,414,72,61
cycles,500,2.0,39,472,360,90,71
cycles,500,2.0,40,505,401,76,59
cycles,500,2.0,41,469,384,89,72
cycles,500,2.0,42,513,415,78,69
cycles,500,2.0,43,528,416,75,69
cycles,500,2.0,44,522,412,74,61
cycles,500,2.0,45,492,392,88,72
cycles,500,2.0,46,503,410,80,70
cycles,500,2.0,47,500,407,78,66
cycles,500,2.0,48,493,397,83,71
cycles,500,2.0,49,476,387,84,70
cycles,500,2.0,50,506,408,83,74
cycles,500,2.0,51,512,386,86,66
cycles,500,2.0,52,489,404,80,65
cycles,500,2.0,53,511,411,77,65
cycles,500,2.0,54,512,388,82,67
cycles,500,2.0,55,540,417,68,54
cycles,500,2.0,56,496,399,84,69
cycles,500,2.0,57,513,406,75,59
cycles,500,2.0,58,504,382,79,59
cycles,500,2.0,59,487,398,85,72
cycles,500,2.0,60,484,386,87,70
cycles,500,2.0,61,503,391,87,75
cycles,500,2.0,62,532,405,78,69
cycles,500,2.0,63,508,408,74,60
cycles,500,2.0,64,450,359,105,85
cycles,500,2.0,65,469,359,100,76
cycles,500,2.0,66,500,385,92,77
cycles,500,2.0,67,468,381,96,76
cycles,500,2.0,68,507,399,83,67
cycles,500,2.0,69,484,378,90,67
cycles,500,2.0,70,507,402,82,69
cycles,500,2.0,71,541,421,68,60
cycles,500,2.0,72,475,382,94,80
cycles,500,2.0,73,437,354,108,85
cycles,500,2.0,74,542,420,66,56
cycles,500,2.0,75,493,409,79,69
cycles,500,2.0,76,488,392,83,66
cycles,500,2.0,77,524,405,77,61
cycles,500,2.0,78,515,397,87,75
cycles,500,2.0,79,466,377,99,78
cycles,500,2.0,80,505,398,75,61
cycles,500,2.0,81,462,371,98,79
cycles,500,2.0,82,553,435,64,61
cycles,500,2.0,83,507,395,83,68
cycles,500,2.0,84,522,408,75,60
cycles,500,2.0,85,535,413,73,60
cycles,500,2.0,86,469,387,90,77
cycles,500,2.0,87,525,408,75,64
cycles,500,2.0,88,489,391,92,78
cycles,500,2.0,89,491,402,83,69
cycles,500,2.0,90,476,377,95,78
cycles,500,2.0,91,534,408,68,54
cycles,500,2.0,92,504,401,75,58
cycles,500,2.0,93,527,405,74,60
cycles,500,2.0,94,500,397,88,75
cycles,500,2.0,95,497,399,84,71
cycles,500,2.0,96,491,393,78,59
cycles,500,2.0,97,467,382,96,79
cycles,500,2.0,98,525,412,72,64
cycles,500,2.0,99,507,394,84,69
cycles,500,2.0,100,478,386,95,79
cycles,500,2.0,101,534,417,76,67
cycles,500,2.0,102,499,399,84,74
cycles,500,2.0,103,494,385,90,76
cycles,500,2.0,104,475,393,83,65
cycles,500,2.0,105,533,408,77,65
cycles,500,2.0,106,501,401,85,71
cycles,500,2.0,107,512,399,82,67
cycles,500,2.0,108,463,374,96,82
cycles,500,2.0,109,502,400,82,69
cycles,500,2.0,110,487,386,88,73
cycles,500,2.0,111,505,407,73,60
cycles,500,2.0,112,514,403,77,63
cycles,500,2.0,113,514,391,78,59
cycles,500,2.0,114,511,402,79,64
cycles,500,2.0,115,527,413,66,49
cycles,500,2.0,116,482,396,86,74
cycles,500,2.0,117,489,404,82,71
cycles,500,2.0,118,494,388,86,68
cycles,500,2.0,119,497,415,71,61
cycles,500,2.0,120,491,403,84,71
cycles,500,2.0,121,489,385,87,66
cycles,500,2.0,122,530,403,80,65
cycles,500,2.0,123,514,422,67,57
cycles,500,2.0,124,442,367,107,88
cycles,500,2.0,125,504,406,78,66
cycles,500,2.0,126,480,393,80,65
cycles,500,2.0,127,509,392,85,73
cycles,500,2.0,128,521,416,73,62
cycles,500,2.0,129,469,398,94,88
cycles,500,2.0,130,529,417,69,55
cycles,500,2.0,131,487,395,88,74
cycles,500,2.0,132,493,398,78,63
cycles,500,2.0,133,518,393,91,76
cycles,500,2.0,134,445,368,103,82
cycles,500,2.0,135,510,399,75,62
cycles,500,2.0,136,518,408,72,56
cycles,500,2.0,137,491,367,100,80
cycles,500,2.0,138,488,376,82,62
cycles,500,2.0,139,534,414,70,56
cycles,500,2.0,140,500,397,89,76
cycles,500,2.0,141,480,380,87,65
cycles,500,2.0,142,487,399,75,57
cycles,500,2.0,143,484,402,75,60
cycles,500,2.0,144,526,423,63,51
cycles,500,2.0,145,506,394,89,74
cycles,500,2.0,146,466,374,95,77
cycles,500,2.0,147,488,407,80,70
cycles,500,2.0,148,467,387,92,78
cycles,500,2.0,149,456,356,102,83
cycles,500,2.0,150,532,415,68,56
cycles,500,2.0,151,486,385,87,67
cycles,500,2.0,152,483,379,89,66
cycles,500,2.0,153,506,390,85,67
cycles,500,2.0,154,461,375,96,81
cycles,500,2.0,155,505,408,79,67
cycles,500,2.0,156,468,359,97,75
cycles,500,2.0,157,508,411,70,56
cycles,500,2.0,158,536,432,60,50
cycles,500,2.0,159,414,345,115,90
cycles,500,2.0,160,508,387,87,66
cycles,500,2.0,161,492,412,76,65
cycles,500,2.0,162,529,418,76,68
cycles,500,2.0,163,470,374,94,77
cycles,500,2.0,164,467,387,94,77
cycles,500,2.0,165,464,383,95,76
cycles,500,2.0,166,479,394,91,79
cycles,500,2.0,167,496,392,88,73
cycles,500,2.0,168,487,393,85,69
cycles,500,2.0,169,495,397,85,70
cycles,500,2.0,170,442,357,114,92
cycles,500,2.0,171,498,393,90,74
cycles,500,2.0,172,504,399,80,69
cycles,500,2.0,173,531,407,73,60
cycles,500,2.0,174,458,373,100,80
cycles,500,2.0,175,466,385,88,67
cycles,500,2.0,176,490,405,83,73
cycles,500,2.0,177,465,378,95,76
cycles,500,2.0,178,436,375,104,88
cycles,500,2.0,179,523,399,70,53
cycles,500,2.0,180,516,413,69,56
cycles,500,2.0,181,491,399,81,65
cycles,500,2.0,182,508,414,67,50
cycles,500,2.0,183,458,375,91,71
cycles,500,2.0,184,498,407,76,65
cycles,500,2.0,185,540,434,60,54
cycles,500,2.0,186,512,413,78,68
cycles,500,2.0,187,509,412,76,66
cycles,500,2.0,188,533,414,69,57
cycles,500,2.0,189,501,389,91,79
cycles,500,2.0,190,477,379,93,78
cycles,500,2.0,191,463,358,102,80
cycles,500,2.0,192,477,384,84,68
cycles,500,2.0,193,463,390,96,81
cycles,500,2.0,194,476,378,92,73
cycles,500,2.0,195,524,413,73,61
cycles,500,2.0,196,497,408,77,66
cycles,500,2.0,197,510,412,70,58
cycles,500,2.0,198,514,408,75,60
cycles,500,2.0,199,501,404,79,68
cycles,500,2.0,200,502,394,82,68
cycles,500,2.0,201,498,399,82,64
cycles,500,2.0,202,487,388,84,68
cycles,500,2.0,203,516,415,75,64
cycles,500,2.0,204,509,387,92,74
cycles,500,2.0,205,576,422,66,56
cycles,500,2.0,206,483,390,91,78
cycles,500,2.0,207,506,395,85,71
cycles,500,2.0,208,499,403,83,69
cycles,500,2.0,209,509,411,73,61
cycles,500,2.0,210,512,399,85,75
cycles,500,2.0,211,503,392,88,70
cycles,500,2.0,212,486,387,95,78
cycles,500,2.0,213,469,365,100,76
cycles,500,2.0,214,487,404,80,66
cycles,500,2.0,215,532,405,76,64
cycles,500,2.0,216,489,394,91,78
cycles,500,2.0,217,491,422,68,59
cycles,500,2.0,218,489,375,88,66
cycles,500,2.0,219,480,384,94,74
cycles,500,2.0,220,473,373,85,63
cycles,500,2.0,221,510,403,84,75
cycles,500,2.0,222,553,429,65,59
cycles,500,2.0,223,549,420,72,64
cycles,500,2.0,224,493,390,89,72
cycles,500,2.0,225,511,414,75,67
cycles,500,2.0,226,450,379,102,85
cycles,500,2.0,227,480,396,85,71
cycles,500,2.0,228,482,393,89,77
cycles,500,2.0,229,493,409,73,59
cycles,500,2.0,230,559,429,62,53
cycles,500,2.0,231,512,409,75,61
cycles,500,2.0,232,526,412,69,59
cycles,500,2.0,233,520,401,78,62
cycles,500,2.0,234,490,409,83,74
cycles,500,2.0,235,465,398,93,86
cycles,500,2.0,236,478,375,95,78
cycles,500,2.0,237,502,396,75,56
cycles,500,2.0,238,519,405,74,57
cycles,500,2.0,239,511,405,79,67
cycles,500,2.0,240,516,384,100,87
cycles,500,2.0,241,506,409,79,69
cycles,500,2.0,242,467,382,87,67
cycles,500,2.0,243,533,417,72,59
cycles,500,2.0,244,460,372,97,77
cycles,500,2.0,245,522,400,81,66
cycles,500,2.0,246,495,397,84,71
cycles,500,2.0,247,502,391,82,66
cycles,500,2.0,248,479,378,93,74
cycles,500,2.0,249,468,397,87,75
cycles,500,2.0,250,510,416,67,54
cycles,500,2.0,251,476,382,89,71
cycles,500,2.0,252,471,378,94,71
cycles,500,2.0,253,460,367,101,79
cycles,500,2.0,254,499,384,98,83
cycles,500,2.0,255,480,379,96,76
cycles,500,2.0,256,528,405,80,66
cycles,500,2.0,257,500,402,79,62
cycles,500,2.0,258,526,411,77,66
cycles,500,2.0,259,465,361,99,75
cycles,500,2.0,260,512,402,80,65
cycles,500,2.0,261,489,394,80,67
cycles,500,2.0,262,496,397,80,64
cycles,500,2.0,263,545,425,63,55
cycles,500,2.0,264,498,391,82,63
cycles,500,2.0,265,529,425,66,58
cycles,500,2.0,266,516,412,76,69
cycles,500,2.0,267,481,389,94,78
cycles,500,2.0,268,499,401,78,58
cycles,500,2.0,269,518,396,82,67
cycles,500,2.0,270,492,393,84,69
cycles,500,2.0,271,523,418,74,66
cycles,500,2.0,272,476,379,93,72
cycles,500,2.0,273,472,387,98,86
cycles,500,2.0,274,512,403,80,69
cycles,500,2.0,275,501,383,94,73
cycles,500,2.0,276,483,392,89,71
cycles,500,2.0,277,453,358,99,75
cycles,500,2.0,278,485,371,92,68
cycles,500,2.0,279,491,397,91,81
cycles,500,2.0,280,515,405,70,54
cycles,500,2.0,281,517,406,78,64
cycles,500,2.0,282,469,385,94,78
cycles,500,2.0,283,556,431,62,53
cycles,500,2.0,284,503,389,84,67
cycles,500,2.0,285,475,375,90,69
cycles,500,2.0,286,478,373,93,73
cycles,500,2.0,287,472,389,97,82
cycles,500,2.0,288,490,391,86,70
cycles,500,2.0,289,495,410,78,68
cycles,500,2.0,290,495,400,80,69
cycles,500,2.0,291,482,381,85,66
cycles,500,2.0,292,503,414,77,66
cycles,500,2.0,293,507,419,72,62
cycles,500,2.0,294,477,389,84,67
cycles,500,2.0,295,483,405,84,72
cycles,500,2.0,296,473,387,85,66
cycles,500,2.0,297,548,412,70,55
cycles,500,2.0,298,490,395,84,67
cycles,500,2.0,299,535,409,65,52
cycles,500,2.5,0,609,443,44,34
cycles,500,2.5,1,587,444,53,48
cycles,500,2.5,2,638,442,50,42
cycles,500,2.5,3,610,436,53,46
cycles,500,2.5,4,630,448,50,46
cycles,500,2.5,5,605,446,52,49
cycles,500,2.5,6,641,455,41,36
cycles,500,2.5,7,637,446,42,35
cycles,500,2.5,8,656,455,43,39
cycles,500,2.5,9,606,435,54,47
cycles,500,2.5,10,591,446,51,46
cycles,500,2.5,11,616,453,45,41
cycles,500,2.5,12,625,441,54,48
cycles,500,2.5,13,597,435,59,52
cycles,500,2.5,14,630,461,35,31
cycles,500,2.5,15,632,459,35,27
cycles,500,2.5,16,620,448,45,39
cycles,500,2.5,17,624,460,39,36
cycles,500,2.5,18,616,442,55,51
cycles,500,2.5,19,582,433,52,42
cycles,500,2.5,20,642,449,49,46
cycles,500,2.5,21,643,458,40,37
cycles,500,2.5,22,618,448,49,44
cycles,500,2.5,23,643,470,30,28
cycles,500,2.5,24,645,444,52,46
cycles,500,2.5,25,589,437,55,48
cycles,500,2.5,26,644,444,51,45
cycles,500,2.5,27,645,453,40,35
cycles,500,2.5,28,680,465,33,30
cycles,500,2.5,29,625,440,49,43
cycles,500,2.5,30,669,461,37,33
cycles,500,2.5,31,614,435,52,41
cycles,500,2.5,32,661,465,34,31
cycles,500,2.5,33,594,452,46,42
cycles,500,2.5,34,669,448,41,35
cycles,500,2.5,35,598,450,45,39
cycles,500,2.5,36,574,440,50,41
cycles,500,2.5,37,605,437,54,48
cycles,500,2.5,38,607,432,62,55
cycles,500,2.5,39,672,454,41,34
cycles,500,2.5,40,593,433,59,50
cycles,500,2.5,41,607,439,55,47
cycles,500,2.5,42,645,449,44,35
cycles,500,2.5,43,626,447,51,47
cycles,500,2.5,44,632,445,51,45
cycles,500,2.5,45,634,449,45,37
cycles,500,2.5,46,588,443,48,37
cycles,500,2.5,47,641,455,41,35
cycles,500,2.5,48,596,452,44,39
cycles,500,2.5,49,654,459,41,39
cycles,500,2.5,50,577,436,58,50
cycles,500,2.5,51,634,456,38,32
cycles,500,2.5,52,616,442,50,43
cycles,500,2.5,53,667,457,40,35
cycles,500,2.5,54,566,438,57,51
cycles,500,2.5,55,575,419,64,50
cycles,500,2.5,56,648,462,38,36
cycles,500,2.5,57,633,450,44,38
cycles,500,2.5,58,611,456,36,27
cycles,500,2.5,59,579,427,60,53
cycles,500,2.5,60,651,452,43,36
cycles,500,2.5,61,643,446,50,46
cycles,500,2.5,62,619,434,51,41
cycles,500,2.5,63,586,455,45,43
cycles,500,2.5,64,630,435,50,42
cycles,500,2.5,65,607,428,65,56
cycles,500,2.5,66,635,454,43,39
cycles,500,2.5,67,602,453,42,35
cycles,500,2.5,68,639,440,48,38
cycles,500,2.5,69,620,444,43,35
cycles,500,2.5,70,658,458,38,32
cycles,500,2.5,71,627,450,44,39
cycles,500,2.5,72,610,452,45,41
cycles,500,2.5,73,639,450,45,38
cycles,500,2.5,74,628,446,51,46
cycles,500,2.5,75,639,452,42,35
cycles,500,2.5,76,602,437,57,49
cycles,500,2.5,77,600,450,47,42
cycles,500,2.5,78,651,450,47,42
cycles,500,2.5,79,602,439,52,43
cycles,500,2.5,80,668,459,40,38
cycles,500,2.5,81,625,449,44,38
cycles,500,2.5,82,660,464,35,32
cycles,500,2.5,83,643,441,49,42
cycles,500,2.5,84,634,474,24,20
cycles,500,2.5,85,610,440,51,43
cycles,500,2.5,86,616,439,57,51
cycles,500,2.5,87,652,458,39,36
cycles,500,2.5,88,618,450,45,38
cycles,500,2.5,89,621,450,45,39
cycles,500,2.5,90,660,461,37,33
cycles,500,2.5,91,673,464,37,36
cycles,500,2.5,92,611,432,60,53
cycles,500,2.5,93,609,447,49,44
cycles,500,2.5,94,640,456,42,38
cycles,500,2.5,95,645,456,40,35
cycles,500,2.5,96,625,438,53,46
cycles,500,2.5,97,622,438,50,42
cycles,500,2.5,98,631,460,36,31
cycles,500,2.5,99,666,452,47,44
cycles,500,2.5,100,635,445,48,42
cycles,500,2.5,101,604,435,56,48
cycles,500,2.5,102,639,441,49,41
cycles,500,2.5,103,630,448,42,31
cycles,500,2.5,104,631,450,47,42
cycles,500,2.5,105,658,456,43,40
cycles,500,2.5,106,637,454,43,38
cycles,500,2.5,107,622,459,36,31
cycles,500,2.5,108,646,459,39,35
cycles,500,2.5,109,655,457,41,37
cycles,500,2.5,110,601,431,53,44
cycles,500,2.5,111,643,449,47,42
cycles,500,2.5,112,591,436,54,45
cycles,500,2.5,113,618,451,46,42
cycles,500,2.5,114,639,447,49,43
cycles,500,2.5,115,643,458,41,38
cycles,500,2.5,116,590,431,58,48
cycles,500,2.5,117,639,450,43,35
cycles,500,2.5,118,646,456,41,36
cycles,500,2.5,119,623,446,47,38
cycles,500,2.5,120,589,437,58,52
cycles,500,2.5,121,639,438,48,40
cycles,500,2.5,122,592,435,58,51
cycles,500,2.5,123,608,447,52,49
cycles,500,2.5,124,637,451,46,41
cycles,500,2.5,125,616,442,50,42
cycles,500,2.5,126,608,428,59,48
cycles,500,2.5,127,638,445,45,33
cycles,500,2.5,128,620,449,46,40
cycles,500,2.5,129,633,448,50,46
cycles,500,2.5,130,630,443,47,37
cycles,500,2.5,131,606,447,50,45
cycles,500,2.5,132,613,447,46,40
cycles,500,2.5,133,636,441,48,40
cycles,500,2.5,134,631,452,46,42
cycles,500,2.5,135,628,434,60,55
cycles,500,2.5,136,619,447,47,40
cycles,500,2.5,137,640,455,42,37
cycles,500,2.5,138,652,455,45,43
cycles,500,2.5,139,623,438,49,40
cycles,500,2.5,140,665,454,38,33
cycles,500,2.5,141,658,457,42,39
cycles,500,2.5,142,630,448,51,48
cycles,500,2.5,143,607,445,51,46
cycles,500,2.5,144,614,429,57,46
cycles,500,2.5,145,612,441,49,38
cycles,500,2.5,146,626,450,46,41
cycles,500,2.5,147,638,449,40,30
cycles,500,2.5,148,622,445,46,38
cycles,500,2.5,149,558,415,65,50
cycles,500,2.5,150,623,442,52,44
cycles,500,2.5,151,642,455,40,35
cycles,500,2.5,152,616,450,43,35
cycles,500,2.5,153,598,447,51,47
cycles,500,2.5,154,635,443,50,43
cycles,500,2.5,155,616,450,47,43
cycles,500,2.5,156,628,434,52,43
cycles,500,2.5,157,651,451,48,45
cycles,500,2.5,158,622,449,47,41
cycles,500,2.5,159,637,453,46,43
cycles,500,2.5,160,662,458,37,31
cycles,500,2.5,161,597,438,47,37
cycles,500,2.5,162,651,463,34,29
cycles,500,2.5,163,629,443,53,47
cycles,500,2.5,164,627,447,45,38
cycles,500,2.5,165,654,450,44,38
cycles,500,2.5,166,628,439,52,45
cycles,500,2.5,167,597,438,48,40
cycles,500,2.5,168,649,455,43,40
cycles,500,2.5,169,600,456,43,40
cycles,500,2.5,170,661,449,46,40
cycles,500,2.5,171,625,458,37,30
cycles,500,2.5,172,661,453,43,38
cycles,500,2.5,173,616,443,51,43
cycles,500,2.5,174,620,444,50,43
cycles,500,2.5,175,622,449,46,39
cycles,500,2.5,176,602,433,58,49
cycles,500,2.5,177,660,452,45,40
cycles,500,2.5,178,648,462,36,32
cycles,500,2.5,179,622,444,56,54
cycles,500,2.5,180,596,434,56,48
cycles,500,2.5,181,628,446,49,43
cycles,500,2.5,182,594,433,54,44
cycles,500,2.5,183,658,462,32,24
cycles,500,2.5,184,602,435,57,48
cycles,500,2.5,185,612,443,54,50
cycles,500,2.5,186,583,437,56,48
cycles,500,2.5,187,604,442,50,42
cycles,500,2.5,188,612,440,53,47
cycles,500,2.5,189,577,418,68,55
cycles,500,2.5,190,617,439,49,40
cycles,500,2.5,191,624,444,49,44
cycles,500,2.5,192,588,444,52,46
cycles,500,2.5,193,586,432,58,50
cycles,500,2.5,194,648,455,43,39
cycles,500,2.5,195,630,449,43,35
cycles,500,2.5,196,592,421,61,51
cycles,500,2.5,197,632,458,42,40
cycles,500,2.5,198,640,448,45,38
cycles,500,2.5,199,633,455,40,34
cycles,500,2.5,200,617,444,51,46
cycles,500,2.5,201,617,455,41,35
cycles,500,2.5,202,615,444,48,41
cycles,500,2.5,203,613,449,46,41
cycles,500,2.5,204,657,459,38,34
cycles,500,2.5,205,627,438,51,42
cycles,500,2.5,206,652,445,53,49
cycles,500,2.5,207,674,464,35,32
cycles,500,2.5,208,583,440,50,40
cycles,500,2.5,209,649,456,39,34
cycles,500,2.5,210,633,453,46,43
cycles,500,2.5,211,590,432,54,42
cycles,500,2.5,212,582,435,57,48
cycles,500,2.5,213,627,443,49,41
cycles,500,2.5,214,624,446,46,40
cycles,500,2.5,215,642,450,50,48
cycles,500,2.5,216,647,455,41,36
cycles,500,2.5,217,647,455,43,39
cycles,500,2.5,218,612,443,52,45
cycles,500,2.5,219,643,441,52,44
cycles,500,2.5,220,625,461,36,31
cycles,500,2.5,221,626,449,50,47
cycles,500,2.5,222,578,438,54,47
cycles,500,2.5,223,646,451,44,39
cycles,500,2.5,224,677,464,32,26
cycles,500,2.5,225,579,431,56,46
cycles,500,2.5,226,590,435,54,45
cycles,500,2.5,227,627,450,45,41
cycles,500,2.5,228,604,436,52,46
cycles,500,2.5,229,653,455,41,35
cycles,500,2.5,230,635,437,61,57
cycles,500,2.5,231,600,438,53,42
cycles,500,2.5,232,621,447,42,34
cycles,500,2.5,233,611,447,49,43
cycles,500,2.5,234,624,450,48,45
cycles,500,2.5,235,622,459,40,37
cycles,500,2.5,236,608,446,46,37
cycles,500,2.5,237,617,450,43,35
cycles,500,2.5,238,649,451,45,41
cycles,500,2.5,239,612,447,46,38
cycles,500,2.5,240,623,443,52,46
cycles,500,2.5,241,673,457,38,33
cycles,500,2.5,242,627,446,49,45
cycles,500,2.5,243,586,435,60,53
cycles,500,2.5,244,560,419,65,52
cycles,500,2.5,245,634,438,55,48
cycles,500,2.5,246,587,435,54,44
cycles,500,2.5,247,693,455,43,39
cycles,500,2.5,248,608,435,55,46
cycles,500,2.5,249,642,450,40,32
cycles,500,2.5,250,649,457,41,37
cycles,500,2.5,251,613,437,56,47
cycles,500,2.5,252,609,457,41,37
cycles,500,2.5,253,622,459,39,35
cycles,500,2.5,254,633,438,54,45
cycles,500,2.5,255,635,454,40,34
cycles,500,2.5,256,653,466,29,24
cycles,500,2.5,257,602,437,56,47
cycles,500,2.5,258,639,455,43,39
cycles,500,2.5,259,615,449,47,43
cycles,500,2.5,260,645,449,43,36
cycles,500,2.5,261,616,435,57,49
cycles,500,2.5,262,596,438,53,44
cycles,500,2.5,263,664,446,46,37
cycles,500,2.5,264,632,441,55,49
cycles,500,2.5,265,580,435,53,43
cycles,500,2.5,266,592,428,58,44
cycles,500,2.5,267,617,436,57,50
cycles,500,2.5,268,638,452,42,37
cycles,500,2.5,269,614,445,48,40
cycles,500,2.5,270,670,464,31,27
cycles,500,2.5,271,650,453,39,31
cycles,500,2.5,272,626,442,52,46
cycles,500,2.5,273,640,449,45,39
cycles,500,2.5,274,607,447,48,42
cycles,500,2.5,275,625,452,43,38
cycles,500,2.5,276,620,450,46,40
cycles,500,2.5,277,601,423,59,50
cycles,500,2.5,278,669,464,36,34
cycles,500,2.5,279,615,444,51,46
cycles,500,2.5,280,587,453,44,39
cycles,500,2.5,281,650,464,31,25
cycles,500,2.5,282,639,453,38,29
cycles,500,2.5,283,646,445,50,44
cycles,500,2.5,284,627,456,39,32
cycles,500,2.5,285,636,453,42,36
cycles,500,2.5,286,587,444,50,45
cycles,500,2.5,287,647,458,40,36
cycles,500,2.5,288,608,453,46,43
cycles,500,2.5,289,606,451,45,41
cycles,500,2.5,290,674,474,26,24
cycles,500,2.5,291,580,438,53,45
cycles,500,2.5,292,589,440,54,48
cycles,500,2.5,293,567,435,55,47
cycles,500,2.5,294,585,436,57,50
cycles,500,2.5,295,625,444,49,41
cycles,500,2.5,296,674,460,38,34
cycles,500,2.5,297,602,430,58,47
cycles,500,2.5,298,648,445,47,39
cycles,500,2.5,299,648,443,53,48
cycles,500,3.0,0,758,470,29,26
cycles,500,3.0,1,782,479,18,15
cycles,500,3.0,2,760,472,29,28
cycles,500,3.0,3,748,472,28,26
cycles,500,3.0,4,760,474,23,18
cycles,500,3.0,5,784,477,23,21
cycles,500,3.0,6,772,479,22,21
cycles,500,3.0,7,739,471,27,23
cycles,500,3.0,8,748,468,29,24
cycles,500,3.0,9,764,472,28,26
cycles,500,3.0,10,725,467,26,22
cycles,500,3.0,11,784,478,23,22
cycles,500,3.0,12,689,468,31,29
cycles,500,3.0,13,732,477,24,23
cycles,500,3.0,14,766,471,27,23
cycles,500,3.0,15,826,474,27,26
cycles,500,3.0,16,770,470,29,26
cycles,500,3.0,17,736,475,25,23
cycles,500,3.0,18,771,474,25,22
cycles,500,3.0,19,774,469,26,20
cycles,500,3.0,20,717,465,32,28
cycles,500,3.0,21,762,472,28,26
cycles,500,3.0,22,758,470,27,23
cycles,500,3.0,23,715,473,27,25
cycles,500,3.0,24,747,469,32,31
cycles,500,3.0,25,781,479,22,21
cycles,500,3.0,26,750,472,29,28
cycles,500,3.0,27,702,461,38,35
cycles,500,3.0,28,759,476,24,22
cycles,500,3.0,29,721,465,32,29
cycles,500,3.0,30,772,475,24,21
cycles,500,3.0,31,738,474,25,22
cycles,500,3.0,32,707,466,30,25
cycles,500,3.0,33,700,460,37,32
cycles,500,3.0,34,764,474,26,24
cycles,500,3.0,35,774,474,25,22
cycles,500,3.0,36,777,474,26,24
cycles,500,3.0,37,756,477,19,16
cycles,500,3.0,38,750,465,31,27
cycles,500,3.0,39,703,461,36,32
cycles,500,3.0,40,736,470,29,26
cycles,500,3.0,41,738,468,32,30
cycles,500,3.0,42,760,471,29,27
cycles,500,3.0,43,749,466,31,26
cycles,500,3.0,44,800,474,24,20
cycles,500,3.0,45,727,469,30,28
cycles,500,3.0,46,757,472,25,21
cycles,500,3.0,47,775,466,28,24
cycles,500,3.0,48,788,476,23,20
cycles,500,3.0,49,733,476,24,22
cycles,500,3.0,50,718,465,34,31
cycles,500,3.0,51,795,484,15,13
cycles,500,3.0,52,825,485,15,13
cycles,500,3.0,53,713,463,35,31
cycles,500,3.0,54,796,473,25,21
cycles,500,3.0,55,780,477,24,23
cycles,500,3.0,56,740,474,25,22
cycles,500,3.0,57,772,481,18,15
cycles,500,3.0,58,729,462,36,32
cycles,500,3.0,59,746,471,28,26
cycles,500,3.0,60,704,463,36,33
cycles,500,3.0,61,715,454,37,31
cycles,500,3.0,62,784,479,21,19
cycles,500,3.0,63,740,470,28,25
cycles,500,3.0,64,762,473,26,23
cycles,500,3.0,65,774,477,22,19
cycles,500,3.0,66,754,472,27,24
cycles,500,3.0,67,739,472,29,28
cycles,500,3.0,68,788,478,21,18
cycles,500,3.0,69,723,454,38,29
cycles,500,3.0,70,758,467,29,24
cycles,500,3.0,71,741,474,24,20
cycles,500,3.0,72,747,463,32,25
cycles,500,3.0,73,744,475,21,17
cycles,500,3.0,74,746,475,25,23
cycles,500,3.0,75,750,474,26,24
cycles,500,3.0,76,709,470,29,26
cycles,500,3.0,77,692,455,41,35
cycles,500,3.0,78,767,474,23,18
cycles,500,3.0,79,762,466,32,29
cycles,500,3.0,80,725,467,30,27
cycles,500,3.0,81,751,468,28,23
cycles,500,3.0,82,680,469,28,23
cycles,500,3.0,83,707,465,32,29
cycles,500,3.0,84,711,471,25,20
cycles,500,3.0,85,780,483,18,17
cycles,500,3.0,86,760,471,28,25
cycles,500,3.0,87,753,462,36,33
cycles,500,3.0,88,821,483,18,17
cycles,500,3.0,89,773,472,26,22
cycles,500,3.0,90,772,470,29,26
cycles,500,3.0,91,749,471,22,16
cycles,500,3.0,92,743,473,27,25
cycles,500,3.0,93,752,462,38,36
cycles,500,3.0,94,746,465,30,26
cycles,500,3.0,95,765,475,26,25
cycles,500,3.0,96,758,477,24,23
cycles,500,3.0,97,730,473,25,22
cycles,500,3.0,98,758,461,33,27
cycles,500,3.0,99,763,475,24,21
cycles,500,3.0,100,771,461,34,28
cycles,500,3.0,101,715,470,31,30
cycles,500,3.0,102,728,469,28,24
cycles,500,3.0,103,760,471,25,21
cycles,500,3.0,104,731,470,25,19
cycles,500,3.0,105,758,469,29,25
cycles,500,3.0,106,735,471,28,25
cycles,500,3.0,107,726,464,32,26
cycles,500,3.0,108,748,473,28,27
cycles,500,3.0,109,776,474,26,24
cycles,500,3.0,110,795,480,20,18
cycles,500,3.0,111,740,472,26,22
cycles,500,3.0,112,829,476,24,22
cycles,500,3.0,113,778,477,23,21
cycles,500,3.0,114,756,467,31,27
cycles,500,3.0,115,746,460,37,32
cycles,500,3.0,116,787,474,27,26
cycles,500,3.0,117,731,466,33,30
cycles,500,3.0,118,752,479,22,21
cycles,500,3.0,119,728,467,32,29
cycles,500,3.0,120,776,471,28,26
cycles,500,3.0,121,769,468,30,27
cycles,500,3.0,122,749,471,28,25
cycles,500,3.0,123,769,473,26,23
cycles,500,3.0,124,710,458,38,33
cycles,500,3.0,125,729,461,32,27
cycles,500,3.0,126,741,472,28,26
cycles,500,3.0,127,734,478,21,18
cycles,500,3.0,128,748,466,28,23
cycles,500,3.0,129,821,483,17,15
cycles,500,3.0,130,715,456,40,35
cycles,500,3.0,131,722,464,34,30
cycles,500,3.0,132,774,475,26,25
cycles,500,3.0,133,780,468,31,28
cycles,500,3.0,134,768,474,25,22
cycles,500,3.0,135,786,473,23,18
cycles,500,3.0,136,737,463,34,30
cycles,500,3.0,137,793,474,23,18
cycles,500,3.0,138,731,477,20,15
cycles,500,3.0,139,773,467,30,25
cycles,500,3.0,140,714,468,30,26
cycles,500,3.0,141,751,464,36,34
cycles,500,3.0,142,756,475,24,21
cycles,500,3.0,143,810,474,24,21
cycles,500,3.0,144,794,470,31,30
cycles,500,3.0,145,752,470,26,22
cycles,500,3.0,146,780,480,20,18
cycles,500,3.0,147,761,473,26,23
cycles,500,3.0,148,700,465,34,31
cycles,500,3.0,149,725,466,32,28
cycles,500,3.0,150,763,478,22,20
cycles,500,3.0,151,726,471,28,26
cycles,500,3.0,152,728,463,36,33
cycles,500,3.0,153,750,472,26,22
cycles,500,3.0,154,774,470,27,24
cycles,500,3.0,155,712,464,33,29
cycles,500,3.0,156,766,482,18,16
cycles,500,3.0,157,746,463,33,28
cycles,500,3.0,158,706,460,33,26
cycles,500,3.0,159,799,484,15,12
cycles,500,3.0,160,756,458,33,27
cycles,500,3.0,161,759,477,20,16
cycles,500,3.0,162,745,467,32,29
cycles,500,3.0,163,754,465,29,22
cycles,500,3.0,164,725,460,35,28
cycles,500,3.0,165,771,473,28,27
cycles,500,3.0,166,770,477,23,21
cycles,500,3.0,167,747,475,25,23
cycles,500,3.0,168,700,470,31,30
cycles,500,3.0,169,732,462,33,28
cycles,500,3.0,170,694,462,34,30
cycles,500,3.0,171,854,480,18,14
cycles,500,3.0,172,760,477,23,21
cycles,500,3.0,173,728,471,29,27
cycles,500,3.0,174,744,474,24,20
cycles,500,3.0,175,752,469,30,27
cycles,500,3.0,176,767,469,28,24
cycles,500,3.0,177,753,470,31,30
cycles,500,3.0,178,773,480,20,18
cycles,500,3.0,179,704,469,30,27
cycles,500,3.0,180,767,472,27,24
cycles,500,3.0,181,738,462,35,31
cycles,500,3.0,182,777,480,19,16
cycles,500,3.0,183,725,464,32,27
cycles,500,3.0,184,771,473,25,22
cycles,500,3.0,185,746,470,25,19
cycles,500,3.0,186,777,474,27,26
cycles,500,3.0,187,767,472,28,26
cycles,500,3.0,188,753,480,20,18
cycles,500,3.0,189,773,479,22,21
cycles,500,3.0,190,804,482,18,16
cycles,500,3.0,191,701,474,26,24
cycles,500,3.0,192,743,473,26,23
cycles,500,3.0,193,745,473,25,22
cycles,500,3.0,194,697,449,45,38
cycles,500,3.0,195,757,477,23,21
cycles,500,3.0,196,740,476,24,22
cycles,500,3.0,197,797,482,18,16
cycles,500,3.0,198,769,473,23,17
cycles,500,3.0,199,749,468,30,27
cycles,500,3.0,200,751,475,25,23
cycles,500,3.0,201,742,459,36,30
cycles,500,3.0,202,746,469,26,21
cycles,500,3.0,203,771,469,29,25
cycles,500,3.0,204,754,474,24,21
cycles,500,3.0,205,740,471,27,24
cycles,500,3.0,206,735,467,32,29
cycles,500,3.0,207,750,472,26,22
cycles,500,3.0,208,764,475,22,17
cycles,500,3.0,209,783,471,27,23
cycles,500,3.0,210,764,469,26,22
cycles,500,3.0,211,732,478,23,22
cycles,500,3.0,212,748,471,25,21
cycles,500,3.0,213,749,475,26,25
cycles,500,3.0,214,751,459,37,32
cycles,500,3.0,215,785,476,24,22
cycles,500,3.0,216,737,463,32,27
cycles,500,3.0,217,705,474,27,26
cycles,500,3.0,218,754,462,37,34
cycles,500,3.0,219,797,473,28,27
cycles,500,3.0,220,736,460,38,34
cycles,500,3.0,221,738,467,30,25
cycles,500,3.0,222,716,457,40,35
cycles,500,3.0,223,780,474,27,26
cycles,500,3.0,224,807,480,20,18
cycles,500,3.0,225,734,465,33,30
cycles,500,3.0,226,761,481,17,13
cycles,500,3.0,227,707,465,32,27
cycles,500,3.0,228,753,468,31,29
cycles,500,3.0,229,756,480,20,18
cycles,500,3.0,230,772,473,25,21
cycles,500,3.0,231,779,474,24,20
cycles,500,3.0,232,758,475,24,21
cycles,500,3.0,233,718,478,22,20
cycles,500,3.0,234,723,469,31,29
cycles,500,3.0,235,701,455,41,36
cycles,500,3.0,236,745,475,25,23
cycles,500,3.0,237,736,464,35,32
cycles,500,3.0,238,713,459,34,27
cycles,500,3.0,239,734,461,36,31
cycles,500,3.0,240,727,463,34,29
cycles,500,3.0,241,739,471,28,25
cycles,500,3.0,242,764,464,35,32
cycles,500,3.0,243,734,468,26,21
cycles,500,3.0,244,770,469,28,23
cycles,500,3.0,245,781,466,30,25
cycles,500,3.0,246,751,464,30,25
cycles,500,3.0,247,799,475,25,23
cycles,500,3.0,248,737,461,37,34
cycles,500,3.0,249,816,481,20,19
cycles,500,3.0,250,708,465,32,27
cycles,500,3.0,251,714,463,37,35
cycles,500,3.0,252,802,475,25,23
cycles,500,3.0,253,752,475,23,19
cycles,500,3.0,254,763,481,19,17
cycles,500,3.0,255,764,478,23,22
cycles,500,3.0,256,729,481,20,19
cycles,500,3.0,257,732,461,37,33
cycles,500,3.0,258,760,473,26,24
cycles,500,3.0,259,724,469,31,29
cycles,500,3.0,260,772,470,27,23
cycles,500,3.0,261,738,461,35,29
cycles,500,3.0,262,764,469,28,23
cycles,500,3.0,263,723,466,32,28
cycles,500,3.0,264,770,464,33,28
cycles,500,3.0,265,765,467,30,25
cycles,500,3.0,266,779,478,19,15
cycles,500,3.0,267,710,463,36,33
cycles,500,3.0,268,768,477,22,19
cycles,500,3.0,269,759,476,22,19
cycles,500,3.0,270,759,466,31,28
cycles,500,3.0,271,744,467,31,27
cycles,500,3.0,272,706,460,40,38
cycles,500,3.0,273,734,477,23,21
cycles,500,3.0,274,730,481,19,17
cycles,500,3.0,275,739,471,26,21
cycles,500,3.0,276,750,469,29,26
cycles,500,3.0,277,715,466,32,30
cycles,500,3.0,278,757,468,30,26
cycles,500,3.0,279,785,466,28,24
cycles,500,3.0,280,728,469,32,31
cycles,500,3.0,281,774,475,25,23
cycles,500,3.0,282,680,460,35,28
cycles,500,3.0,283,801,474,23,18
cycles,500,3.0,284,716,471,28,26
cycles,500,3.0,285,776,475,25,23
cycles,500,3.0,286,792,487,11,8
cycles,500,3.0,287,753,470,27,23
cycles,500,3.0,288,733,470,26,22
cycles,500,3.0,289,796,477,24,23
cycles,500,3.0,290,724,470,28,25
cycles,500,3.0,291,763,469,30,27
cycles,500,3.0,292,710,463,33,29
cycles,500,3.0,293,817,477,24,23
cycles,500,3.0,294,795,468,25,18
cycles,500,3.0,295,752,475,24,21
cycles,500,3.0,296,722,473,27,25
cycles,500,3.0,297,703,466,30,25
cycles,500,3.0,298,770,469,28,24
cycles,500,3.0,299,753,483,18,17
